workload_id,suspension_probability,completion_ratio
sp_00,0.1,0.9958333333333335
sp_01,0.2,0.9791666666666669
sp_02,0.2,0.9916666666666668
sp_03,0.0,1.0000000000000002
sp_04,0.0,1.0000000000000002
sp_05,0.2,0.9916666666666668
sp_06,0.2,0.9791666666666669
sp_07,0.0,1.0000000000000002
