workload_id,suspension_probability,completion_ratio
sp_00,0.2,0.9666666666666668
sp_01,0.2,0.9666666666666668
sp_02,0.0,1.0
sp_03,0.2,0.9666666666666668
sp_04,0.2,0.9666666666666668
