scenario_id,vm_id,t5_day,t_hour,cpu_usage,mem_usage,coverage_us,coverage_ratio,max_cpu_usage,max_mem_usage,assigned_memory,overlap_source_row_count,overlap_conflict_flag,duplicated_timeline_us
0,ep_0b88be7a95f9bb2c39ba,66,5,0.2297854785478547,0.0176839311859443,218000000,0.7266666666666667,0.3898514851485148,0.0207036969253294,0.0345442898975109,1,False,0
0,ep_0b88be7a95f9bb2c39ba,67,5,0.2813531353135313,0.019788616398243,300000000,1.0,0.3927392739273927,0.0203376647144948,0.0345442898975109,1,False,0
0,ep_0b88be7a95f9bb2c39ba,68,5,0.2834158415841584,0.0211154831625183,300000000,1.0,0.396039603960396,0.0217789165446559,0.0345442898975109,1,False,0
0,ep_0b88be7a95f9bb2c39ba,69,5,0.2854785478547855,0.0216416544655929,300000000,1.0,0.3989273927392739,0.0219619326500732,0.0345442898975109,1,False,0
0,ep_0b88be7a95f9bb2c39ba,70,5,0.2891914191419142,0.0219619326500732,300000000,1.0,0.3989273927392739,0.0222822108345534,0.0345442898975109,1,False,0
0,ep_0b88be7a95f9bb2c39ba,71,5,0.2908415841584158,0.0221449487554904,300000000,1.0,0.4018151815181518,0.022373718887262,0.0345442898975109,1,False,0
0,ep_0b88be7a95f9bb2c39ba,72,6,0.2842409240924092,0.0223050878477306,300000000,1.0,0.403052805280528,0.0226711200585651,0.0345442898975109,1,False,0
0,ep_0b88be7a95f9bb2c39ba,73,6,0.2912541254125412,0.0228312591508052,300000000,1.0,0.4063531353135313,0.0230371522693997,0.0345442898975109,1,False,0
0,ep_0b88be7a95f9bb2c39ba,74,6,0.2916666666666667,0.0228083821376281,300000000,1.0,0.4005775577557756,0.0230600292825768,0.0345442898975109,1,False,0
0,ep_0b88be7a95f9bb2c39ba,75,6,0.2916666666666667,0.0228312591508052,300000000,1.0,0.4005775577557756,0.0231057833089311,0.0345442898975109,1,False,0
0,ep_0b88be7a95f9bb2c39ba,76,6,0.2912541254125412,0.0228083821376281,300000000,1.0,0.396039603960396,0.0231744143484626,0.0345442898975109,1,False,0
0,ep_0b88be7a95f9bb2c39ba,77,6,0.2949669966996699,0.0228083821376281,300000000,1.0,0.3923267326732673,0.023082906295754,0.0345442898975109,1,False,0
0,ep_0b88be7a95f9bb2c39ba,78,6,0.2978547854785479,0.0228312591508052,300000000,1.0,0.3894389438943894,0.0229913982430453,0.0345442898975109,1,False,0
0,ep_0b88be7a95f9bb2c39ba,79,6,0.2953795379537954,0.0228083821376281,300000000,1.0,0.4051155115511551,0.0231057833089311,0.0345442898975109,1,False,0
0,ep_0b88be7a95f9bb2c39ba,80,6,0.2623762376237624,0.0221449487554904,300000000,1.0,0.4026402640264026,0.0228998901903367,0.0345442898975109,1,False,0
0,ep_0b88be7a95f9bb2c39ba,81,6,0.2858910891089108,0.0222593338213762,300000000,1.0,0.4018151815181518,0.0224652269399707,0.0345442898975109,1,False,0
0,ep_0b88be7a95f9bb2c39ba,82,6,0.290016501650165,0.0222135797950219,300000000,1.0,0.4005775577557756,0.022510980966325,0.0345442898975109,1,False,0
0,ep_0b88be7a95f9bb2c39ba,83,6,0.2904290429042904,0.0223508418740849,300000000,1.0,0.4042904290429043,0.0226482430453879,0.0345442898975109,1,False,0
0,ep_0b88be7a95f9bb2c39ba,84,7,0.2823779221922023,0.0218117963863108,221929218,0.73976406,0.3985148514851485,0.0225796120058565,0.0345442898975109,3,False,0
0,ep_0c2e9f159438610d2d11,24,2,0.0734323432343234,0.0286877745241581,223000000,0.7433333333333333,0.1379950495049505,0.0573755490483162,0.4443631039531479,1,False,0
0,ep_0c2e9f159438610d2d11,25,2,0.0861179867986798,0.1142020497803806,300000000,1.0,0.1359323432343234,0.1497071742313323,0.4443631039531479,1,False,0
0,ep_0c2e9f159438610d2d11,26,2,0.0006107544348184,0.1484260614934114,300000000,1.0,0.0023269905115511,0.1489751098096632,0.4443631039531479,1,False,0
0,ep_0c2e9f159438610d2d11,27,2,0.00048828125,0.1473279648609077,300000000,1.0,0.0022109632838283,0.1480600292825768,0.4443631039531479,1,False,0
0,ep_0c2e9f159438610d2d11,28,2,0.0004544399752475,0.1460468521229868,300000000,1.0,0.0015228573638613,0.1464128843338213,0.4443631039531479,1,False,0
0,ep_0c2e9f159438610d2d11,29,2,0.0004044838077557,0.1445827232796486,300000000,1.0,0.0017404084158415,0.145497803806735,0.4443631039531479,1,False,0
0,ep_0c2e9f159438610d2d11,30,2,0.0003658080651815,0.1436676427525622,300000000,1.0,0.0016759488448844,0.1438506588579795,0.4443631039531479,1,False,0
0,ep_0c2e9f159438610d2d11,31,2,0.0003132197985423,0.142203513909224,300000000,1.0,0.0015792594884488,0.142203513909224,0.4443631039531479,2,False,0
0,ep_0c2e9f159438610d2d11,32,2,0.0004173757219471,0.1411054172767203,300000000,1.0,0.0017468543729372,0.142203513909224,0.4443631039531479,1,False,0
0,ep_0c2e9f159438610d2d11,33,2,0.0004318791254125,0.1390922401171303,300000000,1.0,0.0018016450082508,0.1405563689604685,0.4443631039531479,1,False,0
0,ep_0c2e9f159438610d2d11,34,2,0.0004173757219471,0.1345168374816983,300000000,1.0,0.0021626186056105,0.1345168374816983,0.4443631039531479,1,False,0
0,ep_0c2e9f159438610d2d11,35,2,0.0003883689150165,0.1345168374816983,300000000,1.0,0.0015550871493399,0.1345168374816983,0.4443631039531479,1,False,0
0,ep_0c2e9f159438610d2d11,36,3,0.0003835344471947,0.1345168374816983,300000000,1.0,0.0014954620462046,0.1345168374816983,0.4443631039531479,1,False,0
0,ep_0c2e9f159438610d2d11,37,3,0.0003674195544554,0.1345168374816983,300000000,1.0,0.0022947607260726,0.1345168374816983,0.4443631039531479,1,False,0
0,ep_0c2e9f159438610d2d11,38,3,0.0003561391295379,0.1345168374816983,300000000,1.0,0.0018725505363036,0.1345168374816983,0.4443631039531479,1,False,0
0,ep_0c2e9f159438610d2d11,39,3,0.0003625850866336,0.1334187408491947,300000000,1.0,0.001596985870462,0.1343338213762811,0.4443631039531479,1,False,0
0,ep_0c2e9f159438610d2d11,40,3,0.0003271323226072,0.1319546120058565,300000000,1.0,0.0018242058580858,0.1319546120058565,0.4443631039531479,1,False,0
0,ep_0c2e9f159438610d2d11,41,3,0.0003303553011551,0.1229868228404099,300000000,1.0,0.0087407178217821,0.1319546120058565,0.4443631039531479,1,False,0
0,ep_0c2e9f159438610d2d11,42,3,0.0002175510519801,0.1200585651537335,300000000,1.0,0.0011570492986798,0.1200585651537335,0.4443631039531479,1,False,0
0,ep_0c2e9f159438610d2d11,43,3,0.0002127165841584,0.1200585651537335,300000000,1.0,0.0010313531353135,0.1200585651537335,0.4443631039531479,1,False,0
0,ep_0c2e9f159438610d2d11,44,3,0.0002481693481848,0.1200585651537335,48174322,0.1605810733333333,0.0005446833745874,0.1200585651537335,0.4443631039531479,1,False,0
0,ep_13e286ccbb1992dee967,0,0,0.1050948844884488,0.1015739385065885,300000000,1.0,0.1394389438943894,0.1021229868228404,0.1248169838945827,1,False,0
0,ep_13e286ccbb1992dee967,1,0,0.108085808580858,0.1024890190336749,300000000,1.0,0.1745049504950495,0.1034040995607613,0.1248169838945827,1,False,0
0,ep_13e286ccbb1992dee967,2,0,0.108085808580858,0.1017569546120058,300000000,1.0,0.1536716171617161,0.1030380673499267,0.1248169838945827,1,False,0
0,ep_13e286ccbb1992dee967,3,0,0.1058168316831683,0.1024890190336749,300000000,1.0,0.1427392739273927,0.1034040995607613,0.1248169838945827,1,False,0
0,ep_13e286ccbb1992dee967,4,0,0.1053011551155115,0.1028550512445095,300000000,1.0,0.1786303630363036,0.1035871156661786,0.1248169838945827,1,False,0
0,ep_13e286ccbb1992dee967,5,0,0.1107673267326732,0.1023060029282576,300000000,1.0,0.1697607260726072,0.1035871156661786,0.1248169838945827,1,False,0
0,ep_13e286ccbb1992dee967,6,0,0.1301567656765676,0.101207906295754,300000000,1.0,0.1864686468646864,0.1021229868228404,0.1248169838945827,1,False,0
0,ep_13e286ccbb1992dee967,7,0,0.1004537953795379,0.1002928257686676,300000000,1.0,0.1905940594059406,0.1024890190336749,0.1248169838945827,1,False,0
0,ep_13e286ccbb1992dee967,8,0,0.1117986798679868,0.1017569546120058,300000000,1.0,0.1582095709570957,0.1030380673499267,0.1248169838945827,1,False,0
0,ep_13e286ccbb1992dee967,9,0,0.1018976897689769,0.1024890190336749,300000000,1.0,0.1641914191419141,0.103221083455344,0.1248169838945827,1,False,0
0,ep_13e286ccbb1992dee967,10,0,0.1082920792079207,0.101207906295754,300000000,1.0,0.2017326732673267,0.1035871156661786,0.1248169838945827,1,False,0
0,ep_13e286ccbb1992dee967,11,0,0.0998349834983498,0.1010248901903367,300000000,1.0,0.1431518151815181,0.1028550512445095,0.1248169838945827,1,False,0
0,ep_13e286ccbb1992dee967,12,1,0.1091171617161716,0.1017569546120058,300000000,1.0,0.2095709570957095,0.1030380673499267,0.1248169838945827,1,False,0
0,ep_13e286ccbb1992dee967,13,1,0.1117986798679868,0.1030380673499267,300000000,1.0,0.1627475247524752,0.1035871156661786,0.1248169838945827,1,False,0
0,ep_13e286ccbb1992dee967,14,1,0.1017945544554455,0.1019399707174231,300000000,1.0,0.1699669966996699,0.1035871156661786,0.1248169838945827,1,False,0
0,ep_13e286ccbb1992dee967,15,1,0.0966377887788778,0.1030380673499267,300000000,1.0,0.1505775577557755,0.1035871156661786,0.1248169838945827,1,False,0
0,ep_13e286ccbb1992dee967,16,1,0.099009900990099,0.1028550512445095,300000000,1.0,0.1520214521452145,0.1035871156661786,0.1248169838945827,1,False,0
0,ep_13e286ccbb1992dee967,17,1,0.0987004950495049,0.1013909224011713,300000000,1.0,0.1386138613861386,0.1034040995607613,0.1248169838945827,1,False,0
0,ep_13e286ccbb1992dee967,18,1,0.0961221122112211,0.1015739385065885,300000000,1.0,0.1421204620462046,0.1021229868228404,0.1248169838945827,1,False,0
0,ep_13e286ccbb1992dee967,19,1,0.1038572607260726,0.1030380673499267,300000000,1.0,0.1648102310231023,0.1035871156661786,0.1248169838945827,1,False,0
0,ep_13e286ccbb1992dee967,20,1,0.1241749174917491,0.1021229868228404,300000000,1.0,0.1666666666666666,0.1035871156661786,0.1248169838945827,1,False,0
0,ep_13e286ccbb1992dee967,21,1,0.1029290429042904,0.1026720351390922,300000000,1.0,0.161509900990099,0.1034040995607613,0.1248169838945827,1,False,0
0,ep_13e286ccbb1992dee967,22,1,0.1183993399339934,0.1023060029282576,300000000,1.0,0.1687293729372937,0.1030380673499267,0.1248169838945827,1,False,0
0,ep_13e286ccbb1992dee967,23,1,0.1132425742574257,0.1015739385065885,300000000,1.0,0.1668729372937293,0.1030380673499267,0.1248169838945827,1,False,0
0,ep_13e286ccbb1992dee967,24,2,0.1328382838283828,0.1023060029282576,300000000,1.0,0.1883250825082508,0.103221083455344,0.1248169838945827,1,False,0
0,ep_13e286ccbb1992dee967,25,2,0.1198432343234323,0.1030380673499267,300000000,1.0,0.1786303630363036,0.1037701317715959,0.1248169838945827,1,False,0
0,ep_13e286ccbb1992dee967,26,2,0.1278877887788778,0.1015739385065885,300000000,1.0,0.1891501650165016,0.1034040995607613,0.1248169838945827,1,False,0
0,ep_13e286ccbb1992dee967,27,2,0.1039603960396039,0.0990117130307467,300000000,1.0,0.1547029702970297,0.1015739385065885,0.1248169838945827,1,False,0
0,ep_13e286ccbb1992dee967,28,2,0.0899339933993399,0.1006588579795021,300000000,1.0,0.1419141914191419,0.1017569546120058,0.1248169838945827,1,False,0
0,ep_13e286ccbb1992dee967,29,2,0.0916872937293729,0.1013909224011713,300000000,1.0,0.121493399339934,0.1019399707174231,0.1248169838945827,1,False,0
0,ep_13e286ccbb1992dee967,30,2,0.0950907590759076,0.1017569546120058,300000000,1.0,0.1421204620462046,0.1024890190336749,0.1248169838945827,1,False,0
0,ep_13e286ccbb1992dee967,31,2,0.094059405940594,0.1026720351390922,300000000,1.0,0.1491336633663366,0.1035871156661786,0.1248169838945827,1,False,0
0,ep_13e286ccbb1992dee967,32,2,0.0930280528052805,0.1001098096632503,300000000,1.0,0.1268564356435643,0.1021229868228404,0.1248169838945827,1,False,0
0,ep_13e286ccbb1992dee967,33,2,0.1128300330033003,0.1019399707174231,300000000,1.0,0.1728547854785478,0.1030380673499267,0.1248169838945827,1,False,0
0,ep_13e286ccbb1992dee967,34,2,0.1144801980198019,0.1019399707174231,300000000,1.0,0.1691419141914191,0.103221083455344,0.1248169838945827,1,False,0
0,ep_13e286ccbb1992dee967,35,2,0.1278877887788778,0.1015739385065885,300000000,1.0,0.172029702970297,0.1028550512445095,0.1248169838945827,1,False,0
0,ep_13e286ccbb1992dee967,36,3,0.1241749174917491,0.1008418740849194,300000000,1.0,0.1912128712871287,0.103221083455344,0.1248169838945827,1,False,0
0,ep_13e286ccbb1992dee967,37,3,0.1018976897689769,0.101207906295754,300000000,1.0,0.1509900990099009,0.1034040995607613,0.1248169838945827,1,False,0
0,ep_13e286ccbb1992dee967,38,3,0.1036509900990099,0.101207906295754,300000000,1.0,0.1802805280528052,0.1026720351390922,0.1248169838945827,1,False,0
0,ep_13e286ccbb1992dee967,39,3,0.1049917491749174,0.1023060029282576,300000000,1.0,0.1402640264026402,0.1030380673499267,0.1248169838945827,1,False,0
0,ep_13e286ccbb1992dee967,40,3,0.1005569306930693,0.0990117130307467,300000000,1.0,0.1557343234323432,0.1030380673499267,0.1248169838945827,1,False,0
0,ep_13e286ccbb1992dee967,41,3,0.0982879537953795,0.1006588579795021,300000000,1.0,0.146039603960396,0.1021229868228404,0.1248169838945827,1,False,0
0,ep_13e286ccbb1992dee967,42,3,0.0936468646864686,0.1019399707174231,300000000,1.0,0.1464521452145214,0.1024890190336749,0.1248169838945827,1,False,0
0,ep_13e286ccbb1992dee967,43,3,0.0992161716171617,0.1015739385065885,300000000,1.0,0.1633663366336633,0.1034040995607613,0.1248169838945827,1,False,0
0,ep_13e286ccbb1992dee967,44,3,0.0847772277227722,0.1010248901903367,300000000,1.0,0.1511963696369637,0.1021229868228404,0.1248169838945827,1,False,0
0,ep_13e286ccbb1992dee967,45,3,0.1020008250825082,0.1015739385065885,300000000,1.0,0.1538778877887788,0.1021229868228404,0.1248169838945827,1,False,0
0,ep_13e286ccbb1992dee967,46,3,0.0929249174917491,0.101207906295754,300000000,1.0,0.1392326732673267,0.1023060029282576,0.1248169838945827,1,False,0
0,ep_13e286ccbb1992dee967,47,3,0.1155115511551155,0.1019399707174231,300000000,1.0,0.1850247524752475,0.1030380673499267,0.1248169838945827,1,False,0
0,ep_13e286ccbb1992dee967,48,4,0.1068481848184818,0.1024890190336749,300000000,1.0,0.1883250825082508,0.103221083455344,0.1248169838945827,1,False,0
0,ep_13e286ccbb1992dee967,49,4,0.1128300330033003,0.1021229868228404,300000000,1.0,0.1846122112211221,0.1030380673499267,0.1248169838945827,1,False,0
0,ep_13e286ccbb1992dee967,50,4,0.1044760726072607,0.1015739385065885,300000000,1.0,0.1821369636963696,0.1030380673499267,0.1248169838945827,1,False,0
0,ep_13e286ccbb1992dee967,51,4,0.1031353135313531,0.1017569546120058,300000000,1.0,0.1742986798679868,0.1024890190336749,0.1248169838945827,1,False,0
0,ep_13e286ccbb1992dee967,52,4,0.1144801980198019,0.1015739385065885,300000000,1.0,0.1751237623762376,0.1024890190336749,0.1248169838945827,1,False,0
0,ep_13e286ccbb1992dee967,53,4,0.1177805280528052,0.1023060029282576,300000000,1.0,0.1788366336633663,0.1030380673499267,0.1248169838945827,1,False,0
0,ep_13e286ccbb1992dee967,54,4,0.1243811881188118,0.1024890190336749,300000000,1.0,0.219059405940594,0.103221083455344,0.1248169838945827,1,False,0
0,ep_13e286ccbb1992dee967,55,4,0.1264438943894389,0.1024890190336749,300000000,1.0,0.2301980198019802,0.1035871156661786,0.1248169838945827,1,False,0
0,ep_13e286ccbb1992dee967,56,4,0.1177805280528052,0.1021229868228404,300000000,1.0,0.1848184818481848,0.1034040995607613,0.1248169838945827,1,False,0
0,ep_13e286ccbb1992dee967,57,4,0.1188118811881188,0.1024890190336749,300000000,1.0,0.1829620462046204,0.1035871156661786,0.1248169838945827,1,False,0
0,ep_13e286ccbb1992dee967,58,4,0.1254125412541254,0.1026720351390922,300000000,1.0,0.1687293729372937,0.1035871156661786,0.1248169838945827,1,False,0
0,ep_13e286ccbb1992dee967,59,4,0.120049504950495,0.1019399707174231,300000000,1.0,0.1625412541254125,0.1035871156661786,0.1248169838945827,1,False,0
0,ep_13e286ccbb1992dee967,60,5,0.1402640264026402,0.1030380673499267,300000000,1.0,0.245049504950495,0.1037701317715959,0.1248169838945827,1,False,0
0,ep_13e286ccbb1992dee967,61,5,0.1175742574257425,0.1010248901903367,300000000,1.0,0.1889438943894389,0.1026720351390922,0.1248169838945827,1,False,0
0,ep_13e286ccbb1992dee967,62,5,0.127062706270627,0.1021229868228404,300000000,1.0,0.1831683168316831,0.1035871156661786,0.1248169838945827,1,False,0
0,ep_13e286ccbb1992dee967,63,5,0.1161303630363036,0.1026720351390922,300000000,1.0,0.1990511551155115,0.1035871156661786,0.1248169838945827,1,False,0
0,ep_13e286ccbb1992dee967,64,5,0.1229372937293729,0.1023060029282576,300000000,1.0,0.183993399339934,0.1037701317715959,0.1248169838945827,1,False,0
0,ep_13e286ccbb1992dee967,65,5,0.1153052805280528,0.1021229868228404,300000000,1.0,0.1747112211221122,0.1035871156661786,0.1248169838945827,1,False,0
0,ep_13e286ccbb1992dee967,66,5,0.116542904290429,0.1024890190336749,300000000,1.0,0.1974009900990099,0.1037701317715959,0.1248169838945827,1,False,0
0,ep_13e286ccbb1992dee967,67,5,0.1233498349834983,0.1024890190336749,300000000,1.0,0.1996699669966996,0.1035871156661786,0.1248169838945827,1,False,0
0,ep_13e286ccbb1992dee967,68,5,0.1074669966996699,0.1017569546120058,300000000,1.0,0.1961633663366336,0.1034040995607613,0.1248169838945827,1,False,0
0,ep_13e286ccbb1992dee967,69,5,0.1070544554455445,0.1015739385065885,300000000,1.0,0.168523102310231,0.1030380673499267,0.1248169838945827,1,False,0
0,ep_13e286ccbb1992dee967,70,5,0.1179867986798679,0.1026720351390922,300000000,1.0,0.1961633663366336,0.1034040995607613,0.1248169838945827,1,False,0
0,ep_13e286ccbb1992dee967,71,5,0.1050948844884488,0.1023060029282576,300000000,1.0,0.1524339933993399,0.1034040995607613,0.1248169838945827,1,False,0
0,ep_13e286ccbb1992dee967,72,6,0.1313943894389438,0.1026720351390922,300000000,1.0,0.1897689768976897,0.1035871156661786,0.1248169838945827,1,False,0
0,ep_13e286ccbb1992dee967,73,6,0.1287128712871287,0.1024890190336749,300000000,1.0,0.2099834983498349,0.1037701317715959,0.1248169838945827,1,False,0
0,ep_13e286ccbb1992dee967,74,6,0.1297442244224422,0.1019399707174231,300000000,1.0,0.2219471947194719,0.1037701317715959,0.1248169838945827,1,False,0
0,ep_13e286ccbb1992dee967,75,6,0.1212871287128712,0.1019399707174231,300000000,1.0,0.1893564356435643,0.1024890190336749,0.1248169838945827,1,False,0
0,ep_13e286ccbb1992dee967,76,6,0.1208745874587458,0.1021229868228404,300000000,1.0,0.1707920792079208,0.1035871156661786,0.1248169838945827,1,False,0
0,ep_13e286ccbb1992dee967,77,6,0.1124174917491749,0.1026720351390922,300000000,1.0,0.1544966996699669,0.1035871156661786,0.1248169838945827,1,False,0
0,ep_13e286ccbb1992dee967,78,6,0.0945750825082508,0.101207906295754,300000000,1.0,0.168523102310231,0.1024890190336749,0.1248169838945827,1,False,0
0,ep_13e286ccbb1992dee967,79,6,0.1000412541254125,0.1019399707174231,300000000,1.0,0.1540841584158415,0.1035871156661786,0.1248169838945827,1,False,0
0,ep_13e286ccbb1992dee967,80,6,0.1109735973597359,0.1017569546120058,300000000,1.0,0.2089521452145214,0.1035871156661786,0.1248169838945827,1,False,0
0,ep_13e286ccbb1992dee967,81,6,0.1144801980198019,0.1017569546120058,300000000,1.0,0.212046204620462,0.1034040995607613,0.1248169838945827,1,False,0
0,ep_13e286ccbb1992dee967,82,6,0.1155115511551155,0.1021229868228404,300000000,1.0,0.1693481848184818,0.1037701317715959,0.1248169838945827,1,False,0
0,ep_13e286ccbb1992dee967,83,6,0.1159240924092409,0.1021229868228404,300000000,1.0,0.238036303630363,0.1037701317715959,0.1248169838945827,1,False,0
0,ep_13e286ccbb1992dee967,84,7,0.1204620462046204,0.1021229868228404,300000000,1.0,0.2215346534653465,0.1037701317715959,0.1248169838945827,1,False,0
0,ep_13e286ccbb1992dee967,85,7,0.1198432343234323,0.1026720351390922,300000000,1.0,0.1841996699669967,0.1037701317715959,0.1248169838945827,1,False,0
0,ep_13e286ccbb1992dee967,86,7,0.1192244224422442,0.1019399707174231,300000000,1.0,0.1978135313531353,0.1035871156661786,0.1248169838945827,1,False,0
0,ep_13e286ccbb1992dee967,87,7,0.1276815181518152,0.1026720351390922,300000000,1.0,0.1885313531353135,0.1035871156661786,0.1248169838945827,1,False,0
0,ep_13e286ccbb1992dee967,88,7,0.1216996699669967,0.1021229868228404,300000000,1.0,0.189562706270627,0.1034040995607613,0.1248169838945827,1,False,0
0,ep_13e286ccbb1992dee967,89,7,0.1316006600660066,0.1024890190336749,300000000,1.0,0.1749174917491749,0.1035871156661786,0.1248169838945827,1,False,0
0,ep_13e286ccbb1992dee967,90,7,0.128506600660066,0.1023060029282576,300000000,1.0,0.2334983498349835,0.1034040995607613,0.1248169838945827,1,False,0
0,ep_13e286ccbb1992dee967,91,7,0.1175742574257425,0.1028550512445095,300000000,1.0,0.1658415841584158,0.1035871156661786,0.1248169838945827,1,False,0
0,ep_13e286ccbb1992dee967,92,7,0.1074669966996699,0.101207906295754,300000000,1.0,0.1493399339933993,0.1034040995607613,0.1248169838945827,1,False,0
0,ep_13e286ccbb1992dee967,93,7,0.1157178217821782,0.1024890190336749,300000000,1.0,0.1734735973597359,0.1035871156661786,0.1248169838945827,1,False,0
0,ep_13e286ccbb1992dee967,94,7,0.1169554455445544,0.1021229868228404,300000000,1.0,0.172029702970297,0.1037701317715959,0.1248169838945827,1,False,0
0,ep_13e286ccbb1992dee967,95,7,0.1258250825082508,0.1030380673499267,300000000,1.0,0.180486798679868,0.1035871156661786,0.1248169838945827,1,False,0
0,ep_13e286ccbb1992dee967,96,8,0.1210808580858085,0.1010248901903367,300000000,1.0,0.1827557755775577,0.1028550512445095,0.1248169838945827,1,False,0
0,ep_13e286ccbb1992dee967,97,8,0.130569306930693,0.1019399707174231,300000000,1.0,0.1740924092409241,0.103221083455344,0.1248169838945827,1,False,0
0,ep_13e286ccbb1992dee967,98,8,0.1204620462046204,0.1017569546120058,300000000,1.0,0.1833745874587458,0.1030380673499267,0.1248169838945827,1,False,0
0,ep_13e286ccbb1992dee967,99,8,0.1361386138613861,0.1026720351390922,300000000,1.0,0.189562706270627,0.1037701317715959,0.1248169838945827,1,False,0
0,ep_13e286ccbb1992dee967,100,8,0.1363448844884488,0.1021229868228404,300000000,1.0,0.2136963696369637,0.1037701317715959,0.1248169838945827,1,False,0
0,ep_13e286ccbb1992dee967,101,8,0.111592409240924,0.1026720351390922,300000000,1.0,0.1588283828382838,0.1035871156661786,0.1248169838945827,1,False,0
0,ep_13e286ccbb1992dee967,102,8,0.1181930693069306,0.1028550512445095,300000000,1.0,0.2009075907590759,0.1037701317715959,0.1248169838945827,1,False,0
0,ep_13e286ccbb1992dee967,103,8,0.1082920792079207,0.1015739385065885,300000000,1.0,0.1747112211221122,0.1037701317715959,0.1248169838945827,1,False,0
0,ep_13e286ccbb1992dee967,104,8,0.1018976897689769,0.1015739385065885,300000000,1.0,0.1846122112211221,0.1026720351390922,0.1248169838945827,1,False,0
0,ep_13e286ccbb1992dee967,105,8,0.1011757425742574,0.1023060029282576,300000000,1.0,0.1862623762376237,0.1034040995607613,0.1248169838945827,1,False,0
0,ep_13e286ccbb1992dee967,106,8,0.1064356435643564,0.1026720351390922,300000000,1.0,0.1625412541254125,0.1034040995607613,0.1248169838945827,1,False,0
0,ep_13e286ccbb1992dee967,107,8,0.1070544554455445,0.1019399707174231,300000000,1.0,0.1598597359735973,0.1034040995607613,0.1248169838945827,1,False,0
0,ep_13e286ccbb1992dee967,108,9,0.1016914191419142,0.1008418740849194,300000000,1.0,0.1757425742574257,0.1024890190336749,0.1248169838945827,1,False,0
0,ep_13e286ccbb1992dee967,109,9,0.099009900990099,0.1013909224011713,300000000,1.0,0.1808993399339934,0.1028550512445095,0.1248169838945827,1,False,0
0,ep_13e286ccbb1992dee967,110,9,0.0932343234323432,0.1015739385065885,300000000,1.0,0.1648102310231023,0.1023060029282576,0.1248169838945827,1,False,0
0,ep_13e286ccbb1992dee967,111,9,0.0978754125412541,0.1019399707174231,300000000,1.0,0.1734735973597359,0.1030380673499267,0.1248169838945827,1,False,0
0,ep_13e286ccbb1992dee967,112,9,0.0904496699669967,0.1023060029282576,300000000,1.0,0.1542904290429043,0.103221083455344,0.1248169838945827,1,False,0
0,ep_13e286ccbb1992dee967,113,9,0.0947813531353135,0.1015739385065885,300000000,1.0,0.1503712871287128,0.1030380673499267,0.1248169838945827,1,False,0
0,ep_13e286ccbb1992dee967,114,9,0.0900371287128712,0.1026720351390922,300000000,1.0,0.1590346534653465,0.1034040995607613,0.1248169838945827,1,False,0
0,ep_13e286ccbb1992dee967,115,9,0.0994224422442244,0.1023060029282576,300000000,1.0,0.1582095709570957,0.1034040995607613,0.1248169838945827,1,False,0
0,ep_13e286ccbb1992dee967,116,9,0.0947813531353135,0.1019399707174231,300000000,1.0,0.1654290429042904,0.103221083455344,0.1248169838945827,1,False,0
0,ep_13e286ccbb1992dee967,117,9,0.109529702970297,0.1024890190336749,300000000,1.0,0.1848184818481848,0.1034040995607613,0.1248169838945827,1,False,0
0,ep_13e286ccbb1992dee967,118,9,0.1136551155115511,0.1013909224011713,300000000,1.0,0.1775990099009901,0.1030380673499267,0.1248169838945827,1,False,0
0,ep_13e286ccbb1992dee967,119,9,0.1105610561056105,0.1030380673499267,300000000,1.0,0.1468646864686468,0.1034040995607613,0.1248169838945827,1,False,0
0,ep_13e286ccbb1992dee967,120,10,0.113036303630363,0.1026720351390922,300000000,1.0,0.1540841584158415,0.1035871156661786,0.1248169838945827,1,False,0
0,ep_13e286ccbb1992dee967,121,10,0.1179867986798679,0.1026720351390922,300000000,1.0,0.1736798679867986,0.1035871156661786,0.1248169838945827,1,False,0
0,ep_13e286ccbb1992dee967,122,10,0.1099422442244224,0.1010248901903367,300000000,1.0,0.1499587458745874,0.1034040995607613,0.1248169838945827,1,False,0
0,ep_13e286ccbb1992dee967,123,10,0.1099422442244224,0.1019399707174231,300000000,1.0,0.1676980198019802,0.103221083455344,0.1248169838945827,1,False,0
0,ep_13e286ccbb1992dee967,124,10,0.1186056105610561,0.1021229868228404,300000000,1.0,0.1658415841584158,0.1034040995607613,0.1248169838945827,1,False,0
0,ep_13e286ccbb1992dee967,125,10,0.1183993399339934,0.1028550512445095,300000000,1.0,0.1670792079207921,0.1034040995607613,0.1248169838945827,1,False,0
0,ep_13e286ccbb1992dee967,126,10,0.1192244224422442,0.1028550512445095,300000000,1.0,0.1668729372937293,0.1035871156661786,0.1248169838945827,1,False,0
0,ep_13e286ccbb1992dee967,127,10,0.1022070957095709,0.101207906295754,300000000,1.0,0.1905940594059406,0.1035871156661786,0.1248169838945827,1,False,0
0,ep_13e286ccbb1992dee967,128,10,0.0959158415841584,0.1015739385065885,300000000,1.0,0.1604785478547855,0.1021229868228404,0.1248169838945827,1,False,0
0,ep_13e286ccbb1992dee967,129,10,0.090552805280528,0.1013909224011713,300000000,1.0,0.1736798679867986,0.103221083455344,0.1248169838945827,1,False,0
0,ep_13e286ccbb1992dee967,130,10,0.1012788778877887,0.1013909224011713,300000000,1.0,0.1687293729372937,0.1026720351390922,0.1248169838945827,1,False,0
0,ep_13e286ccbb1992dee967,131,10,0.1046823432343234,0.1017569546120058,300000000,1.0,0.1559405940594059,0.1028550512445095,0.1248169838945827,1,False,0
0,ep_13e286ccbb1992dee967,132,11,0.113036303630363,0.1024890190336749,300000000,1.0,0.1757425742574257,0.1034040995607613,0.1248169838945827,1,False,0
0,ep_13e286ccbb1992dee967,133,11,0.1064356435643564,0.1026720351390922,300000000,1.0,0.1695544554455445,0.1035871156661786,0.1248169838945827,1,False,0
0,ep_13e286ccbb1992dee967,134,11,0.0959158415841584,0.1023060029282576,300000000,1.0,0.1922442244224422,0.1034040995607613,0.1248169838945827,1,False,0
0,ep_13e286ccbb1992dee967,135,11,0.0964315181518151,0.1024890190336749,300000000,1.0,0.1516089108910891,0.1035871156661786,0.1248169838945827,1,False,0
0,ep_13e286ccbb1992dee967,136,11,0.0944719471947194,0.1023060029282576,300000000,1.0,0.149546204620462,0.1035871156661786,0.1248169838945827,1,False,0
0,ep_13e286ccbb1992dee967,137,11,0.1022070957095709,0.1013909224011713,300000000,1.0,0.141089108910891,0.1024890190336749,0.1248169838945827,1,False,0
0,ep_13e286ccbb1992dee967,138,11,0.0824051155115511,0.1021229868228404,300000000,1.0,0.1522277227722772,0.103221083455344,0.1248169838945827,1,False,0
0,ep_13e286ccbb1992dee967,139,11,0.1032384488448844,0.1026720351390922,300000000,1.0,0.1608910891089109,0.103221083455344,0.1248169838945827,1,False,0
0,ep_13e286ccbb1992dee967,140,11,0.1070544554455445,0.1019399707174231,300000000,1.0,0.1844059405940594,0.1034040995607613,0.1248169838945827,1,False,0
0,ep_13e286ccbb1992dee967,141,11,0.1107673267326732,0.0993777452415812,300000000,1.0,0.1841996699669967,0.1034040995607613,0.1248169838945827,1,False,0
0,ep_13e286ccbb1992dee967,142,11,0.1003506600660066,0.1015739385065885,300000000,1.0,0.1631600660066006,0.1023060029282576,0.1248169838945827,1,False,0
0,ep_13e286ccbb1992dee967,143,11,0.0982879537953795,0.1010248901903367,300000000,1.0,0.1441831683168316,0.1034040995607613,0.1248169838945827,1,False,0
0,ep_13e286ccbb1992dee967,144,12,0.1070544554455445,0.1015739385065885,300000000,1.0,0.1846122112211221,0.1030380673499267,0.1248169838945827,1,False,0
0,ep_13e286ccbb1992dee967,145,12,0.106023102310231,0.1028550512445095,300000000,1.0,0.1794554455445544,0.1034040995607613,0.1248169838945827,1,False,0
0,ep_13e286ccbb1992dee967,146,12,0.1012788778877887,0.1017569546120058,300000000,1.0,0.2235973597359736,0.1034040995607613,0.1248169838945827,1,False,0
0,ep_13e286ccbb1992dee967,147,12,0.0992161716171617,0.1004758418740849,300000000,1.0,0.1528465346534653,0.1017569546120058,0.1248169838945827,1,False,0
0,ep_13e286ccbb1992dee967,148,12,0.1053011551155115,0.1026720351390922,300000000,1.0,0.2178217821782178,0.1034040995607613,0.1248169838945827,1,False,0
0,ep_13e286ccbb1992dee967,149,12,0.1043729372937293,0.103221083455344,300000000,1.0,0.1435643564356435,0.1035871156661786,0.1248169838945827,1,False,0
0,ep_13e286ccbb1992dee967,150,12,0.1109735973597359,0.1015739385065885,300000000,1.0,0.2056518151815181,0.1035871156661786,0.1248169838945827,1,False,0
0,ep_13e286ccbb1992dee967,151,12,0.1021039603960396,0.0993777452415812,300000000,1.0,0.1621287128712871,0.1017569546120058,0.1248169838945827,1,False,0
0,ep_13e286ccbb1992dee967,152,12,0.106023102310231,0.1023060029282576,300000000,1.0,0.1821369636963696,0.103221083455344,0.1248169838945827,1,False,0
0,ep_13e286ccbb1992dee967,153,12,0.1033415841584158,0.1023060029282576,300000000,1.0,0.1870874587458746,0.1034040995607613,0.1248169838945827,1,False,0
0,ep_13e286ccbb1992dee967,154,12,0.1109735973597359,0.101207906295754,300000000,1.0,0.2363861386138613,0.103221083455344,0.1248169838945827,1,False,0
0,ep_13e286ccbb1992dee967,155,12,0.1198432343234323,0.1019399707174231,300000000,1.0,0.186056105610561,0.1034040995607613,0.1248169838945827,1,False,0
0,ep_13e286ccbb1992dee967,156,13,0.0979785478547854,0.1028550512445095,300000000,1.0,0.172029702970297,0.1035871156661786,0.1248169838945827,1,False,0
0,ep_13e286ccbb1992dee967,157,13,0.0886963696369637,0.1019399707174231,300000000,1.0,0.1429455445544554,0.103221083455344,0.1248169838945827,1,False,0
0,ep_13e286ccbb1992dee967,158,13,0.113036303630363,0.1021229868228404,300000000,1.0,0.1588283828382838,0.1035871156661786,0.1248169838945827,1,False,0
0,ep_13e286ccbb1992dee967,159,13,0.1064356435643564,0.1019399707174231,300000000,1.0,0.1734735973597359,0.1034040995607613,0.1248169838945827,1,False,0
0,ep_13e286ccbb1992dee967,160,13,0.1070544554455445,0.1019399707174231,300000000,1.0,0.1728547854785478,0.1035871156661786,0.1248169838945827,1,False,0
0,ep_13e286ccbb1992dee967,161,13,0.1190181518151815,0.1034040995607613,300000000,1.0,0.1613036303630363,0.1037701317715959,0.1248169838945827,1,False,0
0,ep_13e286ccbb1992dee967,162,13,0.1054042904290429,0.0957174231332357,300000000,1.0,0.2219471947194719,0.1041361639824304,0.1248169838945827,1,False,0
0,ep_13e286ccbb1992dee967,163,13,0.1053011551155115,0.1006588579795021,300000000,1.0,0.1773927392739274,0.1034040995607613,0.1248169838945827,1,False,0
0,ep_13e286ccbb1992dee967,164,13,0.1068481848184818,0.1019399707174231,300000000,1.0,0.1695544554455445,0.1035871156661786,0.1248169838945827,1,False,0
0,ep_13e286ccbb1992dee967,165,13,0.1126237623762376,0.1028550512445095,300000000,1.0,0.1740924092409241,0.1035871156661786,0.1248169838945827,1,False,0
0,ep_13e286ccbb1992dee967,166,13,0.1138613861386138,0.1013909224011713,300000000,1.0,0.1833745874587458,0.1037701317715959,0.1248169838945827,1,False,0
0,ep_13e286ccbb1992dee967,167,13,0.0998349834983498,0.1006588579795021,300000000,1.0,0.1584158415841584,0.1021229868228404,0.1248169838945827,1,False,0
0,ep_13e286ccbb1992dee967,168,14,0.1188118811881188,0.1023060029282576,300000000,1.0,0.1957508250825082,0.1035871156661786,0.1248169838945827,1,False,0
0,ep_13e286ccbb1992dee967,169,14,0.1101485148514851,0.1017569546120058,300000000,1.0,0.1947194719471947,0.1037701317715959,0.1248169838945827,1,False,0
0,ep_13e286ccbb1992dee967,170,14,0.0966377887788778,0.0997437774524158,300000000,1.0,0.1404702970297029,0.1023060029282576,0.1248169838945827,1,False,0
0,ep_13e286ccbb1992dee967,171,14,0.1072607260726072,0.1015739385065885,300000000,1.0,0.1714108910891089,0.1021229868228404,0.1248169838945827,1,False,0
0,ep_13e286ccbb1992dee967,172,14,0.1136551155115511,0.1023060029282576,300000000,1.0,0.1569719471947194,0.1034040995607613,0.1248169838945827,1,False,0
0,ep_13e286ccbb1992dee967,173,14,0.1032384488448844,0.1008418740849194,300000000,1.0,0.1483085808580858,0.1019399707174231,0.1248169838945827,1,False,0
0,ep_13e286ccbb1992dee967,174,14,0.1039603960396039,0.1017569546120058,300000000,1.0,0.1598597359735973,0.1021229868228404,0.1248169838945827,1,False,0
0,ep_13e286ccbb1992dee967,175,14,0.109529702970297,0.1026720351390922,300000000,1.0,0.194513201320132,0.1034040995607613,0.1248169838945827,1,False,0
0,ep_13e286ccbb1992dee967,176,14,0.1068481848184818,0.1013909224011713,300000000,1.0,0.1707920792079208,0.1021229868228404,0.1248169838945827,1,False,0
0,ep_13e286ccbb1992dee967,177,14,0.1046823432343234,0.1021229868228404,300000000,1.0,0.186056105610561,0.1034040995607613,0.1248169838945827,1,False,0
0,ep_13e286ccbb1992dee967,178,14,0.128506600660066,0.1023060029282576,300000000,1.0,0.1792491749174917,0.1037701317715959,0.1248169838945827,1,False,0
0,ep_13e286ccbb1992dee967,179,14,0.0948844884488448,0.0991947291361639,300000000,1.0,0.1485148514851485,0.1017569546120058,0.1248169838945827,1,False,0
0,ep_13e286ccbb1992dee967,180,15,0.1113861386138613,0.1015739385065885,300000000,1.0,0.2040016501650165,0.1019399707174231,0.1248169838945827,1,False,0
0,ep_13e286ccbb1992dee967,181,15,0.1256188118811881,0.1019399707174231,300000000,1.0,0.2198844884488449,0.1028550512445095,0.1248169838945827,1,False,0
0,ep_13e286ccbb1992dee967,182,15,0.1254125412541254,0.1015739385065885,300000000,1.0,0.2136963696369637,0.103221083455344,0.1248169838945827,1,False,0
0,ep_13e286ccbb1992dee967,183,15,0.0920998349834983,0.0942532942898975,300000000,1.0,0.1485148514851485,0.1013909224011713,0.1248169838945827,1,False,0
0,ep_13e286ccbb1992dee967,184,15,0.1150990099009901,0.1013909224011713,300000000,1.0,0.1555280528052805,0.1021229868228404,0.1248169838945827,1,False,0
0,ep_13e286ccbb1992dee967,185,15,0.1227310231023102,0.1028550512445095,300000000,1.0,0.1631600660066006,0.1030380673499267,0.1248169838945827,1,False,0
0,ep_13e286ccbb1992dee967,186,15,0.121493399339934,0.1021229868228404,300000000,1.0,0.1606848184818481,0.103221083455344,0.1248169838945827,1,False,0
0,ep_13e286ccbb1992dee967,187,15,0.1089108910891089,0.1010248901903367,300000000,1.0,0.1367574257425742,0.1023060029282576,0.1248169838945827,1,False,0
0,ep_13e286ccbb1992dee967,188,15,0.1101485148514851,0.101207906295754,300000000,1.0,0.1481023102310231,0.1019399707174231,0.1248169838945827,1,False,0
0,ep_13e286ccbb1992dee967,189,15,0.1056105610561056,0.1013909224011713,300000000,1.0,0.1400577557755775,0.1019399707174231,0.1248169838945827,1,False,0
0,ep_13e286ccbb1992dee967,190,15,0.1056105610561056,0.1021229868228404,300000000,1.0,0.1497524752475247,0.103221083455344,0.1248169838945827,1,False,0
0,ep_13e286ccbb1992dee967,191,15,0.1072607260726072,0.1028550512445095,300000000,1.0,0.1608910891089109,0.1034040995607613,0.1248169838945827,1,False,0
0,ep_13e286ccbb1992dee967,192,16,0.1062293729372937,0.1028550512445095,300000000,1.0,0.1404702970297029,0.1035871156661786,0.1248169838945827,1,False,0
0,ep_13e286ccbb1992dee967,193,16,0.104269801980198,0.1013909224011713,300000000,1.0,0.1520214521452145,0.1037701317715959,0.1248169838945827,1,False,0
0,ep_13e286ccbb1992dee967,194,16,0.0946782178217821,0.1008418740849194,300000000,1.0,0.1258250825082508,0.1017569546120058,0.1248169838945827,1,False,0
0,ep_13e286ccbb1992dee967,195,16,0.1047854785478547,0.101207906295754,300000000,1.0,0.2491749174917491,0.1017569546120058,0.1248169838945827,1,False,0
0,ep_13e286ccbb1992dee967,196,16,0.1084983498349834,0.1021229868228404,300000000,1.0,0.2314356435643564,0.1030380673499267,0.1248169838945827,1,False,0
0,ep_13e286ccbb1992dee967,197,16,0.1068481848184818,0.103221083455344,300000000,1.0,0.1520214521452145,0.1035871156661786,0.1248169838945827,1,False,0
0,ep_13e286ccbb1992dee967,198,16,0.1144801980198019,0.1034040995607613,300000000,1.0,0.2301980198019802,0.1037701317715959,0.1248169838945827,1,False,0
0,ep_13e286ccbb1992dee967,199,16,0.095503300330033,0.1006588579795021,300000000,1.0,0.2330858085808581,0.1017569546120058,0.1248169838945827,1,False,0
0,ep_13e286ccbb1992dee967,200,16,0.1049917491749174,0.101207906295754,300000000,1.0,0.2334983498349835,0.1017569546120058,0.1248169838945827,1,False,0
0,ep_13e286ccbb1992dee967,201,16,0.1001443894389439,0.101207906295754,300000000,1.0,0.25,0.1017569546120058,0.1248169838945827,1,False,0
0,ep_13e286ccbb1992dee967,202,16,0.0998349834983498,0.1013909224011713,300000000,1.0,0.2083333333333333,0.1019399707174231,0.1248169838945827,1,False,0
0,ep_13e286ccbb1992dee967,203,16,0.1023102310231023,0.1021229868228404,300000000,1.0,0.1419141914191419,0.103221083455344,0.1248169838945827,1,False,0
0,ep_13e286ccbb1992dee967,204,17,0.1068481848184818,0.1030380673499267,300000000,1.0,0.2388613861386138,0.1034040995607613,0.1248169838945827,1,False,0
0,ep_13e286ccbb1992dee967,205,17,0.102516501650165,0.1017569546120058,300000000,1.0,0.2256600660066006,0.1030380673499267,0.1248169838945827,1,False,0
0,ep_13e286ccbb1992dee967,206,17,0.1070544554455445,0.1013909224011713,300000000,1.0,0.2318481848184818,0.1017569546120058,0.1248169838945827,1,False,0
0,ep_13e286ccbb1992dee967,207,17,0.1089108910891089,0.1019399707174231,300000000,1.0,0.2405115511551155,0.1030380673499267,0.1248169838945827,1,False,0
0,ep_13e286ccbb1992dee967,208,17,0.1056105610561056,0.1023060029282576,300000000,1.0,0.2186468646864686,0.103221083455344,0.1248169838945827,1,False,0
0,ep_13e286ccbb1992dee967,209,17,0.0982879537953795,0.1019399707174231,300000000,1.0,0.1481023102310231,0.103221083455344,0.1248169838945827,1,False,0
0,ep_13e286ccbb1992dee967,210,17,0.1055074257425742,0.1028550512445095,300000000,1.0,0.2306105610561056,0.1034040995607613,0.1248169838945827,1,False,0
0,ep_13e286ccbb1992dee967,211,17,0.1003506600660066,0.1021229868228404,300000000,1.0,0.2252475247524752,0.1034040995607613,0.1248169838945827,1,False,0
0,ep_13e286ccbb1992dee967,212,17,0.0963283828382838,0.1013909224011713,300000000,1.0,0.2306105610561056,0.1017569546120058,0.1248169838945827,1,False,0
0,ep_13e286ccbb1992dee967,213,17,0.0930280528052805,0.101207906295754,300000000,1.0,0.2244224422442244,0.1015739385065885,0.1248169838945827,1,False,0
0,ep_13e286ccbb1992dee967,214,17,0.104269801980198,0.1019399707174231,300000000,1.0,0.2169966996699669,0.1030380673499267,0.1248169838945827,1,False,0
0,ep_13e286ccbb1992dee967,215,17,0.1087046204620462,0.1026720351390922,300000000,1.0,0.1604785478547855,0.103221083455344,0.1248169838945827,1,False,0
0,ep_13e286ccbb1992dee967,216,18,0.1208745874587458,0.1030380673499267,300000000,1.0,0.2281353135313531,0.1034040995607613,0.1248169838945827,1,False,0
0,ep_13e286ccbb1992dee967,217,18,0.1091171617161716,0.1021229868228404,300000000,1.0,0.2264851485148515,0.1035871156661786,0.1248169838945827,1,False,0
0,ep_13e286ccbb1992dee967,218,18,0.1012788778877887,0.1013909224011713,300000000,1.0,0.2052392739273927,0.1019399707174231,0.1248169838945827,1,False,0
0,ep_13e286ccbb1992dee967,219,18,0.1006600660066006,0.1017569546120058,300000000,1.0,0.2194719471947194,0.1030380673499267,0.1248169838945827,1,False,0
0,ep_13e286ccbb1992dee967,220,18,0.1043729372937293,0.1024890190336749,300000000,1.0,0.2223597359735973,0.103221083455344,0.1248169838945827,1,False,0
0,ep_13e286ccbb1992dee967,221,18,0.1022070957095709,0.1023060029282576,300000000,1.0,0.1417079207920792,0.1034040995607613,0.1248169838945827,1,False,0
0,ep_13e286ccbb1992dee967,222,18,0.111592409240924,0.1030380673499267,300000000,1.0,0.2052392739273927,0.1035871156661786,0.1248169838945827,1,False,0
0,ep_13e286ccbb1992dee967,223,18,0.1132425742574257,0.1021229868228404,300000000,1.0,0.2442244224422442,0.1037701317715959,0.1248169838945827,1,False,0
0,ep_13e286ccbb1992dee967,224,18,0.1078795379537953,0.1015739385065885,300000000,1.0,0.2273102310231023,0.1021229868228404,0.1248169838945827,1,False,0
0,ep_13e286ccbb1992dee967,225,18,0.1150990099009901,0.1017569546120058,300000000,1.0,0.231023102310231,0.1030380673499267,0.1248169838945827,1,False,0
0,ep_13e286ccbb1992dee967,226,18,0.1091171617161716,0.1024890190336749,300000000,1.0,0.2207095709570957,0.103221083455344,0.1248169838945827,1,False,0
0,ep_13e286ccbb1992dee967,227,18,0.1097359735973597,0.1026720351390922,300000000,1.0,0.1402640264026402,0.1034040995607613,0.1248169838945827,1,False,0
0,ep_13e286ccbb1992dee967,228,19,0.1111798679867986,0.103221083455344,300000000,1.0,0.2446369636963696,0.1037701317715959,0.1248169838945827,1,False,0
0,ep_13e286ccbb1992dee967,229,19,0.1142739273927392,0.1021229868228404,300000000,1.0,0.2149339933993399,0.1037701317715959,0.1248169838945827,1,False,0
0,ep_13e286ccbb1992dee967,230,19,0.1155115511551155,0.1015739385065885,300000000,1.0,0.2421617161716171,0.1021229868228404,0.1248169838945827,1,False,0
0,ep_13e286ccbb1992dee967,231,19,0.0917904290429042,0.1013909224011713,300000000,1.0,0.2029702970297029,0.1021229868228404,0.1248169838945827,1,False,0
0,ep_13e286ccbb1992dee967,232,19,0.0858085808580858,0.1021229868228404,300000000,1.0,0.1996699669966996,0.103221083455344,0.1248169838945827,1,False,0
0,ep_13e286ccbb1992dee967,233,19,0.1126237623762376,0.1030380673499267,300000000,1.0,0.1631600660066006,0.1035871156661786,0.1248169838945827,1,False,0
0,ep_13e286ccbb1992dee967,234,19,0.0950907590759076,0.1001098096632503,300000000,1.0,0.2297854785478547,0.1037701317715959,0.1248169838945827,1,False,0
0,ep_13e286ccbb1992dee967,235,19,0.0971534653465346,0.1017569546120058,300000000,1.0,0.2091584158415841,0.1023060029282576,0.1248169838945827,1,False,0
0,ep_13e286ccbb1992dee967,236,19,0.1036509900990099,0.1015739385065885,300000000,1.0,0.2194719471947194,0.1021229868228404,0.1248169838945827,1,False,0
0,ep_13e286ccbb1992dee967,237,19,0.1113861386138613,0.1023060029282576,300000000,1.0,0.242986798679868,0.1035871156661786,0.1248169838945827,1,False,0
0,ep_13e286ccbb1992dee967,238,19,0.0950907590759076,0.1017569546120058,300000000,1.0,0.2108085808580858,0.1035871156661786,0.1248169838945827,1,False,0
0,ep_13e286ccbb1992dee967,239,19,0.1002475247524752,0.1021229868228404,300000000,1.0,0.1334570957095709,0.1034040995607613,0.1248169838945827,1,False,0
0,ep_13e286ccbb1992dee967,240,20,0.111592409240924,0.103221083455344,300000000,1.0,0.2413366336633663,0.1035871156661786,0.1248169838945827,1,False,0
0,ep_13e286ccbb1992dee967,241,20,0.0997318481848184,0.1028550512445095,300000000,1.0,0.2417491749174917,0.1037701317715959,0.1248169838945827,1,False,0
0,ep_13e286ccbb1992dee967,242,20,0.0960189768976897,0.1017569546120058,300000000,1.0,0.1707920792079208,0.1024890190336749,0.1248169838945827,1,False,0
0,ep_13e286ccbb1992dee967,243,20,0.1076732673267326,0.1023060029282576,300000000,1.0,0.2145214521452145,0.1035871156661786,0.1248169838945827,1,False,0
0,ep_13e286ccbb1992dee967,244,20,0.1070544554455445,0.1019399707174231,300000000,1.0,0.1885313531353135,0.1035871156661786,0.1248169838945827,1,False,0
0,ep_13e286ccbb1992dee967,245,20,0.1048886138613861,0.1026720351390922,300000000,1.0,0.1470709570957095,0.1035871156661786,0.1248169838945827,1,False,0
0,ep_13e286ccbb1992dee967,246,20,0.1070544554455445,0.103221083455344,300000000,1.0,0.2306105610561056,0.1037701317715959,0.1248169838945827,1,False,0
0,ep_13e286ccbb1992dee967,247,20,0.1047854785478547,0.1026720351390922,300000000,1.0,0.2322607260726072,0.1035871156661786,0.1248169838945827,1,False,0
0,ep_13e286ccbb1992dee967,248,20,0.080342409240924,0.1021229868228404,300000000,1.0,0.1379950495049505,0.1035871156661786,0.1248169838945827,1,False,0
0,ep_13e286ccbb1992dee967,249,20,0.0848803630363036,0.1030380673499267,300000000,1.0,0.1584158415841584,0.1037701317715959,0.1248169838945827,1,False,0
0,ep_13e286ccbb1992dee967,250,20,0.0952970297029703,0.1023060029282576,300000000,1.0,0.2029702970297029,0.1037701317715959,0.1248169838945827,1,False,0
0,ep_13e286ccbb1992dee967,251,20,0.1140676567656765,0.1028550512445095,300000000,1.0,0.1769801980198019,0.1037701317715959,0.1248169838945827,1,False,0
0,ep_13e286ccbb1992dee967,252,21,0.106023102310231,0.097913616398243,300000000,1.0,0.2198844884488449,0.1037701317715959,0.1248169838945827,1,False,0
0,ep_13e286ccbb1992dee967,253,21,0.0763201320132013,0.0993777452415812,300000000,1.0,0.1252062706270627,0.1026720351390922,0.1248169838945827,1,False,0
0,ep_13e286ccbb1992dee967,254,21,0.0824051155115511,0.1017569546120058,300000000,1.0,0.1542904290429043,0.1026720351390922,0.1248169838945827,1,False,0
0,ep_13e286ccbb1992dee967,255,21,0.0914810231023102,0.1024890190336749,300000000,1.0,0.1656353135313531,0.1035871156661786,0.1248169838945827,1,False,0
0,ep_13e286ccbb1992dee967,256,21,0.1003506600660066,0.1028550512445095,300000000,1.0,0.180486798679868,0.1035871156661786,0.1248169838945827,1,False,0
0,ep_13e286ccbb1992dee967,257,21,0.0992161716171617,0.1026720351390922,300000000,1.0,0.1518151815181518,0.1034040995607613,0.1248169838945827,1,False,0
0,ep_13e286ccbb1992dee967,258,21,0.1027227722772277,0.1024890190336749,300000000,1.0,0.1633663366336633,0.1034040995607613,0.1248169838945827,1,False,0
0,ep_13e286ccbb1992dee967,259,21,0.1072607260726072,0.1028550512445095,300000000,1.0,0.1722359735973597,0.1037701317715959,0.1248169838945827,1,False,0
0,ep_13e286ccbb1992dee967,260,21,0.1247937293729373,0.1024890190336749,300000000,1.0,0.2042079207920792,0.1035871156661786,0.1248169838945827,1,False,0
0,ep_13e286ccbb1992dee967,261,21,0.0848803630363036,0.1024890190336749,300000000,1.0,0.1887376237623762,0.1035871156661786,0.1248169838945827,1,False,0
0,ep_13e286ccbb1992dee967,262,21,0.1000412541254125,0.1028550512445095,300000000,1.0,0.1567656765676567,0.1037701317715959,0.1248169838945827,1,False,0
0,ep_13e286ccbb1992dee967,263,21,0.1295379537953795,0.1026720351390922,300000000,1.0,0.2392739273927392,0.1035871156661786,0.1248169838945827,1,False,0
0,ep_13e286ccbb1992dee967,264,22,0.1328382838283828,0.1023060029282576,300000000,1.0,0.2021452145214521,0.1037701317715959,0.1248169838945827,1,False,0
0,ep_13e286ccbb1992dee967,265,22,0.0840552805280528,0.1008418740849194,300000000,1.0,0.1573844884488449,0.1026720351390922,0.1248169838945827,1,False,0
0,ep_13e286ccbb1992dee967,266,22,0.0686881188118812,0.1021229868228404,300000000,1.0,0.1196369636963696,0.1034040995607613,0.1248169838945827,1,False,0
0,ep_13e286ccbb1992dee967,267,22,0.104579207920792,0.1024890190336749,300000000,1.0,0.2011138613861386,0.103221083455344,0.1248169838945827,1,False,0
0,ep_13e286ccbb1992dee967,268,22,0.1221122112211221,0.1023060029282576,300000000,1.0,0.1709983498349835,0.103221083455344,0.1248169838945827,1,False,0
0,ep_13e286ccbb1992dee967,269,22,0.1089108910891089,0.1021229868228404,300000000,1.0,0.2087458745874587,0.103221083455344,0.1248169838945827,1,False,0
0,ep_13e286ccbb1992dee967,270,22,0.1078795379537953,0.1019399707174231,300000000,1.0,0.1660478547854785,0.1030380673499267,0.1248169838945827,1,False,0
0,ep_13e286ccbb1992dee967,271,22,0.1049917491749174,0.1019399707174231,300000000,1.0,0.1718234323432343,0.1030380673499267,0.1248169838945827,1,False,0
0,ep_13e286ccbb1992dee967,272,22,0.0967409240924092,0.1021229868228404,300000000,1.0,0.1784240924092409,0.1030380673499267,0.1248169838945827,1,False,0
0,ep_13e286ccbb1992dee967,273,22,0.0889026402640264,0.1021229868228404,300000000,1.0,0.1544966996699669,0.1030380673499267,0.1248169838945827,1,False,0
0,ep_13e286ccbb1992dee967,274,22,0.1038572607260726,0.1024890190336749,300000000,1.0,0.1526402640264026,0.1030380673499267,0.1248169838945827,1,False,0
0,ep_13e286ccbb1992dee967,275,22,0.109529702970297,0.1021229868228404,300000000,1.0,0.1639851485148515,0.1030380673499267,0.1248169838945827,1,False,0
0,ep_13e286ccbb1992dee967,276,23,0.1027227722772277,0.1024890190336749,300000000,1.0,0.1695544554455445,0.103221083455344,0.1248169838945827,1,False,0
0,ep_13e286ccbb1992dee967,277,23,0.1159240924092409,0.1019399707174231,300000000,1.0,0.1806930693069307,0.1030380673499267,0.1248169838945827,1,False,0
0,ep_13e286ccbb1992dee967,278,23,0.0945750825082508,0.1024890190336749,300000000,1.0,0.1604785478547855,0.103221083455344,0.1248169838945827,1,False,0
0,ep_13e286ccbb1992dee967,279,23,0.0912747524752475,0.1024890190336749,300000000,1.0,0.1658415841584158,0.1034040995607613,0.1248169838945827,1,False,0
0,ep_13e286ccbb1992dee967,280,23,0.095503300330033,0.1028550512445095,300000000,1.0,0.1485148514851485,0.1035871156661786,0.1248169838945827,1,False,0
0,ep_13e286ccbb1992dee967,281,23,0.1186056105610561,0.1028550512445095,300000000,1.0,0.2223597359735973,0.1037701317715959,0.1248169838945827,1,False,0
0,ep_13e286ccbb1992dee967,282,23,0.0908622112211221,0.0957174231332357,300000000,1.0,0.1846122112211221,0.1034040995607613,0.1248169838945827,1,False,0
0,ep_13e286ccbb1992dee967,283,23,0.0911716171617161,0.1008418740849194,300000000,1.0,0.1619224422442244,0.1026720351390922,0.1248169838945827,1,False,0
0,ep_13e286ccbb1992dee967,284,23,0.1072607260726072,0.1019399707174231,300000000,1.0,0.1613036303630363,0.1030380673499267,0.1248169838945827,1,False,0
0,ep_13e286ccbb1992dee967,285,23,0.1064356435643564,0.1024890190336749,300000000,1.0,0.1594471947194719,0.1034040995607613,0.1248169838945827,1,False,0
0,ep_13e286ccbb1992dee967,286,23,0.0934405940594059,0.1023060029282576,300000000,1.0,0.1526402640264026,0.103221083455344,0.1248169838945827,1,False,0
0,ep_13e286ccbb1992dee967,287,23,0.104579207920792,0.1026720351390922,300000000,1.0,0.1730610561056105,0.103221083455344,0.1248169838945827,1,False,0
0,ep_1563b2ca313c71a7361b,87,7,0.0454593846481422,0.0034616241793793,31000000,0.1033333333333333,0.1192244224422442,0.0078010614934114,0.0530746705710102,2,False,0
0,ep_1563b2ca313c71a7361b,88,7,0.0927186468646864,0.0085674414348462,300000000,1.0,0.1264438943894389,0.0097227306002928,0.0530746705710102,1,False,0
0,ep_1563b2ca313c71a7361b,89,7,0.0943688118811881,0.0127424963396778,300000000,1.0,0.1382013201320132,0.0135203147877013,0.0530746705710102,1,False,0
0,ep_1563b2ca313c71a7361b,90,7,0.0891089108910891,0.0131085285505124,300000000,1.0,0.1231435643564356,0.0134974377745241,0.0530746705710102,1,False,0
0,ep_1563b2ca313c71a7361b,91,7,0.0743605610561056,0.0131771595900439,300000000,1.0,0.1243811881188118,0.0135203147877013,0.0530746705710102,1,False,0
0,ep_1563b2ca313c71a7361b,92,7,0.1078795379537953,0.0129712664714494,300000000,1.0,0.1421204620462046,0.0138405929721815,0.0530746705710102,1,False,0
0,ep_1563b2ca313c71a7361b,93,7,0.1117986798679868,0.0127196193265007,300000000,1.0,0.1683168316831683,0.012902635431918,0.0530746705710102,1,False,0
0,ep_1563b2ca313c71a7361b,94,7,0.1262376237623762,0.01377196193265,300000000,1.0,0.1856435643564356,0.0145040263543191,0.0530746705710102,1,False,0
0,ep_1563b2ca313c71a7361b,95,7,0.1349009900990099,0.0141379941434846,300000000,1.0,0.175536303630363,0.0179355783308931,0.0530746705710102,1,False,0
0,ep_1563b2ca313c71a7361b,96,8,0.1227310231023102,0.0171120058565153,300000000,1.0,0.1691419141914191,0.0180499633967789,0.0530746705710102,1,False,0
0,ep_1563b2ca313c71a7361b,97,8,0.1311881188118812,0.0158766471449487,300000000,1.0,0.1664603960396039,0.016059663250366,0.0530746705710102,1,False,0
0,ep_1563b2ca313c71a7361b,98,8,0.1332508250825082,0.0153047218155197,300000000,1.0,0.1569719471947194,0.0158766471449487,0.0530746705710102,1,False,0
0,ep_1563b2ca313c71a7361b,99,8,0.1252062706270627,0.0140922401171303,300000000,1.0,0.1511963696369637,0.0141608711566617,0.0530746705710102,1,False,0
0,ep_1563b2ca313c71a7361b,100,8,0.1307755775577557,0.0138177159590043,300000000,1.0,0.1751237623762376,0.0141608711566617,0.0530746705710102,1,False,0
0,ep_1563b2ca313c71a7361b,101,8,0.128506600660066,0.0132686676427525,300000000,1.0,0.1658415841584158,0.0134974377745241,0.0530746705710102,1,False,0
0,ep_1563b2ca313c71a7361b,102,8,0.121493399339934,0.0144353953147877,300000000,1.0,0.1559405940594059,0.0156021229868228,0.0530746705710102,1,False,0
0,ep_1563b2ca313c71a7361b,103,8,0.1309818481848184,0.015487737920937,300000000,1.0,0.1629537953795379,0.015922401171303,0.0530746705710102,1,False,0
0,ep_1563b2ca313c71a7361b,104,8,0.1299504950495049,0.0140007320644216,300000000,1.0,0.1573844884488449,0.0141379941434846,0.0530746705710102,1,False,0
0,ep_1563b2ca313c71a7361b,105,8,0.0872524752475247,0.0137262079062957,300000000,1.0,0.1450082508250825,0.0142523792093704,0.0530746705710102,1,False,0
0,ep_1563b2ca313c71a7361b,106,8,0.1274752475247524,0.013909224011713,300000000,1.0,0.1757425742574257,0.0140922401171303,0.0530746705710102,1,False,0
0,ep_1563b2ca313c71a7361b,107,8,0.1289191419141914,0.0132915446559297,300000000,1.0,0.1722359735973597,0.0140464860907759,0.0530746705710102,1,False,0
0,ep_1563b2ca313c71a7361b,108,9,0.113036303630363,0.0133830527086383,300000000,1.0,0.1596534653465346,0.0143210102489019,0.0530746705710102,1,False,0
0,ep_1563b2ca313c71a7361b,109,9,0.0939562706270627,0.0136804538799414,300000000,1.0,0.1693481848184818,0.0141608711566617,0.0530746705710102,1,False,0
0,ep_1563b2ca313c71a7361b,110,9,0.1210808580858085,0.0135431918008784,300000000,1.0,0.1538778877887788,0.0141608711566617,0.0530746705710102,1,False,0
0,ep_1563b2ca313c71a7361b,111,9,0.1163366336633663,0.0133830527086383,300000000,1.0,0.1544966996699669,0.0136346998535871,0.0530746705710102,1,False,0
0,ep_1563b2ca313c71a7361b,112,9,0.1074669966996699,0.0131314055636896,300000000,1.0,0.1507838283828383,0.0135660688140556,0.0530746705710102,1,False,0
0,ep_1563b2ca313c71a7361b,113,9,0.111592409240924,0.0135431918008784,300000000,1.0,0.1582095709570957,0.014915812591508,0.0530746705710102,1,False,0
0,ep_1563b2ca313c71a7361b,114,9,0.0916872937293729,0.0142752562225475,300000000,1.0,0.1485148514851485,0.0156478770131771,0.0530746705710102,1,False,0
0,ep_1563b2ca313c71a7361b,115,9,0.076526402640264,0.0173636530014641,300000000,1.0,0.146039603960396,0.0183016105417276,0.0530746705710102,1,False,0
0,ep_1563b2ca313c71a7361b,116,9,0.1142739273927392,0.0177983162518301,300000000,1.0,0.1452145214521452,0.0183702415812591,0.0530746705710102,1,False,0
0,ep_1563b2ca313c71a7361b,117,9,0.1054042904290429,0.017775439238653,300000000,1.0,0.1538778877887788,0.0180270863836017,0.0530746705710102,1,False,0
0,ep_1563b2ca313c71a7361b,118,9,0.1221122112211221,0.016928989751098,300000000,1.0,0.1641914191419141,0.0176153001464128,0.0530746705710102,1,False,0
0,ep_1563b2ca313c71a7361b,119,9,0.1237623762376237,0.0164485724743777,300000000,1.0,0.1553217821782178,0.0166773426061493,0.0530746705710102,1,False,0
0,ep_1563b2ca313c71a7361b,120,10,0.1225247524752475,0.0163113103953147,300000000,1.0,0.1864686468646864,0.0168603587115666,0.0530746705710102,1,False,0
0,ep_1563b2ca313c71a7361b,121,10,0.0895214521452145,0.0162655563689604,300000000,1.0,0.1499587458745874,0.0165629575402635,0.0530746705710102,1,False,0
0,ep_1563b2ca313c71a7361b,122,10,0.0849834983498349,0.0157393850658858,300000000,1.0,0.1483085808580858,0.0158766471449487,0.0530746705710102,1,False,0
0,ep_1563b2ca313c71a7361b,123,10,0.1216996699669967,0.0171577598828696,300000000,1.0,0.1534653465346534,0.0183473645680819,0.0530746705710102,1,False,0
0,ep_1563b2ca313c71a7361b,124,10,0.1311881188118812,0.0176610541727672,300000000,1.0,0.1584158415841584,0.018210102489019,0.0530746705710102,1,False,0
0,ep_1563b2ca313c71a7361b,125,10,0.1051980198019802,0.0171348828696925,300000000,1.0,0.1598597359735973,0.017500915080527,0.0530746705710102,1,False,0
0,ep_1563b2ca313c71a7361b,126,10,0.1068481848184818,0.0179813323572474,300000000,1.0,0.1478960396039604,0.0192624450951683,0.0530746705710102,1,False,0
0,ep_1563b2ca313c71a7361b,127,10,0.0984942244224422,0.0183931185944363,300000000,1.0,0.1604785478547855,0.0193081991215226,0.0530746705710102,1,False,0
0,ep_1563b2ca313c71a7361b,128,10,0.1202557755775577,0.017203513909224,300000000,1.0,0.1703795379537953,0.0182329795021961,0.0530746705710102,1,False,0
0,ep_1563b2ca313c71a7361b,129,10,0.1266501650165016,0.0175466691068814,300000000,1.0,0.1571782178217821,0.0177296852122986,0.0530746705710102,1,False,0
0,ep_1563b2ca313c71a7361b,130,10,0.1293316831683168,0.0170433748169838,300000000,1.0,0.1547029702970297,0.020360541727672,0.0530746705710102,1,False,0
0,ep_1563b2ca313c71a7361b,131,10,0.1159240924092409,0.0206579428989751,300000000,1.0,0.1429455445544554,0.0209553440702781,0.0530746705710102,1,False,0
0,ep_1563b2ca313c71a7361b,132,11,0.1276815181518152,0.019925878477306,300000000,1.0,0.1567656765676567,0.0205893118594436,0.0530746705710102,1,False,0
0,ep_1563b2ca313c71a7361b,133,11,0.1280940594059406,0.0190336749633967,300000000,1.0,0.1569719471947194,0.0190794289897511,0.0530746705710102,1,False,0
0,ep_1563b2ca313c71a7361b,134,11,0.1293316831683168,0.018210102489019,300000000,1.0,0.1728547854785478,0.0192395680819912,0.0530746705710102,1,False,0
0,ep_1563b2ca313c71a7361b,135,11,0.1303630363036303,0.0176839311859443,300000000,1.0,0.1476897689768977,0.0183244875549048,0.0530746705710102,1,False,0
0,ep_1563b2ca313c71a7361b,136,11,0.1365511551155115,0.0172950219619326,300000000,1.0,0.1716171617161716,0.0179584553440702,0.0530746705710102,1,False,0
0,ep_1563b2ca313c71a7361b,137,11,0.1357260726072607,0.0178211932650073,300000000,1.0,0.163572607260726,0.0184159956076134,0.0530746705710102,1,False,0
0,ep_1563b2ca313c71a7361b,138,11,0.1231435643564356,0.0168374816983894,300000000,1.0,0.1555280528052805,0.017066251830161,0.0530746705710102,1,False,0
0,ep_1563b2ca313c71a7361b,139,11,0.1268564356435643,0.0165400805270863,300000000,1.0,0.1654290429042904,0.0172263909224011,0.0530746705710102,1,False,0
0,ep_1563b2ca313c71a7361b,140,11,0.1210808580858085,0.0172721449487554,300000000,1.0,0.1538778877887788,0.0174780380673499,0.0530746705710102,1,False,0
0,ep_1563b2ca313c71a7361b,141,11,0.1307755775577557,0.017203513909224,300000000,1.0,0.1561468646864686,0.017500915080527,0.0530746705710102,1,False,0
0,ep_1563b2ca313c71a7361b,142,11,0.1287128712871287,0.0175924231332357,300000000,1.0,0.1604785478547855,0.0183016105417276,0.0530746705710102,1,False,0
0,ep_1563b2ca313c71a7361b,143,11,0.1328382838283828,0.0179584553440702,300000000,1.0,0.1660478547854785,0.0182558565153733,0.0530746705710102,1,False,0
0,ep_1563b2ca313c71a7361b,144,12,0.130569306930693,0.0179584553440702,300000000,1.0,0.1734735973597359,0.0181643484626647,0.0530746705710102,1,False,0
0,ep_1563b2ca313c71a7361b,145,12,0.1386138613861386,0.0172721449487554,300000000,1.0,0.1705858085808581,0.0178898243045388,0.0530746705710102,1,False,0
0,ep_1563b2ca313c71a7361b,146,12,0.135519801980198,0.0169061127379209,300000000,1.0,0.1674917491749175,0.0173178989751098,0.0530746705710102,1,False,0
0,ep_1563b2ca313c71a7361b,147,12,0.1344884488448844,0.0171120058565153,300000000,1.0,0.1623349834983498,0.0175924231332357,0.0530746705710102,1,False,0
0,ep_1563b2ca313c71a7361b,148,12,0.1353135313531353,0.0174551610541727,300000000,1.0,0.165016501650165,0.0177068081991215,0.0530746705710102,1,False,0
0,ep_1563b2ca313c71a7361b,149,12,0.132013201320132,0.0171348828696925,300000000,1.0,0.1497524752475247,0.0172721449487554,0.0530746705710102,1,False,0
0,ep_1563b2ca313c71a7361b,150,12,0.1311881188118812,0.0170204978038067,300000000,1.0,0.1522277227722772,0.0172950219619326,0.0530746705710102,1,False,0
0,ep_1563b2ca313c71a7361b,151,12,0.1299504950495049,0.0171577598828696,300000000,1.0,0.1445957095709571,0.0174322840409956,0.0530746705710102,1,False,0
0,ep_1563b2ca313c71a7361b,152,12,0.1278877887788778,0.0166087115666178,300000000,1.0,0.1631600660066006,0.0169747437774524,0.0530746705710102,1,False,0
0,ep_1563b2ca313c71a7361b,153,12,0.1243811881188118,0.0168146046852122,300000000,1.0,0.1448019801980198,0.0172950219619326,0.0530746705710102,1,False,0
0,ep_1563b2ca313c71a7361b,154,12,0.1225247524752475,0.0168146046852122,300000000,1.0,0.1619224422442244,0.0172721449487554,0.0530746705710102,1,False,0
0,ep_1563b2ca313c71a7361b,155,12,0.1175742574257425,0.0174322840409956,300000000,1.0,0.163572607260726,0.0186676427525622,0.0530746705710102,1,False,0
0,ep_1563b2ca313c71a7361b,156,13,0.1017945544554455,0.0184159956076134,300000000,1.0,0.1604785478547855,0.018782027818448,0.0530746705710102,1,False,0
0,ep_1563b2ca313c71a7361b,157,13,0.1109735973597359,0.0175466691068814,300000000,1.0,0.1726485148514851,0.018072840409956,0.0530746705710102,1,False,0
0,ep_1563b2ca313c71a7361b,158,13,0.1093234323432343,0.0168603587115666,300000000,1.0,0.1499587458745874,0.0169747437774524,0.0530746705710102,1,False,0
0,ep_1563b2ca313c71a7361b,159,13,0.095812706270627,0.0167459736456808,300000000,1.0,0.1676980198019802,0.0170433748169838,0.0530746705710102,1,False,0
0,ep_1563b2ca313c71a7361b,160,13,0.1142739273927392,0.0161740483162518,300000000,1.0,0.1532590759075907,0.0167459736456808,0.0530746705710102,1,False,0
0,ep_1563b2ca313c71a7361b,161,13,0.096765366399127,0.0158976681851223,285399063,0.95133021,0.1823432343234323,0.0166773426061493,0.0530746705710102,3,False,0
0,ep_2009a5703b1ce7e73d90,0,0,0.1237623762376237,0.1021229868228404,300000000,1.0,0.1833745874587458,0.1034040995607613,0.1248169838945827,1,False,0
0,ep_2009a5703b1ce7e73d90,1,0,0.1194306930693069,0.1024890190336749,300000000,1.0,0.1854372937293729,0.103221083455344,0.1248169838945827,1,False,0
0,ep_2009a5703b1ce7e73d90,2,0,0.1188118811881188,0.1023060029282576,300000000,1.0,0.1656353135313531,0.1034040995607613,0.1248169838945827,1,False,0
0,ep_2009a5703b1ce7e73d90,3,0,0.1126237623762376,0.1017569546120058,300000000,1.0,0.1489273927392739,0.1023060029282576,0.1248169838945827,1,False,0
0,ep_2009a5703b1ce7e73d90,4,0,0.1254125412541254,0.1026720351390922,300000000,1.0,0.1773927392739274,0.1034040995607613,0.1248169838945827,1,False,0
0,ep_2009a5703b1ce7e73d90,5,0,0.1101485148514851,0.1023060029282576,300000000,1.0,0.1573844884488449,0.1035871156661786,0.1248169838945827,1,False,0
0,ep_2009a5703b1ce7e73d90,6,0,0.1283003300330033,0.1028550512445095,300000000,1.0,0.1936881188118812,0.1039531478770131,0.1248169838945827,1,False,0
0,ep_2009a5703b1ce7e73d90,7,0,0.1256188118811881,0.1026720351390922,300000000,1.0,0.1875,0.1039531478770131,0.1248169838945827,1,False,0
0,ep_2009a5703b1ce7e73d90,8,0,0.1163366336633663,0.1021229868228404,300000000,1.0,0.1806930693069307,0.1037701317715959,0.1248169838945827,1,False,0
0,ep_2009a5703b1ce7e73d90,9,0,0.1066419141914191,0.1015739385065885,300000000,1.0,0.1536716171617161,0.1021229868228404,0.1248169838945827,1,False,0
0,ep_2009a5703b1ce7e73d90,10,0,0.0988036303630363,0.1021229868228404,300000000,1.0,0.1458333333333333,0.1034040995607613,0.1248169838945827,1,False,0
0,ep_2009a5703b1ce7e73d90,11,0,0.0823019801980198,0.1019399707174231,300000000,1.0,0.1336633663366336,0.1028550512445095,0.1248169838945827,1,False,0
0,ep_2009a5703b1ce7e73d90,12,1,0.0914810231023102,0.1017569546120058,300000000,1.0,0.1767739273927392,0.1037701317715959,0.1248169838945827,1,False,0
0,ep_2009a5703b1ce7e73d90,13,1,0.109529702970297,0.1021229868228404,300000000,1.0,0.1714108910891089,0.1039531478770131,0.1248169838945827,1,False,0
0,ep_2009a5703b1ce7e73d90,14,1,0.0894183168316831,0.1017569546120058,300000000,1.0,0.1344884488448844,0.1028550512445095,0.1248169838945827,1,False,0
0,ep_2009a5703b1ce7e73d90,15,1,0.0847772277227722,0.1019399707174231,300000000,1.0,0.1175742574257425,0.1030380673499267,0.1248169838945827,1,False,0
0,ep_2009a5703b1ce7e73d90,16,1,0.0929249174917491,0.1019399707174231,300000000,1.0,0.1555280528052805,0.1028550512445095,0.1248169838945827,1,False,0
0,ep_2009a5703b1ce7e73d90,17,1,0.0997318481848184,0.1026720351390922,300000000,1.0,0.1400577557755775,0.1035871156661786,0.1248169838945827,1,False,0
0,ep_2009a5703b1ce7e73d90,18,1,0.1068481848184818,0.1021229868228404,300000000,1.0,0.1666666666666666,0.1034040995607613,0.1248169838945827,1,False,0
0,ep_2009a5703b1ce7e73d90,19,1,0.0928217821782178,0.1030380673499267,300000000,1.0,0.132013201320132,0.1039531478770131,0.1248169838945827,1,False,0
0,ep_2009a5703b1ce7e73d90,20,1,0.1175742574257425,0.1021229868228404,300000000,1.0,0.1778052805280528,0.1028550512445095,0.1248169838945827,1,False,0
0,ep_2009a5703b1ce7e73d90,21,1,0.1093234323432343,0.1023060029282576,300000000,1.0,0.1728547854785478,0.1035871156661786,0.1248169838945827,1,False,0
0,ep_2009a5703b1ce7e73d90,22,1,0.1501650165016501,0.1026720351390922,300000000,1.0,0.1963696369636963,0.103221083455344,0.1248169838945827,1,False,0
0,ep_2009a5703b1ce7e73d90,23,1,0.08003300330033,0.1013909224011713,300000000,1.0,0.123556105610561,0.1017569546120058,0.1248169838945827,1,False,0
0,ep_2009a5703b1ce7e73d90,24,2,0.1111798679867986,0.1019399707174231,300000000,1.0,0.1734735973597359,0.1026720351390922,0.1248169838945827,1,False,0
0,ep_2009a5703b1ce7e73d90,25,2,0.0984942244224422,0.1019399707174231,300000000,1.0,0.1716171617161716,0.103221083455344,0.1248169838945827,1,False,0
0,ep_2009a5703b1ce7e73d90,26,2,0.1022070957095709,0.1017569546120058,300000000,1.0,0.1633663366336633,0.103221083455344,0.1248169838945827,1,False,0
0,ep_2009a5703b1ce7e73d90,27,2,0.0980816831683168,0.1019399707174231,300000000,1.0,0.14253300330033,0.1024890190336749,0.1248169838945827,1,False,0
0,ep_2009a5703b1ce7e73d90,28,2,0.1122112211221122,0.1023060029282576,300000000,1.0,0.1596534653465346,0.1035871156661786,0.1248169838945827,1,False,0
0,ep_2009a5703b1ce7e73d90,29,2,0.1009694719471947,0.1015739385065885,300000000,1.0,0.1452145214521452,0.1028550512445095,0.1248169838945827,1,False,0
0,ep_2009a5703b1ce7e73d90,30,2,0.099009900990099,0.1021229868228404,300000000,1.0,0.1683168316831683,0.1037701317715959,0.1248169838945827,1,False,0
0,ep_2009a5703b1ce7e73d90,31,2,0.0981848184818481,0.1026720351390922,300000000,1.0,0.1681105610561056,0.1037701317715959,0.1248169838945827,1,False,0
0,ep_2009a5703b1ce7e73d90,32,2,0.1155115511551155,0.1023060029282576,300000000,1.0,0.1670792079207921,0.1037701317715959,0.1248169838945827,1,False,0
0,ep_2009a5703b1ce7e73d90,33,2,0.121493399339934,0.1023060029282576,300000000,1.0,0.16006600660066,0.1037701317715959,0.1248169838945827,1,False,0
0,ep_2009a5703b1ce7e73d90,34,2,0.1070544554455445,0.1026720351390922,300000000,1.0,0.1538778877887788,0.1037701317715959,0.1248169838945827,1,False,0
0,ep_2009a5703b1ce7e73d90,35,2,0.1076732673267326,0.1021229868228404,300000000,1.0,0.1606848184818481,0.1039531478770131,0.1248169838945827,1,False,0
0,ep_2009a5703b1ce7e73d90,36,3,0.1091171617161716,0.1021229868228404,300000000,1.0,0.1664603960396039,0.1037701317715959,0.1248169838945827,1,False,0
0,ep_2009a5703b1ce7e73d90,37,3,0.099319306930693,0.1024890190336749,300000000,1.0,0.1415016501650165,0.1037701317715959,0.1248169838945827,1,False,0
0,ep_2009a5703b1ce7e73d90,38,3,0.0949876237623762,0.1019399707174231,300000000,1.0,0.1357260726072607,0.1035871156661786,0.1248169838945827,1,False,0
0,ep_2009a5703b1ce7e73d90,39,3,0.0974628712871287,0.1017569546120058,300000000,1.0,0.1778052805280528,0.1024890190336749,0.1248169838945827,1,False,0
0,ep_2009a5703b1ce7e73d90,40,3,0.0974628712871287,0.1026720351390922,300000000,1.0,0.1633663366336633,0.1037701317715959,0.1248169838945827,1,False,0
0,ep_2009a5703b1ce7e73d90,41,3,0.0934405940594059,0.1026720351390922,300000000,1.0,0.1404702970297029,0.1037701317715959,0.1248169838945827,1,False,0
0,ep_2009a5703b1ce7e73d90,42,3,0.0930280528052805,0.1021229868228404,300000000,1.0,0.1470709570957095,0.1037701317715959,0.1248169838945827,1,False,0
0,ep_2009a5703b1ce7e73d90,43,3,0.1070544554455445,0.1028550512445095,300000000,1.0,0.1505775577557755,0.1039531478770131,0.1248169838945827,1,False,0
0,ep_2009a5703b1ce7e73d90,44,3,0.0942656765676567,0.1019399707174231,300000000,1.0,0.1316006600660066,0.1026720351390922,0.1248169838945827,1,False,0
0,ep_2009a5703b1ce7e73d90,45,3,0.113036303630363,0.1023060029282576,300000000,1.0,0.1736798679867986,0.1035871156661786,0.1248169838945827,1,False,0
0,ep_2009a5703b1ce7e73d90,46,3,0.1272689768976897,0.1028550512445095,300000000,1.0,0.1716171617161716,0.1039531478770131,0.1248169838945827,1,False,0
0,ep_2009a5703b1ce7e73d90,47,3,0.1206683168316831,0.1021229868228404,300000000,1.0,0.2106023102310231,0.1024890190336749,0.1248169838945827,1,False,0
0,ep_2009a5703b1ce7e73d90,48,4,0.1223184818481848,0.1013909224011713,300000000,1.0,0.1990511551155115,0.1037701317715959,0.1248169838945827,1,False,0
0,ep_2009a5703b1ce7e73d90,49,4,0.0910684818481848,0.1024890190336749,300000000,1.0,0.1361386138613861,0.1037701317715959,0.1248169838945827,1,False,0
0,ep_2009a5703b1ce7e73d90,50,4,0.0961221122112211,0.1006588579795021,300000000,1.0,0.146039603960396,0.1039531478770131,0.1248169838945827,1,False,0
0,ep_2009a5703b1ce7e73d90,51,4,0.1003506600660066,0.1024890190336749,300000000,1.0,0.1491336633663366,0.1035871156661786,0.1248169838945827,1,False,0
0,ep_2009a5703b1ce7e73d90,52,4,0.1161303630363036,0.1028550512445095,300000000,1.0,0.1705858085808581,0.1039531478770131,0.1248169838945827,1,False,0
0,ep_2009a5703b1ce7e73d90,53,4,0.1252062706270627,0.1026720351390922,300000000,1.0,0.1734735973597359,0.1039531478770131,0.1248169838945827,1,False,0
0,ep_2009a5703b1ce7e73d90,54,4,0.1324257425742574,0.101207906295754,300000000,1.0,0.2075082508250825,0.1039531478770131,0.1248169838945827,1,False,0
0,ep_2009a5703b1ce7e73d90,55,4,0.1016914191419142,0.1001098096632503,300000000,1.0,0.1639851485148515,0.1028550512445095,0.1248169838945827,1,False,0
0,ep_2009a5703b1ce7e73d90,56,4,0.0948844884488448,0.1015739385065885,300000000,1.0,0.1346947194719472,0.1024890190336749,0.1248169838945827,1,False,0
0,ep_2009a5703b1ce7e73d90,57,4,0.1001443894389439,0.1021229868228404,300000000,1.0,0.1478960396039604,0.1034040995607613,0.1248169838945827,1,False,0
0,ep_2009a5703b1ce7e73d90,58,4,0.1044760726072607,0.1028550512445095,300000000,1.0,0.1514026402640264,0.1039531478770131,0.1248169838945827,1,False,0
0,ep_2009a5703b1ce7e73d90,59,4,0.1012788778877887,0.1024890190336749,300000000,1.0,0.1623349834983498,0.1039531478770131,0.1248169838945827,1,False,0
0,ep_2009a5703b1ce7e73d90,60,5,0.109529702970297,0.1030380673499267,300000000,1.0,0.1658415841584158,0.1037701317715959,0.1248169838945827,1,False,0
0,ep_2009a5703b1ce7e73d90,61,5,0.095503300330033,0.1026720351390922,300000000,1.0,0.1384075907590759,0.1037701317715959,0.1248169838945827,1,False,0
0,ep_2009a5703b1ce7e73d90,62,5,0.0974628712871287,0.1026720351390922,300000000,1.0,0.14253300330033,0.1037701317715959,0.1248169838945827,1,False,0
0,ep_2009a5703b1ce7e73d90,63,5,0.1041666666666666,0.1024890190336749,300000000,1.0,0.1516089108910891,0.1037701317715959,0.1248169838945827,1,False,0
0,ep_2009a5703b1ce7e73d90,64,5,0.1274752475247524,0.1028550512445095,300000000,1.0,0.1831683168316831,0.1039531478770131,0.1248169838945827,1,False,0
0,ep_2009a5703b1ce7e73d90,65,5,0.1087046204620462,0.1021229868228404,300000000,1.0,0.1569719471947194,0.1028550512445095,0.1248169838945827,1,False,0
0,ep_2009a5703b1ce7e73d90,66,5,0.1252062706270627,0.1024890190336749,300000000,1.0,0.2089521452145214,0.1037701317715959,0.1248169838945827,1,False,0
0,ep_2009a5703b1ce7e73d90,67,5,0.1202557755775577,0.1015739385065885,300000000,1.0,0.1961633663366336,0.1039531478770131,0.1248169838945827,1,False,0
0,ep_2009a5703b1ce7e73d90,68,5,0.0991130363036303,0.1019399707174231,300000000,1.0,0.1415016501650165,0.103221083455344,0.1248169838945827,1,False,0
0,ep_2009a5703b1ce7e73d90,69,5,0.1245874587458745,0.1026720351390922,300000000,1.0,0.1654290429042904,0.1035871156661786,0.1248169838945827,1,False,0
0,ep_2009a5703b1ce7e73d90,70,5,0.1183993399339934,0.1026720351390922,300000000,1.0,0.1610973597359736,0.1035871156661786,0.1248169838945827,1,False,0
0,ep_2009a5703b1ce7e73d90,71,5,0.1146864686468646,0.1021229868228404,300000000,1.0,0.2027640264026402,0.1028550512445095,0.1248169838945827,1,False,0
0,ep_2009a5703b1ce7e73d90,72,6,0.1120049504950495,0.1019399707174231,300000000,1.0,0.180486798679868,0.1028550512445095,0.1248169838945827,1,False,0
0,ep_2009a5703b1ce7e73d90,73,6,0.1239686468646864,0.103221083455344,300000000,1.0,0.1753300330033003,0.1039531478770131,0.1248169838945827,1,False,0
0,ep_2009a5703b1ce7e73d90,74,6,0.1183993399339934,0.1021229868228404,300000000,1.0,0.2040016501650165,0.1030380673499267,0.1248169838945827,1,False,0
0,ep_2009a5703b1ce7e73d90,75,6,0.1283003300330033,0.1030380673499267,300000000,1.0,0.1844059405940594,0.1037701317715959,0.1248169838945827,1,False,0
0,ep_2009a5703b1ce7e73d90,76,6,0.104579207920792,0.1023060029282576,300000000,1.0,0.1707920792079208,0.1028550512445095,0.1248169838945827,1,False,0
0,ep_2009a5703b1ce7e73d90,77,6,0.1062293729372937,0.1024890190336749,300000000,1.0,0.1687293729372937,0.1037701317715959,0.1248169838945827,1,False,0
0,ep_2009a5703b1ce7e73d90,78,6,0.0970503300330033,0.1019399707174231,300000000,1.0,0.1516089108910891,0.1024890190336749,0.1248169838945827,1,False,0
0,ep_2009a5703b1ce7e73d90,79,6,0.125,0.1028550512445095,300000000,1.0,0.2101897689768977,0.1035871156661786,0.1248169838945827,1,False,0
0,ep_2009a5703b1ce7e73d90,80,6,0.0915841584158415,0.0990117130307467,300000000,1.0,0.1412953795379538,0.1023060029282576,0.1248169838945827,1,False,0
0,ep_2009a5703b1ce7e73d90,81,6,0.1233498349834983,0.1024890190336749,300000000,1.0,0.2194719471947194,0.1034040995607613,0.1248169838945827,1,False,0
0,ep_2009a5703b1ce7e73d90,82,6,0.1309818481848184,0.1024890190336749,300000000,1.0,0.2056518151815181,0.1034040995607613,0.1248169838945827,1,False,0
0,ep_2009a5703b1ce7e73d90,83,6,0.1210808580858085,0.1024890190336749,300000000,1.0,0.1778052805280528,0.1034040995607613,0.1248169838945827,1,False,0
0,ep_2009a5703b1ce7e73d90,84,7,0.1237623762376237,0.1028550512445095,300000000,1.0,0.2093646864686468,0.1037701317715959,0.1248169838945827,1,False,0
0,ep_2009a5703b1ce7e73d90,85,7,0.1208745874587458,0.1028550512445095,300000000,1.0,0.1941006600660066,0.1037701317715959,0.1248169838945827,1,False,0
0,ep_2009a5703b1ce7e73d90,86,7,0.1155115511551155,0.1024890190336749,300000000,1.0,0.1761551155115511,0.1037701317715959,0.1248169838945827,1,False,0
0,ep_2009a5703b1ce7e73d90,87,7,0.128506600660066,0.103221083455344,300000000,1.0,0.2231848184818481,0.1039531478770131,0.1248169838945827,1,False,0
0,ep_2009a5703b1ce7e73d90,88,7,0.1212871287128712,0.1023060029282576,300000000,1.0,0.2066831683168316,0.1034040995607613,0.1248169838945827,1,False,0
0,ep_2009a5703b1ce7e73d90,89,7,0.1241749174917491,0.1026720351390922,300000000,1.0,0.1819306930693069,0.1037701317715959,0.1248169838945827,1,False,0
0,ep_2009a5703b1ce7e73d90,90,7,0.1155115511551155,0.1028550512445095,300000000,1.0,0.1707920792079208,0.1037701317715959,0.1248169838945827,1,False,0
0,ep_2009a5703b1ce7e73d90,91,7,0.1105610561056105,0.1024890190336749,300000000,1.0,0.1761551155115511,0.1039531478770131,0.1248169838945827,1,False,0
0,ep_2009a5703b1ce7e73d90,92,7,0.1046823432343234,0.1026720351390922,300000000,1.0,0.1503712871287128,0.1037701317715959,0.1248169838945827,1,False,0
0,ep_2009a5703b1ce7e73d90,93,7,0.1155115511551155,0.1026720351390922,300000000,1.0,0.1934818481848184,0.1039531478770131,0.1248169838945827,1,False,0
0,ep_2009a5703b1ce7e73d90,94,7,0.1206683168316831,0.1028550512445095,300000000,1.0,0.1664603960396039,0.1037701317715959,0.1248169838945827,1,False,0
0,ep_2009a5703b1ce7e73d90,95,7,0.127062706270627,0.1024890190336749,300000000,1.0,0.203589108910891,0.1037701317715959,0.1248169838945827,1,False,0
0,ep_2009a5703b1ce7e73d90,96,8,0.1212871287128712,0.1030380673499267,300000000,1.0,0.2124587458745874,0.1037701317715959,0.1248169838945827,1,False,0
0,ep_2009a5703b1ce7e73d90,97,8,0.1402640264026402,0.1028550512445095,300000000,1.0,0.226072607260726,0.1039531478770131,0.1248169838945827,1,False,0
0,ep_2009a5703b1ce7e73d90,98,8,0.121493399339934,0.1023060029282576,300000000,1.0,0.1912128712871287,0.1037701317715959,0.1248169838945827,1,False,0
0,ep_2009a5703b1ce7e73d90,99,8,0.1311881188118812,0.1030380673499267,300000000,1.0,0.1974009900990099,0.1039531478770131,0.1248169838945827,1,False,0
0,ep_2009a5703b1ce7e73d90,100,8,0.1252062706270627,0.1024890190336749,300000000,1.0,0.1924504950495049,0.1039531478770131,0.1248169838945827,1,False,0
0,ep_2009a5703b1ce7e73d90,101,8,0.113036303630363,0.1026720351390922,300000000,1.0,0.1870874587458746,0.1035871156661786,0.1248169838945827,1,False,0
0,ep_2009a5703b1ce7e73d90,102,8,0.1074669966996699,0.1028550512445095,300000000,1.0,0.1955445544554455,0.1037701317715959,0.1248169838945827,1,False,0
0,ep_2009a5703b1ce7e73d90,103,8,0.1239686468646864,0.1030380673499267,300000000,1.0,0.1897689768976897,0.1037701317715959,0.1248169838945827,1,False,0
0,ep_2009a5703b1ce7e73d90,104,8,0.1048886138613861,0.1026720351390922,300000000,1.0,0.2106023102310231,0.1039531478770131,0.1248169838945827,1,False,0
0,ep_2009a5703b1ce7e73d90,105,8,0.0942656765676567,0.1024890190336749,300000000,1.0,0.1450082508250825,0.1037701317715959,0.1248169838945827,1,False,0
0,ep_2009a5703b1ce7e73d90,106,8,0.1032384488448844,0.103221083455344,300000000,1.0,0.186056105610561,0.1037701317715959,0.1248169838945827,1,False,0
0,ep_2009a5703b1ce7e73d90,107,8,0.127062706270627,0.1026720351390922,300000000,1.0,0.1778052805280528,0.1035871156661786,0.1248169838945827,1,False,0
0,ep_2009a5703b1ce7e73d90,108,9,0.1126237623762376,0.1028550512445095,300000000,1.0,0.1811056105610561,0.1037701317715959,0.1248169838945827,1,False,0
0,ep_2009a5703b1ce7e73d90,109,9,0.1161303630363036,0.1030380673499267,300000000,1.0,0.1683168316831683,0.1039531478770131,0.1248169838945827,1,False,0
0,ep_2009a5703b1ce7e73d90,110,9,0.1062293729372937,0.1028550512445095,300000000,1.0,0.1604785478547855,0.1037701317715959,0.1248169838945827,1,False,0
0,ep_2009a5703b1ce7e73d90,111,9,0.1058168316831683,0.1026720351390922,300000000,1.0,0.1899752475247524,0.1037701317715959,0.1248169838945827,1,False,0
0,ep_2009a5703b1ce7e73d90,112,9,0.1175742574257425,0.1026720351390922,300000000,1.0,0.1778052805280528,0.1039531478770131,0.1248169838945827,1,False,0
0,ep_2009a5703b1ce7e73d90,113,9,0.1040635313531353,0.1021229868228404,300000000,1.0,0.1499587458745874,0.1026720351390922,0.1248169838945827,1,False,0
0,ep_2009a5703b1ce7e73d90,114,9,0.1027227722772277,0.1024890190336749,300000000,1.0,0.1608910891089109,0.1037701317715959,0.1248169838945827,1,False,0
0,ep_2009a5703b1ce7e73d90,115,9,0.0979785478547854,0.103221083455344,300000000,1.0,0.1419141914191419,0.1037701317715959,0.1248169838945827,1,False,0
0,ep_2009a5703b1ce7e73d90,116,9,0.1017945544554455,0.1028550512445095,300000000,1.0,0.1452145214521452,0.1039531478770131,0.1248169838945827,1,False,0
0,ep_2009a5703b1ce7e73d90,117,9,0.0968440594059406,0.1024890190336749,300000000,1.0,0.1547029702970297,0.1037701317715959,0.1248169838945827,1,False,0
0,ep_2009a5703b1ce7e73d90,118,9,0.0988036303630363,0.1030380673499267,300000000,1.0,0.1608910891089109,0.1039531478770131,0.1248169838945827,1,False,0
0,ep_2009a5703b1ce7e73d90,119,9,0.0988036303630363,0.1026720351390922,300000000,1.0,0.1561468646864686,0.1037701317715959,0.1248169838945827,1,False,0
0,ep_2009a5703b1ce7e73d90,120,10,0.1134488448844884,0.1024890190336749,300000000,1.0,0.2002887788778878,0.1037701317715959,0.1248169838945827,1,False,0
0,ep_2009a5703b1ce7e73d90,121,10,0.0952970297029703,0.1028550512445095,300000000,1.0,0.1571782178217821,0.1037701317715959,0.1248169838945827,1,False,0
0,ep_2009a5703b1ce7e73d90,122,10,0.0991130363036303,0.103221083455344,300000000,1.0,0.1507838283828383,0.1037701317715959,0.1248169838945827,1,False,0
0,ep_2009a5703b1ce7e73d90,123,10,0.0999381188118812,0.1024890190336749,300000000,1.0,0.1613036303630363,0.1037701317715959,0.1248169838945827,1,False,0
0,ep_2009a5703b1ce7e73d90,124,10,0.099319306930693,0.1028550512445095,300000000,1.0,0.1489273927392739,0.1039531478770131,0.1248169838945827,1,False,0
0,ep_2009a5703b1ce7e73d90,125,10,0.0922029702970297,0.1030380673499267,300000000,1.0,0.1456270627062706,0.1037701317715959,0.1248169838945827,1,False,0
0,ep_2009a5703b1ce7e73d90,126,10,0.0994224422442244,0.1023060029282576,300000000,1.0,0.1672854785478547,0.1034040995607613,0.1248169838945827,1,False,0
0,ep_2009a5703b1ce7e73d90,127,10,0.0971534653465346,0.1024890190336749,300000000,1.0,0.1586221122112211,0.1035871156661786,0.1248169838945827,1,False,0
0,ep_2009a5703b1ce7e73d90,128,10,0.1013820132013201,0.1023060029282576,300000000,1.0,0.1668729372937293,0.1034040995607613,0.1248169838945827,1,False,0
0,ep_2009a5703b1ce7e73d90,129,10,0.0854991749174917,0.1024890190336749,300000000,1.0,0.1311881188118812,0.1034040995607613,0.1248169838945827,1,False,0
0,ep_2009a5703b1ce7e73d90,130,10,0.1054042904290429,0.103221083455344,300000000,1.0,0.158003300330033,0.1037701317715959,0.1248169838945827,1,False,0
0,ep_2009a5703b1ce7e73d90,131,10,0.1026196369636963,0.1028550512445095,300000000,1.0,0.1536716171617161,0.1037701317715959,0.1248169838945827,1,False,0
0,ep_2009a5703b1ce7e73d90,132,11,0.0995255775577557,0.1021229868228404,300000000,1.0,0.1417079207920792,0.1035871156661786,0.1248169838945827,1,False,0
0,ep_2009a5703b1ce7e73d90,133,11,0.1074669966996699,0.1026720351390922,300000000,1.0,0.1724422442244224,0.1035871156661786,0.1248169838945827,1,False,0
0,ep_2009a5703b1ce7e73d90,134,11,0.1038572607260726,0.1024890190336749,300000000,1.0,0.1674917491749175,0.1035871156661786,0.1248169838945827,1,False,0
0,ep_2009a5703b1ce7e73d90,135,11,0.0900371287128712,0.1023060029282576,300000000,1.0,0.1301567656765676,0.1034040995607613,0.1248169838945827,1,False,0
0,ep_2009a5703b1ce7e73d90,136,11,0.1016914191419142,0.103221083455344,300000000,1.0,0.1627475247524752,0.1037701317715959,0.1248169838945827,1,False,0
0,ep_2009a5703b1ce7e73d90,137,11,0.0952970297029703,0.1028550512445095,300000000,1.0,0.1549092409240924,0.1035871156661786,0.1248169838945827,1,False,0
0,ep_2009a5703b1ce7e73d90,138,11,0.0757013201320132,0.1023060029282576,300000000,1.0,0.1334570957095709,0.1035871156661786,0.1248169838945827,1,False,0
0,ep_2009a5703b1ce7e73d90,139,11,0.0944719471947194,0.1026720351390922,300000000,1.0,0.141089108910891,0.1035871156661786,0.1248169838945827,1,False,0
0,ep_2009a5703b1ce7e73d90,140,11,0.1099422442244224,0.1026720351390922,300000000,1.0,0.1870874587458746,0.1037701317715959,0.1248169838945827,1,False,0
0,ep_2009a5703b1ce7e73d90,141,11,0.0970503300330033,0.1024890190336749,300000000,1.0,0.1590346534653465,0.1035871156661786,0.1248169838945827,1,False,0
0,ep_2009a5703b1ce7e73d90,142,11,0.1138613861386138,0.1026720351390922,300000000,1.0,0.1798679867986798,0.1039531478770131,0.1248169838945827,1,False,0
0,ep_2009a5703b1ce7e73d90,143,11,0.1005569306930693,0.1026720351390922,300000000,1.0,0.1775990099009901,0.1035871156661786,0.1248169838945827,1,False,0
0,ep_2009a5703b1ce7e73d90,144,12,0.1062293729372937,0.1023060029282576,300000000,1.0,0.2462871287128712,0.1035871156661786,0.1248169838945827,1,False,0
0,ep_2009a5703b1ce7e73d90,145,12,0.0967409240924092,0.1024890190336749,300000000,1.0,0.1404702970297029,0.1035871156661786,0.1248169838945827,1,False,0
0,ep_2009a5703b1ce7e73d90,146,12,0.0895214521452145,0.1026720351390922,300000000,1.0,0.1664603960396039,0.1035871156661786,0.1248169838945827,1,False,0
0,ep_2009a5703b1ce7e73d90,147,12,0.0962252475247524,0.1024890190336749,300000000,1.0,0.1544966996699669,0.1037701317715959,0.1248169838945827,1,False,0
0,ep_2009a5703b1ce7e73d90,148,12,0.0847772277227722,0.1024890190336749,300000000,1.0,0.1503712871287128,0.1037701317715959,0.1248169838945827,1,False,0
0,ep_2009a5703b1ce7e73d90,149,12,0.0691006600660066,0.1028550512445095,300000000,1.0,0.1297442244224422,0.1035871156661786,0.1248169838945827,1,False,0
0,ep_2009a5703b1ce7e73d90,150,12,0.0954001650165016,0.1024890190336749,300000000,1.0,0.16006600660066,0.1037701317715959,0.1248169838945827,1,False,0
0,ep_2009a5703b1ce7e73d90,151,12,0.1105610561056105,0.1026720351390922,300000000,1.0,0.1918316831683168,0.1035871156661786,0.1248169838945827,1,False,0
0,ep_2009a5703b1ce7e73d90,152,12,0.1262376237623762,0.1034040995607613,300000000,1.0,0.2087458745874587,0.1039531478770131,0.1248169838945827,1,False,0
0,ep_2009a5703b1ce7e73d90,153,12,0.1039603960396039,0.1028550512445095,300000000,1.0,0.1608910891089109,0.1039531478770131,0.1248169838945827,1,False,0
0,ep_2009a5703b1ce7e73d90,154,12,0.1128300330033003,0.1030380673499267,300000000,1.0,0.2198844884488449,0.1037701317715959,0.1248169838945827,1,False,0
0,ep_2009a5703b1ce7e73d90,155,12,0.1084983498349834,0.1028550512445095,300000000,1.0,0.2244224422442244,0.1039531478770131,0.1248169838945827,1,False,0
0,ep_2009a5703b1ce7e73d90,156,13,0.0896245874587458,0.1021229868228404,300000000,1.0,0.1280940594059406,0.1028550512445095,0.1248169838945827,1,False,0
0,ep_2009a5703b1ce7e73d90,157,13,0.0831270627062706,0.1026720351390922,300000000,1.0,0.1443894389438944,0.1035871156661786,0.1248169838945827,1,False,0
0,ep_2009a5703b1ce7e73d90,158,13,0.1046823432343234,0.1028550512445095,300000000,1.0,0.1749174917491749,0.1035871156661786,0.1248169838945827,1,False,0
0,ep_2009a5703b1ce7e73d90,159,13,0.1048886138613861,0.1019399707174231,300000000,1.0,0.1676980198019802,0.1037701317715959,0.1248169838945827,1,False,0
0,ep_2009a5703b1ce7e73d90,160,13,0.1014851485148514,0.1024890190336749,300000000,1.0,0.2392739273927392,0.1035871156661786,0.1248169838945827,1,False,0
0,ep_2009a5703b1ce7e73d90,161,13,0.0995255775577557,0.1030380673499267,300000000,1.0,0.1557343234323432,0.1037701317715959,0.1248169838945827,1,False,0
0,ep_2009a5703b1ce7e73d90,162,13,0.0982879537953795,0.1024890190336749,300000000,1.0,0.1831683168316831,0.1035871156661786,0.1248169838945827,1,False,0
0,ep_2009a5703b1ce7e73d90,163,13,0.0930280528052805,0.1026720351390922,300000000,1.0,0.1549092409240924,0.1039531478770131,0.1248169838945827,1,False,0
0,ep_2009a5703b1ce7e73d90,164,13,0.1107673267326732,0.1030380673499267,300000000,1.0,0.1745049504950495,0.1037701317715959,0.1248169838945827,1,False,0
0,ep_2009a5703b1ce7e73d90,165,13,0.1089108910891089,0.1024890190336749,300000000,1.0,0.1666666666666666,0.1039531478770131,0.1248169838945827,1,False,0
0,ep_2009a5703b1ce7e73d90,166,13,0.1068481848184818,0.1034040995607613,300000000,1.0,0.1608910891089109,0.1039531478770131,0.1248169838945827,1,False,0
0,ep_2009a5703b1ce7e73d90,167,13,0.1022070957095709,0.1028550512445095,300000000,1.0,0.1476897689768977,0.1037701317715959,0.1248169838945827,1,False,0
0,ep_2009a5703b1ce7e73d90,168,14,0.1103547854785478,0.1026720351390922,300000000,1.0,0.1875,0.1037701317715959,0.1248169838945827,1,False,0
0,ep_2009a5703b1ce7e73d90,169,14,0.0977722772277227,0.1028550512445095,300000000,1.0,0.1844059405940594,0.1035871156661786,0.1248169838945827,1,False,0
0,ep_2009a5703b1ce7e73d90,170,14,0.1056105610561056,0.1026720351390922,300000000,1.0,0.183993399339934,0.1039531478770131,0.1248169838945827,1,False,0
0,ep_2009a5703b1ce7e73d90,171,14,0.1089108910891089,0.1026720351390922,300000000,1.0,0.1623349834983498,0.1035871156661786,0.1248169838945827,1,False,0
0,ep_2009a5703b1ce7e73d90,172,14,0.1037541254125412,0.1028550512445095,300000000,1.0,0.1775990099009901,0.1037701317715959,0.1248169838945827,1,False,0
0,ep_2009a5703b1ce7e73d90,173,14,0.1064356435643564,0.1028550512445095,300000000,1.0,0.1551155115511551,0.1039531478770131,0.1248169838945827,1,False,0
0,ep_2009a5703b1ce7e73d90,174,14,0.1018976897689769,0.1023060029282576,300000000,1.0,0.1695544554455445,0.1035871156661786,0.1248169838945827,1,False,0
0,ep_2009a5703b1ce7e73d90,175,14,0.1122112211221122,0.1026720351390922,300000000,1.0,0.1802805280528052,0.1035871156661786,0.1248169838945827,1,False,0
0,ep_2009a5703b1ce7e73d90,176,14,0.1155115511551155,0.1026720351390922,300000000,1.0,0.2103960396039604,0.1037701317715959,0.1248169838945827,1,False,0
0,ep_2009a5703b1ce7e73d90,177,14,0.1093234323432343,0.1028550512445095,300000000,1.0,0.168523102310231,0.1035871156661786,0.1248169838945827,1,False,0
0,ep_2009a5703b1ce7e73d90,178,14,0.1188118811881188,0.103221083455344,300000000,1.0,0.1726485148514851,0.1039531478770131,0.1248169838945827,1,False,0
0,ep_2009a5703b1ce7e73d90,179,14,0.104269801980198,0.1024890190336749,300000000,1.0,0.1499587458745874,0.1037701317715959,0.1248169838945827,1,False,0
0,ep_2009a5703b1ce7e73d90,180,15,0.101072607260726,0.1028550512445095,300000000,1.0,0.1520214521452145,0.1039531478770131,0.1248169838945827,1,False,0
0,ep_2009a5703b1ce7e73d90,181,15,0.1055074257425742,0.1023060029282576,300000000,1.0,0.1627475247524752,0.103221083455344,0.1248169838945827,1,False,0
0,ep_2009a5703b1ce7e73d90,182,15,0.1005569306930693,0.1024890190336749,300000000,1.0,0.1505775577557755,0.1034040995607613,0.1248169838945827,1,False,0
0,ep_2009a5703b1ce7e73d90,183,15,0.0995255775577557,0.1017569546120058,300000000,1.0,0.1544966996699669,0.1034040995607613,0.1248169838945827,1,False,0
0,ep_2009a5703b1ce7e73d90,184,15,0.1072607260726072,0.1024890190336749,300000000,1.0,0.1646039603960396,0.103221083455344,0.1248169838945827,1,False,0
0,ep_2009a5703b1ce7e73d90,185,15,0.1001443894389439,0.1028550512445095,300000000,1.0,0.1468646864686468,0.1034040995607613,0.1248169838945827,1,False,0
0,ep_2009a5703b1ce7e73d90,186,15,0.1062293729372937,0.1028550512445095,300000000,1.0,0.1934818481848184,0.1035871156661786,0.1248169838945827,1,False,0
0,ep_2009a5703b1ce7e73d90,187,15,0.0983910891089109,0.1030380673499267,300000000,1.0,0.1470709570957095,0.1037701317715959,0.1248169838945827,1,False,0
0,ep_2009a5703b1ce7e73d90,188,15,0.0999381188118812,0.1030380673499267,300000000,1.0,0.1540841584158415,0.1037701317715959,0.1248169838945827,1,False,0
0,ep_2009a5703b1ce7e73d90,189,15,0.097256600660066,0.1019399707174231,300000000,1.0,0.1478960396039604,0.1026720351390922,0.1248169838945827,1,False,0
0,ep_2009a5703b1ce7e73d90,190,15,0.095503300330033,0.1021229868228404,300000000,1.0,0.1794554455445544,0.1034040995607613,0.1248169838945827,1,False,0
0,ep_2009a5703b1ce7e73d90,191,15,0.0970503300330033,0.1023060029282576,300000000,1.0,0.1402640264026402,0.103221083455344,0.1248169838945827,1,False,0
0,ep_2009a5703b1ce7e73d90,192,16,0.1072607260726072,0.1024890190336749,300000000,1.0,0.1922442244224422,0.1034040995607613,0.1248169838945827,1,False,0
0,ep_2009a5703b1ce7e73d90,193,16,0.1048886138613861,0.1030380673499267,300000000,1.0,0.1468646864686468,0.1035871156661786,0.1248169838945827,1,False,0
0,ep_2009a5703b1ce7e73d90,194,16,0.1186056105610561,0.103221083455344,300000000,1.0,0.1885313531353135,0.1039531478770131,0.1248169838945827,1,False,0
0,ep_2009a5703b1ce7e73d90,195,16,0.1268564356435643,0.1021229868228404,300000000,1.0,0.1899752475247524,0.1026720351390922,0.1248169838945827,1,False,0
0,ep_2009a5703b1ce7e73d90,196,16,0.1223184818481848,0.1028550512445095,300000000,1.0,0.1856435643564356,0.1037701317715959,0.1248169838945827,1,False,0
0,ep_2009a5703b1ce7e73d90,197,16,0.1082920792079207,0.1030380673499267,300000000,1.0,0.2132838283828383,0.1037701317715959,0.1248169838945827,1,False,0
0,ep_2009a5703b1ce7e73d90,198,16,0.1048886138613861,0.1019399707174231,300000000,1.0,0.1652227722772277,0.1037701317715959,0.1248169838945827,1,False,0
0,ep_2009a5703b1ce7e73d90,199,16,0.1146864686468646,0.1026720351390922,300000000,1.0,0.1707920792079208,0.1035871156661786,0.1248169838945827,1,False,0
0,ep_2009a5703b1ce7e73d90,200,16,0.1159240924092409,0.1024890190336749,300000000,1.0,0.2081270627062706,0.1035871156661786,0.1248169838945827,1,False,0
0,ep_2009a5703b1ce7e73d90,201,16,0.0804455445544554,0.0982796486090776,300000000,1.0,0.1175742574257425,0.1019399707174231,0.1248169838945827,1,False,0
0,ep_2009a5703b1ce7e73d90,202,16,0.1005569306930693,0.1024890190336749,300000000,1.0,0.1361386138613861,0.1035871156661786,0.1248169838945827,1,False,0
0,ep_2009a5703b1ce7e73d90,203,16,0.0944719471947194,0.1028550512445095,300000000,1.0,0.1326320132013201,0.1037701317715959,0.1248169838945827,1,False,0
0,ep_2009a5703b1ce7e73d90,204,17,0.1023102310231023,0.1017569546120058,300000000,1.0,0.1423267326732673,0.1039531478770131,0.1248169838945827,1,False,0
0,ep_2009a5703b1ce7e73d90,205,17,0.0947813531353135,0.101207906295754,300000000,1.0,0.1346947194719472,0.1023060029282576,0.1248169838945827,1,False,0
0,ep_2009a5703b1ce7e73d90,206,17,0.113036303630363,0.1023060029282576,300000000,1.0,0.1509900990099009,0.1034040995607613,0.1248169838945827,1,False,0
0,ep_2009a5703b1ce7e73d90,207,17,0.1144801980198019,0.1023060029282576,300000000,1.0,0.1501650165016501,0.103221083455344,0.1248169838945827,1,False,0
0,ep_2009a5703b1ce7e73d90,208,17,0.1177805280528052,0.1026720351390922,300000000,1.0,0.2409240924092409,0.1037701317715959,0.1248169838945827,1,False,0
0,ep_2009a5703b1ce7e73d90,209,17,0.0914810231023102,0.1008418740849194,300000000,1.0,0.1353135313531353,0.1024890190336749,0.1248169838945827,1,False,0
0,ep_2009a5703b1ce7e73d90,210,17,0.0985973597359736,0.1019399707174231,300000000,1.0,0.1369636963696369,0.1034040995607613,0.1248169838945827,1,False,0
0,ep_2009a5703b1ce7e73d90,211,17,0.108085808580858,0.1028550512445095,300000000,1.0,0.1827557755775577,0.1035871156661786,0.1248169838945827,1,False,0
0,ep_2009a5703b1ce7e73d90,212,17,0.0963283828382838,0.1024890190336749,300000000,1.0,0.1652227722772277,0.1035871156661786,0.1248169838945827,1,False,0
0,ep_2009a5703b1ce7e73d90,213,17,0.0807549504950495,0.1017569546120058,300000000,1.0,0.120049504950495,0.1026720351390922,0.1248169838945827,1,False,0
0,ep_2009a5703b1ce7e73d90,214,17,0.1084983498349834,0.103221083455344,300000000,1.0,0.1573844884488449,0.1037701317715959,0.1248169838945827,1,False,0
0,ep_2009a5703b1ce7e73d90,215,17,0.1132425742574257,0.1006588579795021,300000000,1.0,0.1668729372937293,0.1024890190336749,0.1248169838945827,1,False,0
0,ep_2009a5703b1ce7e73d90,216,18,0.1070544554455445,0.1017569546120058,300000000,1.0,0.2070957095709571,0.1028550512445095,0.1248169838945827,1,False,0
0,ep_2009a5703b1ce7e73d90,217,18,0.1101485148514851,0.1023060029282576,300000000,1.0,0.1666666666666666,0.1035871156661786,0.1248169838945827,1,False,0
0,ep_2009a5703b1ce7e73d90,218,18,0.0973597359735973,0.1024890190336749,300000000,1.0,0.1563531353135313,0.1034040995607613,0.1248169838945827,1,False,0
0,ep_2009a5703b1ce7e73d90,219,18,0.0978754125412541,0.1019399707174231,300000000,1.0,0.1547029702970297,0.1035871156661786,0.1248169838945827,1,False,0
0,ep_2009a5703b1ce7e73d90,220,18,0.1024133663366336,0.1030380673499267,300000000,1.0,0.1476897689768977,0.1035871156661786,0.1248169838945827,1,False,0
0,ep_2009a5703b1ce7e73d90,221,18,0.1049917491749174,0.1023060029282576,300000000,1.0,0.1553217821782178,0.1035871156661786,0.1248169838945827,1,False,0
0,ep_2009a5703b1ce7e73d90,222,18,0.1126237623762376,0.1026720351390922,300000000,1.0,0.1769801980198019,0.1037701317715959,0.1248169838945827,1,False,0
0,ep_2009a5703b1ce7e73d90,223,18,0.1031353135313531,0.1023060029282576,300000000,1.0,0.1567656765676567,0.1035871156661786,0.1248169838945827,1,False,0
0,ep_2009a5703b1ce7e73d90,224,18,0.1014851485148514,0.1023060029282576,300000000,1.0,0.1773927392739274,0.1035871156661786,0.1248169838945827,1,False,0
0,ep_2009a5703b1ce7e73d90,225,18,0.0913778877887788,0.1021229868228404,300000000,1.0,0.1415016501650165,0.1035871156661786,0.1248169838945827,1,False,0
0,ep_2009a5703b1ce7e73d90,226,18,0.1099422442244224,0.1030380673499267,300000000,1.0,0.1606848184818481,0.1039531478770131,0.1248169838945827,1,False,0
0,ep_2009a5703b1ce7e73d90,227,18,0.0908622112211221,0.1008418740849194,300000000,1.0,0.1415016501650165,0.1023060029282576,0.1248169838945827,1,False,0
0,ep_2009a5703b1ce7e73d90,228,19,0.1011757425742574,0.1028550512445095,300000000,1.0,0.1417079207920792,0.1037701317715959,0.1248169838945827,1,False,0
0,ep_2009a5703b1ce7e73d90,229,19,0.0834364686468646,0.1023060029282576,300000000,1.0,0.1367574257425742,0.1037701317715959,0.1248169838945827,1,False,0
0,ep_2009a5703b1ce7e73d90,230,19,0.1040635313531353,0.1019399707174231,300000000,1.0,0.1709983498349835,0.1028550512445095,0.1248169838945827,1,False,0
0,ep_2009a5703b1ce7e73d90,231,19,0.1171617161716171,0.1024890190336749,300000000,1.0,0.1606848184818481,0.1037701317715959,0.1248169838945827,1,False,0
0,ep_2009a5703b1ce7e73d90,232,19,0.0985973597359736,0.101207906295754,300000000,1.0,0.1631600660066006,0.1037701317715959,0.1248169838945827,1,False,0
0,ep_2009a5703b1ce7e73d90,233,19,0.1136551155115511,0.1021229868228404,300000000,1.0,0.1697607260726072,0.1026720351390922,0.1248169838945827,1,False,0
0,ep_2009a5703b1ce7e73d90,234,19,0.0863242574257425,0.101207906295754,300000000,1.0,0.14253300330033,0.1028550512445095,0.1248169838945827,1,False,0
0,ep_2009a5703b1ce7e73d90,235,19,0.0946782178217821,0.1017569546120058,300000000,1.0,0.1295379537953795,0.1024890190336749,0.1248169838945827,1,False,0
0,ep_2009a5703b1ce7e73d90,236,19,0.1022070957095709,0.1024890190336749,300000000,1.0,0.1544966996699669,0.1034040995607613,0.1248169838945827,1,False,0
0,ep_2009a5703b1ce7e73d90,237,19,0.1109735973597359,0.1013909224011713,300000000,1.0,0.1668729372937293,0.1037701317715959,0.1248169838945827,1,False,0
0,ep_2009a5703b1ce7e73d90,238,19,0.0813737623762376,0.1019399707174231,300000000,1.0,0.1384075907590759,0.1026720351390922,0.1248169838945827,1,False,0
0,ep_2009a5703b1ce7e73d90,239,19,0.0939562706270627,0.1028550512445095,300000000,1.0,0.1417079207920792,0.1035871156661786,0.1248169838945827,1,False,0
0,ep_2009a5703b1ce7e73d90,240,20,0.1049917491749174,0.1026720351390922,300000000,1.0,0.2060643564356435,0.1037701317715959,0.1248169838945827,1,False,0
0,ep_2009a5703b1ce7e73d90,241,20,0.1134488448844884,0.1024890190336749,300000000,1.0,0.2044141914191419,0.1035871156661786,0.1248169838945827,1,False,0
0,ep_2009a5703b1ce7e73d90,242,20,0.1074669966996699,0.1028550512445095,300000000,1.0,0.1505775577557755,0.1037701317715959,0.1248169838945827,1,False,0
0,ep_2009a5703b1ce7e73d90,243,20,0.1148927392739273,0.1019399707174231,300000000,1.0,0.1749174917491749,0.1037701317715959,0.1248169838945827,1,False,0
0,ep_2009a5703b1ce7e73d90,244,20,0.121493399339934,0.1030380673499267,300000000,1.0,0.2037953795379538,0.1037701317715959,0.1248169838945827,1,False,0
0,ep_2009a5703b1ce7e73d90,245,20,0.1183993399339934,0.1015739385065885,300000000,1.0,0.1837871287128712,0.1043191800878477,0.1248169838945827,1,False,0
0,ep_2009a5703b1ce7e73d90,246,20,0.1078795379537953,0.1023060029282576,300000000,1.0,0.1773927392739274,0.1037701317715959,0.1248169838945827,1,False,0
0,ep_2009a5703b1ce7e73d90,247,20,0.0856023102310231,0.1024890190336749,300000000,1.0,0.1435643564356435,0.1037701317715959,0.1248169838945827,1,False,0
0,ep_2009a5703b1ce7e73d90,248,20,0.0883869636963696,0.1026720351390922,300000000,1.0,0.1969884488448844,0.1039531478770131,0.1248169838945827,1,False,0
0,ep_2009a5703b1ce7e73d90,249,20,0.0886963696369637,0.1010248901903367,300000000,1.0,0.1454207920792079,0.1039531478770131,0.1248169838945827,1,False,0
0,ep_2009a5703b1ce7e73d90,250,20,0.0906559405940594,0.1024890190336749,300000000,1.0,0.1322194719471947,0.1037701317715959,0.1248169838945827,1,False,0
0,ep_2009a5703b1ce7e73d90,251,20,0.0897277227722772,0.1017569546120058,300000000,1.0,0.1311881188118812,0.1039531478770131,0.1248169838945827,1,False,0
0,ep_2009a5703b1ce7e73d90,252,21,0.1015882838283828,0.1019399707174231,300000000,1.0,0.1670792079207921,0.1037701317715959,0.1248169838945827,1,False,0
0,ep_2009a5703b1ce7e73d90,253,21,0.0933374587458745,0.1030380673499267,300000000,1.0,0.1464521452145214,0.1039531478770131,0.1248169838945827,1,False,0
0,ep_2009a5703b1ce7e73d90,254,21,0.0742574257425742,0.1017569546120058,300000000,1.0,0.1608910891089109,0.1039531478770131,0.1248169838945827,1,False,0
0,ep_2009a5703b1ce7e73d90,255,21,0.0875618811881188,0.1019399707174231,300000000,1.0,0.1466584158415841,0.103221083455344,0.1248169838945827,1,False,0
0,ep_2009a5703b1ce7e73d90,256,21,0.1043729372937293,0.1019399707174231,300000000,1.0,0.2244224422442244,0.1039531478770131,0.1248169838945827,1,False,0
0,ep_2009a5703b1ce7e73d90,257,21,0.1008663366336633,0.1015739385065885,300000000,1.0,0.1526402640264026,0.1030380673499267,0.1248169838945827,1,False,0
0,ep_2009a5703b1ce7e73d90,258,21,0.0932343234323432,0.1024890190336749,300000000,1.0,0.1674917491749175,0.1037701317715959,0.1248169838945827,1,False,0
0,ep_2009a5703b1ce7e73d90,259,21,0.0985973597359736,0.1024890190336749,300000000,1.0,0.1800742574257425,0.1037701317715959,0.1248169838945827,1,False,0
0,ep_2009a5703b1ce7e73d90,260,21,0.1264438943894389,0.1026720351390922,300000000,1.0,0.1916254125412541,0.1037701317715959,0.1248169838945827,1,False,0
0,ep_2009a5703b1ce7e73d90,261,21,0.1070544554455445,0.1024890190336749,300000000,1.0,0.1683168316831683,0.1037701317715959,0.1248169838945827,1,False,0
0,ep_2009a5703b1ce7e73d90,262,21,0.1144801980198019,0.1019399707174231,300000000,1.0,0.1749174917491749,0.1037701317715959,0.1248169838945827,1,False,0
0,ep_2009a5703b1ce7e73d90,263,21,0.106023102310231,0.1026720351390922,300000000,1.0,0.1705858085808581,0.1037701317715959,0.1248169838945827,1,False,0
0,ep_2009a5703b1ce7e73d90,264,22,0.1020008250825082,0.1023060029282576,300000000,1.0,0.1829620462046204,0.1039531478770131,0.1248169838945827,1,False,0
0,ep_2009a5703b1ce7e73d90,265,22,0.1078795379537953,0.1026720351390922,300000000,1.0,0.1664603960396039,0.1039531478770131,0.1248169838945827,1,False,0
0,ep_2009a5703b1ce7e73d90,266,22,0.1015882838283828,0.1028550512445095,300000000,1.0,0.172029702970297,0.1037701317715959,0.1248169838945827,1,False,0
0,ep_2009a5703b1ce7e73d90,267,22,0.1287128712871287,0.1024890190336749,300000000,1.0,0.1699669966996699,0.1039531478770131,0.1248169838945827,1,False,0
0,ep_2009a5703b1ce7e73d90,268,22,0.1072607260726072,0.1026720351390922,300000000,1.0,0.1582095709570957,0.1037701317715959,0.1248169838945827,1,False,0
0,ep_2009a5703b1ce7e73d90,269,22,0.1050948844884488,0.1026720351390922,300000000,1.0,0.1441831683168316,0.1037701317715959,0.1248169838945827,1,False,0
0,ep_2009a5703b1ce7e73d90,270,22,0.1037541254125412,0.1026720351390922,300000000,1.0,0.1520214521452145,0.1039531478770131,0.1248169838945827,1,False,0
0,ep_2009a5703b1ce7e73d90,271,22,0.1033415841584158,0.1026720351390922,300000000,1.0,0.1608910891089109,0.1037701317715959,0.1248169838945827,1,False,0
0,ep_2009a5703b1ce7e73d90,272,22,0.1105610561056105,0.1026720351390922,300000000,1.0,0.1563531353135313,0.1037701317715959,0.1248169838945827,1,False,0
0,ep_2009a5703b1ce7e73d90,273,22,0.1044760726072607,0.1024890190336749,300000000,1.0,0.1431518151815181,0.1037701317715959,0.1248169838945827,1,False,0
0,ep_2009a5703b1ce7e73d90,274,22,0.092306105610561,0.1026720351390922,300000000,1.0,0.1481023102310231,0.1037701317715959,0.1248169838945827,1,False,0
0,ep_2009a5703b1ce7e73d90,275,22,0.0969471947194719,0.1028550512445095,300000000,1.0,0.1542904290429043,0.1037701317715959,0.1248169838945827,1,False,0
0,ep_2009a5703b1ce7e73d90,276,23,0.1161303630363036,0.1028550512445095,300000000,1.0,0.1922442244224422,0.1039531478770131,0.1248169838945827,1,False,0
0,ep_2009a5703b1ce7e73d90,277,23,0.0979785478547854,0.1024890190336749,300000000,1.0,0.1648102310231023,0.1037701317715959,0.1248169838945827,1,False,0
0,ep_2009a5703b1ce7e73d90,278,23,0.0908622112211221,0.1026720351390922,300000000,1.0,0.1493399339933993,0.1035871156661786,0.1248169838945827,1,False,0
0,ep_2009a5703b1ce7e73d90,279,23,0.108085808580858,0.1026720351390922,300000000,1.0,0.16006600660066,0.1037701317715959,0.1248169838945827,1,False,0
0,ep_2009a5703b1ce7e73d90,280,23,0.1105610561056105,0.1002928257686676,300000000,1.0,0.1922442244224422,0.1039531478770131,0.1248169838945827,1,False,0
0,ep_2009a5703b1ce7e73d90,281,23,0.0889026402640264,0.0926976573938506,300000000,1.0,0.1322194719471947,0.0991947291361639,0.1248169838945827,1,False,0
0,ep_2009a5703b1ce7e73d90,282,23,0.0929249174917491,0.101207906295754,300000000,1.0,0.1478960396039604,0.1024890190336749,0.1248169838945827,1,False,0
0,ep_2009a5703b1ce7e73d90,283,23,0.0858085808580858,0.1019399707174231,300000000,1.0,0.135519801980198,0.1028550512445095,0.1248169838945827,1,False,0
0,ep_2009a5703b1ce7e73d90,284,23,0.1021039603960396,0.1023060029282576,300000000,1.0,0.149546204620462,0.1039531478770131,0.1248169838945827,1,False,0
0,ep_2009a5703b1ce7e73d90,285,23,0.1138613861386138,0.1024890190336749,300000000,1.0,0.1625412541254125,0.1037701317715959,0.1248169838945827,1,False,0
0,ep_2009a5703b1ce7e73d90,286,23,0.1179867986798679,0.1026720351390922,300000000,1.0,0.1761551155115511,0.1039531478770131,0.1248169838945827,1,False,0
0,ep_2009a5703b1ce7e73d90,287,23,0.1105610561056105,0.1028550512445095,300000000,1.0,0.1462458745874587,0.1037701317715959,0.1248169838945827,1,False,0
0,ep_22ec4975414d1c10cf90,226,18,0.2797029702970297,0.0252104685212298,260108800,0.8670293333333333,0.4129537953795379,0.0256222547584187,0.0345442898975109,1,False,0
0,ep_22ec4975414d1c10cf90,227,18,0.2788778877887788,0.0257137628111273,300000000,1.0,0.4195544554455445,0.0261713030746705,0.0345442898975109,1,False,0
0,ep_22ec4975414d1c10cf90,228,19,0.2784653465346535,0.0261713030746705,300000000,1.0,0.4183168316831683,0.0267203513909224,0.0345442898975109,1,False,0
0,ep_22ec4975414d1c10cf90,229,19,0.271039603960396,0.0263543191800878,300000000,1.0,0.4282178217821782,0.026674597364568,0.0345442898975109,1,False,0
0,ep_22ec4975414d1c10cf90,230,19,0.275990099009901,0.0262170571010248,300000000,1.0,0.4187293729372937,0.0267661054172767,0.0345442898975109,1,False,0
0,ep_22ec4975414d1c10cf90,231,19,0.2764026402640264,0.0263085651537335,300000000,1.0,0.4232673267326732,0.0266288433382137,0.0345442898975109,1,False,0
0,ep_22ec4975414d1c10cf90,232,19,0.2809405940594059,0.0261713030746705,300000000,1.0,0.4232673267326732,0.026674597364568,0.0345442898975109,1,False,0
0,ep_22ec4975414d1c10cf90,233,19,0.2801155115511551,0.0262628111273792,300000000,1.0,0.4125412541254125,0.026674597364568,0.0345442898975109,1,False,0
0,ep_22ec4975414d1c10cf90,234,19,0.2607260726072607,0.0256222547584187,300000000,1.0,0.4075907590759076,0.0264915812591508,0.0345442898975109,1,False,0
0,ep_22ec4975414d1c10cf90,235,19,0.2764026402640264,0.0253477306002928,300000000,1.0,0.4191419141914191,0.0257595168374816,0.0345442898975109,1,False,0
0,ep_22ec4975414d1c10cf90,236,19,0.2788778877887788,0.0252104685212298,300000000,1.0,0.4158415841584158,0.025668008784773,0.0345442898975109,1,False,0
0,ep_22ec4975414d1c10cf90,237,19,0.2784653465346535,0.0253019765739385,300000000,1.0,0.4146039603960396,0.0257137628111273,0.0345442898975109,1,False,0
0,ep_22ec4975414d1c10cf90,238,19,0.278052805280528,0.0252562225475841,300000000,1.0,0.4051155115511551,0.025668008784773,0.0345442898975109,1,False,0
0,ep_22ec4975414d1c10cf90,239,19,0.2809405940594059,0.0252562225475841,300000000,1.0,0.4125412541254125,0.0256222547584187,0.0345442898975109,1,False,0
0,ep_22ec4975414d1c10cf90,240,20,0.283003300330033,0.0252562225475841,300000000,1.0,0.4051155115511551,0.0255765007320644,0.0345442898975109,1,False,0
0,ep_22ec4975414d1c10cf90,241,20,0.2813531353135313,0.0251647144948755,300000000,1.0,0.4104785478547855,0.0256222547584187,0.0345442898975109,1,False,0
0,ep_22ec4975414d1c10cf90,242,20,0.2792904290429043,0.0252562225475841,300000000,1.0,0.4273927392739274,0.025668008784773,0.0345442898975109,1,False,0
0,ep_22ec4975414d1c10cf90,243,20,0.2797029702970297,0.0252562225475841,300000000,1.0,0.4187293729372937,0.0257595168374816,0.0345442898975109,1,False,0
0,ep_22ec4975414d1c10cf90,244,20,0.2797029702970297,0.0252562225475841,300000000,1.0,0.4162541254125412,0.0255765007320644,0.0345442898975109,1,False,0
0,ep_22ec4975414d1c10cf90,245,20,0.2792904290429043,0.0252562225475841,300000000,1.0,0.4183168316831683,0.0257595168374816,0.0345442898975109,1,False,0
0,ep_22ec4975414d1c10cf90,246,20,0.278052805280528,0.0255765007320644,300000000,1.0,0.4273927392739274,0.0259425329428989,0.0345442898975109,1,False,0
0,ep_22ec4975414d1c10cf90,247,20,0.2797029702970297,0.0256222547584187,300000000,1.0,0.4257425742574257,0.0260797950219619,0.0345442898975109,1,False,0
0,ep_22ec4975414d1c10cf90,248,20,0.2871287128712871,0.0261255490483162,300000000,1.0,0.4273927392739274,0.026674597364568,0.0345442898975109,1,False,0
0,ep_22ec4975414d1c10cf90,249,20,0.2883663366336633,0.0265373352855051,300000000,1.0,0.4146039603960396,0.0270406295754026,0.0345442898975109,1,False,0
0,ep_22ec4975414d1c10cf90,250,20,0.2513537820315499,0.0258035392638537,268247159,0.8941571966666667,0.4187293729372937,0.026949121522694,0.0345442898975109,3,True,1247159
0,ep_24abcd489982eda36e82,0,0,0.1167491749174917,0.1028550512445095,300000000,1.0,0.1699669966996699,0.1037701317715959,0.1248169838945827,1,False,0
0,ep_24abcd489982eda36e82,1,0,0.1120049504950495,0.1026720351390922,300000000,1.0,0.1800742574257425,0.1037701317715959,0.1248169838945827,1,False,0
0,ep_24abcd489982eda36e82,2,0,0.108085808580858,0.1024890190336749,300000000,1.0,0.1613036303630363,0.1035871156661786,0.1248169838945827,1,False,0
0,ep_24abcd489982eda36e82,3,0,0.1237623762376237,0.1028550512445095,300000000,1.0,0.1821369636963696,0.1035871156661786,0.1248169838945827,1,False,0
0,ep_24abcd489982eda36e82,4,0,0.1159240924092409,0.1024890190336749,300000000,1.0,0.1553217821782178,0.1035871156661786,0.1248169838945827,1,False,0
0,ep_24abcd489982eda36e82,5,0,0.111592409240924,0.1024890190336749,300000000,1.0,0.1670792079207921,0.103221083455344,0.1248169838945827,1,False,0
0,ep_24abcd489982eda36e82,6,0,0.104269801980198,0.1024890190336749,300000000,1.0,0.1470709570957095,0.1039531478770131,0.1248169838945827,1,False,0
0,ep_24abcd489982eda36e82,7,0,0.1153052805280528,0.103221083455344,300000000,1.0,0.1590346534653465,0.1043191800878477,0.1248169838945827,1,False,0
0,ep_24abcd489982eda36e82,8,0,0.1124174917491749,0.1028550512445095,300000000,1.0,0.1544966996699669,0.1039531478770131,0.1248169838945827,1,False,0
0,ep_24abcd489982eda36e82,9,0,0.1177805280528052,0.103221083455344,300000000,1.0,0.1575907590759075,0.1039531478770131,0.1248169838945827,1,False,0
0,ep_24abcd489982eda36e82,10,0,0.1173679867986798,0.1030380673499267,300000000,1.0,0.1759488448844884,0.1041361639824304,0.1248169838945827,1,False,0
0,ep_24abcd489982eda36e82,11,0,0.1049917491749174,0.1024890190336749,300000000,1.0,0.1547029702970297,0.1035871156661786,0.1248169838945827,1,False,0
0,ep_24abcd489982eda36e82,12,1,0.1144801980198019,0.103221083455344,300000000,1.0,0.1674917491749175,0.1041361639824304,0.1248169838945827,1,False,0
0,ep_24abcd489982eda36e82,13,1,0.1124174917491749,0.1028550512445095,300000000,1.0,0.1617161716171617,0.1041361639824304,0.1248169838945827,1,False,0
0,ep_24abcd489982eda36e82,14,1,0.1128300330033003,0.1026720351390922,300000000,1.0,0.1765676567656765,0.1041361639824304,0.1248169838945827,1,False,0
0,ep_24abcd489982eda36e82,15,1,0.1142739273927392,0.1028550512445095,300000000,1.0,0.163572607260726,0.1041361639824304,0.1248169838945827,1,False,0
0,ep_24abcd489982eda36e82,16,1,0.1157178217821782,0.103221083455344,300000000,1.0,0.1674917491749175,0.1041361639824304,0.1248169838945827,1,False,0
0,ep_24abcd489982eda36e82,17,1,0.111592409240924,0.1024890190336749,300000000,1.0,0.1695544554455445,0.103221083455344,0.1248169838945827,1,False,0
0,ep_24abcd489982eda36e82,18,1,0.1233498349834983,0.1030380673499267,300000000,1.0,0.1815181518151815,0.1041361639824304,0.1248169838945827,1,False,0
0,ep_24abcd489982eda36e82,19,1,0.1233498349834983,0.1028550512445095,300000000,1.0,0.1881188118811881,0.1041361639824304,0.1248169838945827,1,False,0
0,ep_24abcd489982eda36e82,20,1,0.1186056105610561,0.1021229868228404,300000000,1.0,0.1773927392739274,0.1026720351390922,0.1248169838945827,1,False,0
0,ep_24abcd489982eda36e82,21,1,0.1004537953795379,0.1028550512445095,300000000,1.0,0.1553217821782178,0.1041361639824304,0.1248169838945827,1,False,0
0,ep_24abcd489982eda36e82,22,1,0.1241749174917491,0.103221083455344,300000000,1.0,0.175536303630363,0.1041361639824304,0.1248169838945827,1,False,0
0,ep_24abcd489982eda36e82,23,1,0.1173679867986798,0.1026720351390922,300000000,1.0,0.1623349834983498,0.1037701317715959,0.1248169838945827,1,False,0
0,ep_24abcd489982eda36e82,24,2,0.1188118811881188,0.1030380673499267,300000000,1.0,0.1829620462046204,0.1041361639824304,0.1248169838945827,1,False,0
0,ep_24abcd489982eda36e82,25,2,0.102516501650165,0.1026720351390922,300000000,1.0,0.168523102310231,0.1041361639824304,0.1248169838945827,1,False,0
0,ep_24abcd489982eda36e82,26,2,0.1091171617161716,0.1026720351390922,300000000,1.0,0.1689356435643564,0.1041361639824304,0.1248169838945827,1,False,0
0,ep_24abcd489982eda36e82,27,2,0.1000412541254125,0.1026720351390922,300000000,1.0,0.1511963696369637,0.1039531478770131,0.1248169838945827,1,False,0
0,ep_24abcd489982eda36e82,28,2,0.1054042904290429,0.1028550512445095,300000000,1.0,0.1532590759075907,0.1041361639824304,0.1248169838945827,1,False,0
0,ep_24abcd489982eda36e82,29,2,0.099319306930693,0.1021229868228404,300000000,1.0,0.1400577557755775,0.1026720351390922,0.1248169838945827,1,False,0
0,ep_24abcd489982eda36e82,30,2,0.1074669966996699,0.1026720351390922,300000000,1.0,0.1526402640264026,0.1041361639824304,0.1248169838945827,1,False,0
0,ep_24abcd489982eda36e82,31,2,0.1014851485148514,0.1028550512445095,300000000,1.0,0.1423267326732673,0.1041361639824304,0.1248169838945827,1,False,0
0,ep_24abcd489982eda36e82,32,2,0.1034447194719472,0.1028550512445095,300000000,1.0,0.1466584158415841,0.1041361639824304,0.1248169838945827,1,False,0
0,ep_24abcd489982eda36e82,33,2,0.1029290429042904,0.1026720351390922,300000000,1.0,0.1448019801980198,0.1041361639824304,0.1248169838945827,1,False,0
0,ep_24abcd489982eda36e82,34,2,0.1034447194719472,0.1024890190336749,300000000,1.0,0.1491336633663366,0.1039531478770131,0.1248169838945827,1,False,0
0,ep_24abcd489982eda36e82,35,2,0.1020008250825082,0.1023060029282576,300000000,1.0,0.1516089108910891,0.1028550512445095,0.1248169838945827,1,False,0
0,ep_24abcd489982eda36e82,36,3,0.1161303630363036,0.1024890190336749,300000000,1.0,0.172029702970297,0.1037701317715959,0.1248169838945827,1,False,0
0,ep_24abcd489982eda36e82,37,3,0.1173679867986798,0.1030380673499267,300000000,1.0,0.1745049504950495,0.1041361639824304,0.1248169838945827,1,False,0
0,ep_24abcd489982eda36e82,38,3,0.1058168316831683,0.1024890190336749,300000000,1.0,0.1555280528052805,0.1039531478770131,0.1248169838945827,1,False,0
0,ep_24abcd489982eda36e82,39,3,0.1101485148514851,0.1030380673499267,300000000,1.0,0.1478960396039604,0.1039531478770131,0.1248169838945827,1,False,0
0,ep_24abcd489982eda36e82,40,3,0.1113861386138613,0.1030380673499267,300000000,1.0,0.16006600660066,0.1039531478770131,0.1248169838945827,1,False,0
0,ep_24abcd489982eda36e82,41,3,0.1068481848184818,0.1023060029282576,300000000,1.0,0.1569719471947194,0.1034040995607613,0.1248169838945827,1,False,0
0,ep_24abcd489982eda36e82,42,3,0.1076732673267326,0.1026720351390922,300000000,1.0,0.1415016501650165,0.1039531478770131,0.1248169838945827,1,False,0
0,ep_24abcd489982eda36e82,43,3,0.1074669966996699,0.1030380673499267,300000000,1.0,0.1472772277227722,0.1039531478770131,0.1248169838945827,1,False,0
0,ep_24abcd489982eda36e82,44,3,0.0963283828382838,0.1024890190336749,300000000,1.0,0.1666666666666666,0.103221083455344,0.1248169838945827,1,False,0
0,ep_24abcd489982eda36e82,45,3,0.1030321782178217,0.1024890190336749,300000000,1.0,0.1679042904290429,0.1037701317715959,0.1248169838945827,1,False,0
0,ep_24abcd489982eda36e82,46,3,0.102825907590759,0.103221083455344,300000000,1.0,0.1586221122112211,0.1041361639824304,0.1248169838945827,1,False,0
0,ep_24abcd489982eda36e82,47,3,0.1049917491749174,0.1023060029282576,300000000,1.0,0.1668729372937293,0.1034040995607613,0.1248169838945827,1,False,0
0,ep_24abcd489982eda36e82,48,4,0.1076732673267326,0.1026720351390922,300000000,1.0,0.153052805280528,0.1039531478770131,0.1248169838945827,1,False,0
0,ep_24abcd489982eda36e82,49,4,0.1054042904290429,0.1028550512445095,300000000,1.0,0.1431518151815181,0.1041361639824304,0.1248169838945827,1,False,0
0,ep_24abcd489982eda36e82,50,4,0.1120049504950495,0.1028550512445095,300000000,1.0,0.165016501650165,0.1039531478770131,0.1248169838945827,1,False,0
0,ep_24abcd489982eda36e82,51,4,0.1161303630363036,0.103221083455344,300000000,1.0,0.1765676567656765,0.1039531478770131,0.1248169838945827,1,False,0
0,ep_24abcd489982eda36e82,52,4,0.1109735973597359,0.1030380673499267,300000000,1.0,0.1652227722772277,0.1041361639824304,0.1248169838945827,1,False,0
0,ep_24abcd489982eda36e82,53,4,0.1103547854785478,0.1024890190336749,300000000,1.0,0.1668729372937293,0.1037701317715959,0.1248169838945827,1,False,0
0,ep_24abcd489982eda36e82,54,4,0.111592409240924,0.1026720351390922,300000000,1.0,0.1654290429042904,0.1039531478770131,0.1248169838945827,1,False,0
0,ep_24abcd489982eda36e82,55,4,0.1122112211221122,0.1030380673499267,300000000,1.0,0.1557343234323432,0.1041361639824304,0.1248169838945827,1,False,0
0,ep_24abcd489982eda36e82,56,4,0.1216996699669967,0.1030380673499267,300000000,1.0,0.1769801980198019,0.1041361639824304,0.1248169838945827,1,False,0
0,ep_24abcd489982eda36e82,57,4,0.1157178217821782,0.1030380673499267,300000000,1.0,0.1695544554455445,0.1039531478770131,0.1248169838945827,1,False,0
0,ep_24abcd489982eda36e82,58,4,0.1241749174917491,0.103221083455344,300000000,1.0,0.1815181518151815,0.1041361639824304,0.1248169838945827,1,False,0
0,ep_24abcd489982eda36e82,59,4,0.113036303630363,0.1023060029282576,300000000,1.0,0.1782178217821782,0.1026720351390922,0.1248169838945827,1,False,0
0,ep_24abcd489982eda36e82,60,5,0.1091171617161716,0.1024890190336749,300000000,1.0,0.1631600660066006,0.1037701317715959,0.1248169838945827,1,False,0
0,ep_24abcd489982eda36e82,61,5,0.1136551155115511,0.103221083455344,300000000,1.0,0.1627475247524752,0.1041361639824304,0.1248169838945827,1,False,0
0,ep_24abcd489982eda36e82,62,5,0.1093234323432343,0.1028550512445095,300000000,1.0,0.1493399339933993,0.1041361639824304,0.1248169838945827,1,False,0
0,ep_24abcd489982eda36e82,63,5,0.1097359735973597,0.1030380673499267,300000000,1.0,0.1577970297029703,0.1041361639824304,0.1248169838945827,1,False,0
0,ep_24abcd489982eda36e82,64,5,0.1111798679867986,0.1030380673499267,300000000,1.0,0.1602722772277227,0.1041361639824304,0.1248169838945827,1,False,0
0,ep_24abcd489982eda36e82,65,5,0.1113861386138613,0.1026720351390922,300000000,1.0,0.161509900990099,0.1035871156661786,0.1248169838945827,1,False,0
0,ep_24abcd489982eda36e82,66,5,0.1196369636963696,0.1028550512445095,300000000,1.0,0.1646039603960396,0.1039531478770131,0.1248169838945827,1,False,0
0,ep_24abcd489982eda36e82,67,5,0.1167491749174917,0.1030380673499267,300000000,1.0,0.1699669966996699,0.1041361639824304,0.1248169838945827,1,False,0
0,ep_24abcd489982eda36e82,68,5,0.113036303630363,0.1030380673499267,300000000,1.0,0.1670792079207921,0.1039531478770131,0.1248169838945827,1,False,0
0,ep_24abcd489982eda36e82,69,5,0.1150990099009901,0.103221083455344,300000000,1.0,0.1693481848184818,0.1041361639824304,0.1248169838945827,1,False,0
0,ep_24abcd489982eda36e82,70,5,0.1161303630363036,0.1028550512445095,300000000,1.0,0.1608910891089109,0.1041361639824304,0.1248169838945827,1,False,0
0,ep_24abcd489982eda36e82,71,5,0.1293316831683168,0.1030380673499267,300000000,1.0,0.1730610561056105,0.1041361639824304,0.1248169838945827,1,False,0
0,ep_24abcd489982eda36e82,72,6,0.1239686468646864,0.1030380673499267,300000000,1.0,0.1709983498349835,0.1041361639824304,0.1248169838945827,1,False,0
0,ep_24abcd489982eda36e82,73,6,0.123556105610561,0.103221083455344,300000000,1.0,0.1778052805280528,0.1041361639824304,0.1248169838945827,1,False,0
0,ep_24abcd489982eda36e82,74,6,0.1256188118811881,0.1030380673499267,300000000,1.0,0.1872937293729372,0.1041361639824304,0.1248169838945827,1,False,0
0,ep_24abcd489982eda36e82,75,6,0.1192244224422442,0.1030380673499267,300000000,1.0,0.1761551155115511,0.1041361639824304,0.1248169838945827,1,False,0
0,ep_24abcd489982eda36e82,76,6,0.1221122112211221,0.1026720351390922,300000000,1.0,0.1687293729372937,0.1041361639824304,0.1248169838945827,1,False,0
0,ep_24abcd489982eda36e82,77,6,0.1134488448844884,0.1024890190336749,300000000,1.0,0.1623349834983498,0.1037701317715959,0.1248169838945827,1,False,0
0,ep_24abcd489982eda36e82,78,6,0.1153052805280528,0.1030380673499267,300000000,1.0,0.1621287128712871,0.1041361639824304,0.1248169838945827,1,False,0
0,ep_24abcd489982eda36e82,79,6,0.1173679867986798,0.1026720351390922,300000000,1.0,0.1745049504950495,0.1035871156661786,0.1248169838945827,1,False,0
0,ep_24abcd489982eda36e82,80,6,0.1198432343234323,0.1024890190336749,300000000,1.0,0.1666666666666666,0.1037701317715959,0.1248169838945827,1,False,0
0,ep_24abcd489982eda36e82,81,6,0.127062706270627,0.1030380673499267,300000000,1.0,0.1841996699669967,0.1039531478770131,0.1248169838945827,1,False,0
0,ep_24abcd489982eda36e82,82,6,0.1208745874587458,0.1026720351390922,300000000,1.0,0.1662541254125412,0.1041361639824304,0.1248169838945827,1,False,0
0,ep_24abcd489982eda36e82,83,6,0.1048886138613861,0.1023060029282576,300000000,1.0,0.1452145214521452,0.1028550512445095,0.1248169838945827,1,False,0
0,ep_24abcd489982eda36e82,84,7,0.1097359735973597,0.1030380673499267,300000000,1.0,0.1499587458745874,0.1039531478770131,0.1248169838945827,1,False,0
0,ep_24abcd489982eda36e82,85,7,0.1138613861386138,0.1030380673499267,300000000,1.0,0.1652227722772277,0.1041361639824304,0.1248169838945827,1,False,0
0,ep_24abcd489982eda36e82,86,7,0.1219059405940594,0.1030380673499267,300000000,1.0,0.1637788778877887,0.1041361639824304,0.1248169838945827,1,False,0
0,ep_24abcd489982eda36e82,87,7,0.1204620462046204,0.1028550512445095,300000000,1.0,0.1509900990099009,0.1041361639824304,0.1248169838945827,1,False,0
0,ep_24abcd489982eda36e82,88,7,0.1198432343234323,0.1024890190336749,300000000,1.0,0.1664603960396039,0.1041361639824304,0.1248169838945827,1,False,0
0,ep_24abcd489982eda36e82,89,7,0.1155115511551155,0.1021229868228404,300000000,1.0,0.1608910891089109,0.1028550512445095,0.1248169838945827,1,False,0
0,ep_24abcd489982eda36e82,90,7,0.1196369636963696,0.103221083455344,300000000,1.0,0.1643976897689769,0.1039531478770131,0.1248169838945827,1,False,0
0,ep_24abcd489982eda36e82,91,7,0.1159240924092409,0.1034040995607613,300000000,1.0,0.1707920792079208,0.1041361639824304,0.1248169838945827,1,False,0
0,ep_24abcd489982eda36e82,92,7,0.1144801980198019,0.1030380673499267,300000000,1.0,0.1666666666666666,0.1039531478770131,0.1248169838945827,1,False,0
0,ep_24abcd489982eda36e82,93,7,0.1120049504950495,0.1030380673499267,300000000,1.0,0.1771864686468647,0.1041361639824304,0.1248169838945827,1,False,0
0,ep_24abcd489982eda36e82,94,7,0.1091171617161716,0.1030380673499267,300000000,1.0,0.1561468646864686,0.1041361639824304,0.1248169838945827,1,False,0
0,ep_24abcd489982eda36e82,95,7,0.1157178217821782,0.1026720351390922,300000000,1.0,0.1734735973597359,0.1035871156661786,0.1248169838945827,1,False,0
0,ep_24abcd489982eda36e82,96,8,0.128506600660066,0.1028550512445095,300000000,1.0,0.1988448844884488,0.1041361639824304,0.1248169838945827,1,False,0
0,ep_24abcd489982eda36e82,97,8,0.1254125412541254,0.1030380673499267,300000000,1.0,0.1761551155115511,0.1039531478770131,0.1248169838945827,1,False,0
0,ep_24abcd489982eda36e82,98,8,0.1204620462046204,0.1028550512445095,300000000,1.0,0.1619224422442244,0.1037701317715959,0.1248169838945827,1,False,0
0,ep_24abcd489982eda36e82,99,8,0.1163366336633663,0.1030380673499267,300000000,1.0,0.1693481848184818,0.1041361639824304,0.1248169838945827,1,False,0
0,ep_24abcd489982eda36e82,100,8,0.1171617161716171,0.1028550512445095,300000000,1.0,0.1819306930693069,0.1039531478770131,0.1248169838945827,1,False,0
0,ep_24abcd489982eda36e82,101,8,0.1181930693069306,0.1028550512445095,300000000,1.0,0.1831683168316831,0.1037701317715959,0.1248169838945827,1,False,0
0,ep_24abcd489982eda36e82,102,8,0.1105610561056105,0.1026720351390922,300000000,1.0,0.1518151815181518,0.1037701317715959,0.1248169838945827,1,False,0
0,ep_24abcd489982eda36e82,103,8,0.1022070957095709,0.1028550512445095,300000000,1.0,0.1547029702970297,0.1039531478770131,0.1248169838945827,1,False,0
0,ep_24abcd489982eda36e82,104,8,0.1003506600660066,0.1030380673499267,300000000,1.0,0.1769801980198019,0.1039531478770131,0.1248169838945827,1,False,0
0,ep_24abcd489982eda36e82,105,8,0.1107673267326732,0.1030380673499267,300000000,1.0,0.1800742574257425,0.1041361639824304,0.1248169838945827,1,False,0
0,ep_24abcd489982eda36e82,106,8,0.0969471947194719,0.1024890190336749,300000000,1.0,0.1398514851485148,0.1039531478770131,0.1248169838945827,1,False,0
0,ep_24abcd489982eda36e82,107,8,0.104579207920792,0.1026720351390922,300000000,1.0,0.1468646864686468,0.1037701317715959,0.1248169838945827,1,False,0
0,ep_24abcd489982eda36e82,108,9,0.1097359735973597,0.1023060029282576,300000000,1.0,0.1577970297029703,0.1035871156661786,0.1248169838945827,1,False,0
0,ep_24abcd489982eda36e82,109,9,0.1076732673267326,0.103221083455344,300000000,1.0,0.1662541254125412,0.1039531478770131,0.1248169838945827,1,False,0
0,ep_24abcd489982eda36e82,110,9,0.1001443894389439,0.1017569546120058,300000000,1.0,0.1503712871287128,0.1023060029282576,0.1248169838945827,1,False,0
0,ep_24abcd489982eda36e82,111,9,0.1023102310231023,0.1026720351390922,300000000,1.0,0.1478960396039604,0.1035871156661786,0.1248169838945827,1,False,0
0,ep_24abcd489982eda36e82,112,9,0.1091171617161716,0.1026720351390922,300000000,1.0,0.1613036303630363,0.1037701317715959,0.1248169838945827,1,False,0
0,ep_24abcd489982eda36e82,113,9,0.1036509900990099,0.1037701317715959,300000000,1.0,0.1670792079207921,0.1039531478770131,0.1248169838945827,1,False,0
0,ep_24abcd489982eda36e82,114,9,0.1062293729372937,0.1026720351390922,300000000,1.0,0.1588283828382838,0.1041361639824304,0.1248169838945827,1,False,0
0,ep_24abcd489982eda36e82,115,9,0.1035478547854785,0.1023060029282576,300000000,1.0,0.1505775577557755,0.103221083455344,0.1248169838945827,1,False,0
0,ep_24abcd489982eda36e82,116,9,0.1014851485148514,0.1023060029282576,300000000,1.0,0.153052805280528,0.1034040995607613,0.1248169838945827,1,False,0
0,ep_24abcd489982eda36e82,117,9,0.1020008250825082,0.1023060029282576,300000000,1.0,0.1406765676567656,0.1035871156661786,0.1248169838945827,1,False,0
0,ep_24abcd489982eda36e82,118,9,0.1105610561056105,0.103221083455344,300000000,1.0,0.1470709570957095,0.1046852122986822,0.1248169838945827,1,False,0
0,ep_24abcd489982eda36e82,119,9,0.1037541254125412,0.1017569546120058,300000000,1.0,0.1507838283828383,0.1026720351390922,0.1248169838945827,1,False,0
0,ep_24abcd489982eda36e82,120,10,0.1101485148514851,0.103221083455344,300000000,1.0,0.1608910891089109,0.1039531478770131,0.1248169838945827,1,False,0
0,ep_24abcd489982eda36e82,121,10,0.108085808580858,0.1030380673499267,300000000,1.0,0.16006600660066,0.1041361639824304,0.1248169838945827,1,False,0
0,ep_24abcd489982eda36e82,122,10,0.0965346534653465,0.1021229868228404,300000000,1.0,0.1421204620462046,0.1028550512445095,0.1248169838945827,1,False,0
0,ep_24abcd489982eda36e82,123,10,0.1029290429042904,0.1026720351390922,300000000,1.0,0.149546204620462,0.1039531478770131,0.1248169838945827,1,False,0
0,ep_24abcd489982eda36e82,124,10,0.0992161716171617,0.1023060029282576,300000000,1.0,0.1408828382838284,0.1037701317715959,0.1248169838945827,1,False,0
0,ep_24abcd489982eda36e82,125,10,0.0952970297029703,0.1024890190336749,300000000,1.0,0.1311881188118812,0.1039531478770131,0.1248169838945827,1,False,0
0,ep_24abcd489982eda36e82,126,10,0.1022070957095709,0.1024890190336749,300000000,1.0,0.1454207920792079,0.1037701317715959,0.1248169838945827,1,False,0
0,ep_24abcd489982eda36e82,127,10,0.0931311881188118,0.1035871156661786,300000000,1.0,0.1326320132013201,0.1039531478770131,0.1248169838945827,1,False,0
0,ep_24abcd489982eda36e82,128,10,0.0867367986798679,0.1017569546120058,300000000,1.0,0.121493399339934,0.1024890190336749,0.1248169838945827,1,False,0
0,ep_24abcd489982eda36e82,129,10,0.0764232673267326,0.1015739385065885,300000000,1.0,0.1091171617161716,0.1019399707174231,0.1248169838945827,1,False,0
0,ep_24abcd489982eda36e82,130,10,0.0946782178217821,0.1023060029282576,300000000,1.0,0.14253300330033,0.1034040995607613,0.1248169838945827,1,False,0
0,ep_24abcd489982eda36e82,131,10,0.0926155115511551,0.1023060029282576,300000000,1.0,0.139026402640264,0.1035871156661786,0.1248169838945827,1,False,0
0,ep_24abcd489982eda36e82,132,11,0.0934405940594059,0.1034040995607613,300000000,1.0,0.135519801980198,0.1037701317715959,0.1248169838945827,1,False,0
0,ep_24abcd489982eda36e82,133,11,0.1024133663366336,0.103221083455344,300000000,1.0,0.1415016501650165,0.1037701317715959,0.1248169838945827,1,False,0
0,ep_24abcd489982eda36e82,134,11,0.1056105610561056,0.1023060029282576,300000000,1.0,0.1445957095709571,0.1035871156661786,0.1248169838945827,1,False,0
0,ep_24abcd489982eda36e82,135,11,0.1029290429042904,0.1017569546120058,300000000,1.0,0.1456270627062706,0.1026720351390922,0.1248169838945827,1,False,0
0,ep_24abcd489982eda36e82,136,11,0.1000412541254125,0.1026720351390922,300000000,1.0,0.1396452145214521,0.1035871156661786,0.1248169838945827,1,False,0
0,ep_24abcd489982eda36e82,137,11,0.1064356435643564,0.1035871156661786,300000000,1.0,0.141089108910891,0.1039531478770131,0.1248169838945827,1,False,0
0,ep_24abcd489982eda36e82,138,11,0.0956064356435643,0.1034040995607613,300000000,1.0,0.1464521452145214,0.1039531478770131,0.1248169838945827,1,False,0
0,ep_24abcd489982eda36e82,139,11,0.111592409240924,0.1028550512445095,300000000,1.0,0.1441831683168316,0.1037701317715959,0.1248169838945827,1,False,0
0,ep_24abcd489982eda36e82,140,11,0.1157178217821782,0.1024890190336749,300000000,1.0,0.1606848184818481,0.1035871156661786,0.1248169838945827,1,False,0
0,ep_24abcd489982eda36e82,141,11,0.1132425742574257,0.1024890190336749,300000000,1.0,0.163572607260726,0.1035871156661786,0.1248169838945827,1,False,0
0,ep_24abcd489982eda36e82,142,11,0.1150990099009901,0.1030380673499267,300000000,1.0,0.1501650165016501,0.1037701317715959,0.1248169838945827,1,False,0
0,ep_24abcd489982eda36e82,143,11,0.116542904290429,0.1028550512445095,300000000,1.0,0.1633663366336633,0.1037701317715959,0.1248169838945827,1,False,0
0,ep_24abcd489982eda36e82,144,12,0.1219059405940594,0.1028550512445095,300000000,1.0,0.1712046204620462,0.1039531478770131,0.1248169838945827,1,False,0
0,ep_24abcd489982eda36e82,145,12,0.1260313531353135,0.1034040995607613,300000000,1.0,0.1707920792079208,0.1041361639824304,0.1248169838945827,1,False,0
0,ep_24abcd489982eda36e82,146,12,0.0996287128712871,0.1013909224011713,300000000,1.0,0.2289603960396039,0.1046852122986822,0.1248169838945827,1,False,0
0,ep_24abcd489982eda36e82,147,12,0.0997318481848184,0.101207906295754,300000000,1.0,0.1454207920792079,0.1030380673499267,0.1248169838945827,1,False,0
0,ep_24abcd489982eda36e82,148,12,0.109529702970297,0.1037701317715959,300000000,1.0,0.1518151815181518,0.1041361639824304,0.1248169838945827,1,False,0
0,ep_24abcd489982eda36e82,149,12,0.1044760726072607,0.1026720351390922,300000000,1.0,0.1559405940594059,0.1035871156661786,0.1248169838945827,1,False,0
0,ep_24abcd489982eda36e82,150,12,0.1124174917491749,0.1026720351390922,300000000,1.0,0.1625412541254125,0.1037701317715959,0.1248169838945827,1,False,0
0,ep_24abcd489982eda36e82,151,12,0.1142739273927392,0.1028550512445095,300000000,1.0,0.149546204620462,0.1039531478770131,0.1248169838945827,1,False,0
0,ep_24abcd489982eda36e82,152,12,0.1113861386138613,0.1024890190336749,300000000,1.0,0.1577970297029703,0.1037701317715959,0.1248169838945827,1,False,0
0,ep_24abcd489982eda36e82,153,12,0.1120049504950495,0.103221083455344,300000000,1.0,0.1602722772277227,0.1041361639824304,0.1248169838945827,1,False,0
0,ep_24abcd489982eda36e82,154,12,0.1153052805280528,0.1030380673499267,300000000,1.0,0.1709983498349835,0.1041361639824304,0.1248169838945827,1,False,0
0,ep_24abcd489982eda36e82,155,12,0.1043729372937293,0.1026720351390922,300000000,1.0,0.1491336633663366,0.1039531478770131,0.1248169838945827,1,False,0
0,ep_24abcd489982eda36e82,156,13,0.1022070957095709,0.1030380673499267,300000000,1.0,0.1571782178217821,0.1041361639824304,0.1248169838945827,1,False,0
0,ep_24abcd489982eda36e82,157,13,0.0959158415841584,0.1026720351390922,300000000,1.0,0.1602722772277227,0.1037701317715959,0.1248169838945827,1,False,0
0,ep_24abcd489982eda36e82,158,13,0.1099422442244224,0.1030380673499267,300000000,1.0,0.1377887788778878,0.1039531478770131,0.1248169838945827,1,False,0
0,ep_24abcd489982eda36e82,159,13,0.1036509900990099,0.1023060029282576,300000000,1.0,0.1402640264026402,0.1035871156661786,0.1248169838945827,1,False,0
0,ep_24abcd489982eda36e82,160,13,0.1111798679867986,0.1035871156661786,300000000,1.0,0.1528465346534653,0.1041361639824304,0.1248169838945827,1,False,0
0,ep_24abcd489982eda36e82,161,13,0.1058168316831683,0.1023060029282576,300000000,1.0,0.1637788778877887,0.1041361639824304,0.1248169838945827,1,False,0
0,ep_24abcd489982eda36e82,162,13,0.1022070957095709,0.103221083455344,300000000,1.0,0.1761551155115511,0.1039531478770131,0.1248169838945827,1,False,0
0,ep_24abcd489982eda36e82,163,13,0.1140676567656765,0.1028550512445095,300000000,1.0,0.1631600660066006,0.1037701317715959,0.1248169838945827,1,False,0
0,ep_24abcd489982eda36e82,164,13,0.1146864686468646,0.103221083455344,300000000,1.0,0.1627475247524752,0.1041361639824304,0.1248169838945827,1,False,0
0,ep_24abcd489982eda36e82,165,13,0.1144801980198019,0.1024890190336749,300000000,1.0,0.1571782178217821,0.1037701317715959,0.1248169838945827,1,False,0
0,ep_24abcd489982eda36e82,166,13,0.1287128712871287,0.103221083455344,300000000,1.0,0.165016501650165,0.1041361639824304,0.1248169838945827,1,False,0
0,ep_24abcd489982eda36e82,167,13,0.1210808580858085,0.1026720351390922,300000000,1.0,0.1668729372937293,0.1041361639824304,0.1248169838945827,1,False,0
0,ep_24abcd489982eda36e82,168,14,0.1309818481848184,0.103221083455344,300000000,1.0,0.1705858085808581,0.1041361639824304,0.1248169838945827,1,False,0
0,ep_24abcd489982eda36e82,169,14,0.1134488448844884,0.1021229868228404,300000000,1.0,0.1660478547854785,0.1028550512445095,0.1248169838945827,1,False,0
0,ep_24abcd489982eda36e82,170,14,0.1186056105610561,0.1034040995607613,300000000,1.0,0.1660478547854785,0.1041361639824304,0.1248169838945827,1,False,0
0,ep_24abcd489982eda36e82,171,14,0.1150990099009901,0.1030380673499267,300000000,1.0,0.16006600660066,0.1041361639824304,0.1248169838945827,1,False,0
0,ep_24abcd489982eda36e82,172,14,0.1150990099009901,0.1030380673499267,300000000,1.0,0.1674917491749175,0.1041361639824304,0.1248169838945827,1,False,0
0,ep_24abcd489982eda36e82,173,14,0.113036303630363,0.1024890190336749,300000000,1.0,0.1540841584158415,0.1035871156661786,0.1248169838945827,1,False,0
0,ep_24abcd489982eda36e82,174,14,0.1148927392739273,0.1030380673499267,300000000,1.0,0.1728547854785478,0.1039531478770131,0.1248169838945827,1,False,0
0,ep_24abcd489982eda36e82,175,14,0.1140676567656765,0.1023060029282576,300000000,1.0,0.1623349834983498,0.1034040995607613,0.1248169838945827,1,False,0
0,ep_24abcd489982eda36e82,176,14,0.1204620462046204,0.1030380673499267,300000000,1.0,0.1728547854785478,0.1041361639824304,0.1248169838945827,1,False,0
0,ep_24abcd489982eda36e82,177,14,0.1009694719471947,0.1021229868228404,300000000,1.0,0.1408828382838284,0.1028550512445095,0.1248169838945827,1,False,0
0,ep_24abcd489982eda36e82,178,14,0.1047854785478547,0.103221083455344,300000000,1.0,0.1445957095709571,0.1039531478770131,0.1248169838945827,1,False,0
0,ep_24abcd489982eda36e82,179,14,0.0936468646864686,0.0991947291361639,300000000,1.0,0.1522277227722772,0.1039531478770131,0.1248169838945827,1,False,0
0,ep_24abcd489982eda36e82,180,15,0.101072607260726,0.1017569546120058,300000000,1.0,0.1629537953795379,0.1030380673499267,0.1248169838945827,1,False,0
0,ep_24abcd489982eda36e82,181,15,0.1153052805280528,0.1030380673499267,300000000,1.0,0.2108085808580858,0.1035871156661786,0.1248169838945827,1,False,0
0,ep_24abcd489982eda36e82,182,15,0.1117986798679868,0.1028550512445095,300000000,1.0,0.1656353135313531,0.1041361639824304,0.1248169838945827,1,False,0
0,ep_24abcd489982eda36e82,183,15,0.1016914191419142,0.1021229868228404,300000000,1.0,0.1617161716171617,0.103221083455344,0.1248169838945827,1,False,0
0,ep_24abcd489982eda36e82,184,15,0.1099422442244224,0.1035871156661786,300000000,1.0,0.1491336633663366,0.1041361639824304,0.1248169838945827,1,False,0
0,ep_24abcd489982eda36e82,185,15,0.1001443894389439,0.1021229868228404,300000000,1.0,0.1507838283828383,0.1037701317715959,0.1248169838945827,1,False,0
0,ep_24abcd489982eda36e82,186,15,0.1101485148514851,0.1026720351390922,300000000,1.0,0.1778052805280528,0.1039531478770131,0.1248169838945827,1,False,0
0,ep_24abcd489982eda36e82,187,15,0.1231435643564356,0.1026720351390922,300000000,1.0,0.1691419141914191,0.1039531478770131,0.1248169838945827,1,False,0
0,ep_24abcd489982eda36e82,188,15,0.1159240924092409,0.1023060029282576,300000000,1.0,0.1701732673267326,0.1039531478770131,0.1248169838945827,1,False,0
0,ep_24abcd489982eda36e82,189,15,0.1058168316831683,0.1035871156661786,300000000,1.0,0.1466584158415841,0.1041361639824304,0.1248169838945827,1,False,0
0,ep_24abcd489982eda36e82,190,15,0.0966377887788778,0.1015739385065885,300000000,1.0,0.1497524752475247,0.1041361639824304,0.1248169838945827,1,False,0
0,ep_24abcd489982eda36e82,191,15,0.1021039603960396,0.1028550512445095,300000000,1.0,0.1485148514851485,0.1039531478770131,0.1248169838945827,1,False,0
0,ep_24abcd489982eda36e82,192,16,0.1046823432343234,0.1019399707174231,300000000,1.0,0.1619224422442244,0.1039531478770131,0.1248169838945827,1,False,0
0,ep_24abcd489982eda36e82,193,16,0.0957095709570957,0.1019399707174231,300000000,1.0,0.130569306930693,0.1023060029282576,0.1248169838945827,1,False,0
0,ep_24abcd489982eda36e82,194,16,0.1082920792079207,0.1026720351390922,300000000,1.0,0.1470709570957095,0.1037701317715959,0.1248169838945827,1,False,0
0,ep_24abcd489982eda36e82,195,16,0.116542904290429,0.1030380673499267,300000000,1.0,0.201526402640264,0.1043191800878477,0.1248169838945827,1,False,0
0,ep_24abcd489982eda36e82,196,16,0.1231435643564356,0.1028550512445095,300000000,1.0,0.1912128712871287,0.1041361639824304,0.1248169838945827,1,False,0
0,ep_24abcd489982eda36e82,197,16,0.1183993399339934,0.1026720351390922,300000000,1.0,0.1658415841584158,0.1037701317715959,0.1248169838945827,1,False,0
0,ep_24abcd489982eda36e82,198,16,0.1262376237623762,0.1023060029282576,300000000,1.0,0.1782178217821782,0.1041361639824304,0.1248169838945827,1,False,0
0,ep_24abcd489982eda36e82,199,16,0.108085808580858,0.1026720351390922,300000000,1.0,0.1606848184818481,0.1039531478770131,0.1248169838945827,1,False,0
0,ep_24abcd489982eda36e82,200,16,0.0976691419141914,0.1023060029282576,300000000,1.0,0.146039603960396,0.1041361639824304,0.1248169838945827,1,False,0
0,ep_24abcd489982eda36e82,201,16,0.0933374587458745,0.1019399707174231,300000000,1.0,0.1412953795379538,0.1037701317715959,0.1248169838945827,1,False,0
0,ep_24abcd489982eda36e82,202,16,0.0963283828382838,0.1030380673499267,300000000,1.0,0.1448019801980198,0.1041361639824304,0.1248169838945827,1,False,0
0,ep_24abcd489982eda36e82,203,16,0.0857054455445544,0.1023060029282576,300000000,1.0,0.1291254125412541,0.1037701317715959,0.1248169838945827,1,False,0
0,ep_24abcd489982eda36e82,204,17,0.0977722772277227,0.1030380673499267,300000000,1.0,0.1313943894389438,0.1041361639824304,0.1248169838945827,1,False,0
0,ep_24abcd489982eda36e82,205,17,0.0929249174917491,0.1026720351390922,300000000,1.0,0.1316006600660066,0.1039531478770131,0.1248169838945827,1,False,0
0,ep_24abcd489982eda36e82,206,17,0.0978754125412541,0.1030380673499267,300000000,1.0,0.1400577557755775,0.1041361639824304,0.1248169838945827,1,False,0
0,ep_24abcd489982eda36e82,207,17,0.0954001650165016,0.1015739385065885,300000000,1.0,0.1534653465346534,0.1026720351390922,0.1248169838945827,1,False,0
0,ep_24abcd489982eda36e82,208,17,0.0983910891089109,0.1028550512445095,300000000,1.0,0.1431518151815181,0.1039531478770131,0.1248169838945827,1,False,0
0,ep_24abcd489982eda36e82,209,17,0.0967409240924092,0.1023060029282576,300000000,1.0,0.1648102310231023,0.1039531478770131,0.1248169838945827,1,False,0
0,ep_24abcd489982eda36e82,210,17,0.1070544554455445,0.1028550512445095,300000000,1.0,0.1501650165016501,0.1039531478770131,0.1248169838945827,1,False,0
0,ep_24abcd489982eda36e82,211,17,0.0970503300330033,0.1015739385065885,300000000,1.0,0.1588283828382838,0.1024890190336749,0.1248169838945827,1,False,0
0,ep_24abcd489982eda36e82,212,17,0.1005569306930693,0.1034040995607613,300000000,1.0,0.1544966996699669,0.1041361639824304,0.1248169838945827,1,False,0
0,ep_24abcd489982eda36e82,213,17,0.0861179867986798,0.1030380673499267,300000000,1.0,0.1365511551155115,0.1039531478770131,0.1248169838945827,1,False,0
0,ep_24abcd489982eda36e82,214,17,0.1097359735973597,0.1021229868228404,300000000,1.0,0.1844059405940594,0.1041361639824304,0.1248169838945827,1,False,0
0,ep_24abcd489982eda36e82,215,17,0.0999381188118812,0.1017569546120058,300000000,1.0,0.1505775577557755,0.1024890190336749,0.1248169838945827,1,False,0
0,ep_24abcd489982eda36e82,216,18,0.100763201320132,0.1023060029282576,300000000,1.0,0.1507838283828383,0.1035871156661786,0.1248169838945827,1,False,0
0,ep_24abcd489982eda36e82,217,18,0.0948844884488448,0.1017569546120058,300000000,1.0,0.1351072607260726,0.1030380673499267,0.1248169838945827,1,False,0
0,ep_24abcd489982eda36e82,218,18,0.1037541254125412,0.1035871156661786,300000000,1.0,0.1538778877887788,0.1041361639824304,0.1248169838945827,1,False,0
0,ep_24abcd489982eda36e82,219,18,0.0963283828382838,0.1021229868228404,300000000,1.0,0.1534653465346534,0.1039531478770131,0.1248169838945827,1,False,0
0,ep_24abcd489982eda36e82,220,18,0.0957095709570957,0.0966325036603221,300000000,1.0,0.1674917491749175,0.103221083455344,0.1248169838945827,1,False,0
0,ep_24abcd489982eda36e82,221,18,0.0858085808580858,0.0876647144948755,300000000,1.0,0.1280940594059406,0.0955344070278184,0.1248169838945827,1,False,0
0,ep_24abcd489982eda36e82,222,18,0.0983910891089109,0.1013909224011713,300000000,1.0,0.1448019801980198,0.1030380673499267,0.1248169838945827,1,False,0
0,ep_24abcd489982eda36e82,223,18,0.1126237623762376,0.1017569546120058,300000000,1.0,0.1697607260726072,0.1037701317715959,0.1248169838945827,1,False,0
0,ep_24abcd489982eda36e82,224,18,0.1076732673267326,0.1021229868228404,300000000,1.0,0.1811056105610561,0.1037701317715959,0.1248169838945827,1,False,0
0,ep_24abcd489982eda36e82,225,18,0.1003506600660066,0.1019399707174231,300000000,1.0,0.1450082508250825,0.1037701317715959,0.1248169838945827,1,False,0
0,ep_24abcd489982eda36e82,226,18,0.0944719471947194,0.1023060029282576,300000000,1.0,0.1346947194719472,0.1039531478770131,0.1248169838945827,1,False,0
0,ep_24abcd489982eda36e82,227,18,0.0995255775577557,0.1023060029282576,300000000,1.0,0.1524339933993399,0.1039531478770131,0.1248169838945827,1,False,0
0,ep_24abcd489982eda36e82,228,19,0.1008663366336633,0.1024890190336749,300000000,1.0,0.1747112211221122,0.1041361639824304,0.1248169838945827,1,False,0
0,ep_24abcd489982eda36e82,229,19,0.0908622112211221,0.1017569546120058,300000000,1.0,0.1641914191419141,0.1041361639824304,0.1248169838945827,1,False,0
0,ep_24abcd489982eda36e82,230,19,0.0959158415841584,0.1021229868228404,300000000,1.0,0.1621287128712871,0.1041361639824304,0.1248169838945827,1,False,0
0,ep_24abcd489982eda36e82,231,19,0.0994224422442244,0.1017569546120058,300000000,1.0,0.1520214521452145,0.1041361639824304,0.1248169838945827,1,False,0
0,ep_24abcd489982eda36e82,232,19,0.0850866336633663,0.1017569546120058,300000000,1.0,0.1563531353135313,0.1037701317715959,0.1248169838945827,1,False,0
0,ep_24abcd489982eda36e82,233,19,0.101072607260726,0.1010248901903367,300000000,1.0,0.1524339933993399,0.1039531478770131,0.1248169838945827,1,False,0
0,ep_24abcd489982eda36e82,234,19,0.0883869636963696,0.1013909224011713,300000000,1.0,0.1478960396039604,0.1041361639824304,0.1248169838945827,1,False,0
0,ep_24abcd489982eda36e82,235,19,0.0873556105610561,0.1010248901903367,300000000,1.0,0.1431518151815181,0.1039531478770131,0.1248169838945827,1,False,0
0,ep_24abcd489982eda36e82,236,19,0.1047854785478547,0.1021229868228404,300000000,1.0,0.1879125412541254,0.1039531478770131,0.1248169838945827,1,False,0
0,ep_24abcd489982eda36e82,237,19,0.0968440594059406,0.1015739385065885,300000000,1.0,0.1586221122112211,0.1041361639824304,0.1248169838945827,1,False,0
0,ep_24abcd489982eda36e82,238,19,0.0776608910891089,0.1017569546120058,300000000,1.0,0.1474834983498349,0.1041361639824304,0.1248169838945827,1,False,0
0,ep_24abcd489982eda36e82,239,19,0.090552805280528,0.1019399707174231,300000000,1.0,0.1996699669966996,0.1037701317715959,0.1248169838945827,1,False,0
0,ep_24abcd489982eda36e82,240,20,0.1082920792079207,0.1023060029282576,300000000,1.0,0.1563531353135313,0.1041361639824304,0.1248169838945827,1,False,0
0,ep_24abcd489982eda36e82,241,20,0.1039603960396039,0.1021229868228404,300000000,1.0,0.1536716171617161,0.1039531478770131,0.1248169838945827,1,False,0
0,ep_24abcd489982eda36e82,242,20,0.1089108910891089,0.1026720351390922,300000000,1.0,0.1569719471947194,0.1041361639824304,0.1248169838945827,1,False,0
0,ep_24abcd489982eda36e82,243,20,0.111592409240924,0.1019399707174231,300000000,1.0,0.1951320132013201,0.1041361639824304,0.1248169838945827,1,False,0
0,ep_24abcd489982eda36e82,244,20,0.1177805280528052,0.1026720351390922,300000000,1.0,0.1914191419141914,0.1039531478770131,0.1248169838945827,1,False,0
0,ep_24abcd489982eda36e82,245,20,0.1254125412541254,0.1026720351390922,300000000,1.0,0.201526402640264,0.1041361639824304,0.1248169838945827,1,False,0
0,ep_24abcd489982eda36e82,246,20,0.1241749174917491,0.1013909224011713,300000000,1.0,0.2017326732673267,0.1041361639824304,0.1248169838945827,1,False,0
0,ep_24abcd489982eda36e82,247,20,0.1020008250825082,0.1015739385065885,300000000,1.0,0.1672854785478547,0.1039531478770131,0.1248169838945827,1,False,0
0,ep_24abcd489982eda36e82,248,20,0.1017945544554455,0.1010248901903367,300000000,1.0,0.1559405940594059,0.1028550512445095,0.1248169838945827,1,False,0
0,ep_24abcd489982eda36e82,249,20,0.0962252475247524,0.1015739385065885,300000000,1.0,0.1493399339933993,0.1041361639824304,0.1248169838945827,1,False,0
0,ep_24abcd489982eda36e82,250,20,0.0933374587458745,0.1023060029282576,300000000,1.0,0.1291254125412541,0.1041361639824304,0.1248169838945827,1,False,0
0,ep_24abcd489982eda36e82,251,20,0.1006600660066006,0.097913616398243,300000000,1.0,0.1536716171617161,0.1041361639824304,0.1248169838945827,1,False,0
0,ep_24abcd489982eda36e82,252,21,0.1048886138613861,0.1021229868228404,300000000,1.0,0.1613036303630363,0.1041361639824304,0.1248169838945827,1,False,0
0,ep_24abcd489982eda36e82,253,21,0.1082920792079207,0.1023060029282576,300000000,1.0,0.1707920792079208,0.1041361639824304,0.1248169838945827,1,False,0
0,ep_24abcd489982eda36e82,254,21,0.0860148514851485,0.1017569546120058,300000000,1.0,0.1662541254125412,0.1041361639824304,0.1248169838945827,1,False,0
0,ep_24abcd489982eda36e82,255,21,0.0962252475247524,0.1013909224011713,300000000,1.0,0.1623349834983498,0.1041361639824304,0.1248169838945827,1,False,0
0,ep_24abcd489982eda36e82,256,21,0.101072607260726,0.1024890190336749,300000000,1.0,0.1637788778877887,0.1041361639824304,0.1248169838945827,1,False,0
0,ep_24abcd489982eda36e82,257,21,0.0997318481848184,0.1015739385065885,300000000,1.0,0.1526402640264026,0.1039531478770131,0.1248169838945827,1,False,0
0,ep_24abcd489982eda36e82,258,21,0.0998349834983498,0.1024890190336749,300000000,1.0,0.1456270627062706,0.1039531478770131,0.1248169838945827,1,False,0
0,ep_24abcd489982eda36e82,259,21,0.0959158415841584,0.1023060029282576,300000000,1.0,0.1379950495049505,0.1041361639824304,0.1248169838945827,1,False,0
0,ep_24abcd489982eda36e82,260,21,0.0942656765676567,0.0997437774524158,300000000,1.0,0.1456270627062706,0.1041361639824304,0.1248169838945827,1,False,0
0,ep_24abcd489982eda36e82,261,21,0.0933374587458745,0.1015739385065885,300000000,1.0,0.1794554455445544,0.1041361639824304,0.1248169838945827,1,False,0
0,ep_24abcd489982eda36e82,262,21,0.0989067656765676,0.1023060029282576,300000000,1.0,0.1532590759075907,0.1041361639824304,0.1248169838945827,1,False,0
0,ep_24abcd489982eda36e82,263,21,0.1033415841584158,0.0964494875549048,300000000,1.0,0.1489273927392739,0.1028550512445095,0.1248169838945827,1,False,0
0,ep_24abcd489982eda36e82,264,22,0.1036509900990099,0.1019399707174231,300000000,1.0,0.139026402640264,0.1041361639824304,0.1248169838945827,1,False,0
0,ep_24abcd489982eda36e82,265,22,0.1105610561056105,0.1019399707174231,300000000,1.0,0.1689356435643564,0.1041361639824304,0.1248169838945827,1,False,0
0,ep_24abcd489982eda36e82,266,22,0.0805486798679868,0.0997437774524158,300000000,1.0,0.1526402640264026,0.1039531478770131,0.1248169838945827,1,False,0
0,ep_24abcd489982eda36e82,267,22,0.1051980198019802,0.1026720351390922,300000000,1.0,0.1666666666666666,0.1041361639824304,0.1248169838945827,1,False,0
0,ep_24abcd489982eda36e82,268,22,0.1043729372937293,0.1019399707174231,300000000,1.0,0.1511963696369637,0.1041361639824304,0.1248169838945827,1,False,0
0,ep_24abcd489982eda36e82,269,22,0.1037541254125412,0.0986456808199121,300000000,1.0,0.163572607260726,0.1041361639824304,0.1248169838945827,1,False,0
0,ep_24abcd489982eda36e82,270,22,0.1000412541254125,0.1023060029282576,300000000,1.0,0.1468646864686468,0.1041361639824304,0.1248169838945827,1,False,0
0,ep_24abcd489982eda36e82,271,22,0.1054042904290429,0.1021229868228404,300000000,1.0,0.1716171617161716,0.1039531478770131,0.1248169838945827,1,False,0
0,ep_24abcd489982eda36e82,272,22,0.102825907590759,0.1026720351390922,300000000,1.0,0.1522277227722772,0.1041361639824304,0.1248169838945827,1,False,0
0,ep_24abcd489982eda36e82,273,22,0.1031353135313531,0.101207906295754,300000000,1.0,0.1452145214521452,0.1041361639824304,0.1248169838945827,1,False,0
0,ep_24abcd489982eda36e82,274,22,0.1015882838283828,0.1026720351390922,300000000,1.0,0.1476897689768977,0.1041361639824304,0.1248169838945827,1,False,0
0,ep_24abcd489982eda36e82,275,22,0.1012788778877887,0.1013909224011713,300000000,1.0,0.1528465346534653,0.1039531478770131,0.1248169838945827,1,False,0
0,ep_24abcd489982eda36e82,276,23,0.0906559405940594,0.1021229868228404,300000000,1.0,0.1439768976897689,0.1037701317715959,0.1248169838945827,1,False,0
0,ep_24abcd489982eda36e82,277,23,0.1014851485148514,0.1026720351390922,300000000,1.0,0.1514026402640264,0.1041361639824304,0.1248169838945827,1,False,0
0,ep_24abcd489982eda36e82,278,23,0.095812706270627,0.1019399707174231,300000000,1.0,0.1427392739273927,0.1041361639824304,0.1248169838945827,1,False,0
0,ep_24abcd489982eda36e82,279,23,0.0889026402640264,0.1017569546120058,300000000,1.0,0.1373762376237624,0.1041361639824304,0.1248169838945827,1,False,0
0,ep_24abcd489982eda36e82,280,23,0.0950907590759076,0.1023060029282576,300000000,1.0,0.1625412541254125,0.1041361639824304,0.1248169838945827,1,False,0
0,ep_24abcd489982eda36e82,281,23,0.0949876237623762,0.1008418740849194,300000000,1.0,0.1555280528052805,0.1028550512445095,0.1248169838945827,1,False,0
0,ep_24abcd489982eda36e82,282,23,0.1070544554455445,0.1026720351390922,300000000,1.0,0.1709983498349835,0.1041361639824304,0.1248169838945827,1,False,0
0,ep_24abcd489982eda36e82,283,23,0.1113861386138613,0.1024890190336749,300000000,1.0,0.1619224422442244,0.1041361639824304,0.1248169838945827,1,False,0
0,ep_24abcd489982eda36e82,284,23,0.1126237623762376,0.1015739385065885,300000000,1.0,0.1633663366336633,0.1039531478770131,0.1248169838945827,1,False,0
0,ep_24abcd489982eda36e82,285,23,0.1150990099009901,0.1019399707174231,300000000,1.0,0.1707920792079208,0.1041361639824304,0.1248169838945827,1,False,0
0,ep_24abcd489982eda36e82,286,23,0.1113861386138613,0.1021229868228404,300000000,1.0,0.183993399339934,0.1041361639824304,0.1248169838945827,1,False,0
0,ep_24abcd489982eda36e82,287,23,0.1087046204620462,0.1008418740849194,300000000,1.0,0.1672854785478547,0.1034040995607613,0.1248169838945827,1,False,0
0,ep_2622666398e4a6b7bf48,99,8,0.2396864686468647,0.0184159956076134,265000000,0.8833333333333333,0.3650990099009901,0.0207036969253294,0.0345442898975109,1,False,0
0,ep_2622666398e4a6b7bf48,100,8,0.2834158415841584,0.0203834187408491,300000000,1.0,0.3778877887788779,0.0212527452415812,0.0345442898975109,1,False,0
0,ep_2622666398e4a6b7bf48,101,8,0.2871287128712871,0.0213442532942899,300000000,1.0,0.3865511551155115,0.0221678257686676,0.0345442898975109,1,False,0
0,ep_2622666398e4a6b7bf48,102,8,0.2821782178217821,0.0226253660322108,300000000,1.0,0.4067656765676568,0.0229913982430453,0.0345442898975109,1,False,0
0,ep_2622666398e4a6b7bf48,103,8,0.2834158415841584,0.0230600292825768,300000000,1.0,0.3968646864686468,0.0233803074670571,0.0345442898975109,1,False,0
0,ep_2622666398e4a6b7bf48,104,8,0.2875412541254125,0.0231057833089311,300000000,1.0,0.3997524752475248,0.0233574304538799,0.0345442898975109,1,False,0
0,ep_2622666398e4a6b7bf48,105,8,0.2821782178217821,0.0232430453879941,300000000,1.0,0.3989273927392739,0.02351756954612,0.0345442898975109,1,False,0
0,ep_2622666398e4a6b7bf48,106,8,0.2846534653465346,0.0232430453879941,300000000,1.0,0.4092409240924092,0.0236090775988286,0.0345442898975109,1,False,0
0,ep_2622666398e4a6b7bf48,107,8,0.2863036303630363,0.0232659224011713,300000000,1.0,0.3972772277227723,0.0235633235724743,0.0345442898975109,1,False,0
0,ep_2622666398e4a6b7bf48,108,9,0.2875412541254125,0.0232887994143484,300000000,1.0,0.4034653465346535,0.0235633235724743,0.0345442898975109,1,False,0
0,ep_2622666398e4a6b7bf48,109,9,0.2792904290429043,0.0233345534407027,300000000,1.0,0.4051155115511551,0.0236090775988286,0.0345442898975109,1,False,0
0,ep_2622666398e4a6b7bf48,110,9,0.2834158415841584,0.0234260614934114,300000000,1.0,0.3989273927392739,0.0237463396778916,0.0345442898975109,1,False,0
0,ep_2622666398e4a6b7bf48,111,9,0.2871287128712871,0.0234260614934114,300000000,1.0,0.4063531353135313,0.0237463396778916,0.0345442898975109,1,False,0
0,ep_2622666398e4a6b7bf48,112,9,0.2586633663366336,0.0234718155197657,300000000,1.0,0.4071782178217821,0.0241581259150805,0.0345442898975109,1,False,0
0,ep_2622666398e4a6b7bf48,113,9,0.2746815729950919,0.0230314590730957,281244391,0.9374813033333332,0.3985148514851485,0.0237005856515373,0.0345442898975109,3,False,0
0,ep_27c14c34e9d530224762,49,4,0.0016114892739273,0.0006262582357247,7000000,0.0233333333333333,0.0063041460396039,0.0012010431918008,0.0345442898975109,1,False,0
0,ep_27c14c34e9d530224762,50,4,0.2607260726072607,0.0193081991215226,300000000,1.0,0.375,0.0212756222547584,0.0345442898975109,1,False,0
0,ep_27c14c34e9d530224762,51,4,0.264026402640264,0.0218246705710102,300000000,1.0,0.3853135313531353,0.0234718155197657,0.0345442898975109,1,False,0
0,ep_27c14c34e9d530224762,52,4,0.275990099009901,0.0237005856515373,300000000,1.0,0.4092409240924092,0.0242953879941434,0.0345442898975109,1,False,0
0,ep_27c14c34e9d530224762,53,4,0.278052805280528,0.0241123718887262,300000000,1.0,0.4026402640264026,0.0244784040995607,0.0345442898975109,1,False,0
0,ep_27c14c34e9d530224762,54,4,0.2879537953795379,0.0243411420204978,300000000,1.0,0.3985148514851485,0.0245699121522694,0.0345442898975109,1,False,0
0,ep_27c14c34e9d530224762,55,4,0.2813531353135313,0.0243411420204978,300000000,1.0,0.41006600660066,0.0247529282576866,0.0345442898975109,1,False,0
0,ep_27c14c34e9d530224762,56,4,0.28506600660066,0.0243868960468521,300000000,1.0,0.4088283828382838,0.0247529282576866,0.0345442898975109,1,False,0
0,ep_27c14c34e9d530224762,57,4,0.2982673267326732,0.0243868960468521,300000000,1.0,0.4133663366336633,0.024661420204978,0.0345442898975109,1,False,0
0,ep_27c14c34e9d530224762,58,4,0.2924917491749175,0.0243868960468521,300000000,1.0,0.4158415841584158,0.024661420204978,0.0345442898975109,1,False,0
0,ep_27c14c34e9d530224762,59,4,0.2924917491749175,0.0243868960468521,300000000,1.0,0.4133663366336633,0.024661420204978,0.0345442898975109,1,False,0
0,ep_27c14c34e9d530224762,60,5,0.2929042904290429,0.0243868960468521,300000000,1.0,0.4146039603960396,0.0247071742313323,0.0345442898975109,1,False,0
0,ep_27c14c34e9d530224762,61,5,0.2603135313531353,0.0241581259150805,300000000,1.0,0.4133663366336633,0.024661420204978,0.0345442898975109,1,False,0
0,ep_27c14c34e9d530224762,62,5,0.2699163122279716,0.0236585590773849,138735720,0.4624524,0.4129537953795379,0.025668008784773,0.0345442898975109,3,False,0
0,ep_3953918cd0abe3e863ee,0,0,0.1107673267326732,0.1028550512445095,300000000,1.0,0.1547029702970297,0.1037701317715959,0.1248169838945827,1,False,0
0,ep_3953918cd0abe3e863ee,1,0,0.1169554455445544,0.1026720351390922,300000000,1.0,0.1745049504950495,0.1037701317715959,0.1248169838945827,1,False,0
0,ep_3953918cd0abe3e863ee,2,0,0.1210808580858085,0.1026720351390922,300000000,1.0,0.1648102310231023,0.1037701317715959,0.1248169838945827,1,False,0
0,ep_3953918cd0abe3e863ee,3,0,0.1177805280528052,0.1030380673499267,300000000,1.0,0.1602722772277227,0.1039531478770131,0.1248169838945827,1,False,0
0,ep_3953918cd0abe3e863ee,4,0,0.1150990099009901,0.1028550512445095,300000000,1.0,0.1613036303630363,0.1037701317715959,0.1248169838945827,1,False,0
0,ep_3953918cd0abe3e863ee,5,0,0.1101485148514851,0.1026720351390922,300000000,1.0,0.1623349834983498,0.1039531478770131,0.1248169838945827,1,False,0
0,ep_3953918cd0abe3e863ee,6,0,0.1198432343234323,0.1030380673499267,300000000,1.0,0.1775990099009901,0.1039531478770131,0.1248169838945827,1,False,0
0,ep_3953918cd0abe3e863ee,7,0,0.1150990099009901,0.1028550512445095,300000000,1.0,0.1553217821782178,0.1039531478770131,0.1248169838945827,1,False,0
0,ep_3953918cd0abe3e863ee,8,0,0.1041666666666666,0.1023060029282576,300000000,1.0,0.1553217821782178,0.1039531478770131,0.1248169838945827,1,False,0
0,ep_3953918cd0abe3e863ee,9,0,0.1074669966996699,0.1030380673499267,300000000,1.0,0.1582095709570957,0.1039531478770131,0.1248169838945827,1,False,0
0,ep_3953918cd0abe3e863ee,10,0,0.102516501650165,0.1026720351390922,300000000,1.0,0.1443894389438944,0.1037701317715959,0.1248169838945827,1,False,0
0,ep_3953918cd0abe3e863ee,11,0,0.0994224422442244,0.1026720351390922,300000000,1.0,0.1734735973597359,0.1039531478770131,0.1248169838945827,1,False,0
0,ep_3953918cd0abe3e863ee,12,1,0.1169554455445544,0.1028550512445095,300000000,1.0,0.1637788778877887,0.1039531478770131,0.1248169838945827,1,False,0
0,ep_3953918cd0abe3e863ee,13,1,0.1126237623762376,0.1030380673499267,300000000,1.0,0.1749174917491749,0.1039531478770131,0.1248169838945827,1,False,0
0,ep_3953918cd0abe3e863ee,14,1,0.1008663366336633,0.1024890190336749,300000000,1.0,0.137582508250825,0.1039531478770131,0.1248169838945827,1,False,0
0,ep_3953918cd0abe3e863ee,15,1,0.1030321782178217,0.1028550512445095,300000000,1.0,0.1602722772277227,0.1039531478770131,0.1248169838945827,1,False,0
0,ep_3953918cd0abe3e863ee,16,1,0.106023102310231,0.1026720351390922,300000000,1.0,0.1561468646864686,0.1039531478770131,0.1248169838945827,1,False,0
0,ep_3953918cd0abe3e863ee,17,1,0.0998349834983498,0.1024890190336749,300000000,1.0,0.1648102310231023,0.1037701317715959,0.1248169838945827,1,False,0
0,ep_3953918cd0abe3e863ee,18,1,0.1047854785478547,0.1026720351390922,300000000,1.0,0.1493399339933993,0.1037701317715959,0.1248169838945827,1,False,0
0,ep_3953918cd0abe3e863ee,19,1,0.1039603960396039,0.1028550512445095,300000000,1.0,0.1641914191419141,0.1037701317715959,0.1248169838945827,1,False,0
0,ep_3953918cd0abe3e863ee,20,1,0.1070544554455445,0.1023060029282576,300000000,1.0,0.1470709570957095,0.1037701317715959,0.1248169838945827,1,False,0
0,ep_3953918cd0abe3e863ee,21,1,0.1303630363036303,0.1030380673499267,300000000,1.0,0.1875,0.1039531478770131,0.1248169838945827,1,False,0
0,ep_3953918cd0abe3e863ee,22,1,0.1138613861386138,0.1028550512445095,300000000,1.0,0.163572607260726,0.1039531478770131,0.1248169838945827,1,False,0
0,ep_3953918cd0abe3e863ee,23,1,0.1206683168316831,0.1030380673499267,300000000,1.0,0.1613036303630363,0.1039531478770131,0.1248169838945827,1,False,0
0,ep_3953918cd0abe3e863ee,24,2,0.1120049504950495,0.1030380673499267,300000000,1.0,0.1396452145214521,0.1039531478770131,0.1248169838945827,1,False,0
0,ep_3953918cd0abe3e863ee,25,2,0.1132425742574257,0.1030380673499267,300000000,1.0,0.1596534653465346,0.1037701317715959,0.1248169838945827,1,False,0
0,ep_3953918cd0abe3e863ee,26,2,0.1084983498349834,0.1024890190336749,300000000,1.0,0.1759488448844884,0.1035871156661786,0.1248169838945827,1,False,0
0,ep_3953918cd0abe3e863ee,27,2,0.1056105610561056,0.1028550512445095,300000000,1.0,0.1602722772277227,0.1039531478770131,0.1248169838945827,1,False,0
0,ep_3953918cd0abe3e863ee,28,2,0.1033415841584158,0.1024890190336749,300000000,1.0,0.1582095709570957,0.1037701317715959,0.1248169838945827,1,False,0
0,ep_3953918cd0abe3e863ee,29,2,0.1140676567656765,0.1028550512445095,300000000,1.0,0.1631600660066006,0.1037701317715959,0.1248169838945827,1,False,0
0,ep_3953918cd0abe3e863ee,30,2,0.1097359735973597,0.1026720351390922,300000000,1.0,0.1419141914191419,0.1039531478770131,0.1248169838945827,1,False,0
0,ep_3953918cd0abe3e863ee,31,2,0.1111798679867986,0.1030380673499267,300000000,1.0,0.1687293729372937,0.1039531478770131,0.1248169838945827,1,False,0
0,ep_3953918cd0abe3e863ee,32,2,0.1099422442244224,0.1024890190336749,300000000,1.0,0.1703795379537953,0.1039531478770131,0.1248169838945827,1,False,0
0,ep_3953918cd0abe3e863ee,33,2,0.1128300330033003,0.1028550512445095,300000000,1.0,0.1691419141914191,0.1039531478770131,0.1248169838945827,1,False,0
0,ep_3953918cd0abe3e863ee,34,2,0.1089108910891089,0.1028550512445095,300000000,1.0,0.1526402640264026,0.1039531478770131,0.1248169838945827,1,False,0
0,ep_3953918cd0abe3e863ee,35,2,0.1120049504950495,0.1026720351390922,300000000,1.0,0.1757425742574257,0.1039531478770131,0.1248169838945827,1,False,0
0,ep_3953918cd0abe3e863ee,36,3,0.1186056105610561,0.1030380673499267,300000000,1.0,0.1732673267326732,0.1039531478770131,0.1248169838945827,1,False,0
0,ep_3953918cd0abe3e863ee,37,3,0.1161303630363036,0.1030380673499267,300000000,1.0,0.1674917491749175,0.1039531478770131,0.1248169838945827,1,False,0
0,ep_3953918cd0abe3e863ee,38,3,0.1167491749174917,0.1028550512445095,300000000,1.0,0.1664603960396039,0.1039531478770131,0.1248169838945827,1,False,0
0,ep_3953918cd0abe3e863ee,39,3,0.1146864686468646,0.1026720351390922,300000000,1.0,0.1582095709570957,0.1039531478770131,0.1248169838945827,1,False,0
0,ep_3953918cd0abe3e863ee,40,3,0.1163366336633663,0.1030380673499267,300000000,1.0,0.1641914191419141,0.1039531478770131,0.1248169838945827,1,False,0
0,ep_3953918cd0abe3e863ee,41,3,0.1190181518151815,0.1028550512445095,300000000,1.0,0.1934818481848184,0.1039531478770131,0.1248169838945827,1,False,0
0,ep_3953918cd0abe3e863ee,42,3,0.1223184818481848,0.1030380673499267,300000000,1.0,0.165016501650165,0.1039531478770131,0.1248169838945827,1,False,0
0,ep_3953918cd0abe3e863ee,43,3,0.1186056105610561,0.1030380673499267,300000000,1.0,0.1736798679867986,0.1039531478770131,0.1248169838945827,1,False,0
0,ep_3953918cd0abe3e863ee,44,3,0.1107673267326732,0.1026720351390922,300000000,1.0,0.1728547854785478,0.1039531478770131,0.1248169838945827,1,False,0
0,ep_3953918cd0abe3e863ee,45,3,0.1163366336633663,0.1028550512445095,300000000,1.0,0.1656353135313531,0.1039531478770131,0.1248169838945827,1,False,0
0,ep_3953918cd0abe3e863ee,46,3,0.1144801980198019,0.1026720351390922,300000000,1.0,0.1483085808580858,0.1037701317715959,0.1248169838945827,1,False,0
0,ep_3953918cd0abe3e863ee,47,3,0.1206683168316831,0.1028550512445095,300000000,1.0,0.1712046204620462,0.1039531478770131,0.1248169838945827,1,False,0
0,ep_3953918cd0abe3e863ee,48,4,0.1221122112211221,0.1028550512445095,300000000,1.0,0.1891501650165016,0.1039531478770131,0.1248169838945827,1,False,0
0,ep_3953918cd0abe3e863ee,49,4,0.1117986798679868,0.1030380673499267,300000000,1.0,0.168523102310231,0.1039531478770131,0.1248169838945827,1,False,0
0,ep_3953918cd0abe3e863ee,50,4,0.1268564356435643,0.1028550512445095,300000000,1.0,0.1740924092409241,0.1039531478770131,0.1248169838945827,1,False,0
0,ep_3953918cd0abe3e863ee,51,4,0.1258250825082508,0.1030380673499267,300000000,1.0,0.1747112211221122,0.1039531478770131,0.1248169838945827,1,False,0
0,ep_3953918cd0abe3e863ee,52,4,0.1293316831683168,0.1030380673499267,300000000,1.0,0.1652227722772277,0.1039531478770131,0.1248169838945827,1,False,0
0,ep_3953918cd0abe3e863ee,53,4,0.1278877887788778,0.1030380673499267,300000000,1.0,0.1724422442244224,0.1039531478770131,0.1248169838945827,1,False,0
0,ep_3953918cd0abe3e863ee,54,4,0.1344884488448844,0.103221083455344,300000000,1.0,0.1817244224422442,0.1039531478770131,0.1248169838945827,1,False,0
0,ep_3953918cd0abe3e863ee,55,4,0.1316006600660066,0.1030380673499267,300000000,1.0,0.1924504950495049,0.1039531478770131,0.1248169838945827,1,False,0
0,ep_3953918cd0abe3e863ee,56,4,0.1330445544554455,0.1028550512445095,300000000,1.0,0.194513201320132,0.1039531478770131,0.1248169838945827,1,False,0
0,ep_3953918cd0abe3e863ee,57,4,0.1349009900990099,0.1030380673499267,300000000,1.0,0.1848184818481848,0.1039531478770131,0.1248169838945827,1,False,0
0,ep_3953918cd0abe3e863ee,58,4,0.1322194719471947,0.1026720351390922,300000000,1.0,0.1928630363036303,0.1039531478770131,0.1248169838945827,1,False,0
0,ep_3953918cd0abe3e863ee,59,4,0.1136551155115511,0.1024890190336749,300000000,1.0,0.1738861386138613,0.1037701317715959,0.1248169838945827,1,False,0
0,ep_3953918cd0abe3e863ee,60,5,0.1233498349834983,0.1030380673499267,300000000,1.0,0.1794554455445544,0.1037701317715959,0.1248169838945827,1,False,0
0,ep_3953918cd0abe3e863ee,61,5,0.116542904290429,0.103221083455344,300000000,1.0,0.1854372937293729,0.1039531478770131,0.1248169838945827,1,False,0
0,ep_3953918cd0abe3e863ee,62,5,0.113036303630363,0.1026720351390922,300000000,1.0,0.1493399339933993,0.1039531478770131,0.1248169838945827,1,False,0
0,ep_3953918cd0abe3e863ee,63,5,0.1142739273927392,0.1030380673499267,300000000,1.0,0.1808993399339934,0.1039531478770131,0.1248169838945827,1,False,0
0,ep_3953918cd0abe3e863ee,64,5,0.1140676567656765,0.1026720351390922,300000000,1.0,0.1668729372937293,0.1039531478770131,0.1248169838945827,1,False,0
0,ep_3953918cd0abe3e863ee,65,5,0.1167491749174917,0.1030380673499267,300000000,1.0,0.1780115511551155,0.1039531478770131,0.1248169838945827,1,False,0
0,ep_3953918cd0abe3e863ee,66,5,0.1155115511551155,0.1030380673499267,300000000,1.0,0.1639851485148515,0.1039531478770131,0.1248169838945827,1,False,0
0,ep_3953918cd0abe3e863ee,67,5,0.1169554455445544,0.1030380673499267,300000000,1.0,0.1588283828382838,0.1039531478770131,0.1248169838945827,1,False,0
0,ep_3953918cd0abe3e863ee,68,5,0.1097359735973597,0.1026720351390922,300000000,1.0,0.1503712871287128,0.1037701317715959,0.1248169838945827,1,False,0
0,ep_3953918cd0abe3e863ee,69,5,0.1146864686468646,0.1028550512445095,300000000,1.0,0.1617161716171617,0.1039531478770131,0.1248169838945827,1,False,0
0,ep_3953918cd0abe3e863ee,70,5,0.1188118811881188,0.1028550512445095,300000000,1.0,0.1800742574257425,0.1039531478770131,0.1248169838945827,1,False,0
0,ep_3953918cd0abe3e863ee,71,5,0.1101485148514851,0.1028550512445095,300000000,1.0,0.1687293729372937,0.1039531478770131,0.1248169838945827,1,False,0
0,ep_3953918cd0abe3e863ee,72,6,0.123556105610561,0.1030380673499267,300000000,1.0,0.1833745874587458,0.1039531478770131,0.1248169838945827,1,False,0
0,ep_3953918cd0abe3e863ee,73,6,0.1192244224422442,0.1030380673499267,300000000,1.0,0.1643976897689769,0.1039531478770131,0.1248169838945827,1,False,0
0,ep_3953918cd0abe3e863ee,74,6,0.1113861386138613,0.1026720351390922,300000000,1.0,0.1608910891089109,0.1039531478770131,0.1248169838945827,1,False,0
0,ep_3953918cd0abe3e863ee,75,6,0.116542904290429,0.1030380673499267,300000000,1.0,0.1734735973597359,0.1039531478770131,0.1248169838945827,1,False,0
0,ep_3953918cd0abe3e863ee,76,6,0.1122112211221122,0.1028550512445095,300000000,1.0,0.1633663366336633,0.1039531478770131,0.1248169838945827,1,False,0
0,ep_3953918cd0abe3e863ee,77,6,0.1167491749174917,0.1030380673499267,300000000,1.0,0.1914191419141914,0.1039531478770131,0.1248169838945827,1,False,0
0,ep_3953918cd0abe3e863ee,78,6,0.1128300330033003,0.1030380673499267,300000000,1.0,0.1604785478547855,0.1039531478770131,0.1248169838945827,1,False,0
0,ep_3953918cd0abe3e863ee,79,6,0.1192244224422442,0.1030380673499267,300000000,1.0,0.1683168316831683,0.1037701317715959,0.1248169838945827,1,False,0
0,ep_3953918cd0abe3e863ee,80,6,0.109529702970297,0.1023060029282576,300000000,1.0,0.1586221122112211,0.1035871156661786,0.1248169838945827,1,False,0
0,ep_3953918cd0abe3e863ee,81,6,0.1148927392739273,0.1030380673499267,300000000,1.0,0.1782178217821782,0.1037701317715959,0.1248169838945827,1,False,0
0,ep_3953918cd0abe3e863ee,82,6,0.1163366336633663,0.103221083455344,300000000,1.0,0.182549504950495,0.1039531478770131,0.1248169838945827,1,False,0
0,ep_3953918cd0abe3e863ee,83,6,0.1103547854785478,0.1028550512445095,300000000,1.0,0.1518151815181518,0.1039531478770131,0.1248169838945827,1,False,0
0,ep_3953918cd0abe3e863ee,84,7,0.1181930693069306,0.1030380673499267,300000000,1.0,0.1641914191419141,0.1039531478770131,0.1248169838945827,1,False,0
0,ep_3953918cd0abe3e863ee,85,7,0.1181930693069306,0.1030380673499267,300000000,1.0,0.1575907590759075,0.1039531478770131,0.1248169838945827,1,False,0
0,ep_3953918cd0abe3e863ee,86,7,0.1153052805280528,0.1024890190336749,300000000,1.0,0.1742986798679868,0.1037701317715959,0.1248169838945827,1,False,0
0,ep_3953918cd0abe3e863ee,87,7,0.1179867986798679,0.1030380673499267,300000000,1.0,0.1631600660066006,0.1037701317715959,0.1248169838945827,1,False,0
0,ep_3953918cd0abe3e863ee,88,7,0.1175742574257425,0.1028550512445095,300000000,1.0,0.1623349834983498,0.1037701317715959,0.1248169838945827,1,False,0
0,ep_3953918cd0abe3e863ee,89,7,0.1258250825082508,0.1030380673499267,300000000,1.0,0.1998762376237624,0.1039531478770131,0.1248169838945827,1,False,0
0,ep_3953918cd0abe3e863ee,90,7,0.1167491749174917,0.1026720351390922,300000000,1.0,0.1806930693069307,0.1037701317715959,0.1248169838945827,1,False,0
0,ep_3953918cd0abe3e863ee,91,7,0.1190181518151815,0.103221083455344,300000000,1.0,0.1879125412541254,0.1039531478770131,0.1248169838945827,1,False,0
0,ep_3953918cd0abe3e863ee,92,7,0.1101485148514851,0.1026720351390922,300000000,1.0,0.1452145214521452,0.1037701317715959,0.1248169838945827,1,False,0
0,ep_3953918cd0abe3e863ee,93,7,0.1128300330033003,0.1030380673499267,300000000,1.0,0.172029702970297,0.1039531478770131,0.1248169838945827,1,False,0
0,ep_3953918cd0abe3e863ee,94,7,0.1157178217821782,0.1028550512445095,300000000,1.0,0.1823432343234323,0.1039531478770131,0.1248169838945827,1,False,0
0,ep_3953918cd0abe3e863ee,95,7,0.116542904290429,0.1028550512445095,300000000,1.0,0.1641914191419141,0.1039531478770131,0.1248169838945827,1,False,0
0,ep_3953918cd0abe3e863ee,96,8,0.1229372937293729,0.1028550512445095,300000000,1.0,0.1926567656765676,0.1037701317715959,0.1248169838945827,1,False,0
0,ep_3953918cd0abe3e863ee,97,8,0.1078795379537953,0.1023060029282576,300000000,1.0,0.1728547854785478,0.103221083455344,0.1248169838945827,1,False,0
0,ep_3953918cd0abe3e863ee,98,8,0.1117986798679868,0.1026720351390922,300000000,1.0,0.1806930693069307,0.1037701317715959,0.1248169838945827,1,False,0
0,ep_3953918cd0abe3e863ee,99,8,0.1091171617161716,0.1030380673499267,300000000,1.0,0.158003300330033,0.1039531478770131,0.1248169838945827,1,False,0
0,ep_3953918cd0abe3e863ee,100,8,0.1163366336633663,0.103221083455344,300000000,1.0,0.1798679867986798,0.1039531478770131,0.1248169838945827,1,False,0
0,ep_3953918cd0abe3e863ee,101,8,0.111592409240924,0.1028550512445095,300000000,1.0,0.1503712871287128,0.1039531478770131,0.1248169838945827,1,False,0
0,ep_3953918cd0abe3e863ee,102,8,0.1097359735973597,0.1028550512445095,300000000,1.0,0.1485148514851485,0.1039531478770131,0.1248169838945827,1,False,0
0,ep_3953918cd0abe3e863ee,103,8,0.1146864686468646,0.1028550512445095,300000000,1.0,0.1478960396039604,0.1039531478770131,0.1248169838945827,1,False,0
0,ep_3953918cd0abe3e863ee,104,8,0.1036509900990099,0.1023060029282576,300000000,1.0,0.14253300330033,0.1035871156661786,0.1248169838945827,1,False,0
0,ep_3953918cd0abe3e863ee,105,8,0.1033415841584158,0.1026720351390922,300000000,1.0,0.1592409240924092,0.1037701317715959,0.1248169838945827,1,False,0
0,ep_3953918cd0abe3e863ee,106,8,0.1046823432343234,0.1024890190336749,300000000,1.0,0.163572607260726,0.1035871156661786,0.1248169838945827,1,False,0
0,ep_3953918cd0abe3e863ee,107,8,0.1054042904290429,0.103221083455344,300000000,1.0,0.1466584158415841,0.1037701317715959,0.1248169838945827,1,False,0
0,ep_3953918cd0abe3e863ee,108,9,0.104579207920792,0.1026720351390922,300000000,1.0,0.1889438943894389,0.1037701317715959,0.1248169838945827,1,False,0
0,ep_3953918cd0abe3e863ee,109,9,0.1169554455445544,0.1028550512445095,300000000,1.0,0.1897689768976897,0.1039531478770131,0.1248169838945827,1,False,0
0,ep_3953918cd0abe3e863ee,110,9,0.1048886138613861,0.1024890190336749,300000000,1.0,0.1883250825082508,0.1037701317715959,0.1248169838945827,1,False,0
0,ep_3953918cd0abe3e863ee,111,9,0.1023102310231023,0.1030380673499267,300000000,1.0,0.1458333333333333,0.1037701317715959,0.1248169838945827,1,False,0
0,ep_3953918cd0abe3e863ee,112,9,0.1006600660066006,0.1023060029282576,300000000,1.0,0.1427392739273927,0.1037701317715959,0.1248169838945827,1,False,0
0,ep_3953918cd0abe3e863ee,113,9,0.1070544554455445,0.1028550512445095,300000000,1.0,0.189562706270627,0.1037701317715959,0.1248169838945827,1,False,0
0,ep_3953918cd0abe3e863ee,114,9,0.0999381188118812,0.1021229868228404,300000000,1.0,0.1870874587458746,0.1034040995607613,0.1248169838945827,1,False,0
0,ep_3953918cd0abe3e863ee,115,9,0.1048886138613861,0.1030380673499267,300000000,1.0,0.1538778877887788,0.1037701317715959,0.1248169838945827,1,False,0
0,ep_3953918cd0abe3e863ee,116,9,0.0995255775577557,0.1028550512445095,300000000,1.0,0.1382013201320132,0.1037701317715959,0.1248169838945827,1,False,0
0,ep_3953918cd0abe3e863ee,117,9,0.1005569306930693,0.1026720351390922,300000000,1.0,0.1443894389438944,0.1039531478770131,0.1248169838945827,1,False,0
0,ep_3953918cd0abe3e863ee,118,9,0.1004537953795379,0.1021229868228404,300000000,1.0,0.1415016501650165,0.1034040995607613,0.1248169838945827,1,False,0
0,ep_3953918cd0abe3e863ee,119,9,0.1058168316831683,0.103221083455344,300000000,1.0,0.1487211221122112,0.1037701317715959,0.1248169838945827,1,False,0
0,ep_3953918cd0abe3e863ee,120,10,0.1038572607260726,0.1023060029282576,300000000,1.0,0.1619224422442244,0.1035871156661786,0.1248169838945827,1,False,0
0,ep_3953918cd0abe3e863ee,121,10,0.1049917491749174,0.103221083455344,300000000,1.0,0.1532590759075907,0.1037701317715959,0.1248169838945827,1,False,0
0,ep_3953918cd0abe3e863ee,122,10,0.1014851485148514,0.1024890190336749,300000000,1.0,0.1448019801980198,0.1035871156661786,0.1248169838945827,1,False,0
0,ep_3953918cd0abe3e863ee,123,10,0.0979785478547854,0.1026720351390922,300000000,1.0,0.1538778877887788,0.1037701317715959,0.1248169838945827,1,False,0
0,ep_3953918cd0abe3e863ee,124,10,0.1027227722772277,0.1024890190336749,300000000,1.0,0.1373762376237624,0.1037701317715959,0.1248169838945827,1,False,0
0,ep_3953918cd0abe3e863ee,125,10,0.1005569306930693,0.103221083455344,300000000,1.0,0.1505775577557755,0.1037701317715959,0.1248169838945827,1,False,0
0,ep_3953918cd0abe3e863ee,126,10,0.1037541254125412,0.1024890190336749,300000000,1.0,0.1516089108910891,0.1037701317715959,0.1248169838945827,1,False,0
0,ep_3953918cd0abe3e863ee,127,10,0.1051980198019802,0.103221083455344,300000000,1.0,0.182549504950495,0.1039531478770131,0.1248169838945827,1,False,0
0,ep_3953918cd0abe3e863ee,128,10,0.099319306930693,0.1023060029282576,300000000,1.0,0.1596534653465346,0.1035871156661786,0.1248169838945827,1,False,0
0,ep_3953918cd0abe3e863ee,129,10,0.0897277227722772,0.1026720351390922,300000000,1.0,0.1786303630363036,0.1037701317715959,0.1248169838945827,1,False,0
0,ep_3953918cd0abe3e863ee,130,10,0.1029290429042904,0.1024890190336749,300000000,1.0,0.1697607260726072,0.1035871156661786,0.1248169838945827,1,False,0
0,ep_3953918cd0abe3e863ee,131,10,0.1054042904290429,0.103221083455344,300000000,1.0,0.1437706270627062,0.1037701317715959,0.1248169838945827,1,False,0
0,ep_3953918cd0abe3e863ee,132,11,0.1026196369636963,0.1024890190336749,300000000,1.0,0.1606848184818481,0.1037701317715959,0.1248169838945827,1,False,0
0,ep_3953918cd0abe3e863ee,133,11,0.111592409240924,0.1030380673499267,300000000,1.0,0.1617161716171617,0.1037701317715959,0.1248169838945827,1,False,0
0,ep_3953918cd0abe3e863ee,134,11,0.1021039603960396,0.1023060029282576,300000000,1.0,0.1619224422442244,0.1035871156661786,0.1248169838945827,1,False,0
0,ep_3953918cd0abe3e863ee,135,11,0.1040635313531353,0.1028550512445095,300000000,1.0,0.1406765676567656,0.1037701317715959,0.1248169838945827,1,False,0
0,ep_3953918cd0abe3e863ee,136,11,0.0952970297029703,0.1021229868228404,300000000,1.0,0.1377887788778878,0.1035871156661786,0.1248169838945827,1,False,0
0,ep_3953918cd0abe3e863ee,137,11,0.1038572607260726,0.1030380673499267,300000000,1.0,0.1547029702970297,0.1035871156661786,0.1248169838945827,1,False,0
0,ep_3953918cd0abe3e863ee,138,11,0.0831270627062706,0.1019399707174231,300000000,1.0,0.1334570957095709,0.1028550512445095,0.1248169838945827,1,False,0
0,ep_3953918cd0abe3e863ee,139,11,0.1048886138613861,0.1026720351390922,300000000,1.0,0.2007013201320132,0.1035871156661786,0.1248169838945827,1,False,0
0,ep_3953918cd0abe3e863ee,140,11,0.1068481848184818,0.1023060029282576,300000000,1.0,0.16006600660066,0.1034040995607613,0.1248169838945827,1,False,0
0,ep_3953918cd0abe3e863ee,141,11,0.113036303630363,0.1028550512445095,300000000,1.0,0.1693481848184818,0.1037701317715959,0.1248169838945827,1,False,0
0,ep_3953918cd0abe3e863ee,142,11,0.1101485148514851,0.1023060029282576,300000000,1.0,0.1802805280528052,0.1035871156661786,0.1248169838945827,1,False,0
0,ep_3953918cd0abe3e863ee,143,11,0.1150990099009901,0.103221083455344,300000000,1.0,0.1571782178217821,0.1037701317715959,0.1248169838945827,1,False,0
0,ep_3953918cd0abe3e863ee,144,12,0.1155115511551155,0.1026720351390922,300000000,1.0,0.1497524752475247,0.1037701317715959,0.1248169838945827,1,False,0
0,ep_3953918cd0abe3e863ee,145,12,0.1192244224422442,0.1034040995607613,300000000,1.0,0.175536303630363,0.1039531478770131,0.1248169838945827,1,False,0
0,ep_3953918cd0abe3e863ee,146,12,0.0970503300330033,0.1019399707174231,300000000,1.0,0.1569719471947194,0.1028550512445095,0.1248169838945827,1,False,0
0,ep_3953918cd0abe3e863ee,147,12,0.1113861386138613,0.1024890190336749,300000000,1.0,0.1670792079207921,0.1037701317715959,0.1248169838945827,1,False,0
0,ep_3953918cd0abe3e863ee,148,12,0.106023102310231,0.1026720351390922,300000000,1.0,0.1577970297029703,0.1037701317715959,0.1248169838945827,1,False,0
0,ep_3953918cd0abe3e863ee,149,12,0.0845709570957095,0.1017569546120058,300000000,1.0,0.128506600660066,0.1024890190336749,0.1248169838945827,1,False,0
0,ep_3953918cd0abe3e863ee,150,12,0.0981848184818481,0.1023060029282576,300000000,1.0,0.1322194719471947,0.1034040995607613,0.1248169838945827,1,False,0
0,ep_3953918cd0abe3e863ee,151,12,0.1109735973597359,0.1030380673499267,300000000,1.0,0.1551155115511551,0.1037701317715959,0.1248169838945827,1,False,0
0,ep_3953918cd0abe3e863ee,152,12,0.1087046204620462,0.1019399707174231,300000000,1.0,0.1784240924092409,0.103221083455344,0.1248169838945827,1,False,0
0,ep_3953918cd0abe3e863ee,153,12,0.1058168316831683,0.1030380673499267,300000000,1.0,0.1788366336633663,0.1035871156661786,0.1248169838945827,1,False,0
0,ep_3953918cd0abe3e863ee,154,12,0.1048886138613861,0.1026720351390922,300000000,1.0,0.1639851485148515,0.1037701317715959,0.1248169838945827,1,False,0
0,ep_3953918cd0abe3e863ee,155,12,0.1124174917491749,0.1030380673499267,300000000,1.0,0.1538778877887788,0.1037701317715959,0.1248169838945827,1,False,0
0,ep_3953918cd0abe3e863ee,156,13,0.0968440594059406,0.1023060029282576,300000000,1.0,0.1536716171617161,0.1035871156661786,0.1248169838945827,1,False,0
0,ep_3953918cd0abe3e863ee,157,13,0.0951938943894389,0.1028550512445095,300000000,1.0,0.1452145214521452,0.1035871156661786,0.1248169838945827,1,False,0
0,ep_3953918cd0abe3e863ee,158,13,0.1142739273927392,0.1021229868228404,300000000,1.0,0.1689356435643564,0.1034040995607613,0.1248169838945827,1,False,0
0,ep_3953918cd0abe3e863ee,159,13,0.1204620462046204,0.1030380673499267,300000000,1.0,0.1716171617161716,0.1037701317715959,0.1248169838945827,1,False,0
0,ep_3953918cd0abe3e863ee,160,13,0.1190181518151815,0.1028550512445095,300000000,1.0,0.1846122112211221,0.1037701317715959,0.1248169838945827,1,False,0
0,ep_3953918cd0abe3e863ee,161,13,0.1278877887788778,0.1030380673499267,300000000,1.0,0.1771864686468647,0.1039531478770131,0.1248169838945827,1,False,0
0,ep_3953918cd0abe3e863ee,162,13,0.1091171617161716,0.1023060029282576,300000000,1.0,0.1497524752475247,0.1035871156661786,0.1248169838945827,1,False,0
0,ep_3953918cd0abe3e863ee,163,13,0.1186056105610561,0.103221083455344,300000000,1.0,0.1639851485148515,0.1037701317715959,0.1248169838945827,1,False,0
0,ep_3953918cd0abe3e863ee,164,13,0.1155115511551155,0.1026720351390922,300000000,1.0,0.1784240924092409,0.1037701317715959,0.1248169838945827,1,False,0
0,ep_3953918cd0abe3e863ee,165,13,0.1227310231023102,0.103221083455344,300000000,1.0,0.1856435643564356,0.1037701317715959,0.1248169838945827,1,False,0
0,ep_3953918cd0abe3e863ee,166,13,0.1124174917491749,0.1024890190336749,300000000,1.0,0.1893564356435643,0.1039531478770131,0.1248169838945827,1,False,0
0,ep_3953918cd0abe3e863ee,167,13,0.1122112211221122,0.1028550512445095,300000000,1.0,0.1740924092409241,0.1035871156661786,0.1248169838945827,1,False,0
0,ep_3953918cd0abe3e863ee,168,14,0.1148927392739273,0.1026720351390922,300000000,1.0,0.1753300330033003,0.1037701317715959,0.1248169838945827,1,False,0
0,ep_3953918cd0abe3e863ee,169,14,0.1140676567656765,0.103221083455344,300000000,1.0,0.1503712871287128,0.1039531478770131,0.1248169838945827,1,False,0
0,ep_3953918cd0abe3e863ee,170,14,0.1128300330033003,0.1026720351390922,300000000,1.0,0.1759488448844884,0.1035871156661786,0.1248169838945827,1,False,0
0,ep_3953918cd0abe3e863ee,171,14,0.1099422442244224,0.1028550512445095,300000000,1.0,0.1848184818481848,0.1037701317715959,0.1248169838945827,1,False,0
0,ep_3953918cd0abe3e863ee,172,14,0.1167491749174917,0.1028550512445095,300000000,1.0,0.1699669966996699,0.1037701317715959,0.1248169838945827,1,False,0
0,ep_3953918cd0abe3e863ee,173,14,0.1175742574257425,0.1030380673499267,300000000,1.0,0.1668729372937293,0.1037701317715959,0.1248169838945827,1,False,0
0,ep_3953918cd0abe3e863ee,174,14,0.1134488448844884,0.1026720351390922,300000000,1.0,0.1872937293729372,0.1037701317715959,0.1248169838945827,1,False,0
0,ep_3953918cd0abe3e863ee,175,14,0.1221122112211221,0.1034040995607613,300000000,1.0,0.1637788778877887,0.1039531478770131,0.1248169838945827,1,False,0
0,ep_3953918cd0abe3e863ee,176,14,0.1122112211221122,0.1024890190336749,300000000,1.0,0.1569719471947194,0.1035871156661786,0.1248169838945827,1,False,0
0,ep_3953918cd0abe3e863ee,177,14,0.1148927392739273,0.1026720351390922,300000000,1.0,0.1542904290429043,0.1037701317715959,0.1248169838945827,1,False,0
0,ep_3953918cd0abe3e863ee,178,14,0.1157178217821782,0.1028550512445095,300000000,1.0,0.1808993399339934,0.1037701317715959,0.1248169838945827,1,False,0
0,ep_3953918cd0abe3e863ee,179,14,0.1134488448844884,0.1030380673499267,300000000,1.0,0.1625412541254125,0.1037701317715959,0.1248169838945827,1,False,0
0,ep_3953918cd0abe3e863ee,180,15,0.1026196369636963,0.1024890190336749,300000000,1.0,0.135519801980198,0.1035871156661786,0.1248169838945827,1,False,0
0,ep_3953918cd0abe3e863ee,181,15,0.1089108910891089,0.103221083455344,300000000,1.0,0.1652227722772277,0.1037701317715959,0.1248169838945827,1,False,0
0,ep_3953918cd0abe3e863ee,182,15,0.1064356435643564,0.1024890190336749,300000000,1.0,0.1551155115511551,0.1034040995607613,0.1248169838945827,1,False,0
0,ep_3953918cd0abe3e863ee,183,15,0.1050948844884488,0.1024890190336749,300000000,1.0,0.1468646864686468,0.1035871156661786,0.1248169838945827,1,False,0
0,ep_3953918cd0abe3e863ee,184,15,0.1054042904290429,0.1026720351390922,300000000,1.0,0.1398514851485148,0.1035871156661786,0.1248169838945827,1,False,0
0,ep_3953918cd0abe3e863ee,185,15,0.1132425742574257,0.1030380673499267,300000000,1.0,0.1679042904290429,0.1035871156661786,0.1248169838945827,1,False,0
0,ep_3953918cd0abe3e863ee,186,15,0.1050948844884488,0.1024890190336749,300000000,1.0,0.1466584158415841,0.1035871156661786,0.1248169838945827,1,False,0
0,ep_3953918cd0abe3e863ee,187,15,0.1017945544554455,0.1030380673499267,300000000,1.0,0.161509900990099,0.1037701317715959,0.1248169838945827,1,False,0
0,ep_3953918cd0abe3e863ee,188,15,0.1012788778877887,0.1024890190336749,300000000,1.0,0.1594471947194719,0.1035871156661786,0.1248169838945827,1,False,0
0,ep_3953918cd0abe3e863ee,189,15,0.0947813531353135,0.1024890190336749,300000000,1.0,0.1499587458745874,0.1035871156661786,0.1248169838945827,1,False,0
0,ep_3953918cd0abe3e863ee,190,15,0.0933374587458745,0.1026720351390922,300000000,1.0,0.1247937293729373,0.1037701317715959,0.1248169838945827,1,False,0
0,ep_3953918cd0abe3e863ee,191,15,0.102516501650165,0.1028550512445095,300000000,1.0,0.1439768976897689,0.1035871156661786,0.1248169838945827,1,False,0
0,ep_3953918cd0abe3e863ee,192,16,0.1032384488448844,0.1024890190336749,300000000,1.0,0.1575907590759075,0.1035871156661786,0.1248169838945827,1,False,0
0,ep_3953918cd0abe3e863ee,193,16,0.102516501650165,0.1028550512445095,300000000,1.0,0.1563531353135313,0.1037701317715959,0.1248169838945827,1,False,0
0,ep_3953918cd0abe3e863ee,194,16,0.1031353135313531,0.1024890190336749,300000000,1.0,0.1505775577557755,0.1034040995607613,0.1248169838945827,1,False,0
0,ep_3953918cd0abe3e863ee,195,16,0.0956064356435643,0.1023060029282576,300000000,1.0,0.1398514851485148,0.1034040995607613,0.1248169838945827,1,False,0
0,ep_3953918cd0abe3e863ee,196,16,0.095503300330033,0.1026720351390922,300000000,1.0,0.1474834983498349,0.1035871156661786,0.1248169838945827,1,False,0
0,ep_3953918cd0abe3e863ee,197,16,0.1001443894389439,0.1030380673499267,300000000,1.0,0.1736798679867986,0.1037701317715959,0.1248169838945827,1,False,0
0,ep_3953918cd0abe3e863ee,198,16,0.1040635313531353,0.103221083455344,300000000,1.0,0.1575907590759075,0.1039531478770131,0.1248169838945827,1,False,0
0,ep_3953918cd0abe3e863ee,199,16,0.0974628712871287,0.1026720351390922,300000000,1.0,0.1367574257425742,0.1039531478770131,0.1248169838945827,1,False,0
0,ep_3953918cd0abe3e863ee,200,16,0.0982879537953795,0.1023060029282576,300000000,1.0,0.1689356435643564,0.1035871156661786,0.1248169838945827,1,False,0
0,ep_3953918cd0abe3e863ee,201,16,0.1011757425742574,0.1028550512445095,300000000,1.0,0.1540841584158415,0.1035871156661786,0.1248169838945827,1,False,0
0,ep_3953918cd0abe3e863ee,202,16,0.1016914191419142,0.1024890190336749,300000000,1.0,0.1485148514851485,0.1037701317715959,0.1248169838945827,1,False,0
0,ep_3953918cd0abe3e863ee,203,16,0.0938531353135313,0.1028550512445095,300000000,1.0,0.1379950495049505,0.1035871156661786,0.1248169838945827,1,False,0
0,ep_3953918cd0abe3e863ee,204,17,0.0976691419141914,0.1024890190336749,300000000,1.0,0.1522277227722772,0.1035871156661786,0.1248169838945827,1,False,0
0,ep_3953918cd0abe3e863ee,205,17,0.0987004950495049,0.103221083455344,300000000,1.0,0.1466584158415841,0.1037701317715959,0.1248169838945827,1,False,0
0,ep_3953918cd0abe3e863ee,206,17,0.1021039603960396,0.1028550512445095,300000000,1.0,0.1499587458745874,0.1037701317715959,0.1248169838945827,1,False,0
0,ep_3953918cd0abe3e863ee,207,17,0.1026196369636963,0.1030380673499267,300000000,1.0,0.1567656765676567,0.1037701317715959,0.1248169838945827,1,False,0
0,ep_3953918cd0abe3e863ee,208,17,0.1111798679867986,0.1028550512445095,300000000,1.0,0.1844059405940594,0.1039531478770131,0.1248169838945827,1,False,0
0,ep_3953918cd0abe3e863ee,209,17,0.0998349834983498,0.1023060029282576,300000000,1.0,0.1489273927392739,0.1034040995607613,0.1248169838945827,1,False,0
0,ep_3953918cd0abe3e863ee,210,17,0.1093234323432343,0.1030380673499267,300000000,1.0,0.1534653465346534,0.1037701317715959,0.1248169838945827,1,False,0
0,ep_3953918cd0abe3e863ee,211,17,0.1072607260726072,0.1034040995607613,300000000,1.0,0.1408828382838284,0.1039531478770131,0.1248169838945827,1,False,0
0,ep_3953918cd0abe3e863ee,212,17,0.1039603960396039,0.1028550512445095,300000000,1.0,0.1563531353135313,0.1037701317715959,0.1248169838945827,1,False,0
0,ep_3953918cd0abe3e863ee,213,17,0.0850866336633663,0.1026720351390922,300000000,1.0,0.1254125412541254,0.1037701317715959,0.1248169838945827,1,False,0
0,ep_3953918cd0abe3e863ee,214,17,0.1072607260726072,0.1024890190336749,300000000,1.0,0.1662541254125412,0.1037701317715959,0.1248169838945827,1,False,0
0,ep_3953918cd0abe3e863ee,215,17,0.1161303630363036,0.1024890190336749,300000000,1.0,0.1749174917491749,0.1035871156661786,0.1248169838945827,1,False,0
0,ep_3953918cd0abe3e863ee,216,18,0.1159240924092409,0.1030380673499267,300000000,1.0,0.1637788778877887,0.1037701317715959,0.1248169838945827,1,False,0
0,ep_3953918cd0abe3e863ee,217,18,0.1150990099009901,0.103221083455344,300000000,1.0,0.1666666666666666,0.1039531478770131,0.1248169838945827,1,False,0
0,ep_3953918cd0abe3e863ee,218,18,0.1134488448844884,0.1028550512445095,300000000,1.0,0.1823432343234323,0.1037701317715959,0.1248169838945827,1,False,0
0,ep_3953918cd0abe3e863ee,219,18,0.1134488448844884,0.1030380673499267,300000000,1.0,0.1485148514851485,0.1039531478770131,0.1248169838945827,1,False,0
0,ep_3953918cd0abe3e863ee,220,18,0.1120049504950495,0.1026720351390922,300000000,1.0,0.1697607260726072,0.1037701317715959,0.1248169838945827,1,False,0
0,ep_3953918cd0abe3e863ee,221,18,0.1181930693069306,0.103221083455344,300000000,1.0,0.180486798679868,0.1037701317715959,0.1248169838945827,1,False,0
0,ep_3953918cd0abe3e863ee,222,18,0.1254125412541254,0.1030380673499267,300000000,1.0,0.175536303630363,0.1037701317715959,0.1248169838945827,1,False,0
0,ep_3953918cd0abe3e863ee,223,18,0.1146864686468646,0.1021229868228404,300000000,1.0,0.1707920792079208,0.1034040995607613,0.1248169838945827,1,False,0
0,ep_3953918cd0abe3e863ee,224,18,0.1128300330033003,0.1026720351390922,300000000,1.0,0.1534653465346534,0.1039531478770131,0.1248169838945827,1,False,0
0,ep_3953918cd0abe3e863ee,225,18,0.1169554455445544,0.1030380673499267,300000000,1.0,0.156559405940594,0.1037701317715959,0.1248169838945827,1,False,0
0,ep_3953918cd0abe3e863ee,226,18,0.1070544554455445,0.1017569546120058,300000000,1.0,0.1852310231023102,0.1037701317715959,0.1248169838945827,1,False,0
0,ep_3953918cd0abe3e863ee,227,18,0.1173679867986798,0.1024890190336749,300000000,1.0,0.1670792079207921,0.1035871156661786,0.1248169838945827,1,False,0
0,ep_3953918cd0abe3e863ee,228,19,0.1101485148514851,0.1028550512445095,300000000,1.0,0.1691419141914191,0.1037701317715959,0.1248169838945827,1,False,0
0,ep_3953918cd0abe3e863ee,229,19,0.1150990099009901,0.1028550512445095,300000000,1.0,0.1676980198019802,0.1039531478770131,0.1248169838945827,1,False,0
0,ep_3953918cd0abe3e863ee,230,19,0.1144801980198019,0.1023060029282576,300000000,1.0,0.1641914191419141,0.1035871156661786,0.1248169838945827,1,False,0
0,ep_3953918cd0abe3e863ee,231,19,0.1107673267326732,0.1028550512445095,300000000,1.0,0.1633663366336633,0.1037701317715959,0.1248169838945827,1,False,0
0,ep_3953918cd0abe3e863ee,232,19,0.1026196369636963,0.1026720351390922,300000000,1.0,0.1575907590759075,0.1037701317715959,0.1248169838945827,1,False,0
0,ep_3953918cd0abe3e863ee,233,19,0.111592409240924,0.1024890190336749,300000000,1.0,0.1555280528052805,0.1034040995607613,0.1248169838945827,1,False,0
0,ep_3953918cd0abe3e863ee,234,19,0.0904496699669967,0.1024890190336749,300000000,1.0,0.1361386138613861,0.1035871156661786,0.1248169838945827,1,False,0
0,ep_3953918cd0abe3e863ee,235,19,0.1023102310231023,0.103221083455344,300000000,1.0,0.1757425742574257,0.1037701317715959,0.1248169838945827,1,False,0
0,ep_3953918cd0abe3e863ee,236,19,0.1173679867986798,0.1024890190336749,300000000,1.0,0.1526402640264026,0.1037701317715959,0.1248169838945827,1,False,0
0,ep_3953918cd0abe3e863ee,237,19,0.1043729372937293,0.1023060029282576,300000000,1.0,0.1753300330033003,0.1037701317715959,0.1248169838945827,1,False,0
0,ep_3953918cd0abe3e863ee,238,19,0.1076732673267326,0.1015739385065885,300000000,1.0,0.1639851485148515,0.1023060029282576,0.1248169838945827,1,False,0
0,ep_3953918cd0abe3e863ee,239,19,0.1064356435643564,0.1019399707174231,300000000,1.0,0.1489273927392739,0.1028550512445095,0.1248169838945827,1,False,0
0,ep_3953918cd0abe3e863ee,240,20,0.1167491749174917,0.1028550512445095,300000000,1.0,0.1613036303630363,0.1035871156661786,0.1248169838945827,1,False,0
0,ep_3953918cd0abe3e863ee,241,20,0.1155115511551155,0.1023060029282576,300000000,1.0,0.1648102310231023,0.1039531478770131,0.1248169838945827,1,False,0
0,ep_3953918cd0abe3e863ee,242,20,0.1003506600660066,0.101207906295754,300000000,1.0,0.1668729372937293,0.1028550512445095,0.1248169838945827,1,False,0
0,ep_3953918cd0abe3e863ee,243,20,0.1122112211221122,0.103221083455344,300000000,1.0,0.1489273927392739,0.1039531478770131,0.1248169838945827,1,False,0
0,ep_3953918cd0abe3e863ee,244,20,0.1134488448844884,0.1024890190336749,300000000,1.0,0.1505775577557755,0.1039531478770131,0.1248169838945827,1,False,0
0,ep_3953918cd0abe3e863ee,245,20,0.1103547854785478,0.1023060029282576,300000000,1.0,0.165016501650165,0.1034040995607613,0.1248169838945827,1,False,0
0,ep_3953918cd0abe3e863ee,246,20,0.1157178217821782,0.1026720351390922,300000000,1.0,0.1639851485148515,0.1035871156661786,0.1248169838945827,1,False,0
0,ep_3953918cd0abe3e863ee,247,20,0.1015882838283828,0.1030380673499267,300000000,1.0,0.1458333333333333,0.1039531478770131,0.1248169838945827,1,False,0
0,ep_3953918cd0abe3e863ee,248,20,0.0945750825082508,0.1017569546120058,300000000,1.0,0.1303630363036303,0.103221083455344,0.1248169838945827,1,False,0
0,ep_3953918cd0abe3e863ee,249,20,0.1027227722772277,0.1034040995607613,300000000,1.0,0.1796617161716171,0.1039531478770131,0.1248169838945827,1,False,0
0,ep_3953918cd0abe3e863ee,250,20,0.0892120462046204,0.0997437774524158,300000000,1.0,0.1489273927392739,0.1028550512445095,0.1248169838945827,1,False,0
0,ep_3953918cd0abe3e863ee,251,20,0.0965346534653465,0.1026720351390922,300000000,1.0,0.127062706270627,0.1037701317715959,0.1248169838945827,1,False,0
0,ep_3953918cd0abe3e863ee,252,21,0.1017945544554455,0.1024890190336749,300000000,1.0,0.1371699669966996,0.1035871156661786,0.1248169838945827,1,False,0
0,ep_3953918cd0abe3e863ee,253,21,0.1009694719471947,0.1026720351390922,300000000,1.0,0.1419141914191419,0.1039531478770131,0.1248169838945827,1,False,0
0,ep_3953918cd0abe3e863ee,254,21,0.0797235973597359,0.1013909224011713,300000000,1.0,0.1361386138613861,0.1021229868228404,0.1248169838945827,1,False,0
0,ep_3953918cd0abe3e863ee,255,21,0.0909653465346534,0.1023060029282576,300000000,1.0,0.1415016501650165,0.1037701317715959,0.1248169838945827,1,False,0
0,ep_3953918cd0abe3e863ee,256,21,0.0939562706270627,0.1021229868228404,300000000,1.0,0.1239686468646864,0.1035871156661786,0.1248169838945827,1,False,0
0,ep_3953918cd0abe3e863ee,257,21,0.0969471947194719,0.1026720351390922,300000000,1.0,0.1485148514851485,0.1035871156661786,0.1248169838945827,1,False,0
0,ep_3953918cd0abe3e863ee,258,21,0.0890057755775577,0.1024890190336749,300000000,1.0,0.1324257425742574,0.1035871156661786,0.1248169838945827,1,False,0
0,ep_3953918cd0abe3e863ee,259,21,0.1040635313531353,0.1035871156661786,300000000,1.0,0.1417079207920792,0.1039531478770131,0.1248169838945827,1,False,0
0,ep_3953918cd0abe3e863ee,260,21,0.1046823432343234,0.1021229868228404,300000000,1.0,0.1489273927392739,0.1037701317715959,0.1248169838945827,1,False,0
0,ep_3953918cd0abe3e863ee,261,21,0.1033415841584158,0.1024890190336749,300000000,1.0,0.158003300330033,0.1037701317715959,0.1248169838945827,1,False,0
0,ep_3953918cd0abe3e863ee,262,21,0.1062293729372937,0.1028550512445095,300000000,1.0,0.1437706270627062,0.1037701317715959,0.1248169838945827,1,False,0
0,ep_3953918cd0abe3e863ee,263,21,0.109529702970297,0.103221083455344,300000000,1.0,0.1435643564356435,0.1039531478770131,0.1248169838945827,1,False,0
0,ep_3953918cd0abe3e863ee,264,22,0.108085808580858,0.1024890190336749,300000000,1.0,0.1423267326732673,0.1037701317715959,0.1248169838945827,1,False,0
0,ep_3953918cd0abe3e863ee,265,22,0.1022070957095709,0.1024890190336749,300000000,1.0,0.1472772277227722,0.1039531478770131,0.1248169838945827,1,False,0
0,ep_3953918cd0abe3e863ee,266,22,0.0857054455445544,0.1019399707174231,300000000,1.0,0.1301567656765676,0.1030380673499267,0.1248169838945827,1,False,0
0,ep_3953918cd0abe3e863ee,267,22,0.1022070957095709,0.1034040995607613,300000000,1.0,0.1483085808580858,0.1039531478770131,0.1248169838945827,1,False,0
0,ep_3953918cd0abe3e863ee,268,22,0.0926155115511551,0.1013909224011713,300000000,1.0,0.1454207920792079,0.1039531478770131,0.1248169838945827,1,False,0
0,ep_3953918cd0abe3e863ee,269,22,0.099009900990099,0.1024890190336749,300000000,1.0,0.1505775577557755,0.1035871156661786,0.1248169838945827,1,False,0
0,ep_3953918cd0abe3e863ee,270,22,0.1008663366336633,0.1030380673499267,300000000,1.0,0.1450082508250825,0.1035871156661786,0.1248169838945827,1,False,0
0,ep_3953918cd0abe3e863ee,271,22,0.1018976897689769,0.1028550512445095,300000000,1.0,0.1695544554455445,0.1039531478770131,0.1248169838945827,1,False,0
0,ep_3953918cd0abe3e863ee,272,22,0.0996287128712871,0.1023060029282576,300000000,1.0,0.1336633663366336,0.1037701317715959,0.1248169838945827,1,False,0
0,ep_3953918cd0abe3e863ee,273,22,0.1175742574257425,0.1030380673499267,300000000,1.0,0.149546204620462,0.1039531478770131,0.1248169838945827,1,False,0
0,ep_3953918cd0abe3e863ee,274,22,0.1113861386138613,0.1019399707174231,300000000,1.0,0.1775990099009901,0.1024890190336749,0.1248169838945827,1,False,0
0,ep_3953918cd0abe3e863ee,275,22,0.1194306930693069,0.1028550512445095,300000000,1.0,0.168523102310231,0.1037701317715959,0.1248169838945827,1,False,0
0,ep_3953918cd0abe3e863ee,276,23,0.1179867986798679,0.1028550512445095,300000000,1.0,0.1693481848184818,0.1037701317715959,0.1248169838945827,1,False,0
0,ep_3953918cd0abe3e863ee,277,23,0.1084983498349834,0.1030380673499267,300000000,1.0,0.1544966996699669,0.1039531478770131,0.1248169838945827,1,False,0
0,ep_3953918cd0abe3e863ee,278,23,0.1117986798679868,0.1024890190336749,300000000,1.0,0.16006600660066,0.1037701317715959,0.1248169838945827,1,False,0
0,ep_3953918cd0abe3e863ee,279,23,0.1159240924092409,0.1024890190336749,300000000,1.0,0.153052805280528,0.1037701317715959,0.1248169838945827,1,False,0
0,ep_3953918cd0abe3e863ee,280,23,0.1056105610561056,0.1023060029282576,300000000,1.0,0.153052805280528,0.1035871156661786,0.1248169838945827,1,False,0
0,ep_3953918cd0abe3e863ee,281,23,0.1011757425742574,0.1034040995607613,300000000,1.0,0.1695544554455445,0.1039531478770131,0.1248169838945827,1,False,0
0,ep_3953918cd0abe3e863ee,282,23,0.1002475247524752,0.1030380673499267,300000000,1.0,0.1456270627062706,0.1037701317715959,0.1248169838945827,1,False,0
0,ep_3953918cd0abe3e863ee,283,23,0.1009694719471947,0.1023060029282576,300000000,1.0,0.1377887788778878,0.1037701317715959,0.1248169838945827,1,False,0
0,ep_3953918cd0abe3e863ee,284,23,0.0981848184818481,0.1023060029282576,300000000,1.0,0.1429455445544554,0.1035871156661786,0.1248169838945827,1,False,0
0,ep_3953918cd0abe3e863ee,285,23,0.1070544554455445,0.1030380673499267,300000000,1.0,0.1573844884488449,0.1039531478770131,0.1248169838945827,1,False,0
0,ep_3953918cd0abe3e863ee,286,23,0.0995255775577557,0.1017569546120058,300000000,1.0,0.1427392739273927,0.1023060029282576,0.1248169838945827,1,False,0
0,ep_3953918cd0abe3e863ee,287,23,0.1037541254125412,0.1026720351390922,300000000,1.0,0.1379950495049505,0.1037701317715959,0.1248169838945827,1,False,0
0,ep_42a270de655b077d2e9c,0,0,0.1192244224422442,0.1026720351390922,300000000,1.0,0.1627475247524752,0.1035871156661786,0.1248169838945827,1,False,0
0,ep_42a270de655b077d2e9c,1,0,0.1044760726072607,0.1023060029282576,300000000,1.0,0.1920379537953795,0.1037701317715959,0.1248169838945827,1,False,0
0,ep_42a270de655b077d2e9c,2,0,0.1049917491749174,0.1024890190336749,300000000,1.0,0.1629537953795379,0.1037701317715959,0.1248169838945827,1,False,0
0,ep_42a270de655b077d2e9c,3,0,0.1155115511551155,0.1028550512445095,300000000,1.0,0.1788366336633663,0.1039531478770131,0.1248169838945827,1,False,0
0,ep_42a270de655b077d2e9c,4,0,0.1241749174917491,0.1030380673499267,300000000,1.0,0.1606848184818481,0.1039531478770131,0.1248169838945827,1,False,0
0,ep_42a270de655b077d2e9c,5,0,0.1128300330033003,0.1023060029282576,300000000,1.0,0.1621287128712871,0.1039531478770131,0.1248169838945827,1,False,0
0,ep_42a270de655b077d2e9c,6,0,0.1177805280528052,0.1024890190336749,300000000,1.0,0.1848184818481848,0.1039531478770131,0.1248169838945827,1,False,0
0,ep_42a270de655b077d2e9c,7,0,0.1068481848184818,0.1030380673499267,300000000,1.0,0.1800742574257425,0.1039531478770131,0.1248169838945827,1,False,0
0,ep_42a270de655b077d2e9c,8,0,0.1031353135313531,0.0971815519765739,300000000,1.0,0.1602722772277227,0.1039531478770131,0.1248169838945827,1,False,0
0,ep_42a270de655b077d2e9c,9,0,0.0964315181518151,0.0993777452415812,300000000,1.0,0.1782178217821782,0.1023060029282576,0.1248169838945827,1,False,0
0,ep_42a270de655b077d2e9c,10,0,0.1101485148514851,0.1023060029282576,300000000,1.0,0.2070957095709571,0.1039531478770131,0.1248169838945827,1,False,0
0,ep_42a270de655b077d2e9c,11,0,0.1048886138613861,0.1004758418740849,300000000,1.0,0.1536716171617161,0.1026720351390922,0.1248169838945827,1,False,0
0,ep_42a270de655b077d2e9c,12,1,0.1003506600660066,0.1026720351390922,300000000,1.0,0.1821369636963696,0.1039531478770131,0.1248169838945827,1,False,0
0,ep_42a270de655b077d2e9c,13,1,0.0934405940594059,0.097913616398243,300000000,1.0,0.1419141914191419,0.1021229868228404,0.1248169838945827,1,False,0
0,ep_42a270de655b077d2e9c,14,1,0.1000412541254125,0.1024890190336749,300000000,1.0,0.1590346534653465,0.1037701317715959,0.1248169838945827,1,False,0
0,ep_42a270de655b077d2e9c,15,1,0.0895214521452145,0.1021229868228404,300000000,1.0,0.1384075907590759,0.1037701317715959,0.1248169838945827,1,False,0
0,ep_42a270de655b077d2e9c,16,1,0.0931311881188118,0.1026720351390922,300000000,1.0,0.1941006600660066,0.1037701317715959,0.1248169838945827,1,False,0
0,ep_42a270de655b077d2e9c,17,1,0.0979785478547854,0.1004758418740849,300000000,1.0,0.1631600660066006,0.1021229868228404,0.1248169838945827,1,False,0
0,ep_42a270de655b077d2e9c,18,1,0.101072607260726,0.1023060029282576,300000000,1.0,0.1571782178217821,0.1035871156661786,0.1248169838945827,1,False,0
0,ep_42a270de655b077d2e9c,19,1,0.1033415841584158,0.1026720351390922,300000000,1.0,0.1571782178217821,0.1034040995607613,0.1248169838945827,1,False,0
0,ep_42a270de655b077d2e9c,20,1,0.1264438943894389,0.1026720351390922,300000000,1.0,0.1821369636963696,0.103221083455344,0.1248169838945827,1,False,0
0,ep_42a270de655b077d2e9c,21,1,0.1153052805280528,0.1021229868228404,300000000,1.0,0.1846122112211221,0.1030380673499267,0.1248169838945827,1,False,0
0,ep_42a270de655b077d2e9c,22,1,0.1256188118811881,0.1021229868228404,300000000,1.0,0.2132838283828383,0.1028550512445095,0.1248169838945827,1,False,0
0,ep_42a270de655b077d2e9c,23,1,0.1287128712871287,0.1030380673499267,300000000,1.0,0.1703795379537953,0.1039531478770131,0.1248169838945827,1,False,0
0,ep_42a270de655b077d2e9c,24,2,0.1111798679867986,0.1023060029282576,300000000,1.0,0.1949257425742574,0.1039531478770131,0.1248169838945827,1,False,0
0,ep_42a270de655b077d2e9c,25,2,0.1018976897689769,0.1026720351390922,300000000,1.0,0.1691419141914191,0.1037701317715959,0.1248169838945827,1,False,0
0,ep_42a270de655b077d2e9c,26,2,0.0941625412541254,0.1017569546120058,300000000,1.0,0.172029702970297,0.1037701317715959,0.1248169838945827,1,False,0
0,ep_42a270de655b077d2e9c,27,2,0.1053011551155115,0.1024890190336749,300000000,1.0,0.2013201320132013,0.1035871156661786,0.1248169838945827,1,False,0
0,ep_42a270de655b077d2e9c,28,2,0.1150990099009901,0.1030380673499267,300000000,1.0,0.179042904290429,0.1039531478770131,0.1248169838945827,1,False,0
0,ep_42a270de655b077d2e9c,29,2,0.1101485148514851,0.1023060029282576,300000000,1.0,0.1627475247524752,0.1037701317715959,0.1248169838945827,1,False,0
0,ep_42a270de655b077d2e9c,30,2,0.1047854785478547,0.1019399707174231,300000000,1.0,0.1800742574257425,0.1026720351390922,0.1248169838945827,1,False,0
0,ep_42a270de655b077d2e9c,31,2,0.1072607260726072,0.103221083455344,300000000,1.0,0.1547029702970297,0.1039531478770131,0.1248169838945827,1,False,0
0,ep_42a270de655b077d2e9c,32,2,0.1186056105610561,0.1021229868228404,300000000,1.0,0.1773927392739274,0.1039531478770131,0.1248169838945827,1,False,0
0,ep_42a270de655b077d2e9c,33,2,0.1229372937293729,0.1024890190336749,300000000,1.0,0.1837871287128712,0.1039531478770131,0.1248169838945827,1,False,0
0,ep_42a270de655b077d2e9c,34,2,0.1016914191419142,0.1021229868228404,300000000,1.0,0.1679042904290429,0.103221083455344,0.1248169838945827,1,False,0
0,ep_42a270de655b077d2e9c,35,2,0.1379950495049505,0.1030380673499267,300000000,1.0,0.2007013201320132,0.1039531478770131,0.1248169838945827,1,False,0
0,ep_42a270de655b077d2e9c,36,3,0.0805486798679868,0.0876647144948755,300000000,1.0,0.1798679867986798,0.1013909224011713,0.1248169838945827,1,False,0
0,ep_42a270de655b077d2e9c,37,3,0.1142739273927392,0.0735724743777452,300000000,1.0,0.1481023102310231,0.0809846266471449,0.1248169838945827,1,False,0
0,ep_42a270de655b077d2e9c,38,3,0.1181930693069306,0.0915080527086383,300000000,1.0,0.1532590759075907,0.0986456808199121,0.1248169838945827,1,False,0
0,ep_42a270de655b077d2e9c,39,3,0.1274752475247524,0.0997437774524158,300000000,1.0,0.1728547854785478,0.1028550512445095,0.1248169838945827,1,False,0
0,ep_42a270de655b077d2e9c,40,3,0.111592409240924,0.101207906295754,300000000,1.0,0.2046204620462046,0.1028550512445095,0.1248169838945827,1,False,0
0,ep_42a270de655b077d2e9c,41,3,0.1272689768976897,0.1013909224011713,300000000,1.0,0.2128712871287128,0.1030380673499267,0.1248169838945827,1,False,0
0,ep_42a270de655b077d2e9c,42,3,0.1048886138613861,0.0971815519765739,300000000,1.0,0.1561468646864686,0.1030380673499267,0.1248169838945827,1,False,0
0,ep_42a270de655b077d2e9c,43,3,0.1044760726072607,0.1001098096632503,300000000,1.0,0.1637788778877887,0.1030380673499267,0.1248169838945827,1,False,0
0,ep_42a270de655b077d2e9c,44,3,0.1029290429042904,0.0995607613469985,300000000,1.0,0.179042904290429,0.1030380673499267,0.1248169838945827,1,False,0
0,ep_42a270de655b077d2e9c,45,3,0.1037541254125412,0.099926793557833,300000000,1.0,0.1540841584158415,0.1035871156661786,0.1248169838945827,1,False,0
0,ep_42a270de655b077d2e9c,46,3,0.1006600660066006,0.1001098096632503,300000000,1.0,0.1637788778877887,0.1028550512445095,0.1248169838945827,1,False,0
0,ep_42a270de655b077d2e9c,47,3,0.1171617161716171,0.1023060029282576,300000000,1.0,0.1586221122112211,0.1035871156661786,0.1248169838945827,1,False,0
0,ep_42a270de655b077d2e9c,48,4,0.1068481848184818,0.1004758418740849,300000000,1.0,0.1584158415841584,0.1028550512445095,0.1248169838945827,1,False,0
0,ep_42a270de655b077d2e9c,49,4,0.1159240924092409,0.1015739385065885,300000000,1.0,0.1808993399339934,0.1035871156661786,0.1248169838945827,1,False,0
0,ep_42a270de655b077d2e9c,50,4,0.0976691419141914,0.1013909224011713,300000000,1.0,0.1757425742574257,0.1035871156661786,0.1248169838945827,1,False,0
0,ep_42a270de655b077d2e9c,51,4,0.1033415841584158,0.1013909224011713,300000000,1.0,0.1806930693069307,0.1035871156661786,0.1248169838945827,1,False,0
0,ep_42a270de655b077d2e9c,52,4,0.1204620462046204,0.1019399707174231,300000000,1.0,0.201526402640264,0.1035871156661786,0.1248169838945827,1,False,0
0,ep_42a270de655b077d2e9c,53,4,0.1192244224422442,0.1019399707174231,300000000,1.0,0.1732673267326732,0.1035871156661786,0.1248169838945827,1,False,0
0,ep_42a270de655b077d2e9c,54,4,0.1216996699669967,0.0977306002928257,300000000,1.0,0.1887376237623762,0.1035871156661786,0.1248169838945827,1,False,0
0,ep_42a270de655b077d2e9c,55,4,0.095812706270627,0.0838213762811127,300000000,1.0,0.1472772277227722,0.0919655929721815,0.1248169838945827,1,False,0
0,ep_42a270de655b077d2e9c,56,4,0.1146864686468646,0.0995607613469985,300000000,1.0,0.1575907590759075,0.1030380673499267,0.1248169838945827,1,False,0
0,ep_42a270de655b077d2e9c,57,4,0.120049504950495,0.0991947291361639,300000000,1.0,0.1736798679867986,0.1026720351390922,0.1248169838945827,1,False,0
0,ep_42a270de655b077d2e9c,58,4,0.120049504950495,0.1019399707174231,300000000,1.0,0.1536716171617161,0.1028550512445095,0.1248169838945827,1,False,0
0,ep_42a270de655b077d2e9c,59,4,0.1239686468646864,0.1015739385065885,300000000,1.0,0.1654290429042904,0.1030380673499267,0.1248169838945827,1,False,0
0,ep_42a270de655b077d2e9c,60,5,0.1216996699669967,0.1019399707174231,300000000,1.0,0.168523102310231,0.1037701317715959,0.1248169838945827,1,False,0
0,ep_42a270de655b077d2e9c,61,5,0.1202557755775577,0.1023060029282576,300000000,1.0,0.1850247524752475,0.1037701317715959,0.1248169838945827,1,False,0
0,ep_42a270de655b077d2e9c,62,5,0.1204620462046204,0.1019399707174231,300000000,1.0,0.1753300330033003,0.1039531478770131,0.1248169838945827,1,False,0
0,ep_42a270de655b077d2e9c,63,5,0.1181930693069306,0.1019399707174231,300000000,1.0,0.1662541254125412,0.1039531478770131,0.1248169838945827,1,False,0
0,ep_42a270de655b077d2e9c,64,5,0.1066419141914191,0.1021229868228404,300000000,1.0,0.1604785478547855,0.1028550512445095,0.1248169838945827,1,False,0
0,ep_42a270de655b077d2e9c,65,5,0.1047854785478547,0.1013909224011713,300000000,1.0,0.1503712871287128,0.1024890190336749,0.1248169838945827,1,False,0
0,ep_42a270de655b077d2e9c,66,5,0.1013820132013201,0.1010248901903367,300000000,1.0,0.134075907590759,0.1024890190336749,0.1248169838945827,1,False,0
0,ep_42a270de655b077d2e9c,67,5,0.1113861386138613,0.1030380673499267,300000000,1.0,0.1577970297029703,0.1037701317715959,0.1248169838945827,1,False,0
0,ep_42a270de655b077d2e9c,68,5,0.1117986798679868,0.1019399707174231,300000000,1.0,0.1573844884488449,0.1037701317715959,0.1248169838945827,1,False,0
0,ep_42a270de655b077d2e9c,69,5,0.113036303630363,0.1019399707174231,300000000,1.0,0.1497524752475247,0.1035871156661786,0.1248169838945827,1,False,0
0,ep_42a270de655b077d2e9c,70,5,0.0995255775577557,0.1023060029282576,300000000,1.0,0.1641914191419141,0.1039531478770131,0.1248169838945827,1,False,0
0,ep_42a270de655b077d2e9c,71,5,0.1237623762376237,0.1028550512445095,300000000,1.0,0.2099834983498349,0.1037701317715959,0.1248169838945827,1,False,0
0,ep_42a270de655b077d2e9c,72,6,0.1140676567656765,0.1017569546120058,300000000,1.0,0.161509900990099,0.1035871156661786,0.1248169838945827,1,False,0
0,ep_42a270de655b077d2e9c,73,6,0.1216996699669967,0.1028550512445095,300000000,1.0,0.1643976897689769,0.1035871156661786,0.1248169838945827,1,False,0
0,ep_42a270de655b077d2e9c,74,6,0.1000412541254125,0.1019399707174231,300000000,1.0,0.1557343234323432,0.1024890190336749,0.1248169838945827,1,False,0
0,ep_42a270de655b077d2e9c,75,6,0.1047854785478547,0.1024890190336749,300000000,1.0,0.1468646864686468,0.1034040995607613,0.1248169838945827,1,False,0
0,ep_42a270de655b077d2e9c,76,6,0.1109735973597359,0.1013909224011713,300000000,1.0,0.1555280528052805,0.1034040995607613,0.1248169838945827,1,False,0
0,ep_42a270de655b077d2e9c,77,6,0.1146864686468646,0.1023060029282576,300000000,1.0,0.1563531353135313,0.103221083455344,0.1248169838945827,1,False,0
0,ep_42a270de655b077d2e9c,78,6,0.1122112211221122,0.1023060029282576,300000000,1.0,0.1728547854785478,0.1034040995607613,0.1248169838945827,1,False,0
0,ep_42a270de655b077d2e9c,79,6,0.1126237623762376,0.1023060029282576,300000000,1.0,0.1716171617161716,0.1035871156661786,0.1248169838945827,1,False,0
0,ep_42a270de655b077d2e9c,80,6,0.121493399339934,0.1024890190336749,300000000,1.0,0.2202970297029703,0.1034040995607613,0.1248169838945827,1,False,0
0,ep_42a270de655b077d2e9c,81,6,0.0727103960396039,0.0837298682284041,300000000,1.0,0.1532590759075907,0.0986456808199121,0.1248169838945827,1,False,0
0,ep_42a270de655b077d2e9c,82,6,0.1049917491749174,0.0747620790629575,300000000,1.0,0.1509900990099009,0.0865666178623719,0.1248169838945827,1,False,0
0,ep_42a270de655b077d2e9c,83,6,0.1155115511551155,0.0986456808199121,300000000,1.0,0.156559405940594,0.1028550512445095,0.1248169838945827,1,False,0
0,ep_42a270de655b077d2e9c,84,7,0.1272689768976897,0.1023060029282576,300000000,1.0,0.1926567656765676,0.1028550512445095,0.1248169838945827,1,False,0
0,ep_42a270de655b077d2e9c,85,7,0.1326320132013201,0.1024890190336749,300000000,1.0,0.1877062706270627,0.1034040995607613,0.1248169838945827,1,False,0
0,ep_42a270de655b077d2e9c,86,7,0.128506600660066,0.1023060029282576,300000000,1.0,0.163572607260726,0.103221083455344,0.1248169838945827,1,False,0
0,ep_42a270de655b077d2e9c,87,7,0.1268564356435643,0.1023060029282576,300000000,1.0,0.226072607260726,0.103221083455344,0.1248169838945827,1,False,0
0,ep_42a270de655b077d2e9c,88,7,0.1266501650165016,0.1023060029282576,300000000,1.0,0.1800742574257425,0.1034040995607613,0.1248169838945827,1,False,0
0,ep_42a270de655b077d2e9c,89,7,0.1266501650165016,0.1019399707174231,300000000,1.0,0.1961633663366336,0.1034040995607613,0.1248169838945827,1,False,0
0,ep_42a270de655b077d2e9c,90,7,0.1342821782178218,0.1030380673499267,300000000,1.0,0.1928630363036303,0.1039531478770131,0.1248169838945827,1,False,0
0,ep_42a270de655b077d2e9c,91,7,0.1353135313531353,0.1028550512445095,300000000,1.0,0.1788366336633663,0.1039531478770131,0.1248169838945827,1,False,0
0,ep_42a270de655b077d2e9c,92,7,0.1369636963696369,0.1026720351390922,300000000,1.0,0.1856435643564356,0.1037701317715959,0.1248169838945827,1,False,0
0,ep_42a270de655b077d2e9c,93,7,0.1289191419141914,0.1026720351390922,300000000,1.0,0.2044141914191419,0.1037701317715959,0.1248169838945827,1,False,0
0,ep_42a270de655b077d2e9c,94,7,0.1216996699669967,0.1030380673499267,300000000,1.0,0.1872937293729372,0.1039531478770131,0.1248169838945827,1,False,0
0,ep_42a270de655b077d2e9c,95,7,0.1326320132013201,0.1026720351390922,300000000,1.0,0.1868811881188118,0.1039531478770131,0.1248169838945827,1,False,0
0,ep_42a270de655b077d2e9c,96,8,0.1406765676567656,0.1028550512445095,300000000,1.0,0.1808993399339934,0.1039531478770131,0.1248169838945827,1,False,0
0,ep_42a270de655b077d2e9c,97,8,0.132013201320132,0.1028550512445095,300000000,1.0,0.1815181518151815,0.1039531478770131,0.1248169838945827,1,False,0
0,ep_42a270de655b077d2e9c,98,8,0.1157178217821782,0.1024890190336749,300000000,1.0,0.1872937293729372,0.1037701317715959,0.1248169838945827,1,False,0
0,ep_42a270de655b077d2e9c,99,8,0.1283003300330033,0.1026720351390922,300000000,1.0,0.1932755775577557,0.1035871156661786,0.1248169838945827,1,False,0
0,ep_42a270de655b077d2e9c,100,8,0.1367574257425742,0.103221083455344,300000000,1.0,0.1938943894389438,0.1037701317715959,0.1248169838945827,1,False,0
0,ep_42a270de655b077d2e9c,101,8,0.1128300330033003,0.1017569546120058,300000000,1.0,0.1982260726072607,0.1037701317715959,0.1248169838945827,1,False,0
0,ep_42a270de655b077d2e9c,102,8,0.1210808580858085,0.1023060029282576,300000000,1.0,0.1588283828382838,0.1035871156661786,0.1248169838945827,1,False,0
0,ep_42a270de655b077d2e9c,103,8,0.1293316831683168,0.1035871156661786,300000000,1.0,0.1800742574257425,0.1039531478770131,0.1248169838945827,1,False,0
0,ep_42a270de655b077d2e9c,104,8,0.1087046204620462,0.1023060029282576,300000000,1.0,0.1761551155115511,0.1039531478770131,0.1248169838945827,1,False,0
0,ep_42a270de655b077d2e9c,105,8,0.1023102310231023,0.1019399707174231,300000000,1.0,0.1452145214521452,0.1021229868228404,0.1248169838945827,1,False,0
0,ep_42a270de655b077d2e9c,106,8,0.1111798679867986,0.1028550512445095,300000000,1.0,0.156559405940594,0.1035871156661786,0.1248169838945827,1,False,0
0,ep_42a270de655b077d2e9c,107,8,0.1082920792079207,0.1021229868228404,300000000,1.0,0.1561468646864686,0.1035871156661786,0.1248169838945827,1,False,0
0,ep_42a270de655b077d2e9c,108,9,0.1146864686468646,0.1026720351390922,300000000,1.0,0.1668729372937293,0.1035871156661786,0.1248169838945827,1,False,0
0,ep_42a270de655b077d2e9c,109,9,0.0968440594059406,0.1024890190336749,300000000,1.0,0.1439768976897689,0.1035871156661786,0.1248169838945827,1,False,0
0,ep_42a270de655b077d2e9c,110,9,0.1002475247524752,0.1030380673499267,300000000,1.0,0.1499587458745874,0.1037701317715959,0.1248169838945827,1,False,0
0,ep_42a270de655b077d2e9c,111,9,0.0995255775577557,0.1015739385065885,300000000,1.0,0.1749174917491749,0.1021229868228404,0.1248169838945827,1,False,0
0,ep_42a270de655b077d2e9c,112,9,0.095503300330033,0.1030380673499267,300000000,1.0,0.1433580858085808,0.1035871156661786,0.1248169838945827,1,False,0
0,ep_42a270de655b077d2e9c,113,9,0.1004537953795379,0.1024890190336749,300000000,1.0,0.139026402640264,0.1035871156661786,0.1248169838945827,1,False,0
0,ep_42a270de655b077d2e9c,114,9,0.1050948844884488,0.1028550512445095,300000000,1.0,0.1485148514851485,0.1037701317715959,0.1248169838945827,1,False,0
0,ep_42a270de655b077d2e9c,115,9,0.1056105610561056,0.1024890190336749,300000000,1.0,0.1610973597359736,0.1035871156661786,0.1248169838945827,1,False,0
0,ep_42a270de655b077d2e9c,116,9,0.1053011551155115,0.1030380673499267,300000000,1.0,0.1524339933993399,0.1037701317715959,0.1248169838945827,1,False,0
0,ep_42a270de655b077d2e9c,117,9,0.1020008250825082,0.1017569546120058,300000000,1.0,0.1561468646864686,0.1021229868228404,0.1248169838945827,1,False,0
0,ep_42a270de655b077d2e9c,118,9,0.1082920792079207,0.103221083455344,300000000,1.0,0.1505775577557755,0.1037701317715959,0.1248169838945827,1,False,0
0,ep_42a270de655b077d2e9c,119,9,0.1087046204620462,0.1028550512445095,300000000,1.0,0.1722359735973597,0.1037701317715959,0.1248169838945827,1,False,0
0,ep_42a270de655b077d2e9c,120,10,0.1150990099009901,0.103221083455344,300000000,1.0,0.1610973597359736,0.1037701317715959,0.1248169838945827,1,False,0
0,ep_42a270de655b077d2e9c,121,10,0.108085808580858,0.1024890190336749,300000000,1.0,0.1503712871287128,0.1037701317715959,0.1248169838945827,1,False,0
0,ep_42a270de655b077d2e9c,122,10,0.1208745874587458,0.103221083455344,300000000,1.0,0.1507838283828383,0.1037701317715959,0.1248169838945827,1,False,0
0,ep_42a270de655b077d2e9c,123,10,0.1046823432343234,0.1017569546120058,300000000,1.0,0.1406765676567656,0.1019399707174231,0.1248169838945827,1,False,0
0,ep_42a270de655b077d2e9c,124,10,0.1087046204620462,0.1028550512445095,300000000,1.0,0.1485148514851485,0.1035871156661786,0.1248169838945827,1,False,0
0,ep_42a270de655b077d2e9c,125,10,0.1006600660066006,0.1028550512445095,300000000,1.0,0.1433580858085808,0.1037701317715959,0.1248169838945827,1,False,0
0,ep_42a270de655b077d2e9c,126,10,0.1190181518151815,0.1030380673499267,300000000,1.0,0.1610973597359736,0.1037701317715959,0.1248169838945827,1,False,0
0,ep_42a270de655b077d2e9c,127,10,0.1070544554455445,0.1024890190336749,300000000,1.0,0.1811056105610561,0.1035871156661786,0.1248169838945827,1,False,0
0,ep_42a270de655b077d2e9c,128,10,0.1062293729372937,0.1030380673499267,300000000,1.0,0.1528465346534653,0.1037701317715959,0.1248169838945827,1,False,0
0,ep_42a270de655b077d2e9c,129,10,0.076526402640264,0.1006588579795021,300000000,1.0,0.1223184818481848,0.1017569546120058,0.1248169838945827,1,False,0
0,ep_42a270de655b077d2e9c,130,10,0.0944719471947194,0.1015739385065885,300000000,1.0,0.1266501650165016,0.1021229868228404,0.1248169838945827,1,False,0
0,ep_42a270de655b077d2e9c,131,10,0.0942656765676567,0.1028550512445095,300000000,1.0,0.1216996699669967,0.1037701317715959,0.1248169838945827,1,False,0
0,ep_42a270de655b077d2e9c,132,11,0.097256600660066,0.1028550512445095,300000000,1.0,0.1462458745874587,0.1037701317715959,0.1248169838945827,1,False,0
0,ep_42a270de655b077d2e9c,133,11,0.1120049504950495,0.1024890190336749,300000000,1.0,0.1470709570957095,0.1037701317715959,0.1248169838945827,1,False,0
0,ep_42a270de655b077d2e9c,134,11,0.1072607260726072,0.1023060029282576,300000000,1.0,0.1470709570957095,0.1037701317715959,0.1248169838945827,1,False,0
0,ep_42a270de655b077d2e9c,135,11,0.104579207920792,0.1017569546120058,300000000,1.0,0.1379950495049505,0.1023060029282576,0.1248169838945827,1,False,0
0,ep_42a270de655b077d2e9c,136,11,0.1117986798679868,0.1023060029282576,300000000,1.0,0.1643976897689769,0.1034040995607613,0.1248169838945827,1,False,0
0,ep_42a270de655b077d2e9c,137,11,0.1175742574257425,0.103221083455344,300000000,1.0,0.1821369636963696,0.1037701317715959,0.1248169838945827,1,False,0
0,ep_42a270de655b077d2e9c,138,11,0.082095709570957,0.0964494875549048,300000000,1.0,0.1462458745874587,0.1037701317715959,0.1248169838945827,1,False,0
0,ep_42a270de655b077d2e9c,139,11,0.0913778877887788,0.0951683748169839,300000000,1.0,0.1813118811881188,0.1019399707174231,0.1248169838945827,1,False,0
0,ep_42a270de655b077d2e9c,140,11,0.1124174917491749,0.1013909224011713,300000000,1.0,0.1538778877887788,0.1024890190336749,0.1248169838945827,1,False,0
0,ep_42a270de655b077d2e9c,141,11,0.1157178217821782,0.1024890190336749,300000000,1.0,0.1631600660066006,0.103221083455344,0.1248169838945827,1,False,0
0,ep_42a270de655b077d2e9c,142,11,0.1037541254125412,0.1028550512445095,300000000,1.0,0.1412953795379538,0.1037701317715959,0.1248169838945827,1,False,0
0,ep_42a270de655b077d2e9c,143,11,0.1103547854785478,0.1034040995607613,300000000,1.0,0.1454207920792079,0.1037701317715959,0.1248169838945827,1,False,0
0,ep_42a270de655b077d2e9c,144,12,0.1022070957095709,0.103221083455344,300000000,1.0,0.1507838283828383,0.1039531478770131,0.1248169838945827,1,False,0
0,ep_42a270de655b077d2e9c,145,12,0.1039603960396039,0.1019399707174231,300000000,1.0,0.1394389438943894,0.1028550512445095,0.1248169838945827,1,False,0
0,ep_42a270de655b077d2e9c,146,12,0.0996287128712871,0.1017569546120058,300000000,1.0,0.1594471947194719,0.1023060029282576,0.1248169838945827,1,False,0
0,ep_42a270de655b077d2e9c,147,12,0.1022070957095709,0.103221083455344,300000000,1.0,0.1445957095709571,0.1037701317715959,0.1248169838945827,1,False,0
0,ep_42a270de655b077d2e9c,148,12,0.109529702970297,0.1028550512445095,300000000,1.0,0.1592409240924092,0.1037701317715959,0.1248169838945827,1,False,0
0,ep_42a270de655b077d2e9c,149,12,0.0987004950495049,0.1023060029282576,300000000,1.0,0.1658415841584158,0.1035871156661786,0.1248169838945827,1,False,0
0,ep_42a270de655b077d2e9c,150,12,0.1070544554455445,0.1028550512445095,300000000,1.0,0.1658415841584158,0.1035871156661786,0.1248169838945827,1,False,0
0,ep_42a270de655b077d2e9c,151,12,0.125,0.1021229868228404,300000000,1.0,0.161509900990099,0.1035871156661786,0.1248169838945827,1,False,0
0,ep_42a270de655b077d2e9c,152,12,0.1272689768976897,0.1026720351390922,300000000,1.0,0.1767739273927392,0.1037701317715959,0.1248169838945827,1,False,0
0,ep_42a270de655b077d2e9c,153,12,0.0947813531353135,0.1028550512445095,300000000,1.0,0.1394389438943894,0.1039531478770131,0.1248169838945827,1,False,0
0,ep_42a270de655b077d2e9c,154,12,0.1111798679867986,0.103221083455344,300000000,1.0,0.1652227722772277,0.1039531478770131,0.1248169838945827,1,False,0
0,ep_42a270de655b077d2e9c,155,12,0.0967409240924092,0.1015739385065885,300000000,1.0,0.1534653465346534,0.1023060029282576,0.1248169838945827,1,False,0
0,ep_42a270de655b077d2e9c,156,13,0.09756600660066,0.1023060029282576,300000000,1.0,0.1445957095709571,0.1030380673499267,0.1248169838945827,1,False,0
0,ep_42a270de655b077d2e9c,157,13,0.081786303630363,0.1021229868228404,300000000,1.0,0.1349009900990099,0.103221083455344,0.1248169838945827,1,False,0
0,ep_42a270de655b077d2e9c,158,13,0.1089108910891089,0.1028550512445095,300000000,1.0,0.1489273927392739,0.1035871156661786,0.1248169838945827,1,False,0
0,ep_42a270de655b077d2e9c,159,13,0.1093234323432343,0.1028550512445095,300000000,1.0,0.194513201320132,0.1035871156661786,0.1248169838945827,1,False,0
0,ep_42a270de655b077d2e9c,160,13,0.1053011551155115,0.1028550512445095,300000000,1.0,0.1557343234323432,0.1037701317715959,0.1248169838945827,1,False,0
0,ep_42a270de655b077d2e9c,161,13,0.1022070957095709,0.1019399707174231,300000000,1.0,0.1402640264026402,0.1026720351390922,0.1248169838945827,1,False,0
0,ep_42a270de655b077d2e9c,162,13,0.1159240924092409,0.103221083455344,300000000,1.0,0.1547029702970297,0.1039531478770131,0.1248169838945827,1,False,0
0,ep_42a270de655b077d2e9c,163,13,0.1192244224422442,0.1030380673499267,300000000,1.0,0.1699669966996699,0.1039531478770131,0.1248169838945827,1,False,0
0,ep_42a270de655b077d2e9c,164,13,0.1192244224422442,0.1028550512445095,300000000,1.0,0.1771864686468647,0.1039531478770131,0.1248169838945827,1,False,0
0,ep_42a270de655b077d2e9c,165,13,0.1177805280528052,0.1024890190336749,300000000,1.0,0.1681105610561056,0.1037701317715959,0.1248169838945827,1,False,0
0,ep_42a270de655b077d2e9c,166,13,0.123556105610561,0.1034040995607613,300000000,1.0,0.1827557755775577,0.1039531478770131,0.1248169838945827,1,False,0
0,ep_42a270de655b077d2e9c,167,13,0.1038572607260726,0.1017569546120058,300000000,1.0,0.1472772277227722,0.1026720351390922,0.1248169838945827,1,False,0
0,ep_42a270de655b077d2e9c,168,14,0.1260313531353135,0.1034040995607613,300000000,1.0,0.1734735973597359,0.1039531478770131,0.1248169838945827,1,False,0
0,ep_42a270de655b077d2e9c,169,14,0.0966377887788778,0.1006588579795021,300000000,1.0,0.1316006600660066,0.1023060029282576,0.1248169838945827,1,False,0
0,ep_42a270de655b077d2e9c,170,14,0.1011757425742574,0.1030380673499267,300000000,1.0,0.168523102310231,0.1037701317715959,0.1248169838945827,1,False,0
0,ep_42a270de655b077d2e9c,171,14,0.104269801980198,0.1021229868228404,300000000,1.0,0.1800742574257425,0.103221083455344,0.1248169838945827,1,False,0
0,ep_42a270de655b077d2e9c,172,14,0.1155115511551155,0.1028550512445095,300000000,1.0,0.1617161716171617,0.1034040995607613,0.1248169838945827,1,False,0
0,ep_42a270de655b077d2e9c,173,14,0.1064356435643564,0.1023060029282576,300000000,1.0,0.1406765676567656,0.1034040995607613,0.1248169838945827,1,False,0
0,ep_42a270de655b077d2e9c,174,14,0.1159240924092409,0.103221083455344,300000000,1.0,0.165016501650165,0.1037701317715959,0.1248169838945827,1,False,0
0,ep_42a270de655b077d2e9c,175,14,0.1237623762376237,0.1028550512445095,300000000,1.0,0.1631600660066006,0.1037701317715959,0.1248169838945827,1,False,0
0,ep_42a270de655b077d2e9c,176,14,0.1274752475247524,0.1035871156661786,300000000,1.0,0.1681105610561056,0.1039531478770131,0.1248169838945827,1,False,0
0,ep_42a270de655b077d2e9c,177,14,0.1087046204620462,0.1021229868228404,300000000,1.0,0.153052805280528,0.1035871156661786,0.1248169838945827,1,False,0
0,ep_42a270de655b077d2e9c,178,14,0.1175742574257425,0.1028550512445095,300000000,1.0,0.1658415841584158,0.1037701317715959,0.1248169838945827,1,False,0
0,ep_42a270de655b077d2e9c,179,14,0.1183993399339934,0.1028550512445095,300000000,1.0,0.1765676567656765,0.1037701317715959,0.1248169838945827,1,False,0
0,ep_42a270de655b077d2e9c,180,15,0.104269801980198,0.1030380673499267,300000000,1.0,0.1491336633663366,0.1037701317715959,0.1248169838945827,1,False,0
0,ep_42a270de655b077d2e9c,181,15,0.1017945544554455,0.1024890190336749,300000000,1.0,0.1555280528052805,0.1037701317715959,0.1248169838945827,1,False,0
0,ep_42a270de655b077d2e9c,182,15,0.1109735973597359,0.1026720351390922,300000000,1.0,0.1598597359735973,0.1037701317715959,0.1248169838945827,1,False,0
0,ep_42a270de655b077d2e9c,183,15,0.0938531353135313,0.1019399707174231,300000000,1.0,0.1441831683168316,0.103221083455344,0.1248169838945827,1,False,0
0,ep_42a270de655b077d2e9c,184,15,0.1140676567656765,0.1034040995607613,300000000,1.0,0.1656353135313531,0.1037701317715959,0.1248169838945827,1,False,0
0,ep_42a270de655b077d2e9c,185,15,0.1091171617161716,0.1030380673499267,300000000,1.0,0.1514026402640264,0.1039531478770131,0.1248169838945827,1,False,0
0,ep_42a270de655b077d2e9c,186,15,0.1231435643564356,0.103221083455344,300000000,1.0,0.1662541254125412,0.1039531478770131,0.1248169838945827,1,False,0
0,ep_42a270de655b077d2e9c,187,15,0.1204620462046204,0.1024890190336749,300000000,1.0,0.1668729372937293,0.1035871156661786,0.1248169838945827,1,False,0
0,ep_42a270de655b077d2e9c,188,15,0.1169554455445544,0.1028550512445095,300000000,1.0,0.1817244224422442,0.1039531478770131,0.1248169838945827,1,False,0
0,ep_42a270de655b077d2e9c,189,15,0.0983910891089109,0.1017569546120058,300000000,1.0,0.1559405940594059,0.1023060029282576,0.1248169838945827,1,False,0
0,ep_42a270de655b077d2e9c,190,15,0.0931311881188118,0.103221083455344,300000000,1.0,0.1489273927392739,0.1037701317715959,0.1248169838945827,1,False,0
0,ep_42a270de655b077d2e9c,191,15,0.1089108910891089,0.1028550512445095,300000000,1.0,0.1608910891089109,0.1039531478770131,0.1248169838945827,1,False,0
0,ep_42a270de655b077d2e9c,192,16,0.1044760726072607,0.1023060029282576,300000000,1.0,0.161509900990099,0.1035871156661786,0.1248169838945827,1,False,0
0,ep_42a270de655b077d2e9c,193,16,0.111592409240924,0.1019399707174231,300000000,1.0,0.172029702970297,0.1034040995607613,0.1248169838945827,1,False,0
0,ep_42a270de655b077d2e9c,194,16,0.1181930693069306,0.1034040995607613,300000000,1.0,0.1610973597359736,0.1037701317715959,0.1248169838945827,1,False,0
0,ep_42a270de655b077d2e9c,195,16,0.1196369636963696,0.1034040995607613,300000000,1.0,0.1701732673267326,0.1039531478770131,0.1248169838945827,1,False,0
0,ep_42a270de655b077d2e9c,196,16,0.1231435643564356,0.1030380673499267,300000000,1.0,0.1676980198019802,0.1039531478770131,0.1248169838945827,1,False,0
0,ep_42a270de655b077d2e9c,197,16,0.0920998349834983,0.1024890190336749,300000000,1.0,0.1697607260726072,0.1034040995607613,0.1248169838945827,1,False,0
0,ep_42a270de655b077d2e9c,198,16,0.1068481848184818,0.1028550512445095,300000000,1.0,0.1481023102310231,0.1037701317715959,0.1248169838945827,1,False,0
0,ep_42a270de655b077d2e9c,199,16,0.1074669966996699,0.1019399707174231,300000000,1.0,0.1623349834983498,0.1035871156661786,0.1248169838945827,1,False,0
0,ep_42a270de655b077d2e9c,200,16,0.0963283828382838,0.1026720351390922,300000000,1.0,0.1392326732673267,0.1035871156661786,0.1248169838945827,1,False,0
0,ep_42a270de655b077d2e9c,201,16,0.0977722772277227,0.1017569546120058,300000000,1.0,0.1334570957095709,0.1030380673499267,0.1248169838945827,1,False,0
0,ep_42a270de655b077d2e9c,202,16,0.0988036303630363,0.1028550512445095,300000000,1.0,0.1313943894389438,0.1035871156661786,0.1248169838945827,1,False,0
0,ep_42a270de655b077d2e9c,203,16,0.0967409240924092,0.1035871156661786,300000000,1.0,0.1388201320132013,0.1037701317715959,0.1248169838945827,1,False,0
0,ep_42a270de655b077d2e9c,204,17,0.106023102310231,0.1035871156661786,300000000,1.0,0.1592409240924092,0.1039531478770131,0.1248169838945827,1,False,0
0,ep_42a270de655b077d2e9c,205,17,0.0987004950495049,0.1024890190336749,300000000,1.0,0.1419141914191419,0.1037701317715959,0.1248169838945827,1,False,0
0,ep_42a270de655b077d2e9c,206,17,0.1033415841584158,0.1028550512445095,300000000,1.0,0.1528465346534653,0.1037701317715959,0.1248169838945827,1,False,0
0,ep_42a270de655b077d2e9c,207,17,0.0957095709570957,0.1017569546120058,300000000,1.0,0.1841996699669967,0.1023060029282576,0.1248169838945827,1,False,0
0,ep_42a270de655b077d2e9c,208,17,0.0935437293729373,0.1021229868228404,300000000,1.0,0.1386138613861386,0.1030380673499267,0.1248169838945827,1,False,0
0,ep_42a270de655b077d2e9c,209,17,0.1011757425742574,0.1028550512445095,300000000,1.0,0.1423267326732673,0.1034040995607613,0.1248169838945827,1,False,0
0,ep_42a270de655b077d2e9c,210,17,0.1183993399339934,0.1034040995607613,300000000,1.0,0.1613036303630363,0.1035871156661786,0.1248169838945827,1,False,0
0,ep_42a270de655b077d2e9c,211,17,0.099319306930693,0.1023060029282576,300000000,1.0,0.1877062706270627,0.1035871156661786,0.1248169838945827,1,False,0
0,ep_42a270de655b077d2e9c,212,17,0.1022070957095709,0.1028550512445095,300000000,1.0,0.2040016501650165,0.1037701317715959,0.1248169838945827,1,False,0
0,ep_42a270de655b077d2e9c,213,17,0.0890057755775577,0.1013909224011713,300000000,1.0,0.1260313531353135,0.1019399707174231,0.1248169838945827,1,False,0
0,ep_42a270de655b077d2e9c,214,17,0.1122112211221122,0.1019399707174231,300000000,1.0,0.1598597359735973,0.1030380673499267,0.1248169838945827,1,False,0
0,ep_42a270de655b077d2e9c,215,17,0.1138613861386138,0.1030380673499267,300000000,1.0,0.1841996699669967,0.1035871156661786,0.1248169838945827,1,False,0
0,ep_42a270de655b077d2e9c,216,18,0.1091171617161716,0.1034040995607613,300000000,1.0,0.1590346534653465,0.1037701317715959,0.1248169838945827,1,False,0
0,ep_42a270de655b077d2e9c,217,18,0.1013820132013201,0.1024890190336749,300000000,1.0,0.1864686468646864,0.1034040995607613,0.1248169838945827,1,False,0
0,ep_42a270de655b077d2e9c,218,18,0.1091171617161716,0.1028550512445095,300000000,1.0,0.1908003300330033,0.1037701317715959,0.1248169838945827,1,False,0
0,ep_42a270de655b077d2e9c,219,18,0.101072607260726,0.1019399707174231,300000000,1.0,0.1654290429042904,0.1028550512445095,0.1248169838945827,1,False,0
0,ep_42a270de655b077d2e9c,220,18,0.0935437293729373,0.1023060029282576,300000000,1.0,0.1511963696369637,0.1035871156661786,0.1248169838945827,1,False,0
0,ep_42a270de655b077d2e9c,221,18,0.0998349834983498,0.103221083455344,300000000,1.0,0.1466584158415841,0.1037701317715959,0.1248169838945827,1,False,0
0,ep_42a270de655b077d2e9c,222,18,0.1082920792079207,0.1035871156661786,300000000,1.0,0.1757425742574257,0.1039531478770131,0.1248169838945827,1,False,0
0,ep_42a270de655b077d2e9c,223,18,0.1167491749174917,0.1026720351390922,300000000,1.0,0.1627475247524752,0.1035871156661786,0.1248169838945827,1,False,0
0,ep_42a270de655b077d2e9c,224,18,0.1148927392739273,0.1030380673499267,300000000,1.0,0.1619224422442244,0.1039531478770131,0.1248169838945827,1,False,0
0,ep_42a270de655b077d2e9c,225,18,0.106023102310231,0.1017569546120058,300000000,1.0,0.1594471947194719,0.1026720351390922,0.1248169838945827,1,False,0
0,ep_42a270de655b077d2e9c,226,18,0.1091171617161716,0.1023060029282576,300000000,1.0,0.1571782178217821,0.1034040995607613,0.1248169838945827,1,False,0
0,ep_42a270de655b077d2e9c,227,18,0.1155115511551155,0.103221083455344,300000000,1.0,0.1841996699669967,0.1037701317715959,0.1248169838945827,1,False,0
0,ep_42a270de655b077d2e9c,228,19,0.1202557755775577,0.1035871156661786,300000000,1.0,0.1740924092409241,0.1039531478770131,0.1248169838945827,1,False,0
0,ep_42a270de655b077d2e9c,229,19,0.1003506600660066,0.1019399707174231,300000000,1.0,0.1947194719471947,0.1023060029282576,0.1248169838945827,1,False,0
0,ep_42a270de655b077d2e9c,230,19,0.1084983498349834,0.1024890190336749,300000000,1.0,0.1590346534653465,0.1035871156661786,0.1248169838945827,1,False,0
0,ep_42a270de655b077d2e9c,231,19,0.0971534653465346,0.1023060029282576,300000000,1.0,0.1575907590759075,0.1034040995607613,0.1248169838945827,1,False,0
0,ep_42a270de655b077d2e9c,232,19,0.090552805280528,0.1017569546120058,300000000,1.0,0.1406765676567656,0.103221083455344,0.1248169838945827,1,False,0
0,ep_42a270de655b077d2e9c,233,19,0.1038572607260726,0.1030380673499267,300000000,1.0,0.165016501650165,0.1035871156661786,0.1248169838945827,1,False,0
0,ep_42a270de655b077d2e9c,234,19,0.0951938943894389,0.1034040995607613,300000000,1.0,0.1379950495049505,0.1037701317715959,0.1248169838945827,1,False,0
0,ep_42a270de655b077d2e9c,235,19,0.1039603960396039,0.1028550512445095,300000000,1.0,0.1464521452145214,0.1035871156661786,0.1248169838945827,1,False,0
0,ep_42a270de655b077d2e9c,236,19,0.1029290429042904,0.1026720351390922,300000000,1.0,0.1456270627062706,0.1035871156661786,0.1248169838945827,1,False,0
0,ep_42a270de655b077d2e9c,237,19,0.0968440594059406,0.1021229868228404,300000000,1.0,0.1631600660066006,0.1034040995607613,0.1248169838945827,1,False,0
0,ep_42a270de655b077d2e9c,238,19,0.0825082508250825,0.1015739385065885,300000000,1.0,0.1216996699669967,0.1021229868228404,0.1248169838945827,1,False,0
0,ep_42a270de655b077d2e9c,239,19,0.0934405940594059,0.1028550512445095,300000000,1.0,0.1606848184818481,0.1034040995607613,0.1248169838945827,1,False,0
0,ep_42a270de655b077d2e9c,240,20,0.0999381188118812,0.1034040995607613,300000000,1.0,0.1623349834983498,0.1035871156661786,0.1248169838945827,1,False,0
0,ep_42a270de655b077d2e9c,241,20,0.0987004950495049,0.1030380673499267,300000000,1.0,0.1745049504950495,0.1037701317715959,0.1248169838945827,1,False,0
0,ep_42a270de655b077d2e9c,242,20,0.0963283828382838,0.1026720351390922,300000000,1.0,0.1518151815181518,0.1037701317715959,0.1248169838945827,1,False,0
0,ep_42a270de655b077d2e9c,243,20,0.0996287128712871,0.1021229868228404,300000000,1.0,0.141089108910891,0.1034040995607613,0.1248169838945827,1,False,0
0,ep_42a270de655b077d2e9c,244,20,0.1001443894389439,0.1019399707174231,300000000,1.0,0.1349009900990099,0.1034040995607613,0.1248169838945827,1,False,0
0,ep_42a270de655b077d2e9c,245,20,0.102516501650165,0.1034040995607613,300000000,1.0,0.1361386138613861,0.1037701317715959,0.1248169838945827,1,False,0
0,ep_42a270de655b077d2e9c,246,20,0.1111798679867986,0.1035871156661786,300000000,1.0,0.1629537953795379,0.1039531478770131,0.1248169838945827,1,False,0
0,ep_42a270de655b077d2e9c,247,20,0.1016914191419142,0.1023060029282576,300000000,1.0,0.1394389438943894,0.1039531478770131,0.1248169838945827,1,False,0
0,ep_42a270de655b077d2e9c,248,20,0.0998349834983498,0.1028550512445095,300000000,1.0,0.1394389438943894,0.1037701317715959,0.1248169838945827,1,False,0
0,ep_42a270de655b077d2e9c,249,20,0.0974628712871287,0.1019399707174231,300000000,1.0,0.1359323432343234,0.1026720351390922,0.1248169838945827,1,False,0
0,ep_42a270de655b077d2e9c,250,20,0.0949876237623762,0.1015739385065885,300000000,1.0,0.1695544554455445,0.1026720351390922,0.1248169838945827,1,False,0
0,ep_42a270de655b077d2e9c,251,20,0.0892120462046204,0.103221083455344,300000000,1.0,0.1338696369636963,0.1035871156661786,0.1248169838945827,1,False,0
0,ep_42a270de655b077d2e9c,252,21,0.0922029702970297,0.1034040995607613,300000000,1.0,0.1522277227722772,0.1037701317715959,0.1248169838945827,1,False,0
0,ep_42a270de655b077d2e9c,253,21,0.0931311881188118,0.1030380673499267,300000000,1.0,0.1567656765676567,0.1037701317715959,0.1248169838945827,1,False,0
0,ep_42a270de655b077d2e9c,254,21,0.0818894389438943,0.1026720351390922,300000000,1.0,0.1666666666666666,0.1039531478770131,0.1248169838945827,1,False,0
0,ep_42a270de655b077d2e9c,255,21,0.0843646864686468,0.1017569546120058,300000000,1.0,0.1396452145214521,0.1026720351390922,0.1248169838945827,1,False,0
0,ep_42a270de655b077d2e9c,256,21,0.109529702970297,0.1019399707174231,300000000,1.0,0.1753300330033003,0.1035871156661786,0.1248169838945827,1,False,0
0,ep_42a270de655b077d2e9c,257,21,0.1117986798679868,0.1035871156661786,300000000,1.0,0.1592409240924092,0.1039531478770131,0.1248169838945827,1,False,0
0,ep_42a270de655b077d2e9c,258,21,0.0929249174917491,0.1028550512445095,300000000,1.0,0.1464521452145214,0.1037701317715959,0.1248169838945827,1,False,0
0,ep_42a270de655b077d2e9c,259,21,0.1022070957095709,0.1026720351390922,300000000,1.0,0.1761551155115511,0.1037701317715959,0.1248169838945827,1,False,0
0,ep_42a270de655b077d2e9c,260,21,0.1018976897689769,0.1024890190336749,300000000,1.0,0.1573844884488449,0.1039531478770131,0.1248169838945827,1,False,0
0,ep_42a270de655b077d2e9c,261,21,0.0906559405940594,0.1017569546120058,300000000,1.0,0.1540841584158415,0.1035871156661786,0.1248169838945827,1,False,0
0,ep_42a270de655b077d2e9c,262,21,0.1056105610561056,0.1023060029282576,300000000,1.0,0.1505775577557755,0.1037701317715959,0.1248169838945827,1,False,0
0,ep_42a270de655b077d2e9c,263,21,0.1006600660066006,0.1023060029282576,300000000,1.0,0.1476897689768977,0.1039531478770131,0.1248169838945827,1,False,0
0,ep_42a270de655b077d2e9c,264,22,0.0991130363036303,0.1026720351390922,300000000,1.0,0.1468646864686468,0.1037701317715959,0.1248169838945827,1,False,0
0,ep_42a270de655b077d2e9c,265,22,0.1005569306930693,0.103221083455344,300000000,1.0,0.146039603960396,0.1039531478770131,0.1248169838945827,1,False,0
0,ep_42a270de655b077d2e9c,266,22,0.0854991749174917,0.1021229868228404,300000000,1.0,0.1384075907590759,0.103221083455344,0.1248169838945827,1,False,0
0,ep_42a270de655b077d2e9c,267,22,0.0978754125412541,0.1024890190336749,300000000,1.0,0.1489273927392739,0.1035871156661786,0.1248169838945827,1,False,0
0,ep_42a270de655b077d2e9c,268,22,0.0900371287128712,0.1024890190336749,300000000,1.0,0.1448019801980198,0.1037701317715959,0.1248169838945827,1,False,0
0,ep_42a270de655b077d2e9c,269,22,0.1150990099009901,0.1028550512445095,300000000,1.0,0.1724422442244224,0.1039531478770131,0.1248169838945827,1,False,0
0,ep_42a270de655b077d2e9c,270,22,0.1089108910891089,0.1023060029282576,300000000,1.0,0.183993399339934,0.1037701317715959,0.1248169838945827,1,False,0
0,ep_42a270de655b077d2e9c,271,22,0.1198432343234323,0.1030380673499267,300000000,1.0,0.1662541254125412,0.1039531478770131,0.1248169838945827,1,False,0
0,ep_42a270de655b077d2e9c,272,22,0.1054042904290429,0.1026720351390922,300000000,1.0,0.1456270627062706,0.1037701317715959,0.1248169838945827,1,False,0
0,ep_42a270de655b077d2e9c,273,22,0.1056105610561056,0.1026720351390922,300000000,1.0,0.1470709570957095,0.1035871156661786,0.1248169838945827,1,False,0
0,ep_42a270de655b077d2e9c,274,22,0.1020008250825082,0.1021229868228404,300000000,1.0,0.1592409240924092,0.1034040995607613,0.1248169838945827,1,False,0
0,ep_42a270de655b077d2e9c,275,22,0.1091171617161716,0.1028550512445095,300000000,1.0,0.1485148514851485,0.1039531478770131,0.1248169838945827,1,False,0
0,ep_42a270de655b077d2e9c,276,23,0.1264438943894389,0.1026720351390922,300000000,1.0,0.1643976897689769,0.1037701317715959,0.1248169838945827,1,False,0
0,ep_42a270de655b077d2e9c,277,23,0.1091171617161716,0.1028550512445095,300000000,1.0,0.1441831683168316,0.1039531478770131,0.1248169838945827,1,False,0
0,ep_42a270de655b077d2e9c,278,23,0.1111798679867986,0.1026720351390922,300000000,1.0,0.1775990099009901,0.1039531478770131,0.1248169838945827,1,False,0
0,ep_42a270de655b077d2e9c,279,23,0.1078795379537953,0.1017569546120058,300000000,1.0,0.1561468646864686,0.1021229868228404,0.1248169838945827,1,False,0
0,ep_42a270de655b077d2e9c,280,23,0.1039603960396039,0.1019399707174231,300000000,1.0,0.1547029702970297,0.1026720351390922,0.1248169838945827,1,False,0
0,ep_42a270de655b077d2e9c,281,23,0.101072607260726,0.103221083455344,300000000,1.0,0.1398514851485148,0.1037701317715959,0.1248169838945827,1,False,0
0,ep_42a270de655b077d2e9c,282,23,0.1093234323432343,0.1024890190336749,300000000,1.0,0.1563531353135313,0.1035871156661786,0.1248169838945827,1,False,0
0,ep_42a270de655b077d2e9c,283,23,0.1128300330033003,0.1024890190336749,300000000,1.0,0.1588283828382838,0.1037701317715959,0.1248169838945827,1,False,0
0,ep_42a270de655b077d2e9c,284,23,0.1161303630363036,0.1030380673499267,300000000,1.0,0.1577970297029703,0.1039531478770131,0.1248169838945827,1,False,0
0,ep_42a270de655b077d2e9c,285,23,0.1097359735973597,0.1024890190336749,300000000,1.0,0.1654290429042904,0.1035871156661786,0.1248169838945827,1,False,0
0,ep_42a270de655b077d2e9c,286,23,0.1109735973597359,0.1024890190336749,300000000,1.0,0.1497524752475247,0.1035871156661786,0.1248169838945827,1,False,0
0,ep_42a270de655b077d2e9c,287,23,0.1173679867986798,0.1028550512445095,300000000,1.0,0.1914191419141914,0.1039531478770131,0.1248169838945827,1,False,0
0,ep_463ac0f209f3b54035ba,0,0,0.3589108910891089,0.3982430453879941,300000000,1.0,0.6864686468646864,0.4172767203513909,0.472913616398243,1,False,0
0,ep_463ac0f209f3b54035ba,1,0,0.3663366336633663,0.3799414348462664,300000000,1.0,0.6757425742574258,0.4048316251830161,0.472913616398243,1,False,0
0,ep_463ac0f209f3b54035ba,2,0,0.2289603960396039,0.3967789165446559,300000000,1.0,0.6905940594059405,0.4099560761346998,0.472913616398243,1,False,0
0,ep_463ac0f209f3b54035ba,3,0,0.2136963696369637,0.3656661786237188,300000000,1.0,0.613036303630363,0.3894582723279648,0.472913616398243,1,False,0
0,ep_463ac0f209f3b54035ba,4,0,0.3325082508250825,0.3814055636896047,300000000,1.0,0.6023102310231023,0.4099560761346998,0.472913616398243,1,False,0
0,ep_463ac0f209f3b54035ba,5,0,0.1227310231023102,0.3191800878477306,300000000,1.0,0.6171617161716172,0.339311859443631,0.472913616398243,1,False,0
0,ep_463ac0f209f3b54035ba,6,0,0.1138613861386138,0.3173499267935578,300000000,1.0,0.5528052805280528,0.3243045387994143,0.472913616398243,1,False,0
0,ep_463ac0f209f3b54035ba,7,0,0.3461221122112211,0.3620058565153733,300000000,1.0,0.6575907590759076,0.4033674963396779,0.472913616398243,1,False,0
0,ep_463ac0f209f3b54035ba,8,0,0.2801155115511551,0.4048316251830161,300000000,1.0,0.6848184818481848,0.4209370424597364,0.472913616398243,1,False,0
0,ep_463ac0f209f3b54035ba,9,0,0.2867161716171617,0.3879941434846266,300000000,1.0,0.6171617161716172,0.4150805270863836,0.472913616398243,1,False,0
0,ep_463ac0f209f3b54035ba,10,0,0.2056518151815181,0.3685944363103953,300000000,1.0,0.6691419141914191,0.3814055636896047,0.472913616398243,1,False,0
0,ep_463ac0f209f3b54035ba,11,0,0.2372112211221122,0.3799414348462664,300000000,1.0,0.655940594059406,0.4048316251830161,0.472913616398243,1,False,0
0,ep_463ac0f209f3b54035ba,12,1,0.2698019801980198,0.3784773060029283,300000000,1.0,0.655940594059406,0.4077598828696925,0.472913616398243,1,False,0
0,ep_463ac0f209f3b54035ba,13,1,0.2858910891089108,0.4187408491947291,300000000,1.0,0.6889438943894389,0.4348462664714494,0.472913616398243,1,False,0
0,ep_463ac0f209f3b54035ba,14,1,0.3007425742574257,0.4055636896046852,300000000,1.0,0.7070957095709571,0.4341142020497804,0.472913616398243,1,False,0
0,ep_463ac0f209f3b54035ba,15,1,0.3193069306930693,0.4194729136163982,300000000,1.0,0.6947194719471947,0.4480234260614934,0.472913616398243,1,False,0
0,ep_463ac0f209f3b54035ba,16,1,0.3477722772277227,0.3828696925329429,300000000,1.0,0.6823432343234324,0.4150805270863836,0.472913616398243,1,False,0
0,ep_463ac0f209f3b54035ba,17,1,0.0976691419141914,0.3784773060029283,300000000,1.0,0.6435643564356436,0.3865300146412884,0.472913616398243,1,False,0
0,ep_463ac0f209f3b54035ba,18,1,0.1491336633663366,0.3469985358711566,300000000,1.0,0.6014851485148515,0.3539531478770131,0.472913616398243,1,False,0
0,ep_463ac0f209f3b54035ba,19,1,0.0924092409240924,0.3327232796486091,300000000,1.0,0.6245874587458746,0.3543191800878477,0.472913616398243,1,False,0
0,ep_463ac0f209f3b54035ba,20,1,0.231023102310231,0.3748169838945827,300000000,1.0,0.6633663366336634,0.4033674963396779,0.472913616398243,1,False,0
0,ep_463ac0f209f3b54035ba,21,1,0.2019389438943894,0.3953147877013177,300000000,1.0,0.7013201320132013,0.4238653001464129,0.472913616398243,1,False,0
0,ep_463ac0f209f3b54035ba,22,1,0.2351485148514851,0.3887262079062957,300000000,1.0,0.655940594059406,0.4238653001464129,0.472913616398243,1,False,0
0,ep_463ac0f209f3b54035ba,23,1,0.4125412541254125,0.3960468521229868,300000000,1.0,0.7178217821782178,0.4165446559297218,0.472913616398243,1,False,0
0,ep_463ac0f209f3b54035ba,24,2,0.4397689768976898,0.4004392386530014,300000000,1.0,0.6955445544554455,0.4304538799414348,0.472913616398243,1,False,0
0,ep_463ac0f209f3b54035ba,25,2,0.3576732673267326,0.4333821376281113,300000000,1.0,0.6773927392739274,0.4472913616398243,0.472913616398243,1,False,0
0,ep_463ac0f209f3b54035ba,26,2,0.1594471947194719,0.3923865300146413,300000000,1.0,0.6039603960396039,0.4509516837481698,0.472913616398243,1,False,0
0,ep_463ac0f209f3b54035ba,27,2,0.3543729372937294,0.3894582723279648,300000000,1.0,0.6204620462046204,0.4158125915080527,0.472913616398243,1,False,0
0,ep_463ac0f209f3b54035ba,28,2,0.4026402640264026,0.3916544655929722,300000000,1.0,0.6666666666666666,0.4363103953147877,0.472913616398243,1,False,0
0,ep_463ac0f209f3b54035ba,29,2,0.3824257425742574,0.4055636896046852,300000000,1.0,0.6617161716171617,0.4436310395314787,0.472913616398243,1,False,0
0,ep_463ac0f209f3b54035ba,30,2,0.3766501650165016,0.3806734992679356,300000000,1.0,0.655940594059406,0.4421669106881405,0.472913616398243,1,False,0
0,ep_463ac0f209f3b54035ba,31,2,0.3642739273927393,0.3945827232796486,300000000,1.0,0.6468646864686468,0.4267935578330893,0.472913616398243,1,False,0
0,ep_463ac0f209f3b54035ba,32,2,0.2462871287128712,0.4128843338213763,300000000,1.0,0.6146864686468647,0.431185944363104,0.472913616398243,1,False,0
0,ep_463ac0f209f3b54035ba,33,2,0.1903877887788778,0.3982430453879941,300000000,1.0,0.6633663366336634,0.4158125915080527,0.472913616398243,1,False,0
0,ep_463ac0f209f3b54035ba,34,2,0.1035478547854785,0.37701317715959,300000000,1.0,0.570957095709571,0.390190336749634,0.472913616398243,1,False,0
0,ep_463ac0f209f3b54035ba,35,2,0.2768151815181518,0.4150805270863836,300000000,1.0,0.6377887788778878,0.4428989751098097,0.472913616398243,1,False,0
0,ep_463ac0f209f3b54035ba,36,3,0.3972772277227723,0.4224011713030747,300000000,1.0,0.6344884488448845,0.4604685212298682,0.472913616398243,1,False,0
0,ep_463ac0f209f3b54035ba,37,3,0.4983498349834983,0.3997071742313323,300000000,1.0,0.683993399339934,0.4187408491947291,0.472913616398243,1,False,0
0,ep_463ac0f209f3b54035ba,38,3,0.408003300330033,0.3989751098096633,300000000,1.0,0.6097359735973598,0.4202049780380673,0.472913616398243,1,False,0
0,ep_463ac0f209f3b54035ba,39,3,0.4983498349834983,0.3173499267935578,300000000,1.0,0.6402640264026402,0.3689604685212299,0.472913616398243,1,False,0
0,ep_463ac0f209f3b54035ba,40,3,0.3246699669966996,0.2686676427525622,300000000,1.0,0.6221122112211221,0.3133235724743777,0.472913616398243,1,False,0
0,ep_463ac0f209f3b54035ba,41,3,0.4752475247524752,0.3092972181551977,300000000,1.0,0.6889438943894389,0.3272327964860907,0.472913616398243,1,False,0
0,ep_463ac0f209f3b54035ba,42,3,0.4265676567656766,0.2767203513909224,300000000,1.0,0.6691419141914191,0.3144216691068814,0.472913616398243,1,False,0
0,ep_463ac0f209f3b54035ba,43,3,0.5033003300330033,0.284407027818448,300000000,1.0,0.6947194719471947,0.3129575402635431,0.472913616398243,1,False,0
0,ep_463ac0f209f3b54035ba,44,3,0.3593234323432343,0.29502196193265,300000000,1.0,0.6402640264026402,0.3158857979502196,0.472913616398243,1,False,0
0,ep_463ac0f209f3b54035ba,45,3,0.2277227722772277,0.2869692532942899,300000000,1.0,0.5808580858085809,0.3169838945827233,0.472913616398243,1,False,0
0,ep_463ac0f209f3b54035ba,46,3,0.2182343234323432,0.2243777452415812,300000000,1.0,0.6278877887788779,0.2554904831625183,0.472913616398243,1,False,0
0,ep_463ac0f209f3b54035ba,47,3,0.3374587458745874,0.2613469985358712,300000000,1.0,0.599009900990099,0.301610541727672,0.472913616398243,1,False,0
0,ep_463ac0f209f3b54035ba,48,4,0.4187293729372937,0.2825768667642752,300000000,1.0,0.6386138613861386,0.3089311859443631,0.472913616398243,1,False,0
0,ep_463ac0f209f3b54035ba,49,4,0.3329207920792079,0.2708638360175695,300000000,1.0,0.5825082508250825,0.2935578330893119,0.472913616398243,1,False,0
0,ep_463ac0f209f3b54035ba,50,4,0.2194719471947194,0.2617130307467057,300000000,1.0,0.5354785478547854,0.29099560761347,0.472913616398243,1,False,0
0,ep_463ac0f209f3b54035ba,51,4,0.2652640264026402,0.2931918008784773,300000000,1.0,0.6204620462046204,0.3162518301610542,0.472913616398243,1,False,0
0,ep_463ac0f209f3b54035ba,52,4,0.2219471947194719,0.2752562225475842,300000000,1.0,0.641914191419142,0.3023426061493411,0.472913616398243,1,False,0
0,ep_463ac0f209f3b54035ba,53,4,0.1738861386138613,0.2532942898975109,300000000,1.0,0.5288778877887789,0.2880673499267935,0.472913616398243,1,False,0
0,ep_463ac0f209f3b54035ba,54,4,0.3593234323432343,0.29502196193265,300000000,1.0,0.6047854785478548,0.3308931185944363,0.472913616398243,1,False,0
0,ep_463ac0f209f3b54035ba,55,4,0.3894389438943894,0.2785505124450951,300000000,1.0,0.5882838283828383,0.3323572474377745,0.472913616398243,1,False,0
0,ep_463ac0f209f3b54035ba,56,4,0.1681105610561056,0.2510980966325036,300000000,1.0,0.6196369636963697,0.2675695461200585,0.472913616398243,1,False,0
0,ep_463ac0f209f3b54035ba,57,4,0.2677392739273927,0.2814787701317716,300000000,1.0,0.6031353135313532,0.3085651537335285,0.472913616398243,1,False,0
0,ep_463ac0f209f3b54035ba,58,4,0.1912128712871287,0.2723279648609077,300000000,1.0,0.5437293729372937,0.29502196193265,0.472913616398243,1,False,0
0,ep_463ac0f209f3b54035ba,59,4,0.1961633663366336,0.2800146412884334,300000000,1.0,0.6031353135313532,0.3111273792093704,0.472913616398243,1,False,0
0,ep_463ac0f209f3b54035ba,60,5,0.3844884488448845,0.3199121522693997,300000000,1.0,0.5973597359735974,0.3502928257686676,0.472913616398243,1,False,0
0,ep_463ac0f209f3b54035ba,61,5,0.2685643564356436,0.3224743777452415,300000000,1.0,0.6155115511551155,0.3480966325036603,0.472913616398243,1,False,0
0,ep_463ac0f209f3b54035ba,62,5,0.0461014851485148,0.2957540263543192,300000000,1.0,0.4042904290429043,0.3316251830161054,0.472913616398243,1,False,0
0,ep_463ac0f209f3b54035ba,63,5,0.1827557755775577,0.2668374816983894,300000000,1.0,0.6155115511551155,0.2847730600292826,0.472913616398243,1,False,0
0,ep_463ac0f209f3b54035ba,64,5,0.1656353135313531,0.2855051244509516,300000000,1.0,0.528052805280528,0.3063689604685212,0.472913616398243,1,False,0
0,ep_463ac0f209f3b54035ba,65,5,0.2479372937293729,0.2701317715959004,300000000,1.0,0.6303630363036303,0.3019765739385066,0.472913616398243,1,False,0
0,ep_463ac0f209f3b54035ba,66,5,0.2174092409240924,0.2887994143484627,300000000,1.0,0.5833333333333334,0.3103953147877013,0.472913616398243,1,False,0
0,ep_463ac0f209f3b54035ba,67,5,0.0848803630363036,0.25,300000000,1.0,0.6138613861386139,0.2752562225475842,0.472913616398243,1,False,0
0,ep_463ac0f209f3b54035ba,68,5,0.0313531353135313,0.2258418740849194,300000000,1.0,0.1901815181518152,0.2324304538799414,0.472913616398243,1,False,0
0,ep_463ac0f209f3b54035ba,69,5,0.1901815181518152,0.2558565153733528,300000000,1.0,0.5874587458745875,0.2862371888726208,0.472913616398243,1,False,0
0,ep_463ac0f209f3b54035ba,70,5,0.2669141914191419,0.2796486090775988,300000000,1.0,0.6097359735973598,0.3060029282576866,0.472913616398243,1,False,0
0,ep_463ac0f209f3b54035ba,71,5,0.3415841584158416,0.2478038067349927,300000000,1.0,0.6270627062706271,0.2887994143484627,0.472913616398243,1,False,0
0,ep_463ac0f209f3b54035ba,72,6,0.3572607260726073,0.2342606149341142,300000000,1.0,0.6551155115511551,0.2741581259150805,0.472913616398243,1,False,0
0,ep_463ac0f209f3b54035ba,73,6,0.2023514851485148,0.1965592972181552,300000000,1.0,0.6683168316831684,0.2481698389458272,0.472913616398243,1,False,0
0,ep_463ac0f209f3b54035ba,74,6,0.2052392739273927,0.1348828696925329,300000000,1.0,0.5437293729372937,0.1564787701317715,0.472913616398243,1,False,0
0,ep_463ac0f209f3b54035ba,75,6,0.3275577557755775,0.1484260614934114,300000000,1.0,0.6196369636963697,0.1656295754026354,0.472913616398243,1,False,0
0,ep_463ac0f209f3b54035ba,76,6,0.2574257425742574,0.1958272327964861,300000000,1.0,0.5899339933993399,0.2104685212298682,0.472913616398243,1,False,0
0,ep_463ac0f209f3b54035ba,77,6,0.2764026402640264,0.1914348462664714,300000000,1.0,0.5907590759075908,0.2053440702781845,0.472913616398243,1,False,0
0,ep_463ac0f209f3b54035ba,78,6,0.3857260726072607,0.1782576866764275,300000000,1.0,0.6270627062706271,0.2075402635431918,0.472913616398243,1,False,0
0,ep_463ac0f209f3b54035ba,79,6,0.2784653465346535,0.2042459736456808,300000000,1.0,0.636963696369637,0.226207906295754,0.472913616398243,1,False,0
0,ep_463ac0f209f3b54035ba,80,6,0.2108085808580858,0.1718521229868228,300000000,1.0,0.6336633663366337,0.195095168374817,0.472913616398243,1,False,0
0,ep_463ac0f209f3b54035ba,81,6,0.1697607260726072,0.1899707174231332,300000000,1.0,0.6254125412541254,0.2016837481698389,0.472913616398243,1,False,0
0,ep_463ac0f209f3b54035ba,82,6,0.1309818481848184,0.1939970717423133,300000000,1.0,0.5915841584158416,0.2141288433382137,0.472913616398243,1,False,0
0,ep_463ac0f209f3b54035ba,83,6,0.2685643564356436,0.2104685212298682,300000000,1.0,0.6262376237623762,0.2313323572474377,0.472913616398243,1,False,0
0,ep_463ac0f209f3b54035ba,84,7,0.4084158415841584,0.2349926793557833,300000000,1.0,0.6798679867986799,0.2650073206442166,0.472913616398243,1,False,0
0,ep_463ac0f209f3b54035ba,85,7,0.3246699669966996,0.229502196193265,300000000,1.0,0.6600660066006601,0.2514641288433382,0.472913616398243,1,False,0
0,ep_463ac0f209f3b54035ba,86,7,0.3939768976897689,0.2338945827232796,300000000,1.0,0.7004950495049505,0.2642752562225476,0.472913616398243,1,False,0
0,ep_463ac0f209f3b54035ba,87,7,0.2751650165016501,0.2371888726207906,300000000,1.0,0.6311881188118812,0.263909224011713,0.472913616398243,1,False,0
0,ep_463ac0f209f3b54035ba,88,7,0.2908415841584158,0.1958272327964861,300000000,1.0,0.6666666666666666,0.2192532942898975,0.472913616398243,1,False,0
0,ep_463ac0f209f3b54035ba,89,7,0.2417491749174917,0.2068081991215227,300000000,1.0,0.6617161716171617,0.2441434846266471,0.472913616398243,1,False,0
0,ep_463ac0f209f3b54035ba,90,7,0.1637788778877887,0.1896046852122986,300000000,1.0,0.6666666666666666,0.215592972181552,0.472913616398243,1,False,0
0,ep_463ac0f209f3b54035ba,91,7,0.3403465346534653,0.1892386530014641,300000000,1.0,0.7128712871287128,0.2166910688140556,0.472913616398243,1,False,0
0,ep_463ac0f209f3b54035ba,92,7,0.3667491749174917,0.2108345534407028,300000000,1.0,0.6955445544554455,0.2287701317715959,0.472913616398243,1,False,0
0,ep_463ac0f209f3b54035ba,93,7,0.3733498349834983,0.2357247437774524,300000000,1.0,0.7112211221122112,0.2862371888726208,0.472913616398243,1,False,0
0,ep_463ac0f209f3b54035ba,94,7,0.4719471947194719,0.2906295754026354,300000000,1.0,0.7062706270627063,0.3151537335285505,0.472913616398243,1,False,0
0,ep_463ac0f209f3b54035ba,95,7,0.3910891089108911,0.2679355783308931,300000000,1.0,0.6872937293729373,0.2979502196193265,0.472913616398243,1,False,0
0,ep_463ac0f209f3b54035ba,96,8,0.3613861386138614,0.2591508052708638,300000000,1.0,0.6831683168316832,0.2759882869692533,0.472913616398243,1,False,0
0,ep_463ac0f209f3b54035ba,97,8,0.3721122112211221,0.2375549048316252,300000000,1.0,0.6823432343234324,0.263909224011713,0.472913616398243,1,False,0
0,ep_463ac0f209f3b54035ba,98,8,0.4174917491749175,0.2478038067349927,300000000,1.0,0.6947194719471947,0.2690336749633967,0.472913616398243,1,False,0
0,ep_463ac0f209f3b54035ba,99,8,0.3886138613861386,0.3261346998535871,300000000,1.0,0.7029702970297029,0.3667642752562225,0.472913616398243,1,False,0
0,ep_463ac0f209f3b54035ba,100,8,0.2999174917491749,0.2994143484626647,300000000,1.0,0.6922442244224423,0.3744509516837481,0.472913616398243,1,False,0
0,ep_463ac0f209f3b54035ba,101,8,0.3259075907590759,0.2430453879941435,300000000,1.0,0.6798679867986799,0.2730600292825769,0.472913616398243,1,False,0
0,ep_463ac0f209f3b54035ba,102,8,0.2433993399339934,0.2291361639824304,300000000,1.0,0.6542904290429042,0.236822840409956,0.472913616398243,1,False,0
0,ep_463ac0f209f3b54035ba,103,8,0.3382838283828382,0.2562225475841874,300000000,1.0,0.6501650165016502,0.2756222547584187,0.472913616398243,1,False,0
0,ep_463ac0f209f3b54035ba,104,8,0.2945544554455445,0.2020497803806735,300000000,1.0,0.5924092409240924,0.2489019033674963,0.472913616398243,1,False,0
0,ep_463ac0f209f3b54035ba,105,8,0.2817656765676568,0.2177891654465593,300000000,1.0,0.6353135313531353,0.2591508052708638,0.472913616398243,1,False,0
0,ep_463ac0f209f3b54035ba,106,8,0.4038778877887788,0.2423133235724743,300000000,1.0,0.6683168316831684,0.277818448023426,0.472913616398243,1,False,0
0,ep_463ac0f209f3b54035ba,107,8,0.3968646864686468,0.2796486090775988,300000000,1.0,0.6485148514851485,0.3030746705710102,0.472913616398243,1,False,0
0,ep_463ac0f209f3b54035ba,108,9,0.3675742574257425,0.236822840409956,300000000,1.0,0.6295379537953796,0.2562225475841874,0.472913616398243,1,False,0
0,ep_463ac0f209f3b54035ba,109,9,0.3415841584158416,0.2382869692532943,300000000,1.0,0.5965346534653465,0.2598828696925329,0.472913616398243,1,False,0
0,ep_463ac0f209f3b54035ba,110,9,0.3915016501650165,0.2591508052708638,300000000,1.0,0.6493399339933993,0.3001464128843338,0.472913616398243,1,False,0
0,ep_463ac0f209f3b54035ba,111,9,0.1959570957095709,0.281112737920937,300000000,1.0,0.5907590759075908,0.3001464128843338,0.472913616398243,1,False,0
0,ep_463ac0f209f3b54035ba,112,9,0.1076732673267326,0.243411420204978,300000000,1.0,0.6113861386138614,0.2620790629575402,0.472913616398243,1,False,0
0,ep_463ac0f209f3b54035ba,113,9,0.2037953795379538,0.2562225475841874,300000000,1.0,0.6806930693069307,0.284407027818448,0.472913616398243,1,False,0
0,ep_463ac0f209f3b54035ba,114,9,0.3395214521452145,0.2668374816983894,300000000,1.0,0.650990099009901,0.3019765739385066,0.472913616398243,1,False,0
0,ep_463ac0f209f3b54035ba,115,9,0.3110561056105611,0.3030746705710102,300000000,1.0,0.7087458745874587,0.3330893118594436,0.472913616398243,1,False,0
0,ep_463ac0f209f3b54035ba,116,9,0.3667491749174917,0.3012445095168374,300000000,1.0,0.6889438943894389,0.3404099560761347,0.472913616398243,1,False,0
0,ep_463ac0f209f3b54035ba,117,9,0.3473597359735973,0.2756222547584187,300000000,1.0,0.6905940594059405,0.3169838945827233,0.472913616398243,1,False,0
0,ep_463ac0f209f3b54035ba,118,9,0.2957920792079208,0.2624450951683748,300000000,1.0,0.7029702970297029,0.2770863836017569,0.472913616398243,1,False,0
0,ep_463ac0f209f3b54035ba,119,9,0.1476897689768977,0.2664714494875549,300000000,1.0,0.6039603960396039,0.2818448023426061,0.472913616398243,1,False,0
0,ep_463ac0f209f3b54035ba,120,10,0.1714108910891089,0.2448755490483162,300000000,1.0,0.6476897689768977,0.2708638360175695,0.472913616398243,1,False,0
0,ep_463ac0f209f3b54035ba,121,10,0.1111798679867986,0.229502196193265,300000000,1.0,0.6336633663366337,0.2554904831625183,0.472913616398243,1,False,0
0,ep_463ac0f209f3b54035ba,122,10,0.3655115511551155,0.2635431918008785,300000000,1.0,0.6914191419141914,0.298316251830161,0.472913616398243,1,False,0
0,ep_463ac0f209f3b54035ba,123,10,0.5272277227722773,0.3092972181551977,300000000,1.0,0.6914191419141914,0.3469985358711566,0.472913616398243,1,False,0
0,ep_463ac0f209f3b54035ba,124,10,0.3836633663366336,0.356515373352855,300000000,1.0,0.6782178217821783,0.3872620790629575,0.472913616398243,1,False,0
0,ep_463ac0f209f3b54035ba,125,10,0.4521452145214521,0.3096632503660322,300000000,1.0,0.6971947194719472,0.345900439238653,0.472913616398243,1,False,0
0,ep_463ac0f209f3b54035ba,126,10,0.5123762376237624,0.3594436310395315,300000000,1.0,0.6938943894389439,0.3953147877013177,0.472913616398243,1,False,0
0,ep_463ac0f209f3b54035ba,127,10,0.4038778877887788,0.3389458272327965,300000000,1.0,0.7004950495049505,0.3627379209370424,0.472913616398243,1,False,0
0,ep_463ac0f209f3b54035ba,128,10,0.4653465346534653,0.3019765739385066,300000000,1.0,0.6914191419141914,0.3327232796486091,0.472913616398243,1,False,0
0,ep_463ac0f209f3b54035ba,129,10,0.3915016501650165,0.2800146412884334,300000000,1.0,0.6468646864686468,0.2975841874084919,0.472913616398243,1,False,0
0,ep_463ac0f209f3b54035ba,130,10,0.2887788778877888,0.2800146412884334,300000000,1.0,0.6815181518151815,0.3012445095168374,0.472913616398243,1,False,0
0,ep_463ac0f209f3b54035ba,131,10,0.1994636963696369,0.304904831625183,300000000,1.0,0.6848184818481848,0.3213762811127379,0.472913616398243,1,False,0
0,ep_463ac0f209f3b54035ba,132,11,0.4232673267326732,0.3202781844802342,300000000,1.0,0.693069306930693,0.3462664714494876,0.472913616398243,1,False,0
0,ep_463ac0f209f3b54035ba,133,11,0.323019801980198,0.2957540263543192,300000000,1.0,0.6947194719471947,0.3400439238653001,0.472913616398243,1,False,0
0,ep_463ac0f209f3b54035ba,134,11,0.3543729372937294,0.2441434846266471,300000000,1.0,0.6773927392739274,0.2712298682284041,0.472913616398243,1,False,0
0,ep_463ac0f209f3b54035ba,135,11,0.4438943894389439,0.2382869692532943,300000000,1.0,0.6773927392739274,0.2598828696925329,0.472913616398243,1,False,0
0,ep_463ac0f209f3b54035ba,136,11,0.3176567656765676,0.236822840409956,300000000,1.0,0.6518151815181518,0.2532942898975109,0.472913616398243,1,False,0
0,ep_463ac0f209f3b54035ba,137,11,0.3985148514851485,0.2664714494875549,300000000,1.0,0.655940594059406,0.2833089311859443,0.472913616398243,1,False,0
0,ep_463ac0f209f3b54035ba,138,11,0.4496699669966996,0.236822840409956,300000000,1.0,0.6551155115511551,0.2690336749633967,0.472913616398243,1,False,0
0,ep_463ac0f209f3b54035ba,139,11,0.1076732673267326,0.2360907759882869,300000000,1.0,0.6270627062706271,0.2712298682284041,0.472913616398243,1,False,0
0,ep_463ac0f209f3b54035ba,140,11,0.3485973597359736,0.2342606149341142,300000000,1.0,0.6353135313531353,0.2529282576866764,0.472913616398243,1,False,0
0,ep_463ac0f209f3b54035ba,141,11,0.3028052805280528,0.2441434846266471,300000000,1.0,0.6674917491749175,0.2734260614934114,0.472913616398243,1,False,0
0,ep_463ac0f209f3b54035ba,142,11,0.4034653465346535,0.2737920937042459,300000000,1.0,0.6971947194719472,0.3162518301610542,0.472913616398243,1,False,0
0,ep_463ac0f209f3b54035ba,143,11,0.4876237623762376,0.3484626647144949,300000000,1.0,0.6963696369636964,0.3931185944363104,0.472913616398243,1,False,0
0,ep_463ac0f209f3b54035ba,144,12,0.4694719471947194,0.3067349926793558,300000000,1.0,0.6914191419141914,0.3638360175695461,0.472913616398243,1,False,0
0,ep_463ac0f209f3b54035ba,145,12,0.4801980198019802,0.284407027818448,300000000,1.0,0.7004950495049505,0.3074670571010249,0.472913616398243,1,False,0
0,ep_463ac0f209f3b54035ba,146,12,0.4364686468646864,0.3415080527086384,300000000,1.0,0.7227722772277227,0.37701317715959,0.472913616398243,1,False,0
0,ep_463ac0f209f3b54035ba,147,12,0.3708745874587458,0.3583455344070278,300000000,1.0,0.7112211221122112,0.3945827232796486,0.472913616398243,1,False,0
0,ep_463ac0f209f3b54035ba,148,12,0.3551980198019802,0.3177159590043923,300000000,1.0,0.6551155115511551,0.3374816983894583,0.472913616398243,1,False,0
0,ep_463ac0f209f3b54035ba,149,12,0.4034653465346535,0.3590775988286969,300000000,1.0,0.6575907590759076,0.3850658857979502,0.472913616398243,1,False,0
0,ep_463ac0f209f3b54035ba,150,12,0.1049917491749174,0.3283308931185944,300000000,1.0,0.6452145214521452,0.3784773060029283,0.472913616398243,1,False,0
0,ep_463ac0f209f3b54035ba,151,12,0.1437706270627062,0.315519765739385,300000000,1.0,0.5495049504950495,0.3352855051244509,0.472913616398243,1,False,0
0,ep_463ac0f209f3b54035ba,152,12,0.3551980198019802,0.3323572474377745,300000000,1.0,0.6872937293729373,0.3620058565153733,0.472913616398243,1,False,0
0,ep_463ac0f209f3b54035ba,153,12,0.3147689768976898,0.3246705710102489,300000000,1.0,0.6485148514851485,0.3557833089311859,0.472913616398243,1,False,0
0,ep_463ac0f209f3b54035ba,154,12,0.3716996699669967,0.3092972181551977,300000000,1.0,0.6782178217821783,0.3345534407027818,0.472913616398243,1,False,0
0,ep_463ac0f209f3b54035ba,155,12,0.2656765676567656,0.3334553440702781,300000000,1.0,0.6658415841584159,0.3642020497803807,0.472913616398243,1,False,0
0,ep_463ac0f209f3b54035ba,156,13,0.3816006600660066,0.3689604685212299,300000000,1.0,0.6732673267326733,0.3953147877013177,0.472913616398243,1,False,0
0,ep_463ac0f209f3b54035ba,157,13,0.3333333333333333,0.3330893118594436,300000000,1.0,0.655940594059406,0.3729868228404099,0.472913616398243,1,False,0
0,ep_463ac0f209f3b54035ba,158,13,0.4249174917491749,0.3612737920937042,300000000,1.0,0.6798679867986799,0.3887262079062957,0.472913616398243,1,False,0
0,ep_463ac0f209f3b54035ba,159,13,0.3457095709570957,0.3469985358711566,300000000,1.0,0.6707920792079208,0.3634699853587115,0.472913616398243,1,False,0
0,ep_463ac0f209f3b54035ba,160,13,0.0415119636963696,0.3199121522693997,300000000,1.0,0.4826732673267326,0.3396778916544656,0.472913616398243,1,False,0
0,ep_463ac0f209f3b54035ba,161,13,0.2017326732673267,0.2895314787701317,300000000,1.0,0.6666666666666666,0.3341874084919473,0.472913616398243,1,False,0
0,ep_463ac0f209f3b54035ba,162,13,0.2549504950495049,0.3477306002928257,300000000,1.0,0.6815181518151815,0.3678623718887262,0.472913616398243,1,False,0
0,ep_463ac0f209f3b54035ba,163,13,0.132013201320132,0.3118594436310395,300000000,1.0,0.570957095709571,0.3462664714494876,0.472913616398243,1,False,0
0,ep_463ac0f209f3b54035ba,164,13,0.3861386138613861,0.3367496339677892,300000000,1.0,0.7013201320132013,0.3806734992679356,0.472913616398243,1,False,0
0,ep_463ac0f209f3b54035ba,165,13,0.4579207920792079,0.3879941434846266,300000000,1.0,0.6922442244224423,0.4165446559297218,0.472913616398243,1,False,0
0,ep_463ac0f209f3b54035ba,166,13,0.4154290429042904,0.3997071742313323,300000000,1.0,0.7161716171617162,0.4194729136163982,0.472913616398243,1,False,0
0,ep_463ac0f209f3b54035ba,167,13,0.4562706270627062,0.3707906295754026,300000000,1.0,0.7021452145214522,0.4267935578330893,0.472913616398243,1,False,0
0,ep_463ac0f209f3b54035ba,168,14,0.3882013201320132,0.3722547584187408,300000000,1.0,0.6765676567656765,0.383601756954612,0.472913616398243,1,False,0
0,ep_463ac0f209f3b54035ba,169,14,0.4513201320132013,0.3894582723279648,300000000,1.0,0.683993399339934,0.4275256222547584,0.472913616398243,1,False,0
0,ep_463ac0f209f3b54035ba,170,14,0.4249174917491749,0.3532210834553441,300000000,1.0,0.6914191419141914,0.3814055636896047,0.472913616398243,1,False,0
0,ep_463ac0f209f3b54035ba,171,14,0.2376237623762376,0.4033674963396779,300000000,1.0,0.6254125412541254,0.4260614934114202,0.472913616398243,1,False,0
0,ep_463ac0f209f3b54035ba,172,14,0.349009900990099,0.4026354319180087,300000000,1.0,0.6658415841584159,0.431185944363104,0.472913616398243,1,False,0
0,ep_463ac0f209f3b54035ba,173,14,0.3341584158415842,0.4128843338213763,300000000,1.0,0.6922442244224423,0.4341142020497804,0.472913616398243,1,False,0
0,ep_463ac0f209f3b54035ba,174,14,0.3849009900990099,0.4121522693997071,300000000,1.0,0.6856435643564357,0.4341142020497804,0.472913616398243,1,False,0
0,ep_463ac0f209f3b54035ba,175,14,0.3259075907590759,0.3872620790629575,300000000,1.0,0.6625412541254125,0.410688140556369,0.472913616398243,1,False,0
0,ep_463ac0f209f3b54035ba,176,14,0.3943894389438944,0.4092240117130307,300000000,1.0,0.665016501650165,0.4363103953147877,0.472913616398243,1,False,0
0,ep_463ac0f209f3b54035ba,177,14,0.3976897689768977,0.4092240117130307,300000000,1.0,0.6815181518151815,0.4355783308931186,0.472913616398243,1,False,0
0,ep_463ac0f209f3b54035ba,178,14,0.3923267326732673,0.4143484626647145,300000000,1.0,0.6955445544554455,0.4348462664714494,0.472913616398243,1,False,0
0,ep_463ac0f209f3b54035ba,179,14,0.3572607260726073,0.4136163982430454,300000000,1.0,0.6848184818481848,0.4289897510980966,0.472913616398243,1,False,0
0,ep_463ac0f209f3b54035ba,180,15,0.327970297029703,0.390922401171303,300000000,1.0,0.7079207920792079,0.4194729136163982,0.472913616398243,1,False,0
0,ep_463ac0f209f3b54035ba,181,15,0.4133663366336633,0.4033674963396779,300000000,1.0,0.6996699669966997,0.4297218155197657,0.472913616398243,1,False,0
0,ep_463ac0f209f3b54035ba,182,15,0.3477722772277227,0.3931185944363104,300000000,1.0,0.6666666666666666,0.4275256222547584,0.472913616398243,1,False,0
0,ep_463ac0f209f3b54035ba,183,15,0.2941419141914191,0.4070278184480234,300000000,1.0,0.6394389438943895,0.431185944363104,0.472913616398243,1,False,0
0,ep_463ac0f209f3b54035ba,184,15,0.3329207920792079,0.397510980966325,300000000,1.0,0.6724422442244224,0.4297218155197657,0.472913616398243,1,False,0
0,ep_463ac0f209f3b54035ba,185,15,0.3465346534653465,0.4099560761346998,300000000,1.0,0.6584158415841584,0.4355783308931186,0.472913616398243,1,False,0
0,ep_463ac0f209f3b54035ba,186,15,0.3296204620462046,0.4084919472913616,300000000,1.0,0.7103960396039604,0.4282576866764275,0.472913616398243,1,False,0
0,ep_463ac0f209f3b54035ba,187,15,0.4042904290429043,0.4048316251830161,300000000,1.0,0.693069306930693,0.4304538799414348,0.472913616398243,1,False,0
0,ep_463ac0f209f3b54035ba,188,15,0.2421617161716171,0.3931185944363104,300000000,1.0,0.6988448844884488,0.4172767203513909,0.472913616398243,1,False,0
0,ep_463ac0f209f3b54035ba,189,15,0.3028052805280528,0.4128843338213763,300000000,1.0,0.679042904290429,0.4282576866764275,0.472913616398243,1,False,0
0,ep_463ac0f209f3b54035ba,190,15,0.4071782178217821,0.397510980966325,300000000,1.0,0.6922442244224423,0.4238653001464129,0.472913616398243,1,False,0
0,ep_463ac0f209f3b54035ba,191,15,0.1854372937293729,0.4121522693997071,300000000,1.0,0.6353135313531353,0.4297218155197657,0.472913616398243,1,False,0
0,ep_463ac0f209f3b54035ba,192,16,0.4075907590759076,0.4092240117130307,300000000,1.0,0.679042904290429,0.4267935578330893,0.472913616398243,1,False,0
0,ep_463ac0f209f3b54035ba,193,16,0.1897689768976897,0.3967789165446559,300000000,1.0,0.66996699669967,0.4187408491947291,0.472913616398243,1,False,0
0,ep_463ac0f209f3b54035ba,194,16,0.1551155115511551,0.3894582723279648,300000000,1.0,0.6881188118811881,0.4077598828696925,0.472913616398243,1,False,0
0,ep_463ac0f209f3b54035ba,195,16,0.2594884488448845,0.411420204978038,300000000,1.0,0.6353135313531353,0.431185944363104,0.472913616398243,1,False,0
0,ep_463ac0f209f3b54035ba,196,16,0.1808993399339934,0.411420204978038,300000000,1.0,0.6518151815181518,0.4253294289897511,0.472913616398243,1,False,0
0,ep_463ac0f209f3b54035ba,197,16,0.327970297029703,0.4172767203513909,300000000,1.0,0.6600660066006601,0.431918008784773,0.472913616398243,1,False,0
0,ep_463ac0f209f3b54035ba,198,16,0.2553630363036304,0.410688140556369,300000000,1.0,0.6518151815181518,0.4282576866764275,0.472913616398243,1,False,0
0,ep_463ac0f209f3b54035ba,199,16,0.1225247524752475,0.4158125915080527,300000000,1.0,0.6905940594059405,0.4326500732064421,0.472913616398243,1,False,0
0,ep_463ac0f209f3b54035ba,200,16,0.3935643564356436,0.3931185944363104,300000000,1.0,0.6732673267326733,0.4363103953147877,0.472913616398243,1,False,0
0,ep_463ac0f209f3b54035ba,201,16,0.4966996699669967,0.4150805270863836,300000000,1.0,0.6740924092409241,0.4363103953147877,0.472913616398243,1,False,0
0,ep_463ac0f209f3b54035ba,202,16,0.4414191419141914,0.4165446559297218,300000000,1.0,0.6881188118811881,0.4421669106881405,0.472913616398243,1,False,0
0,ep_463ac0f209f3b54035ba,203,16,0.3778877887788779,0.4143484626647145,300000000,1.0,0.6501650165016502,0.431185944363104,0.472913616398243,1,False,0
0,ep_463ac0f209f3b54035ba,204,17,0.4034653465346535,0.4165446559297218,300000000,1.0,0.6872937293729373,0.4392386530014641,0.472913616398243,1,False,0
0,ep_463ac0f209f3b54035ba,205,17,0.2174092409240924,0.4070278184480234,300000000,1.0,0.6460396039603961,0.4458272327964861,0.472913616398243,1,False,0
0,ep_463ac0f209f3b54035ba,206,17,0.2933168316831683,0.4121522693997071,300000000,1.0,0.6460396039603961,0.4370424597364568,0.472913616398243,1,False,0
0,ep_463ac0f209f3b54035ba,207,17,0.4240924092409241,0.4187408491947291,300000000,1.0,0.6435643564356436,0.438506588579795,0.472913616398243,1,False,0
0,ep_463ac0f209f3b54035ba,208,17,0.2702145214521452,0.431185944363104,300000000,1.0,0.6716171617161716,0.445095168374817,0.472913616398243,1,False,0
0,ep_463ac0f209f3b54035ba,209,17,0.1885313531353135,0.411420204978038,300000000,1.0,0.5965346534653465,0.4333821376281113,0.472913616398243,1,False,0
0,ep_463ac0f209f3b54035ba,210,17,0.3873762376237624,0.4150805270863836,300000000,1.0,0.6732673267326733,0.4355783308931186,0.472913616398243,1,False,0
0,ep_463ac0f209f3b54035ba,211,17,0.3246699669966996,0.404099560761347,300000000,1.0,0.6534653465346535,0.4341142020497804,0.472913616398243,1,False,0
0,ep_463ac0f209f3b54035ba,212,17,0.3118811881188119,0.4121522693997071,300000000,1.0,0.6427392739273927,0.4326500732064421,0.472913616398243,1,False,0
0,ep_463ac0f209f3b54035ba,213,17,0.4055280528052805,0.4165446559297218,300000000,1.0,0.6443894389438944,0.438506588579795,0.472913616398243,1,False,0
0,ep_463ac0f209f3b54035ba,214,17,0.1813118811881188,0.4143484626647145,300000000,1.0,0.608085808580858,0.4326500732064421,0.472913616398243,1,False,0
0,ep_463ac0f209f3b54035ba,215,17,0.3514851485148514,0.4092240117130307,300000000,1.0,0.6097359735973598,0.4348462664714494,0.472913616398243,1,False,0
0,ep_463ac0f209f3b54035ba,216,18,0.4678217821782178,0.4231332357247437,300000000,1.0,0.650990099009901,0.4414348462664714,0.472913616398243,1,False,0
0,ep_463ac0f209f3b54035ba,217,18,0.3849009900990099,0.431185944363104,300000000,1.0,0.6452145214521452,0.4487554904831625,0.472913616398243,1,False,0
0,ep_463ac0f209f3b54035ba,218,18,0.2202970297029703,0.4136163982430454,300000000,1.0,0.6097359735973598,0.4472913616398243,0.472913616398243,1,False,0
0,ep_463ac0f209f3b54035ba,219,18,0.2652640264026402,0.4048316251830161,300000000,1.0,0.6320132013201321,0.4341142020497804,0.472913616398243,1,False,0
0,ep_463ac0f209f3b54035ba,220,18,0.2211221122112211,0.4055636896046852,300000000,1.0,0.6122112211221122,0.4275256222547584,0.472913616398243,1,False,0
0,ep_463ac0f209f3b54035ba,221,18,0.2578382838283828,0.3894582723279648,300000000,1.0,0.6501650165016502,0.4341142020497804,0.472913616398243,1,False,0
0,ep_463ac0f209f3b54035ba,222,18,0.2908415841584158,0.4033674963396779,300000000,1.0,0.6320132013201321,0.4289897510980966,0.472913616398243,1,False,0
0,ep_463ac0f209f3b54035ba,223,18,0.2528877887788779,0.4121522693997071,300000000,1.0,0.6039603960396039,0.4326500732064421,0.472913616398243,1,False,0
0,ep_463ac0f209f3b54035ba,224,18,0.2219471947194719,0.3938506588579795,300000000,1.0,0.6303630363036303,0.431918008784773,0.472913616398243,1,False,0
0,ep_463ac0f209f3b54035ba,225,18,0.2702145214521452,0.4070278184480234,300000000,1.0,0.6212871287128713,0.4333821376281113,0.472913616398243,1,False,0
0,ep_463ac0f209f3b54035ba,226,18,0.316006600660066,0.411420204978038,300000000,1.0,0.6658415841584159,0.4370424597364568,0.472913616398243,1,False,0
0,ep_463ac0f209f3b54035ba,227,18,0.2264851485148515,0.4150805270863836,300000000,1.0,0.6716171617161716,0.4363103953147877,0.472913616398243,1,False,0
0,ep_463ac0f209f3b54035ba,228,19,0.1749174917491749,0.4158125915080527,300000000,1.0,0.570957095709571,0.4304538799414348,0.472913616398243,1,False,0
0,ep_463ac0f209f3b54035ba,229,19,0.25,0.411420204978038,300000000,1.0,0.6518151815181518,0.4341142020497804,0.472913616398243,1,False,0
0,ep_463ac0f209f3b54035ba,230,19,0.2929042904290429,0.4150805270863836,300000000,1.0,0.6864686468646864,0.431185944363104,0.472913616398243,1,False,0
0,ep_463ac0f209f3b54035ba,231,19,0.3188943894389439,0.4150805270863836,300000000,1.0,0.655940594059406,0.4377745241581259,0.472913616398243,1,False,0
0,ep_463ac0f209f3b54035ba,232,19,0.2834158415841584,0.4128843338213763,300000000,1.0,0.6328382838283828,0.4326500732064421,0.472913616398243,1,False,0
0,ep_463ac0f209f3b54035ba,233,19,0.316006600660066,0.4092240117130307,300000000,1.0,0.641914191419142,0.4341142020497804,0.472913616398243,1,False,0
0,ep_463ac0f209f3b54035ba,234,19,0.3919141914191419,0.4150805270863836,300000000,1.0,0.6551155115511551,0.4333821376281113,0.472913616398243,1,False,0
0,ep_463ac0f209f3b54035ba,235,19,0.4554455445544554,0.4187408491947291,300000000,1.0,0.6782178217821783,0.4363103953147877,0.472913616398243,1,False,0
0,ep_463ac0f209f3b54035ba,236,19,0.4735973597359736,0.424597364568082,300000000,1.0,0.6501650165016502,0.438506588579795,0.472913616398243,1,False,0
0,ep_463ac0f209f3b54035ba,237,19,0.4179042904290429,0.3967789165446559,300000000,1.0,0.6584158415841584,0.4355783308931186,0.472913616398243,1,False,0
0,ep_463ac0f209f3b54035ba,238,19,0.334983498349835,0.4187408491947291,300000000,1.0,0.6278877887788779,0.4370424597364568,0.472913616398243,1,False,0
0,ep_463ac0f209f3b54035ba,239,19,0.4356435643564356,0.4238653001464129,300000000,1.0,0.6567656765676567,0.4399707174231332,0.472913616398243,1,False,0
0,ep_463ac0f209f3b54035ba,240,20,0.3840759075907591,0.41800878477306,300000000,1.0,0.6608910891089109,0.4407027818448023,0.472913616398243,1,False,0
0,ep_463ac0f209f3b54035ba,241,20,0.3683993399339934,0.4172767203513909,300000000,1.0,0.6600660066006601,0.431918008784773,0.472913616398243,1,False,0
0,ep_463ac0f209f3b54035ba,242,20,0.2528877887788779,0.4121522693997071,300000000,1.0,0.6493399339933993,0.4341142020497804,0.472913616398243,1,False,0
0,ep_463ac0f209f3b54035ba,243,20,0.3094059405940594,0.4187408491947291,300000000,1.0,0.6584158415841584,0.4377745241581259,0.472913616398243,1,False,0
0,ep_463ac0f209f3b54035ba,244,20,0.3696369636963696,0.4297218155197657,300000000,1.0,0.6666666666666666,0.4458272327964861,0.472913616398243,1,False,0
0,ep_463ac0f209f3b54035ba,245,20,0.3906765676567656,0.4019033674963397,300000000,1.0,0.6691419141914191,0.431918008784773,0.472913616398243,1,False,0
0,ep_463ac0f209f3b54035ba,246,20,0.4843234323432343,0.411420204978038,300000000,1.0,0.698019801980198,0.4377745241581259,0.472913616398243,1,False,0
0,ep_463ac0f209f3b54035ba,247,20,0.3056930693069307,0.4209370424597364,300000000,1.0,0.6988448844884488,0.4436310395314787,0.472913616398243,1,False,0
0,ep_463ac0f209f3b54035ba,248,20,0.3981023102310231,0.4158125915080527,300000000,1.0,0.6600660066006601,0.4392386530014641,0.472913616398243,1,False,0
0,ep_463ac0f209f3b54035ba,249,20,0.509075907590759,0.431918008784773,300000000,1.0,0.7079207920792079,0.4472913616398243,0.472913616398243,1,False,0
0,ep_463ac0f209f3b54035ba,250,20,0.3968646864686468,0.4092240117130307,300000000,1.0,0.6765676567656765,0.4370424597364568,0.472913616398243,1,False,0
0,ep_463ac0f209f3b54035ba,251,20,0.3650990099009901,0.4136163982430454,300000000,1.0,0.679042904290429,0.4304538799414348,0.472913616398243,1,False,0
0,ep_463ac0f209f3b54035ba,252,21,0.4339933993399339,0.4084919472913616,300000000,1.0,0.6782178217821783,0.4326500732064421,0.472913616398243,1,False,0
0,ep_463ac0f209f3b54035ba,253,21,0.2438118811881188,0.411420204978038,300000000,1.0,0.6798679867986799,0.4355783308931186,0.472913616398243,1,False,0
0,ep_463ac0f209f3b54035ba,254,21,0.2483498349834983,0.4121522693997071,300000000,1.0,0.6212871287128713,0.4297218155197657,0.472913616398243,1,False,0
0,ep_463ac0f209f3b54035ba,255,21,0.4232673267326732,0.4136163982430454,300000000,1.0,0.6683168316831684,0.4443631039531479,0.472913616398243,1,False,0
0,ep_463ac0f209f3b54035ba,256,21,0.1231435643564356,0.4084919472913616,300000000,1.0,0.6542904290429042,0.4297218155197657,0.472913616398243,1,False,0
0,ep_463ac0f209f3b54035ba,257,21,0.3114686468646864,0.4062957540263543,300000000,1.0,0.6831683168316832,0.4370424597364568,0.472913616398243,1,False,0
0,ep_463ac0f209f3b54035ba,258,21,0.3894389438943894,0.4136163982430454,300000000,1.0,0.6435643564356436,0.4370424597364568,0.472913616398243,1,False,0
0,ep_463ac0f209f3b54035ba,259,21,0.2136963696369637,0.410688140556369,300000000,1.0,0.5948844884488449,0.4348462664714494,0.472913616398243,1,False,0
0,ep_463ac0f209f3b54035ba,260,21,0.1379950495049505,0.397510980966325,300000000,1.0,0.5602310231023102,0.4289897510980966,0.472913616398243,1,False,0
0,ep_463ac0f209f3b54035ba,261,21,0.3201320132013201,0.4070278184480234,300000000,1.0,0.6683168316831684,0.4333821376281113,0.472913616398243,1,False,0
0,ep_463ac0f209f3b54035ba,262,21,0.3061056105610561,0.4077598828696925,300000000,1.0,0.6443894389438944,0.4341142020497804,0.472913616398243,1,False,0
0,ep_463ac0f209f3b54035ba,263,21,0.2883663366336633,0.411420204978038,300000000,1.0,0.6493399339933993,0.431918008784773,0.472913616398243,1,False,0
0,ep_463ac0f209f3b54035ba,264,22,0.2103960396039604,0.4062957540263543,300000000,1.0,0.6287128712871287,0.4304538799414348,0.472913616398243,1,False,0
0,ep_463ac0f209f3b54035ba,265,22,0.4014026402640264,0.431185944363104,300000000,1.0,0.6988448844884488,0.4509516837481698,0.472913616398243,1,False,0
0,ep_463ac0f209f3b54035ba,266,22,0.1891501650165016,0.410688140556369,300000000,1.0,0.6485148514851485,0.4348462664714494,0.472913616398243,1,False,0
0,ep_463ac0f209f3b54035ba,267,22,0.3098184818481848,0.4070278184480234,300000000,1.0,0.6584158415841584,0.4414348462664714,0.472913616398243,1,False,0
0,ep_463ac0f209f3b54035ba,268,22,0.4075907590759076,0.4143484626647145,300000000,1.0,0.6691419141914191,0.4355783308931186,0.472913616398243,1,False,0
0,ep_463ac0f209f3b54035ba,269,22,0.415016501650165,0.4136163982430454,300000000,1.0,0.6740924092409241,0.438506588579795,0.472913616398243,1,False,0
0,ep_463ac0f209f3b54035ba,270,22,0.415016501650165,0.4136163982430454,300000000,1.0,0.6724422442244224,0.4407027818448023,0.472913616398243,1,False,0
0,ep_463ac0f209f3b54035ba,271,22,0.5387788778877888,0.4202049780380673,300000000,1.0,0.6782178217821783,0.4392386530014641,0.472913616398243,1,False,0
0,ep_463ac0f209f3b54035ba,272,22,0.5016501650165016,0.4377745241581259,300000000,1.0,0.6592409240924092,0.4546120058565154,0.472913616398243,1,False,0
0,ep_463ac0f209f3b54035ba,273,22,0.4047029702970297,0.4231332357247437,300000000,1.0,0.6468646864686468,0.4494875549048316,0.472913616398243,1,False,0
0,ep_463ac0f209f3b54035ba,274,22,0.2632013201320132,0.4150805270863836,300000000,1.0,0.6262376237623762,0.4363103953147877,0.472913616398243,1,False,0
0,ep_463ac0f209f3b54035ba,275,22,0.275990099009901,0.411420204978038,300000000,1.0,0.650990099009901,0.431185944363104,0.472913616398243,1,False,0
0,ep_463ac0f209f3b54035ba,276,23,0.1575907590759075,0.4077598828696925,300000000,1.0,0.5973597359735974,0.4282576866764275,0.472913616398243,1,False,0
0,ep_463ac0f209f3b54035ba,277,23,0.1986386138613861,0.404099560761347,300000000,1.0,0.6641914191419142,0.4289897510980966,0.472913616398243,1,False,0
0,ep_463ac0f209f3b54035ba,278,23,0.3518976897689769,0.3967789165446559,300000000,1.0,0.6575907590759076,0.4267935578330893,0.472913616398243,1,False,0
0,ep_463ac0f209f3b54035ba,279,23,0.3424092409240924,0.4143484626647145,300000000,1.0,0.6229372937293729,0.4399707174231332,0.472913616398243,1,False,0
0,ep_463ac0f209f3b54035ba,280,23,0.2842409240924092,0.4004392386530014,300000000,1.0,0.6262376237623762,0.431918008784773,0.472913616398243,1,False,0
0,ep_463ac0f209f3b54035ba,281,23,0.2491749174917491,0.4121522693997071,300000000,1.0,0.6361386138613861,0.4377745241581259,0.472913616398243,1,False,0
0,ep_463ac0f209f3b54035ba,282,23,0.2491749174917491,0.41800878477306,300000000,1.0,0.6097359735973598,0.4421669106881405,0.472913616398243,1,False,0
0,ep_463ac0f209f3b54035ba,283,23,0.3329207920792079,0.4158125915080527,300000000,1.0,0.6377887788778878,0.4370424597364568,0.472913616398243,1,False,0
0,ep_463ac0f209f3b54035ba,284,23,0.2367986798679868,0.4084919472913616,300000000,1.0,0.6336633663366337,0.4399707174231332,0.472913616398243,1,False,0
0,ep_463ac0f209f3b54035ba,285,23,0.3972772277227723,0.4136163982430454,300000000,1.0,0.6386138613861386,0.4348462664714494,0.472913616398243,1,False,0
0,ep_463ac0f209f3b54035ba,286,23,0.1934818481848184,0.4121522693997071,300000000,1.0,0.6031353135313532,0.4370424597364568,0.472913616398243,1,False,0
0,ep_463ac0f209f3b54035ba,287,23,0.4059405940594059,0.4158125915080527,300000000,1.0,0.6625412541254125,0.4341142020497804,0.472913616398243,1,False,0
0,ep_4a2d3385ab17f656ba11,0,0,0.1598597359735973,0.1478770131771596,300000000,1.0,0.2607260726072607,0.2126647144948755,0.2225475841874085,1,False,0
0,ep_4a2d3385ab17f656ba11,1,0,0.156559405940594,0.1504392386530014,300000000,1.0,0.3246699669966996,0.1773426061493411,0.2225475841874085,1,False,0
0,ep_4a2d3385ab17f656ba11,2,0,0.1497524752475247,0.1469619326500732,300000000,1.0,0.3089933993399339,0.173316251830161,0.2225475841874085,1,False,0
0,ep_4a2d3385ab17f656ba11,3,0,0.1648102310231023,0.1718521229868228,300000000,1.0,0.3155940594059406,0.2097364568081991,0.2225475841874085,1,False,0
0,ep_4a2d3385ab17f656ba11,4,0,0.146039603960396,0.1588579795021961,300000000,1.0,0.3308580858085808,0.1822840409956076,0.2225475841874085,1,False,0
0,ep_4a2d3385ab17f656ba11,5,0,0.1437706270627062,0.1771595900439238,300000000,1.0,0.3044554455445544,0.2093704245973645,0.2225475841874085,1,False,0
0,ep_4a2d3385ab17f656ba11,6,0,0.1542904290429043,0.2016837481698389,300000000,1.0,0.2508250825082508,0.2166910688140556,0.2225475841874085,1,False,0
0,ep_4a2d3385ab17f656ba11,7,0,0.158003300330033,0.181918008784773,300000000,1.0,0.2834158415841584,0.212298682284041,0.2225475841874085,1,False,0
0,ep_4a2d3385ab17f656ba11,8,0,0.127062706270627,0.1478770131771596,300000000,1.0,0.2483498349834983,0.1932650073206442,0.2225475841874085,1,False,0
0,ep_4a2d3385ab17f656ba11,9,0,0.120049504950495,0.1859443631039531,300000000,1.0,0.2124587458745874,0.2097364568081991,0.2225475841874085,1,False,0
0,ep_4a2d3385ab17f656ba11,10,0,0.1534653465346534,0.1658125915080527,300000000,1.0,0.2842409240924092,0.2038799414348462,0.2225475841874085,1,False,0
0,ep_4a2d3385ab17f656ba11,11,0,0.165016501650165,0.1623352855051244,300000000,1.0,0.3254950495049505,0.20900439238653,0.2225475841874085,1,False,0
0,ep_4a2d3385ab17f656ba11,12,1,0.1363448844884488,0.1716691068814055,300000000,1.0,0.2871287128712871,0.2035139092240117,0.2225475841874085,1,False,0
0,ep_4a2d3385ab17f656ba11,13,1,0.108085808580858,0.1486090775988287,300000000,1.0,0.3110561056105611,0.181918008784773,0.2225475841874085,1,False,0
0,ep_4a2d3385ab17f656ba11,14,1,0.0928217821782178,0.1469619326500732,300000000,1.0,0.2586633663366336,0.1714860907759882,0.2225475841874085,1,False,0
0,ep_4a2d3385ab17f656ba11,15,1,0.0962252475247524,0.1493411420204978,300000000,1.0,0.2842409240924092,0.1811859443631039,0.2225475841874085,1,False,0
0,ep_4a2d3385ab17f656ba11,16,1,0.1311881188118812,0.1526354319180088,300000000,1.0,0.2792904290429043,0.1998535871156661,0.2225475841874085,1,False,0
0,ep_4a2d3385ab17f656ba11,17,1,0.1202557755775577,0.1451317715959004,300000000,1.0,0.2376237623762376,0.1581259150805271,0.2225475841874085,1,False,0
0,ep_4a2d3385ab17f656ba11,18,1,0.1113861386138613,0.1436676427525622,300000000,1.0,0.2376237623762376,0.1672767203513909,0.2225475841874085,1,False,0
0,ep_4a2d3385ab17f656ba11,19,1,0.1344884488448844,0.1480600292825768,300000000,1.0,0.2599009900990099,0.1863103953147877,0.2225475841874085,1,False,0
0,ep_4a2d3385ab17f656ba11,20,1,0.1499587458745874,0.1734992679355783,300000000,1.0,0.2574257425742574,0.1910688140556369,0.2225475841874085,1,False,0
0,ep_4a2d3385ab17f656ba11,21,1,0.1470709570957095,0.1583089311859443,300000000,1.0,0.2615511551155115,0.1925329428989751,0.2225475841874085,1,False,0
0,ep_4a2d3385ab17f656ba11,22,1,0.1030321782178217,0.1469619326500732,300000000,1.0,0.2797029702970297,0.1769765739385065,0.2225475841874085,1,False,0
0,ep_4a2d3385ab17f656ba11,23,1,0.1833745874587458,0.171303074670571,300000000,1.0,0.3589108910891089,0.2097364568081991,0.2225475841874085,1,False,0
0,ep_4a2d3385ab17f656ba11,24,2,0.1216996699669967,0.1509882869692533,300000000,1.0,0.3155940594059406,0.1821010248901903,0.2225475841874085,1,False,0
0,ep_4a2d3385ab17f656ba11,25,2,0.1142739273927392,0.1764275256222547,300000000,1.0,0.2854785478547855,0.216325036603221,0.2225475841874085,1,False,0
0,ep_4a2d3385ab17f656ba11,26,2,0.1031353135313531,0.1354319180087847,300000000,1.0,0.3201320132013201,0.1734992679355783,0.2225475841874085,1,False,0
0,ep_4a2d3385ab17f656ba11,27,2,0.1138613861386138,0.1731332357247438,300000000,1.0,0.3803630363036304,0.2112005856515373,0.2225475841874085,1,False,0
0,ep_4a2d3385ab17f656ba11,28,2,0.1346947194719472,0.1734992679355783,300000000,1.0,0.3263201320132013,0.2152269399707174,0.2225475841874085,1,False,0
0,ep_4a2d3385ab17f656ba11,29,2,0.1163366336633663,0.1557467057101025,300000000,1.0,0.2421617161716171,0.1676427525622254,0.2225475841874085,1,False,0
0,ep_4a2d3385ab17f656ba11,30,2,0.1055074257425742,0.1570278184480234,300000000,1.0,0.2347359735973597,0.1808199121522694,0.2225475841874085,1,False,0
0,ep_4a2d3385ab17f656ba11,31,2,0.1005569306930693,0.1577598828696925,300000000,1.0,0.1775990099009901,0.1828330893118594,0.2225475841874085,1,False,0
0,ep_4a2d3385ab17f656ba11,32,2,0.1208745874587458,0.1658125915080527,300000000,1.0,0.2202970297029703,0.1903367496339678,0.2225475841874085,1,False,0
0,ep_4a2d3385ab17f656ba11,33,2,0.1146864686468646,0.1817349926793557,300000000,1.0,0.2504125412541254,0.2112005856515373,0.2225475841874085,1,False,0
0,ep_4a2d3385ab17f656ba11,34,2,0.0978754125412541,0.1634333821376281,300000000,1.0,0.2244224422442244,0.2097364568081991,0.2225475841874085,1,False,0
0,ep_4a2d3385ab17f656ba11,35,2,0.1005569306930693,0.1705710102489019,300000000,1.0,0.257013201320132,0.2046120058565153,0.2225475841874085,1,False,0
0,ep_4a2d3385ab17f656ba11,36,3,0.1016914191419142,0.1705710102489019,300000000,1.0,0.278052805280528,0.2126647144948755,0.2225475841874085,1,False,0
0,ep_4a2d3385ab17f656ba11,37,3,0.1524339933993399,0.1725841874084919,300000000,1.0,0.2990924092409241,0.1936310395314787,0.2225475841874085,1,False,0
0,ep_4a2d3385ab17f656ba11,38,3,0.1613036303630363,0.1907027818448023,300000000,1.0,0.3122937293729373,0.2159590043923865,0.2225475841874085,1,False,0
0,ep_4a2d3385ab17f656ba11,39,3,0.0816831683168316,0.1519033674963396,300000000,1.0,0.2058580858085808,0.1648975109809663,0.2225475841874085,1,False,0
0,ep_4a2d3385ab17f656ba11,40,3,0.1159240924092409,0.1608711566617862,300000000,1.0,0.2603135313531353,0.1994875549048316,0.2225475841874085,1,False,0
0,ep_4a2d3385ab17f656ba11,41,3,0.1280940594059406,0.1727672035139092,300000000,1.0,0.2223597359735973,0.1877745241581259,0.2225475841874085,1,False,0
0,ep_4a2d3385ab17f656ba11,42,3,0.097256600660066,0.1813689604685212,300000000,1.0,0.2438118811881188,0.2148609077598828,0.2225475841874085,1,False,0
0,ep_4a2d3385ab17f656ba11,43,3,0.0866336633663366,0.1469619326500732,300000000,1.0,0.2207095709570957,0.1683748169838946,0.2225475841874085,1,False,0
0,ep_4a2d3385ab17f656ba11,44,3,0.0736386138613861,0.1513543191800878,300000000,1.0,0.2652640264026402,0.173316251830161,0.2225475841874085,1,False,0
0,ep_4a2d3385ab17f656ba11,45,3,0.1239686468646864,0.1462298682284041,300000000,1.0,0.2318481848184818,0.1661786237188872,0.2225475841874085,1,False,0
0,ep_4a2d3385ab17f656ba11,46,3,0.0963283828382838,0.1533674963396779,300000000,1.0,0.264026402640264,0.1742313323572474,0.2225475841874085,1,False,0
0,ep_4a2d3385ab17f656ba11,47,3,0.1155115511551155,0.1718521229868228,300000000,1.0,0.2656765676567656,0.2159590043923865,0.2225475841874085,1,False,0
0,ep_4a2d3385ab17f656ba11,48,4,0.0924092409240924,0.1734992679355783,300000000,1.0,0.2273102310231023,0.2133967789165446,0.2225475841874085,1,False,0
0,ep_4a2d3385ab17f656ba11,49,4,0.1107673267326732,0.144216691068814,300000000,1.0,0.2607260726072607,0.1907027818448023,0.2225475841874085,1,False,0
0,ep_4a2d3385ab17f656ba11,50,4,0.1068481848184818,0.1758784773060029,300000000,1.0,0.3634488448844885,0.2115666178623718,0.2225475841874085,1,False,0
0,ep_4a2d3385ab17f656ba11,51,4,0.1278877887788778,0.1681918008784773,300000000,1.0,0.2252475247524752,0.1943631039531478,0.2225475841874085,1,False,0
0,ep_4a2d3385ab17f656ba11,52,4,0.1324257425742574,0.1599560761346998,300000000,1.0,0.25,0.1910688140556369,0.2225475841874085,1,False,0
0,ep_4a2d3385ab17f656ba11,53,4,0.1402640264026402,0.1899707174231332,300000000,1.0,0.2776402640264026,0.2148609077598828,0.2225475841874085,1,False,0
0,ep_4a2d3385ab17f656ba11,54,4,0.1264438943894389,0.1658125915080527,300000000,1.0,0.2219471947194719,0.1864934114202049,0.2225475841874085,1,False,0
0,ep_4a2d3385ab17f656ba11,55,4,0.0826113861386138,0.1390922401171303,300000000,1.0,0.1767739273927392,0.1564787701317715,0.2225475841874085,1,False,0
0,ep_4a2d3385ab17f656ba11,56,4,0.1359323432343234,0.1573938506588579,300000000,1.0,0.2186468646864686,0.2002196193265007,0.2225475841874085,1,False,0
0,ep_4a2d3385ab17f656ba11,57,4,0.1474834983498349,0.171303074670571,300000000,1.0,0.264026402640264,0.2038799414348462,0.2225475841874085,1,False,0
0,ep_4a2d3385ab17f656ba11,58,4,0.1287128712871287,0.1672767203513909,300000000,1.0,0.2590759075907591,0.1972913616398243,0.2225475841874085,1,False,0
0,ep_4a2d3385ab17f656ba11,59,4,0.1274752475247524,0.1802708638360175,300000000,1.0,0.3457095709570957,0.2112005856515373,0.2225475841874085,1,False,0
0,ep_4a2d3385ab17f656ba11,60,5,0.1373762376237624,0.1665446559297218,300000000,1.0,0.2879537953795379,0.2144948755490483,0.2225475841874085,1,False,0
0,ep_4a2d3385ab17f656ba11,61,5,0.1237623762376237,0.1724011713030746,300000000,1.0,0.2093646864686468,0.2144948755490483,0.2225475841874085,1,False,0
0,ep_4a2d3385ab17f656ba11,62,5,0.1357260726072607,0.1767935578330893,300000000,1.0,0.2244224422442244,0.2049780380673499,0.2225475841874085,1,False,0
0,ep_4a2d3385ab17f656ba11,63,5,0.1670792079207921,0.187225475841874,300000000,1.0,0.2945544554455445,0.2148609077598828,0.2225475841874085,1,False,0
0,ep_4a2d3385ab17f656ba11,64,5,0.1408828382838284,0.1775256222547584,300000000,1.0,0.2788778877887788,0.2148609077598828,0.2225475841874085,1,False,0
0,ep_4a2d3385ab17f656ba11,65,5,0.1293316831683168,0.1698389458272328,300000000,1.0,0.2042079207920792,0.195095168374817,0.2225475841874085,1,False,0
0,ep_4a2d3385ab17f656ba11,66,5,0.1303630363036303,0.178623718887262,300000000,1.0,0.2611386138613861,0.2093704245973645,0.2225475841874085,1,False,0
0,ep_4a2d3385ab17f656ba11,67,5,0.1264438943894389,0.1709370424597364,300000000,1.0,0.2623762376237624,0.1921669106881405,0.2225475841874085,1,False,0
0,ep_4a2d3385ab17f656ba11,68,5,0.1033415841584158,0.1390922401171303,300000000,1.0,0.2747524752475248,0.1870424597364568,0.2225475841874085,1,False,0
0,ep_4a2d3385ab17f656ba11,69,5,0.1202557755775577,0.1390922401171303,300000000,1.0,0.2685643564356436,0.1601390922401171,0.2225475841874085,1,False,0
0,ep_4a2d3385ab17f656ba11,70,5,0.074773102310231,0.1354319180087847,300000000,1.0,0.2198844884488449,0.1570278184480234,0.2225475841874085,1,False,0
0,ep_4a2d3385ab17f656ba11,71,5,0.1058168316831683,0.1500732064421669,300000000,1.0,0.2017326732673267,0.16599560761347,0.2225475841874085,1,False,0
0,ep_4a2d3385ab17f656ba11,72,6,0.1283003300330033,0.1570278184480234,300000000,1.0,0.2062706270627062,0.1777086383601757,0.2225475841874085,1,False,0
0,ep_4a2d3385ab17f656ba11,73,6,0.1658415841584158,0.1773426061493411,300000000,1.0,0.2656765676567656,0.2141288433382137,0.2225475841874085,1,False,0
0,ep_4a2d3385ab17f656ba11,74,6,0.1507838283828383,0.1656295754026354,300000000,1.0,0.2285478547854785,0.1861273792093704,0.2225475841874085,1,False,0
0,ep_4a2d3385ab17f656ba11,75,6,0.1161303630363036,0.1440336749633967,300000000,1.0,0.2079207920792079,0.1654465592972181,0.2225475841874085,1,False,0
0,ep_4a2d3385ab17f656ba11,76,6,0.135519801980198,0.1493411420204978,300000000,1.0,0.2479372937293729,0.1722181551976574,0.2225475841874085,1,False,0
0,ep_4a2d3385ab17f656ba11,77,6,0.113036303630363,0.1515373352855051,300000000,1.0,0.3110561056105611,0.2002196193265007,0.2225475841874085,1,False,0
0,ep_4a2d3385ab17f656ba11,78,6,0.0947813531353135,0.142203513909224,300000000,1.0,0.2817656765676568,0.212298682284041,0.2225475841874085,1,False,0
0,ep_4a2d3385ab17f656ba11,79,6,0.1146864686468646,0.1462298682284041,300000000,1.0,0.341996699669967,0.1734992679355783,0.2225475841874085,1,False,0
0,ep_4a2d3385ab17f656ba11,80,6,0.1330445544554455,0.1606881405563689,300000000,1.0,0.4224422442244224,0.1958272327964861,0.2225475841874085,1,False,0
0,ep_4a2d3385ab17f656ba11,81,6,0.1181930693069306,0.1811859443631039,300000000,1.0,0.3353960396039604,0.212298682284041,0.2225475841874085,1,False,0
0,ep_4a2d3385ab17f656ba11,82,6,0.1881188118811881,0.1804538799414348,300000000,1.0,0.3485973597359736,0.2108345534407028,0.2225475841874085,1,False,0
0,ep_4a2d3385ab17f656ba11,83,6,0.1435643564356435,0.1551976573938506,300000000,1.0,0.2619636963696369,0.2016837481698389,0.2225475841874085,1,False,0
0,ep_4a2d3385ab17f656ba11,84,7,0.102516501650165,0.142203513909224,300000000,1.0,0.2083333333333333,0.1724011713030746,0.2225475841874085,1,False,0
0,ep_4a2d3385ab17f656ba11,85,7,0.116542904290429,0.1445827232796486,300000000,1.0,0.1988448844884488,0.1623352855051244,0.2225475841874085,1,False,0
0,ep_4a2d3385ab17f656ba11,86,7,0.121493399339934,0.1617862371888726,300000000,1.0,0.2285478547854785,0.2148609077598828,0.2225475841874085,1,False,0
0,ep_4a2d3385ab17f656ba11,87,7,0.1433580858085808,0.188506588579795,300000000,1.0,0.2487623762376237,0.2148609077598828,0.2225475841874085,1,False,0
0,ep_4a2d3385ab17f656ba11,88,7,0.1629537953795379,0.1705710102489019,300000000,1.0,0.252062706270627,0.205710102489019,0.2225475841874085,1,False,0
0,ep_4a2d3385ab17f656ba11,89,7,0.1293316831683168,0.1709370424597364,300000000,1.0,0.2586633663366336,0.2108345534407028,0.2225475841874085,1,False,0
0,ep_4a2d3385ab17f656ba11,90,7,0.1128300330033003,0.1573938506588579,300000000,1.0,0.3032178217821782,0.1857613469985358,0.2225475841874085,1,False,0
0,ep_4a2d3385ab17f656ba11,91,7,0.1256188118811881,0.1530014641288433,300000000,1.0,0.2735148514851485,0.1793557833089311,0.2225475841874085,1,False,0
0,ep_4a2d3385ab17f656ba11,92,7,0.1309818481848184,0.1511713030746705,300000000,1.0,0.2685643564356436,0.1932650073206442,0.2225475841874085,1,False,0
0,ep_4a2d3385ab17f656ba11,93,7,0.1359323432343234,0.1562957540263543,300000000,1.0,0.2479372937293729,0.1780746705710102,0.2225475841874085,1,False,0
0,ep_4a2d3385ab17f656ba11,94,7,0.1146864686468646,0.1639824304538799,300000000,1.0,0.2458745874587458,0.1844802342606149,0.2225475841874085,1,False,0
0,ep_4a2d3385ab17f656ba11,95,7,0.1489273927392739,0.16599560761347,300000000,1.0,0.2442244224422442,0.2002196193265007,0.2225475841874085,1,False,0
0,ep_4a2d3385ab17f656ba11,96,8,0.1598597359735973,0.1707540263543192,300000000,1.0,0.2751650165016501,0.202415812591508,0.2225475841874085,1,False,0
0,ep_4a2d3385ab17f656ba11,97,8,0.1608910891089109,0.1617862371888726,300000000,1.0,0.2652640264026402,0.2082723279648609,0.2225475841874085,1,False,0
0,ep_4a2d3385ab17f656ba11,98,8,0.1386138613861386,0.142203513909224,300000000,1.0,0.2244224422442244,0.1747803806734992,0.2225475841874085,1,False,0
0,ep_4a2d3385ab17f656ba11,99,8,0.1590346534653465,0.1729502196193265,300000000,1.0,0.2764026402640264,0.1987554904831625,0.2225475841874085,1,False,0
0,ep_4a2d3385ab17f656ba11,100,8,0.1528465346534653,0.1707540263543192,300000000,1.0,0.2764026402640264,0.1980234260614934,0.2225475841874085,1,False,0
0,ep_4a2d3385ab17f656ba11,101,8,0.1338696369636963,0.1436676427525622,300000000,1.0,0.2351485148514851,0.1795387994143484,0.2225475841874085,1,False,0
0,ep_4a2d3385ab17f656ba11,102,8,0.135519801980198,0.1753294289897511,300000000,1.0,0.2405115511551155,0.202415812591508,0.2225475841874085,1,False,0
0,ep_4a2d3385ab17f656ba11,103,8,0.1386138613861386,0.1610541727672035,300000000,1.0,0.3110561056105611,0.1925329428989751,0.2225475841874085,1,False,0
0,ep_4a2d3385ab17f656ba11,104,8,0.1295379537953795,0.145497803806735,300000000,1.0,0.2788778877887788,0.1788067349926793,0.2225475841874085,1,False,0
0,ep_4a2d3385ab17f656ba11,105,8,0.183993399339934,0.1557467057101025,300000000,1.0,0.33003300330033,0.1791727672035139,0.2225475841874085,1,False,0
0,ep_4a2d3385ab17f656ba11,106,8,0.1485148514851485,0.1520863836017569,300000000,1.0,0.2751650165016501,0.1998535871156661,0.2225475841874085,1,False,0
0,ep_4a2d3385ab17f656ba11,107,8,0.1212871287128712,0.1433016105417276,300000000,1.0,0.3572607260726073,0.1808199121522694,0.2225475841874085,1,False,0
0,ep_4a2d3385ab17f656ba11,108,9,0.1792491749174917,0.1685578330893118,300000000,1.0,0.360973597359736,0.2115666178623718,0.2225475841874085,1,False,0
0,ep_4a2d3385ab17f656ba11,109,9,0.1683168316831683,0.1566617862371888,300000000,1.0,0.4038778877887788,0.1921669106881405,0.2225475841874085,1,False,0
0,ep_4a2d3385ab17f656ba11,110,9,0.1518151815181518,0.1530014641288433,300000000,1.0,0.2962046204620462,0.1800878477306003,0.2225475841874085,1,False,0
0,ep_4a2d3385ab17f656ba11,111,9,0.1400577557755775,0.1581259150805271,300000000,1.0,0.2578382838283828,0.1810029282576866,0.2225475841874085,1,False,0
0,ep_4a2d3385ab17f656ba11,112,9,0.137582508250825,0.179904831625183,300000000,1.0,0.2652640264026402,0.2027818448023426,0.2225475841874085,1,False,0
0,ep_4a2d3385ab17f656ba11,113,9,0.146039603960396,0.1711200585651537,300000000,1.0,0.2718646864686468,0.1961932650073206,0.2225475841874085,1,False,0
0,ep_4a2d3385ab17f656ba11,114,9,0.1192244224422442,0.1438506588579795,300000000,1.0,0.2227722772277227,0.1643484626647145,0.2225475841874085,1,False,0
0,ep_4a2d3385ab17f656ba11,115,9,0.1291254125412541,0.1751464128843338,300000000,1.0,0.2454620462046204,0.2097364568081991,0.2225475841874085,1,False,0
0,ep_4a2d3385ab17f656ba11,116,9,0.1247937293729373,0.1795387994143484,300000000,1.0,0.278052805280528,0.2148609077598828,0.2225475841874085,1,False,0
0,ep_4a2d3385ab17f656ba11,117,9,0.1313943894389438,0.1502562225475842,300000000,1.0,0.3304455445544554,0.1689238653001464,0.2225475841874085,1,False,0
0,ep_4a2d3385ab17f656ba11,118,9,0.1392326732673267,0.1530014641288433,300000000,1.0,0.3906765676567656,0.199121522693997,0.2225475841874085,1,False,0
0,ep_4a2d3385ab17f656ba11,119,9,0.1497524752475247,0.1616032210834553,300000000,1.0,0.3234323432343234,0.2133967789165446,0.2225475841874085,1,False,0
0,ep_4a2d3385ab17f656ba11,120,10,0.1483085808580858,0.1517203513909224,300000000,1.0,0.2916666666666667,0.1853953147877013,0.2225475841874085,1,False,0
0,ep_4a2d3385ab17f656ba11,121,10,0.1219059405940594,0.1517203513909224,300000000,1.0,0.3316831683168317,0.1762445095168374,0.2225475841874085,1,False,0
0,ep_4a2d3385ab17f656ba11,122,10,0.1382013201320132,0.1702049780380673,300000000,1.0,0.2772277227722772,0.2126647144948755,0.2225475841874085,1,False,0
0,ep_4a2d3385ab17f656ba11,123,10,0.1400577557755775,0.173316251830161,300000000,1.0,0.2801155115511551,0.2152269399707174,0.2225475841874085,1,False,0
0,ep_4a2d3385ab17f656ba11,124,10,0.1313943894389438,0.1729502196193265,300000000,1.0,0.2706270627062706,0.2112005856515373,0.2225475841874085,1,False,0
0,ep_4a2d3385ab17f656ba11,125,10,0.1373762376237624,0.1936310395314787,300000000,1.0,0.2483498349834983,0.215592972181552,0.2225475841874085,1,False,0
0,ep_4a2d3385ab17f656ba11,126,10,0.1503712871287128,0.1544655929721815,300000000,1.0,0.2887788778877888,0.1784407027818448,0.2225475841874085,1,False,0
0,ep_4a2d3385ab17f656ba11,127,10,0.1412953795379538,0.1800878477306003,300000000,1.0,0.264026402640264,0.2133967789165446,0.2225475841874085,1,False,0
0,ep_4a2d3385ab17f656ba11,128,10,0.1534653465346534,0.1896046852122986,300000000,1.0,0.3267326732673267,0.215592972181552,0.2225475841874085,1,False,0
0,ep_4a2d3385ab17f656ba11,129,10,0.1247937293729373,0.1636163982430453,300000000,1.0,0.2062706270627062,0.1806368960468521,0.2225475841874085,1,False,0
0,ep_4a2d3385ab17f656ba11,130,10,0.1204620462046204,0.1628843338213763,300000000,1.0,0.3180693069306931,0.2152269399707174,0.2225475841874085,1,False,0
0,ep_4a2d3385ab17f656ba11,131,10,0.1505775577557755,0.1440336749633967,300000000,1.0,0.2887788778877888,0.1932650073206442,0.2225475841874085,1,False,0
0,ep_4a2d3385ab17f656ba11,132,11,0.1590346534653465,0.1784407027818448,300000000,1.0,0.2999174917491749,0.2152269399707174,0.2225475841874085,1,False,0
0,ep_4a2d3385ab17f656ba11,133,11,0.1408828382838284,0.1579428989751098,300000000,1.0,0.3069306930693069,0.1855783308931186,0.2225475841874085,1,False,0
0,ep_4a2d3385ab17f656ba11,134,11,0.1639851485148515,0.1729502196193265,300000000,1.0,0.2809405940594059,0.2031478770131771,0.2225475841874085,1,False,0
0,ep_4a2d3385ab17f656ba11,135,11,0.1392326732673267,0.1921669106881405,300000000,1.0,0.2174092409240924,0.2075402635431918,0.2225475841874085,1,False,0
0,ep_4a2d3385ab17f656ba11,136,11,0.1392326732673267,0.1674597364568082,300000000,1.0,0.2314356435643564,0.2031478770131771,0.2225475841874085,1,False,0
0,ep_4a2d3385ab17f656ba11,137,11,0.1342821782178218,0.1546486090775988,300000000,1.0,0.2603135313531353,0.1881405563689604,0.2225475841874085,1,False,0
0,ep_4a2d3385ab17f656ba11,138,11,0.139026402640264,0.142203513909224,300000000,1.0,0.2392739273927392,0.1742313323572474,0.2225475841874085,1,False,0
0,ep_4a2d3385ab17f656ba11,139,11,0.1291254125412541,0.1337847730600292,300000000,1.0,0.2285478547854785,0.1548316251830161,0.2225475841874085,1,False,0
0,ep_4a2d3385ab17f656ba11,140,11,0.1992574257425742,0.1762445095168374,300000000,1.0,0.3696369636963696,0.2141288433382137,0.2225475841874085,1,False,0
0,ep_4a2d3385ab17f656ba11,141,11,0.1507838283828383,0.16599560761347,300000000,1.0,0.2817656765676568,0.2049780380673499,0.2225475841874085,1,False,0
0,ep_4a2d3385ab17f656ba11,142,11,0.1433580858085808,0.1687408491947291,300000000,1.0,0.3345709570957095,0.2013177159590043,0.2225475841874085,1,False,0
0,ep_4a2d3385ab17f656ba11,143,11,0.1588283828382838,0.16599560761347,300000000,1.0,0.264026402640264,0.2009516837481698,0.2225475841874085,1,False,0
0,ep_4a2d3385ab17f656ba11,144,12,0.1419141914191419,0.1440336749633967,300000000,1.0,0.2813531353135313,0.1837481698389458,0.2225475841874085,1,False,0
0,ep_4a2d3385ab17f656ba11,145,12,0.1346947194719472,0.1658125915080527,300000000,1.0,0.3085808580858086,0.202415812591508,0.2225475841874085,1,False,0
0,ep_4a2d3385ab17f656ba11,146,12,0.1122112211221122,0.1800878477306003,300000000,1.0,0.2512376237623762,0.2144948755490483,0.2225475841874085,1,False,0
0,ep_4a2d3385ab17f656ba11,147,12,0.1357260726072607,0.1530014641288433,300000000,1.0,0.2632013201320132,0.1738653001464128,0.2225475841874085,1,False,0
0,ep_4a2d3385ab17f656ba11,148,12,0.1316006600660066,0.1469619326500732,300000000,1.0,0.2549504950495049,0.1751464128843338,0.2225475841874085,1,False,0
0,ep_4a2d3385ab17f656ba11,149,12,0.1542904290429043,0.150805270863836,300000000,1.0,0.3143564356435643,0.1731332357247438,0.2225475841874085,1,False,0
0,ep_4a2d3385ab17f656ba11,150,12,0.1394389438943894,0.1597730600292825,300000000,1.0,0.2879537953795379,0.1811859443631039,0.2225475841874085,1,False,0
0,ep_4a2d3385ab17f656ba11,151,12,0.1511963696369637,0.152818448023426,300000000,1.0,0.3015676567656766,0.2049780380673499,0.2225475841874085,1,False,0
0,ep_4a2d3385ab17f656ba11,152,12,0.1324257425742574,0.1747803806734992,300000000,1.0,0.2714521452145214,0.2148609077598828,0.2225475841874085,1,False,0
0,ep_4a2d3385ab17f656ba11,153,12,0.1194306930693069,0.1405563689604685,300000000,1.0,0.3110561056105611,0.1698389458272328,0.2225475841874085,1,False,0
0,ep_4a2d3385ab17f656ba11,154,12,0.1101485148514851,0.1423865300146413,300000000,1.0,0.2941419141914191,0.1861273792093704,0.2225475841874085,1,False,0
0,ep_4a2d3385ab17f656ba11,155,12,0.1654290429042904,0.1564787701317715,300000000,1.0,0.2953795379537954,0.1972913616398243,0.2225475841874085,1,False,0
0,ep_4a2d3385ab17f656ba11,156,13,0.1841996699669967,0.1896046852122986,300000000,1.0,0.2632013201320132,0.2082723279648609,0.2225475841874085,1,False,0
0,ep_4a2d3385ab17f656ba11,157,13,0.1608910891089109,0.1874084919472913,300000000,1.0,0.2632013201320132,0.212298682284041,0.2225475841874085,1,False,0
0,ep_4a2d3385ab17f656ba11,158,13,0.1398514851485148,0.1542825768667642,300000000,1.0,0.2359735973597359,0.1907027818448023,0.2225475841874085,1,False,0
0,ep_4a2d3385ab17f656ba11,159,13,0.1231435643564356,0.1387262079062957,300000000,1.0,0.2174092409240924,0.1625183016105417,0.2225475841874085,1,False,0
0,ep_4a2d3385ab17f656ba11,160,13,0.1295379537953795,0.1352489019033675,300000000,1.0,0.3374587458745874,0.1511713030746705,0.2225475841874085,1,False,0
0,ep_4a2d3385ab17f656ba11,161,13,0.1330445544554455,0.1500732064421669,300000000,1.0,0.3283828382838283,0.1874084919472913,0.2225475841874085,1,False,0
0,ep_4a2d3385ab17f656ba11,162,13,0.1404702970297029,0.1546486090775988,300000000,1.0,0.3469471947194719,0.1764275256222547,0.2225475841874085,1,False,0
0,ep_4a2d3385ab17f656ba11,163,13,0.1532590759075907,0.164714494875549,300000000,1.0,0.2834158415841584,0.1864934114202049,0.2225475841874085,1,False,0
0,ep_4a2d3385ab17f656ba11,164,13,0.1293316831683168,0.161420204978038,300000000,1.0,0.2169966996699669,0.1896046852122986,0.2225475841874085,1,False,0
0,ep_4a2d3385ab17f656ba11,165,13,0.1144801980198019,0.1833821376281112,300000000,1.0,0.2165841584158415,0.2075402635431918,0.2225475841874085,1,False,0
0,ep_4a2d3385ab17f656ba11,166,13,0.1268564356435643,0.1553806734992679,300000000,1.0,0.2623762376237624,0.1857613469985358,0.2225475841874085,1,False,0
0,ep_4a2d3385ab17f656ba11,167,13,0.1511963696369637,0.1449487554904831,300000000,1.0,0.2933168316831683,0.1764275256222547,0.2225475841874085,1,False,0
0,ep_4a2d3385ab17f656ba11,168,14,0.1398514851485148,0.1575768667642752,300000000,1.0,0.3114686468646864,0.1789897510980966,0.2225475841874085,1,False,0
0,ep_4a2d3385ab17f656ba11,169,14,0.1134488448844884,0.1531844802342606,300000000,1.0,0.2735148514851485,0.1888726207906295,0.2225475841874085,1,False,0
0,ep_4a2d3385ab17f656ba11,170,14,0.1452145214521452,0.1747803806734992,300000000,1.0,0.2578382838283828,0.2097364568081991,0.2225475841874085,1,False,0
0,ep_4a2d3385ab17f656ba11,171,14,0.1511963696369637,0.1623352855051244,300000000,1.0,0.3110561056105611,0.2170571010248902,0.2225475841874085,1,False,0
0,ep_4a2d3385ab17f656ba11,172,14,0.1514026402640264,0.1438506588579795,300000000,1.0,0.3877887788778877,0.1656295754026354,0.2225475841874085,1,False,0
0,ep_4a2d3385ab17f656ba11,173,14,0.1573844884488449,0.1650805270863836,300000000,1.0,0.3865511551155115,0.2071742313323572,0.2225475841874085,1,False,0
0,ep_4a2d3385ab17f656ba11,174,14,0.1458333333333333,0.1736822840409956,300000000,1.0,0.3131188118811881,0.2152269399707174,0.2225475841874085,1,False,0
0,ep_4a2d3385ab17f656ba11,175,14,0.1643976897689769,0.179904831625183,300000000,1.0,0.3275577557755775,0.2141288433382137,0.2225475841874085,1,False,0
0,ep_4a2d3385ab17f656ba11,176,14,0.1474834983498349,0.1674597364568082,300000000,1.0,0.3106435643564356,0.2137628111273792,0.2225475841874085,1,False,0
0,ep_4a2d3385ab17f656ba11,177,14,0.1159240924092409,0.1575768667642752,300000000,1.0,0.3032178217821782,0.2144948755490483,0.2225475841874085,1,False,0
0,ep_4a2d3385ab17f656ba11,178,14,0.1351072607260726,0.152818448023426,300000000,1.0,0.2929042904290429,0.1859443631039531,0.2225475841874085,1,False,0
0,ep_4a2d3385ab17f656ba11,179,14,0.1258250825082508,0.1403733528550512,300000000,1.0,0.3135313531353135,0.17002196193265,0.2225475841874085,1,False,0
0,ep_4a2d3385ab17f656ba11,180,15,0.1417079207920792,0.1747803806734992,300000000,1.0,0.3254950495049505,0.2126647144948755,0.2225475841874085,1,False,0
0,ep_4a2d3385ab17f656ba11,181,15,0.1392326732673267,0.1550146412884333,300000000,1.0,0.2693894389438944,0.1907027818448023,0.2225475841874085,1,False,0
0,ep_4a2d3385ab17f656ba11,182,15,0.125,0.1310395314787701,300000000,1.0,0.245049504950495,0.1519033674963396,0.2225475841874085,1,False,0
0,ep_4a2d3385ab17f656ba11,183,15,0.1435643564356435,0.1696559297218155,300000000,1.0,0.3201320132013201,0.1980234260614934,0.2225475841874085,1,False,0
0,ep_4a2d3385ab17f656ba11,184,15,0.1544966996699669,0.1864934114202049,300000000,1.0,0.2706270627062706,0.2166910688140556,0.2225475841874085,1,False,0
0,ep_4a2d3385ab17f656ba11,185,15,0.1747112211221122,0.179904831625183,300000000,1.0,0.3580858085808581,0.215592972181552,0.2225475841874085,1,False,0
0,ep_4a2d3385ab17f656ba11,186,15,0.1582095709570957,0.1815519765739385,300000000,1.0,0.3531353135313531,0.215592972181552,0.2225475841874085,1,False,0
0,ep_4a2d3385ab17f656ba11,187,15,0.1489273927392739,0.150805270863836,300000000,1.0,0.2792904290429043,0.1797218155197657,0.2225475841874085,1,False,0
0,ep_4a2d3385ab17f656ba11,188,15,0.1361386138613861,0.1493411420204978,300000000,1.0,0.3564356435643564,0.1791727672035139,0.2225475841874085,1,False,0
0,ep_4a2d3385ab17f656ba11,189,15,0.1454207920792079,0.1509882869692533,300000000,1.0,0.3333333333333333,0.2148609077598828,0.2225475841874085,1,False,0
0,ep_4a2d3385ab17f656ba11,190,15,0.1868811881188118,0.1489751098096632,300000000,1.0,0.3308580858085808,0.1773426061493411,0.2225475841874085,1,False,0
0,ep_4a2d3385ab17f656ba11,191,15,0.1567656765676567,0.1676427525622254,300000000,1.0,0.3213696369636963,0.2152269399707174,0.2225475841874085,1,False,0
0,ep_4a2d3385ab17f656ba11,192,16,0.1536716171617161,0.1788067349926793,300000000,1.0,0.3386963696369637,0.215592972181552,0.2225475841874085,1,False,0
0,ep_4a2d3385ab17f656ba11,193,16,0.1396452145214521,0.1423865300146413,300000000,1.0,0.2726897689768977,0.1958272327964861,0.2225475841874085,1,False,0
0,ep_4a2d3385ab17f656ba11,194,16,0.1268564356435643,0.1621522693997071,300000000,1.0,0.2788778877887788,0.1899707174231332,0.2225475841874085,1,False,0
0,ep_4a2d3385ab17f656ba11,195,16,0.1140676567656765,0.1550146412884333,300000000,1.0,0.2726897689768977,0.1806368960468521,0.2225475841874085,1,False,0
0,ep_4a2d3385ab17f656ba11,196,16,0.1373762376237624,0.1639824304538799,300000000,1.0,0.396039603960396,0.2126647144948755,0.2225475841874085,1,False,0
0,ep_4a2d3385ab17f656ba11,197,16,0.1487211221122112,0.161420204978038,300000000,1.0,0.3065181518151815,0.181918008784773,0.2225475841874085,1,False,0
0,ep_4a2d3385ab17f656ba11,198,16,0.1483085808580858,0.1603221083455344,300000000,1.0,0.2966171617161716,0.2042459736456808,0.2225475841874085,1,False,0
0,ep_4a2d3385ab17f656ba11,199,16,0.1544966996699669,0.181918008784773,300000000,1.0,0.3432343234323432,0.2133967789165446,0.2225475841874085,1,False,0
0,ep_4a2d3385ab17f656ba11,200,16,0.1421204620462046,0.1685578330893118,300000000,1.0,0.3081683168316831,0.1987554904831625,0.2225475841874085,1,False,0
0,ep_4a2d3385ab17f656ba11,201,16,0.1613036303630363,0.1575768667642752,300000000,1.0,0.3395214521452145,0.1939970717423133,0.2225475841874085,1,False,0
0,ep_4a2d3385ab17f656ba11,202,16,0.1307755775577557,0.1661786237188872,300000000,1.0,0.2891914191419142,0.1835651537335285,0.2225475841874085,1,False,0
0,ep_4a2d3385ab17f656ba11,203,16,0.1111798679867986,0.1579428989751098,300000000,1.0,0.2268976897689769,0.1802708638360175,0.2225475841874085,1,False,0
0,ep_4a2d3385ab17f656ba11,204,17,0.1009694719471947,0.1612371888726207,300000000,1.0,0.3089933993399339,0.2082723279648609,0.2225475841874085,1,False,0
0,ep_4a2d3385ab17f656ba11,205,17,0.0849834983498349,0.12902635431918,300000000,1.0,0.3139438943894389,0.1744143484626647,0.2225475841874085,1,False,0
0,ep_4a2d3385ab17f656ba11,206,17,0.1122112211221122,0.1418374816983894,300000000,1.0,0.2875412541254125,0.1747803806734992,0.2225475841874085,1,False,0
0,ep_4a2d3385ab17f656ba11,207,17,0.1701732673267326,0.1612371888726207,300000000,1.0,0.3345709570957095,0.2046120058565153,0.2225475841874085,1,False,0
0,ep_4a2d3385ab17f656ba11,208,17,0.1738861386138613,0.1605051244509517,300000000,1.0,0.3968646864686468,0.212298682284041,0.2225475841874085,1,False,0
0,ep_4a2d3385ab17f656ba11,209,17,0.1505775577557755,0.1764275256222547,300000000,1.0,0.275990099009901,0.2144948755490483,0.2225475841874085,1,False,0
0,ep_4a2d3385ab17f656ba11,210,17,0.1901815181518152,0.1756954612005856,300000000,1.0,0.3551980198019802,0.2141288433382137,0.2225475841874085,1,False,0
0,ep_4a2d3385ab17f656ba11,211,17,0.1503712871287128,0.1544655929721815,300000000,1.0,0.327970297029703,0.1910688140556369,0.2225475841874085,1,False,0
0,ep_4a2d3385ab17f656ba11,212,17,0.1520214521452145,0.1581259150805271,300000000,1.0,0.3003300330033003,0.1947291361639824,0.2225475841874085,1,False,0
0,ep_4a2d3385ab17f656ba11,213,17,0.1501650165016501,0.152818448023426,300000000,1.0,0.3011551155115511,0.1870424597364568,0.2225475841874085,1,False,0
0,ep_4a2d3385ab17f656ba11,214,17,0.158003300330033,0.1553806734992679,300000000,1.0,0.3696369636963696,0.2152269399707174,0.2225475841874085,1,False,0
0,ep_4a2d3385ab17f656ba11,215,17,0.1445957095709571,0.1451317715959004,300000000,1.0,0.2966171617161716,0.1692898975109809,0.2225475841874085,1,False,0
0,ep_4a2d3385ab17f656ba11,216,18,0.1524339933993399,0.1559297218155197,300000000,1.0,0.3304455445544554,0.1896046852122986,0.2225475841874085,1,False,0
0,ep_4a2d3385ab17f656ba11,217,18,0.1540841584158415,0.1753294289897511,300000000,1.0,0.278052805280528,0.2133967789165446,0.2225475841874085,1,False,0
0,ep_4a2d3385ab17f656ba11,218,18,0.1823432343234323,0.1689238653001464,300000000,1.0,0.3168316831683168,0.2144948755490483,0.2225475841874085,1,False,0
0,ep_4a2d3385ab17f656ba11,219,18,0.1747112211221122,0.1780746705710102,300000000,1.0,0.3502475247524752,0.2046120058565153,0.2225475841874085,1,False,0
0,ep_4a2d3385ab17f656ba11,220,18,0.1553217821782178,0.145497803806735,300000000,1.0,0.3366336633663366,0.1835651537335285,0.2225475841874085,1,False,0
0,ep_4a2d3385ab17f656ba11,221,18,0.1870874587458746,0.1542825768667642,300000000,1.0,0.3989273927392739,0.199121522693997,0.2225475841874085,1,False,0
0,ep_4a2d3385ab17f656ba11,222,18,0.1373762376237624,0.1586749633967789,300000000,1.0,0.3481848184818482,0.1736822840409956,0.2225475841874085,1,False,0
0,ep_4a2d3385ab17f656ba11,223,18,0.1646039603960396,0.1484260614934114,300000000,1.0,0.3098184818481848,0.1756954612005856,0.2225475841874085,1,False,0
0,ep_4a2d3385ab17f656ba11,224,18,0.1792491749174917,0.1650805270863836,300000000,1.0,0.3386963696369637,0.2075402635431918,0.2225475841874085,1,False,0
0,ep_4a2d3385ab17f656ba11,225,18,0.1344884488448844,0.1650805270863836,300000000,1.0,0.3403465346534653,0.1939970717423133,0.2225475841874085,1,False,0
0,ep_4a2d3385ab17f656ba11,226,18,0.1639851485148515,0.1734992679355783,300000000,1.0,0.3131188118811881,0.2049780380673499,0.2225475841874085,1,False,0
0,ep_4a2d3385ab17f656ba11,227,18,0.1728547854785478,0.1572108345534407,300000000,1.0,0.3754125412541254,0.1969253294289897,0.2225475841874085,1,False,0
0,ep_4a2d3385ab17f656ba11,228,19,0.1148927392739273,0.1588579795021961,300000000,1.0,0.2879537953795379,0.1744143484626647,0.2225475841874085,1,False,0
0,ep_4a2d3385ab17f656ba11,229,19,0.127062706270627,0.1425695461200585,300000000,1.0,0.2990924092409241,0.1694729136163982,0.2225475841874085,1,False,0
0,ep_4a2d3385ab17f656ba11,230,19,0.1173679867986798,0.1368960468521229,300000000,1.0,0.3436468646864686,0.1634333821376281,0.2225475841874085,1,False,0
0,ep_4a2d3385ab17f656ba11,231,19,0.1342821782178218,0.1456808199121522,300000000,1.0,0.2574257425742574,0.1802708638360175,0.2225475841874085,1,False,0
0,ep_4a2d3385ab17f656ba11,232,19,0.1346947194719472,0.1484260614934114,300000000,1.0,0.2718646864686468,0.195095168374817,0.2225475841874085,1,False,0
0,ep_4a2d3385ab17f656ba11,233,19,0.1683168316831683,0.1634333821376281,300000000,1.0,0.2879537953795379,0.1907027818448023,0.2225475841874085,1,False,0
0,ep_4a2d3385ab17f656ba11,234,19,0.1542904290429043,0.1484260614934114,300000000,1.0,0.3015676567656766,0.2130307467057101,0.2225475841874085,1,False,0
0,ep_4a2d3385ab17f656ba11,235,19,0.1652227722772277,0.1524524158125915,300000000,1.0,0.3539603960396039,0.1782576866764275,0.2225475841874085,1,False,0
0,ep_4a2d3385ab17f656ba11,236,19,0.161509900990099,0.1643484626647145,300000000,1.0,0.341996699669967,0.188506588579795,0.2225475841874085,1,False,0
0,ep_4a2d3385ab17f656ba11,237,19,0.1289191419141914,0.1535505124450951,300000000,1.0,0.3110561056105611,0.1830161054172767,0.2225475841874085,1,False,0
0,ep_4a2d3385ab17f656ba11,238,19,0.1289191419141914,0.1557467057101025,300000000,1.0,0.25,0.2042459736456808,0.2225475841874085,1,False,0
0,ep_4a2d3385ab17f656ba11,239,19,0.1256188118811881,0.1639824304538799,300000000,1.0,0.2454620462046204,0.2133967789165446,0.2225475841874085,1,False,0
0,ep_4a2d3385ab17f656ba11,240,20,0.1646039603960396,0.1550146412884333,300000000,1.0,0.3052805280528052,0.1947291361639824,0.2225475841874085,1,False,0
0,ep_4a2d3385ab17f656ba11,241,20,0.1740924092409241,0.1464128843338213,300000000,1.0,0.3481848184818482,0.1830161054172767,0.2225475841874085,1,False,0
0,ep_4a2d3385ab17f656ba11,242,20,0.1757425742574257,0.1687408491947291,300000000,1.0,0.3547854785478548,0.215592972181552,0.2225475841874085,1,False,0
0,ep_4a2d3385ab17f656ba11,243,20,0.1462458745874587,0.1531844802342606,300000000,1.0,0.283003300330033,0.195095168374817,0.2225475841874085,1,False,0
0,ep_4a2d3385ab17f656ba11,244,20,0.1379950495049505,0.1465959004392386,300000000,1.0,0.2677392739273927,0.1731332357247438,0.2225475841874085,1,False,0
0,ep_4a2d3385ab17f656ba11,245,20,0.1582095709570957,0.1579428989751098,300000000,1.0,0.3143564356435643,0.1892386530014641,0.2225475841874085,1,False,0
0,ep_4a2d3385ab17f656ba11,246,20,0.1367574257425742,0.1804538799414348,300000000,1.0,0.2834158415841584,0.2148609077598828,0.2225475841874085,1,False,0
0,ep_4a2d3385ab17f656ba11,247,20,0.1163366336633663,0.1559297218155197,300000000,1.0,0.3028052805280528,0.2020497803806735,0.2225475841874085,1,False,0
0,ep_4a2d3385ab17f656ba11,248,20,0.1066419141914191,0.1418374816983894,300000000,1.0,0.2809405940594059,0.1846632503660322,0.2225475841874085,1,False,0
0,ep_4a2d3385ab17f656ba11,249,20,0.1048886138613861,0.147510980966325,300000000,1.0,0.2693894389438944,0.1689238653001464,0.2225475841874085,1,False,0
0,ep_4a2d3385ab17f656ba11,250,20,0.1316006600660066,0.1562957540263543,300000000,1.0,0.2792904290429043,0.1771595900439238,0.2225475841874085,1,False,0
0,ep_4a2d3385ab17f656ba11,251,20,0.1280940594059406,0.1749633967789165,300000000,1.0,0.2739273927392739,0.2064421669106881,0.2225475841874085,1,False,0
0,ep_4a2d3385ab17f656ba11,252,21,0.1656353135313531,0.1544655929721815,300000000,1.0,0.4257425742574257,0.1828330893118594,0.2225475841874085,1,False,0
0,ep_4a2d3385ab17f656ba11,253,21,0.1431518151815181,0.1471449487554904,300000000,1.0,0.3094059405940594,0.1771595900439238,0.2225475841874085,1,False,0
0,ep_4a2d3385ab17f656ba11,254,21,0.1344884488448844,0.1465959004392386,300000000,1.0,0.2693894389438944,0.1751464128843338,0.2225475841874085,1,False,0
0,ep_4a2d3385ab17f656ba11,255,21,0.1332508250825082,0.1617862371888726,300000000,1.0,0.3106435643564356,0.1936310395314787,0.2225475841874085,1,False,0
0,ep_4a2d3385ab17f656ba11,256,21,0.1421204620462046,0.173316251830161,300000000,1.0,0.2718646864686468,0.1954612005856515,0.2225475841874085,1,False,0
0,ep_4a2d3385ab17f656ba11,257,21,0.1050948844884488,0.1621522693997071,300000000,1.0,0.2660891089108911,0.195095168374817,0.2225475841874085,1,False,0
0,ep_4a2d3385ab17f656ba11,258,21,0.0688943894389439,0.1405563689604685,300000000,1.0,0.2087458745874587,0.1705710102489019,0.2225475841874085,1,False,0
0,ep_4a2d3385ab17f656ba11,259,21,0.1295379537953795,0.1339677891654465,300000000,1.0,0.3056930693069307,0.1691068814055636,0.2225475841874085,1,False,0
0,ep_4a2d3385ab17f656ba11,260,21,0.1394389438943894,0.1813689604685212,300000000,1.0,0.2590759075907591,0.2097364568081991,0.2225475841874085,1,False,0
0,ep_4a2d3385ab17f656ba11,261,21,0.1386138613861386,0.1539165446559297,300000000,1.0,0.2871287128712871,0.1853953147877013,0.2225475841874085,1,False,0
0,ep_4a2d3385ab17f656ba11,262,21,0.0939562706270627,0.1390922401171303,300000000,1.0,0.2466996699669967,0.183199121522694,0.2225475841874085,1,False,0
0,ep_4a2d3385ab17f656ba11,263,21,0.1456270627062706,0.1471449487554904,300000000,1.0,0.257013201320132,0.1826500732064421,0.2225475841874085,1,False,0
0,ep_4a2d3385ab17f656ba11,264,22,0.1538778877887788,0.1736822840409956,300000000,1.0,0.2854785478547855,0.2159590043923865,0.2225475841874085,1,False,0
0,ep_4a2d3385ab17f656ba11,265,22,0.1520214521452145,0.1703879941434846,300000000,1.0,0.2990924092409241,0.2144948755490483,0.2225475841874085,1,False,0
0,ep_4a2d3385ab17f656ba11,266,22,0.1412953795379538,0.1724011713030746,300000000,1.0,0.3172442244224422,0.2038799414348462,0.2225475841874085,1,False,0
0,ep_4a2d3385ab17f656ba11,267,22,0.1134488448844884,0.1650805270863836,300000000,1.0,0.2751650165016501,0.1976573938506588,0.2225475841874085,1,False,0
0,ep_4a2d3385ab17f656ba11,268,22,0.1547029702970297,0.1555636896046852,300000000,1.0,0.3659240924092409,0.187225475841874,0.2225475841874085,1,False,0
0,ep_4a2d3385ab17f656ba11,269,22,0.1703795379537953,0.1469619326500732,300000000,1.0,0.3386963696369637,0.166727672035139,0.2225475841874085,1,False,0
0,ep_4a2d3385ab17f656ba11,270,22,0.1514026402640264,0.1599560761346998,300000000,1.0,0.2813531353135313,0.1864934114202049,0.2225475841874085,1,False,0
0,ep_4a2d3385ab17f656ba11,271,22,0.127062706270627,0.1520863836017569,300000000,1.0,0.2421617161716171,0.178623718887262,0.2225475841874085,1,False,0
0,ep_4a2d3385ab17f656ba11,272,22,0.1216996699669967,0.1493411420204978,300000000,1.0,0.2929042904290429,0.1910688140556369,0.2225475841874085,1,False,0
0,ep_4a2d3385ab17f656ba11,273,22,0.1136551155115511,0.1630673499267935,300000000,1.0,0.2755775577557756,0.2020497803806735,0.2225475841874085,1,False,0
0,ep_4a2d3385ab17f656ba11,274,22,0.1586221122112211,0.1504392386530014,300000000,1.0,0.3180693069306931,0.1896046852122986,0.2225475841874085,1,False,0
0,ep_4a2d3385ab17f656ba11,275,22,0.1369636963696369,0.150805270863836,300000000,1.0,0.3184818481848185,0.2144948755490483,0.2225475841874085,1,False,0
0,ep_4a2d3385ab17f656ba11,276,23,0.1641914191419141,0.1848462664714495,300000000,1.0,0.3110561056105611,0.215592972181552,0.2225475841874085,1,False,0
0,ep_4a2d3385ab17f656ba11,277,23,0.1561468646864686,0.1777086383601757,300000000,1.0,0.3065181518151815,0.215592972181552,0.2225475841874085,1,False,0
0,ep_4a2d3385ab17f656ba11,278,23,0.1382013201320132,0.1685578330893118,300000000,1.0,0.2726897689768977,0.2082723279648609,0.2225475841874085,1,False,0
0,ep_4a2d3385ab17f656ba11,279,23,0.1225247524752475,0.1616032210834553,300000000,1.0,0.3106435643564356,0.2148609077598828,0.2225475841874085,1,False,0
0,ep_4a2d3385ab17f656ba11,280,23,0.1120049504950495,0.1321376281112738,300000000,1.0,0.2549504950495049,0.1467789165446559,0.2225475841874085,1,False,0
0,ep_4a2d3385ab17f656ba11,281,23,0.1485148514851485,0.1619692532942899,300000000,1.0,0.2863036303630363,0.1853953147877013,0.2225475841874085,1,False,0
0,ep_4a2d3385ab17f656ba11,282,23,0.1544966996699669,0.152818448023426,300000000,1.0,0.2978547854785479,0.1714860907759882,0.2225475841874085,1,False,0
0,ep_4a2d3385ab17f656ba11,283,23,0.1384075907590759,0.1372620790629575,300000000,1.0,0.2442244224422442,0.1572108345534407,0.2225475841874085,1,False,0
0,ep_4a2d3385ab17f656ba11,284,23,0.149546204620462,0.1623352855051244,300000000,1.0,0.2896039603960396,0.1903367496339678,0.2225475841874085,1,False,0
0,ep_4a2d3385ab17f656ba11,285,23,0.1590346534653465,0.156112737920937,300000000,1.0,0.2677392739273927,0.1939970717423133,0.2225475841874085,1,False,0
0,ep_4a2d3385ab17f656ba11,286,23,0.1441831683168316,0.1709370424597364,300000000,1.0,0.2813531353135313,0.2144948755490483,0.2225475841874085,1,False,0
0,ep_4a2d3385ab17f656ba11,287,23,0.1041666666666666,0.144216691068814,300000000,1.0,0.2384488448844884,0.199121522693997,0.2225475841874085,1,False,0
0,ep_4dbe04be0377398e4794,0,0,0.3003300330033003,0.0147099194729136,300000000,1.0,0.3234323432343234,0.0160139092240117,0.0244784040995607,1,False,0
0,ep_4dbe04be0377398e4794,1,0,0.2995049504950495,0.0146641654465592,300000000,1.0,0.3193069306930693,0.015350475841874,0.0244784040995607,1,False,0
0,ep_4dbe04be0377398e4794,2,0,0.3019801980198019,0.0147327964860907,300000000,1.0,0.3296204620462046,0.0155334919472913,0.0244784040995607,1,False,0
0,ep_4dbe04be0377398e4794,3,0,0.3036303630363036,0.014778550512445,300000000,1.0,0.327970297029703,0.0158995241581259,0.0244784040995607,1,False,0
0,ep_4dbe04be0377398e4794,4,0,0.3061056105610561,0.014778550512445,300000000,1.0,0.3271452145214521,0.0153962298682284,0.0244784040995607,1,False,0
0,ep_4dbe04be0377398e4794,5,0,0.304042904290429,0.0147556734992679,300000000,1.0,0.3242574257425742,0.0156707540263543,0.0244784040995607,1,False,0
0,ep_4dbe04be0377398e4794,6,0,0.2990924092409241,0.014778550512445,300000000,1.0,0.3201320132013201,0.0158537701317715,0.0244784040995607,1,False,0
0,ep_4dbe04be0377398e4794,7,0,0.2995049504950495,0.0147099194729136,300000000,1.0,0.323019801980198,0.015350475841874,0.0244784040995607,1,False,0
0,ep_4dbe04be0377398e4794,8,0,0.2949669966996699,0.0146412884333821,300000000,1.0,0.3221947194719472,0.0152818448023426,0.0244784040995607,1,False,0
0,ep_4dbe04be0377398e4794,9,0,0.304751100110011,0.014778550512445,300000000,1.0,0.3411716171617162,0.0159681551976573,0.0244784040995607,2,False,0
0,ep_4dbe04be0377398e4794,10,0,0.3073432343234323,0.0147099194729136,300000000,1.0,0.3271452145214521,0.0162198023426061,0.0244784040995607,1,False,0
0,ep_4dbe04be0377398e4794,11,0,0.3073432343234323,0.0147327964860907,300000000,1.0,0.3345709570957095,0.016059663250366,0.0244784040995607,1,False,0
0,ep_4dbe04be0377398e4794,12,1,0.3073432343234323,0.0148014275256222,300000000,1.0,0.327970297029703,0.0160367862371888,0.0244784040995607,1,False,0
0,ep_4dbe04be0377398e4794,13,1,0.2817656765676568,0.0146412884333821,300000000,1.0,0.3386963696369637,0.0158537701317715,0.0244784040995607,1,False,0
0,ep_4dbe04be0377398e4794,14,1,0.3044554455445544,0.0147099194729136,300000000,1.0,0.327970297029703,0.0160367862371888,0.0244784040995607,1,False,0
0,ep_4dbe04be0377398e4794,15,1,0.3065181518151815,0.0146870424597364,300000000,1.0,0.3271452145214521,0.0158766471449487,0.0244784040995607,1,False,0
0,ep_4dbe04be0377398e4794,16,1,0.3131188118811881,0.014778550512445,300000000,1.0,0.3345709570957095,0.0161740483162518,0.0244784040995607,1,False,0
0,ep_4dbe04be0377398e4794,17,1,0.3127062706270627,0.0147327964860907,300000000,1.0,0.3395214521452145,0.0162426793557833,0.0244784040995607,1,False,0
0,ep_4dbe04be0377398e4794,18,1,0.3135313531353135,0.0147556734992679,300000000,1.0,0.3341584158415842,0.0158080161054172,0.0244784040995607,1,False,0
0,ep_4dbe04be0377398e4794,19,1,0.3069306930693069,0.0147556734992679,300000000,1.0,0.3333333333333333,0.015922401171303,0.0244784040995607,1,False,0
0,ep_4dbe04be0377398e4794,20,1,0.3114686468646864,0.0148014275256222,300000000,1.0,0.341996699669967,0.0160367862371888,0.0244784040995607,1,False,0
0,ep_4dbe04be0377398e4794,21,1,0.3143564356435643,0.0148014275256222,300000000,1.0,0.3353960396039604,0.016059663250366,0.0244784040995607,1,False,0
0,ep_4dbe04be0377398e4794,22,1,0.3118811881188119,0.0148014275256222,300000000,1.0,0.3341584158415842,0.0159910322108345,0.0244784040995607,1,False,0
0,ep_4dbe04be0377398e4794,23,1,0.3085808580858086,0.0148700585651537,300000000,1.0,0.3329207920792079,0.015625,0.0244784040995607,1,False,0
0,ep_4dbe04be0377398e4794,24,2,0.3073432343234323,0.0148471815519765,300000000,1.0,0.3341584158415842,0.0158766471449487,0.0244784040995607,1,False,0
0,ep_4dbe04be0377398e4794,25,2,0.3048679867986799,0.0148700585651537,300000000,1.0,0.3304455445544554,0.0158080161054172,0.0244784040995607,1,False,0
0,ep_4dbe04be0377398e4794,26,2,0.3036303630363036,0.0148700585651537,300000000,1.0,0.3259075907590759,0.0159681551976573,0.0244784040995607,1,False,0
0,ep_4dbe04be0377398e4794,27,2,0.3044554455445544,0.0148014275256222,300000000,1.0,0.3292079207920792,0.0157393850658858,0.0244784040995607,1,False,0
0,ep_4dbe04be0377398e4794,28,2,0.3052805280528052,0.0148243045387994,300000000,1.0,0.3283828382838283,0.0158080161054172,0.0244784040995607,1,False,0
0,ep_4dbe04be0377398e4794,29,2,0.3015676567656766,0.0148471815519765,300000000,1.0,0.3246699669966996,0.0160139092240117,0.0244784040995607,1,False,0
0,ep_4dbe04be0377398e4794,30,2,0.3077557755775577,0.0148243045387994,300000000,1.0,0.3287953795379538,0.0159910322108345,0.0244784040995607,1,False,0
0,ep_4dbe04be0377398e4794,31,2,0.2743399339933993,0.0145726573938506,300000000,1.0,0.327970297029703,0.0157622620790629,0.0244784040995607,1,False,0
0,ep_4dbe04be0377398e4794,32,2,0.3011551155115511,0.0146870424597364,300000000,1.0,0.3275577557755775,0.0159452781844802,0.0244784040995607,1,False,0
0,ep_4dbe04be0377398e4794,33,2,0.3052805280528052,0.014778550512445,300000000,1.0,0.3325082508250825,0.0156021229868228,0.0244784040995607,1,False,0
0,ep_4dbe04be0377398e4794,34,2,0.3028052805280528,0.0147099194729136,300000000,1.0,0.3287953795379538,0.0157851390922401,0.0244784040995607,1,False,0
0,ep_4dbe04be0377398e4794,35,2,0.3003300330033003,0.0147327964860907,300000000,1.0,0.3217821782178218,0.0156936310395314,0.0244784040995607,1,False,0
0,ep_4dbe04be0377398e4794,36,3,0.3007425742574257,0.014778550512445,300000000,1.0,0.3242574257425742,0.0155792459736456,0.0244784040995607,1,False,0
0,ep_4dbe04be0377398e4794,37,3,0.3023927392739274,0.0148700585651537,300000000,1.0,0.3254950495049505,0.0155792459736456,0.0244784040995607,1,False,0
0,ep_4dbe04be0377398e4794,38,3,0.3065181518151815,0.0148014275256222,300000000,1.0,0.3259075907590759,0.0158308931185944,0.0244784040995607,1,False,0
0,ep_4dbe04be0377398e4794,39,3,0.3048679867986799,0.0148243045387994,300000000,1.0,0.323019801980198,0.0158995241581259,0.0244784040995607,1,False,0
0,ep_4dbe04be0377398e4794,40,3,0.3044554455445544,0.014778550512445,300000000,1.0,0.327970297029703,0.0157851390922401,0.0244784040995607,1,False,0
0,ep_4dbe04be0377398e4794,41,3,0.3077557755775577,0.014778550512445,300000000,1.0,0.3292079207920792,0.0161511713030746,0.0244784040995607,1,False,0
0,ep_4dbe04be0377398e4794,42,3,0.3052805280528052,0.0148243045387994,300000000,1.0,0.3275577557755775,0.0158537701317715,0.0244784040995607,1,False,0
0,ep_4dbe04be0377398e4794,43,3,0.3048679867986799,0.0149844436310395,300000000,1.0,0.3316831683168317,0.0160139092240117,0.0244784040995607,1,False,0
0,ep_4dbe04be0377398e4794,44,3,0.3011551155115511,0.0149615666178623,300000000,1.0,0.3275577557755775,0.0158537701317715,0.0244784040995607,1,False,0
0,ep_4dbe04be0377398e4794,45,3,0.3081683168316831,0.014915812591508,300000000,1.0,0.3283828382838283,0.0157622620790629,0.0244784040995607,1,False,0
0,ep_4dbe04be0377398e4794,46,3,0.3081683168316831,0.0148929355783308,300000000,1.0,0.3308580858085808,0.0160825402635431,0.0244784040995607,1,False,0
0,ep_4dbe04be0377398e4794,47,3,0.3069306930693069,0.0148700585651537,300000000,1.0,0.3304455445544554,0.0161054172767203,0.0244784040995607,1,False,0
0,ep_4dbe04be0377398e4794,48,4,0.3077557755775577,0.0148700585651537,300000000,1.0,0.334983498349835,0.0158766471449487,0.0244784040995607,1,False,0
0,ep_4dbe04be0377398e4794,49,4,0.28506600660066,0.0146184114202049,300000000,1.0,0.3444719471947194,0.0162426793557833,0.0244784040995607,1,False,0
0,ep_4dbe04be0377398e4794,50,4,0.3102310231023102,0.0148929355783308,300000000,1.0,0.3358085808580858,0.0163341874084919,0.0244784040995607,1,False,0
0,ep_4dbe04be0377398e4794,51,4,0.3143564356435643,0.0148471815519765,300000000,1.0,0.3436468646864686,0.0158766471449487,0.0244784040995607,1,False,0
0,ep_4dbe04be0377398e4794,52,4,0.3147689768976898,0.0148700585651537,300000000,1.0,0.3436468646864686,0.0161740483162518,0.0244784040995607,1,False,0
0,ep_4dbe04be0377398e4794,53,4,0.3139438943894389,0.0148243045387994,300000000,1.0,0.334983498349835,0.0161969253294289,0.0244784040995607,1,False,0
0,ep_4dbe04be0377398e4794,54,4,0.3131188118811881,0.0148243045387994,300000000,1.0,0.3333333333333333,0.0158766471449487,0.0244784040995607,1,False,0
0,ep_4dbe04be0377398e4794,55,4,0.3094059405940594,0.0148014275256222,300000000,1.0,0.3345709570957095,0.0163113103953147,0.0244784040995607,1,False,0
0,ep_4dbe04be0377398e4794,56,4,0.3081683168316831,0.0148014275256222,300000000,1.0,0.334983498349835,0.0162198023426061,0.0244784040995607,1,False,0
0,ep_4dbe04be0377398e4794,57,4,0.3155940594059406,0.0148014275256222,300000000,1.0,0.3345709570957095,0.0162198023426061,0.0244784040995607,1,False,0
0,ep_4dbe04be0377398e4794,58,4,0.3077557755775577,0.014778550512445,300000000,1.0,0.3283828382838283,0.0161054172767203,0.0244784040995607,1,False,0
0,ep_4dbe04be0377398e4794,59,4,0.3061056105610561,0.0148014275256222,300000000,1.0,0.327970297029703,0.0161969253294289,0.0244784040995607,1,False,0
0,ep_4dbe04be0377398e4794,60,5,0.3052805280528052,0.0149386896046852,300000000,1.0,0.3304455445544554,0.0160139092240117,0.0244784040995607,1,False,0
0,ep_4dbe04be0377398e4794,61,5,0.3032178217821782,0.0149386896046852,300000000,1.0,0.3341584158415842,0.0159910322108345,0.0244784040995607,1,False,0
0,ep_4dbe04be0377398e4794,62,5,0.3011551155115511,0.0148700585651537,300000000,1.0,0.327970297029703,0.0159910322108345,0.0244784040995607,1,False,0
0,ep_4dbe04be0377398e4794,63,5,0.2995049504950495,0.0148929355783308,300000000,1.0,0.3246699669966996,0.0159681551976573,0.0244784040995607,1,False,0
0,ep_4dbe04be0377398e4794,64,5,0.292079207920792,0.0148700585651537,300000000,1.0,0.3403465346534653,0.0157851390922401,0.0244784040995607,1,False,0
0,ep_4dbe04be0377398e4794,65,5,0.275990099009901,0.0146870424597364,300000000,1.0,0.3308580858085808,0.0157851390922401,0.0244784040995607,1,False,0
0,ep_4dbe04be0377398e4794,66,5,0.3032178217821782,0.0149615666178623,300000000,1.0,0.3283828382838283,0.0159452781844802,0.0244784040995607,1,False,0
0,ep_4dbe04be0377398e4794,67,5,0.2957920792079208,0.014915812591508,300000000,1.0,0.3292079207920792,0.0161969253294289,0.0244784040995607,1,False,0
0,ep_4dbe04be0377398e4794,68,5,0.2491749174917491,0.0142295021961932,300000000,1.0,0.3308580858085808,0.015922401171303,0.0244784040995607,1,False,0
0,ep_4dbe04be0377398e4794,69,5,0.2962046204620462,0.0147099194729136,300000000,1.0,0.3292079207920792,0.0157622620790629,0.0244784040995607,1,False,0
0,ep_4dbe04be0377398e4794,70,5,0.2949669966996699,0.0147327964860907,300000000,1.0,0.3267326732673267,0.0160825402635431,0.0244784040995607,1,False,0
0,ep_4dbe04be0377398e4794,71,5,0.2978547854785479,0.0148014275256222,300000000,1.0,0.3193069306930693,0.0155792459736456,0.0244784040995607,1,False,0
0,ep_4dbe04be0377398e4794,72,6,0.2986798679867987,0.0146870424597364,300000000,1.0,0.323019801980198,0.0157393850658858,0.0244784040995607,1,False,0
0,ep_4dbe04be0377398e4794,73,6,0.3048679867986799,0.014778550512445,300000000,1.0,0.3296204620462046,0.0155563689604685,0.0244784040995607,1,False,0
0,ep_4dbe04be0377398e4794,74,6,0.3032178217821782,0.0148471815519765,300000000,1.0,0.3353960396039604,0.0161054172767203,0.0244784040995607,1,False,0
0,ep_4dbe04be0377398e4794,75,6,0.2995049504950495,0.0148700585651537,300000000,1.0,0.323019801980198,0.0161282942898975,0.0244784040995607,1,False,0
0,ep_4dbe04be0377398e4794,76,6,0.3036303630363036,0.014915812591508,300000000,1.0,0.3296204620462046,0.0156936310395314,0.0244784040995607,1,False,0
0,ep_4dbe04be0377398e4794,77,6,0.3056930693069307,0.0150073206442166,300000000,1.0,0.3304455445544554,0.0158308931185944,0.0244784040995607,1,False,0
0,ep_4dbe04be0377398e4794,78,6,0.3052805280528052,0.014915812591508,300000000,1.0,0.3246699669966996,0.0156936310395314,0.0244784040995607,1,False,0
0,ep_4dbe04be0377398e4794,79,6,0.3052805280528052,0.0150301976573938,300000000,1.0,0.3312706270627062,0.0161969253294289,0.0244784040995607,1,False,0
0,ep_4dbe04be0377398e4794,80,6,0.3069306930693069,0.015053074670571,300000000,1.0,0.3407590759075907,0.0160825402635431,0.0244784040995607,1,False,0
0,ep_4dbe04be0377398e4794,81,6,0.3048679867986799,0.0150073206442166,300000000,1.0,0.3271452145214521,0.0163113103953147,0.0244784040995607,1,False,0
0,ep_4dbe04be0377398e4794,82,6,0.304042904290429,0.0148929355783308,300000000,1.0,0.3275577557755775,0.0157622620790629,0.0244784040995607,1,False,0
0,ep_4dbe04be0377398e4794,83,6,0.3003300330033003,0.0148929355783308,300000000,1.0,0.3226072607260726,0.0158080161054172,0.0244784040995607,1,False,0
0,ep_4dbe04be0377398e4794,84,7,0.3048679867986799,0.014915812591508,300000000,1.0,0.3312706270627062,0.0161282942898975,0.0244784040995607,1,False,0
0,ep_4dbe04be0377398e4794,85,7,0.3003300330033003,0.0148929355783308,300000000,1.0,0.3316831683168317,0.0158080161054172,0.0244784040995607,1,False,0
0,ep_4dbe04be0377398e4794,86,7,0.2838283828382838,0.0146184114202049,300000000,1.0,0.3325082508250825,0.0157622620790629,0.0244784040995607,1,False,0
0,ep_4dbe04be0377398e4794,87,7,0.3147689768976898,0.0148014275256222,300000000,1.0,0.3337458745874587,0.0158995241581259,0.0244784040995607,1,False,0
0,ep_4dbe04be0377398e4794,88,7,0.3114686468646864,0.0148471815519765,300000000,1.0,0.3329207920792079,0.0160825402635431,0.0244784040995607,1,False,0
0,ep_4dbe04be0377398e4794,89,7,0.3098184818481848,0.0148014275256222,300000000,1.0,0.3329207920792079,0.0161054172767203,0.0244784040995607,1,False,0
0,ep_4dbe04be0377398e4794,90,7,0.3102310231023102,0.014778550512445,300000000,1.0,0.3345709570957095,0.0161511713030746,0.0244784040995607,1,False,0
0,ep_4dbe04be0377398e4794,91,7,0.3061056105610561,0.0147556734992679,300000000,1.0,0.3391089108910891,0.0162884333821376,0.0244784040995607,1,False,0
0,ep_4dbe04be0377398e4794,92,7,0.3032178217821782,0.0147556734992679,300000000,1.0,0.3374587458745874,0.0161740483162518,0.0244784040995607,1,False,0
0,ep_4dbe04be0377398e4794,93,7,0.3065181518151815,0.0147327964860907,300000000,1.0,0.3304455445544554,0.0156478770131771,0.0244784040995607,1,False,0
0,ep_4dbe04be0377398e4794,94,7,0.3015676567656766,0.0147099194729136,300000000,1.0,0.3283828382838283,0.0157393850658858,0.0244784040995607,1,False,0
0,ep_4dbe04be0377398e4794,95,7,0.3028052805280528,0.0147327964860907,300000000,1.0,0.3287953795379538,0.0160825402635431,0.0244784040995607,1,False,0
0,ep_4dbe04be0377398e4794,96,8,0.3048679867986799,0.014778550512445,300000000,1.0,0.3234323432343234,0.0156707540263543,0.0244784040995607,1,False,0
0,ep_4dbe04be0377398e4794,97,8,0.2995049504950495,0.0148014275256222,300000000,1.0,0.3263201320132013,0.0157393850658858,0.0244784040995607,1,False,0
0,ep_4dbe04be0377398e4794,98,8,0.2966171617161716,0.014778550512445,300000000,1.0,0.3213696369636963,0.0154419838945827,0.0244784040995607,1,False,0
0,ep_4dbe04be0377398e4794,99,8,0.3028052805280528,0.014778550512445,300000000,1.0,0.3246699669966996,0.0154419838945827,0.0244784040995607,1,False,0
0,ep_4dbe04be0377398e4794,100,8,0.3007425742574257,0.0148929355783308,300000000,1.0,0.3213696369636963,0.0157622620790629,0.0244784040995607,1,False,0
0,ep_4dbe04be0377398e4794,101,8,0.3036303630363036,0.0148929355783308,300000000,1.0,0.3292079207920792,0.015625,0.0244784040995607,1,False,0
0,ep_4dbe04be0377398e4794,102,8,0.3069306930693069,0.0148471815519765,300000000,1.0,0.3337458745874587,0.0156936310395314,0.0244784040995607,1,False,0
0,ep_4dbe04be0377398e4794,103,8,0.3023927392739274,0.0149386896046852,300000000,1.0,0.3308580858085808,0.0162655563689604,0.0244784040995607,1,False,0
0,ep_4dbe04be0377398e4794,104,8,0.2615511551155115,0.0145726573938506,300000000,1.0,0.3254950495049505,0.0157851390922401,0.0244784040995607,1,False,0
0,ep_4dbe04be0377398e4794,105,8,0.3032178217821782,0.0148014275256222,300000000,1.0,0.3271452145214521,0.0156707540263543,0.0244784040995607,1,False,0
0,ep_4dbe04be0377398e4794,106,8,0.2957920792079208,0.0148014275256222,300000000,1.0,0.3246699669966996,0.0155563689604685,0.0244784040995607,1,False,0
0,ep_4dbe04be0377398e4794,107,8,0.3007425742574257,0.014778550512445,300000000,1.0,0.3312706270627062,0.0156478770131771,0.0244784040995607,1,False,0
0,ep_4dbe04be0377398e4794,108,9,0.3019801980198019,0.0148014275256222,300000000,1.0,0.323019801980198,0.0157165080527086,0.0244784040995607,1,False,0
0,ep_4dbe04be0377398e4794,109,9,0.2999174917491749,0.0148700585651537,300000000,1.0,0.3263201320132013,0.0157165080527086,0.0244784040995607,1,False,0
0,ep_4dbe04be0377398e4794,110,9,0.3048679867986799,0.014915812591508,300000000,1.0,0.3250825082508251,0.015625,0.0244784040995607,1,False,0
0,ep_4dbe04be0377398e4794,111,9,0.3003300330033003,0.0148243045387994,300000000,1.0,0.3234323432343234,0.0162655563689604,0.0244784040995607,1,False,0
0,ep_4dbe04be0377398e4794,112,9,0.2945544554455445,0.0148243045387994,300000000,1.0,0.3242574257425742,0.0156936310395314,0.0244784040995607,1,False,0
0,ep_4dbe04be0377398e4794,113,9,0.2986798679867987,0.0148700585651537,300000000,1.0,0.3283828382838283,0.0156707540263543,0.0244784040995607,1,False,0
0,ep_4dbe04be0377398e4794,114,9,0.3032178217821782,0.0148700585651537,300000000,1.0,0.3259075907590759,0.0155792459736456,0.0244784040995607,1,False,0
0,ep_4dbe04be0377398e4794,115,9,0.2982673267326732,0.0150073206442166,300000000,1.0,0.3267326732673267,0.0160139092240117,0.0244784040995607,1,False,0
0,ep_4dbe04be0377398e4794,116,9,0.2999174917491749,0.0149386896046852,300000000,1.0,0.3263201320132013,0.0157622620790629,0.0244784040995607,1,False,0
0,ep_4dbe04be0377398e4794,117,9,0.2982673267326732,0.0149386896046852,300000000,1.0,0.323019801980198,0.0158308931185944,0.0244784040995607,1,False,0
0,ep_4dbe04be0377398e4794,118,9,0.2999174917491749,0.0149844436310395,300000000,1.0,0.327970297029703,0.0159452781844802,0.0244784040995607,1,False,0
0,ep_4dbe04be0377398e4794,119,9,0.3007425742574257,0.0149844436310395,300000000,1.0,0.3238448844884488,0.0159452781844802,0.0244784040995607,1,False,0
0,ep_4dbe04be0377398e4794,120,10,0.3023927392739274,0.0149844436310395,300000000,1.0,0.3242574257425742,0.0159910322108345,0.0244784040995607,1,False,0
0,ep_4dbe04be0377398e4794,121,10,0.3056930693069307,0.0150073206442166,300000000,1.0,0.327970297029703,0.016059663250366,0.0244784040995607,1,False,0
0,ep_4dbe04be0377398e4794,122,10,0.2953795379537954,0.0149615666178623,300000000,1.0,0.3325082508250825,0.0162884333821376,0.0244784040995607,1,False,0
0,ep_4dbe04be0377398e4794,123,10,0.2945544554455445,0.0147099194729136,300000000,1.0,0.3411716171617162,0.015922401171303,0.0244784040995607,1,False,0
0,ep_4dbe04be0377398e4794,124,10,0.3015676567656766,0.0148929355783308,300000000,1.0,0.3329207920792079,0.0158080161054172,0.0244784040995607,1,False,0
0,ep_4dbe04be0377398e4794,125,10,0.2916666666666667,0.0148014275256222,300000000,1.0,0.3242574257425742,0.0162884333821376,0.0244784040995607,1,False,0
0,ep_4dbe04be0377398e4794,126,10,0.3032178217821782,0.0148929355783308,300000000,1.0,0.3320957095709571,0.0162655563689604,0.0244784040995607,1,False,0
0,ep_4dbe04be0377398e4794,127,10,0.3065181518151815,0.0148243045387994,300000000,1.0,0.3312706270627062,0.0158766471449487,0.0244784040995607,1,False,0
0,ep_4dbe04be0377398e4794,128,10,0.3036303630363036,0.0149386896046852,300000000,1.0,0.3250825082508251,0.0159452781844802,0.0244784040995607,1,False,0
0,ep_4dbe04be0377398e4794,129,10,0.3085808580858086,0.014915812591508,300000000,1.0,0.3312706270627062,0.0160139092240117,0.0244784040995607,1,False,0
0,ep_4dbe04be0377398e4794,130,10,0.3106435643564356,0.0149386896046852,300000000,1.0,0.3391089108910891,0.0161511713030746,0.0244784040995607,1,False,0
0,ep_4dbe04be0377398e4794,131,10,0.3114686468646864,0.0148929355783308,300000000,1.0,0.3337458745874587,0.0161282942898975,0.0244784040995607,1,False,0
0,ep_4dbe04be0377398e4794,132,11,0.3077557755775577,0.014915812591508,300000000,1.0,0.341996699669967,0.015922401171303,0.0244784040995607,1,False,0
0,ep_4dbe04be0377398e4794,133,11,0.3044554455445544,0.0148929355783308,300000000,1.0,0.33003300330033,0.016059663250366,0.0244784040995607,1,False,0
0,ep_4dbe04be0377398e4794,134,11,0.3069306930693069,0.0149386896046852,300000000,1.0,0.3283828382838283,0.0159910322108345,0.0244784040995607,1,False,0
0,ep_4dbe04be0377398e4794,135,11,0.3019801980198019,0.014915812591508,300000000,1.0,0.3217821782178218,0.0157622620790629,0.0244784040995607,1,False,0
0,ep_4dbe04be0377398e4794,136,11,0.3023927392739274,0.0148471815519765,300000000,1.0,0.3292079207920792,0.0158995241581259,0.0244784040995607,1,False,0
0,ep_4dbe04be0377398e4794,137,11,0.292079207920792,0.0148014275256222,300000000,1.0,0.3217821782178218,0.0156478770131771,0.0244784040995607,1,False,0
0,ep_4dbe04be0377398e4794,138,11,0.2990924092409241,0.014915812591508,300000000,1.0,0.3238448844884488,0.0158308931185944,0.0244784040995607,1,False,0
0,ep_4dbe04be0377398e4794,139,11,0.2986798679867987,0.0149844436310395,300000000,1.0,0.327970297029703,0.0156936310395314,0.0244784040995607,1,False,0
0,ep_4dbe04be0377398e4794,140,11,0.3003300330033003,0.014915812591508,300000000,1.0,0.3254950495049505,0.0162884333821376,0.0244784040995607,1,False,0
0,ep_4dbe04be0377398e4794,141,11,0.2764081408140814,0.0145805118350414,300000000,1.0,0.3242574257425742,0.0158766471449487,0.0244784040995607,2,False,0
0,ep_4dbe04be0377398e4794,142,11,0.2978547854785479,0.0148014275256222,300000000,1.0,0.3263201320132013,0.0156936310395314,0.0244784040995607,1,False,0
0,ep_4dbe04be0377398e4794,143,11,0.2372112211221122,0.0141379941434846,300000000,1.0,0.3308580858085808,0.0158308931185944,0.0244784040995607,1,False,0
0,ep_4dbe04be0377398e4794,144,12,0.2986798679867987,0.0148014275256222,300000000,1.0,0.320957095709571,0.0159681551976573,0.0244784040995607,1,False,0
0,ep_4dbe04be0377398e4794,145,12,0.2937293729372937,0.0148243045387994,300000000,1.0,0.3172442244224422,0.016059663250366,0.0244784040995607,1,False,0
0,ep_4dbe04be0377398e4794,146,12,0.2995049504950495,0.0148014275256222,300000000,1.0,0.3201320132013201,0.0161969253294289,0.0244784040995607,1,False,0
0,ep_4dbe04be0377398e4794,147,12,0.297029702970297,0.014778550512445,300000000,1.0,0.3155940594059406,0.0161282942898975,0.0244784040995607,1,False,0
0,ep_4dbe04be0377398e4794,148,12,0.2986798679867987,0.0149615666178623,300000000,1.0,0.3226072607260726,0.0156707540263543,0.0244784040995607,1,False,0
0,ep_4dbe04be0377398e4794,149,12,0.3048679867986799,0.014915812591508,300000000,1.0,0.3296204620462046,0.0158537701317715,0.0244784040995607,1,False,0
0,ep_4dbe04be0377398e4794,150,12,0.3081683168316831,0.0148014275256222,300000000,1.0,0.3287953795379538,0.0157165080527086,0.0244784040995607,1,False,0
0,ep_4dbe04be0377398e4794,151,12,0.2957920792079208,0.0148471815519765,300000000,1.0,0.3246699669966996,0.0157165080527086,0.0244784040995607,1,False,0
0,ep_4dbe04be0377398e4794,152,12,0.1573844884488449,0.0132686676427525,300000000,1.0,0.3201320132013201,0.0156936310395314,0.0244784040995607,1,False,0
0,ep_4dbe04be0377398e4794,153,12,0.3036303630363036,0.0149615666178623,300000000,1.0,0.3275577557755775,0.0158080161054172,0.0244784040995607,1,False,0
0,ep_4dbe04be0377398e4794,154,12,0.3015676567656766,0.0149615666178623,300000000,1.0,0.3304455445544554,0.0161282942898975,0.0244784040995607,1,False,0
0,ep_4dbe04be0377398e4794,155,12,0.2033828382838284,0.0135889458272327,300000000,1.0,0.327970297029703,0.0159910322108345,0.0244784040995607,1,False,0
0,ep_4dbe04be0377398e4794,156,13,0.3011551155115511,0.0146184114202049,300000000,1.0,0.3283828382838283,0.0157622620790629,0.0244784040995607,1,False,0
0,ep_4dbe04be0377398e4794,157,13,0.3048679867986799,0.0147099194729136,300000000,1.0,0.3271452145214521,0.0158995241581259,0.0244784040995607,1,False,0
0,ep_4dbe04be0377398e4794,158,13,0.3089933993399339,0.0148014275256222,300000000,1.0,0.3378712871287129,0.0158766471449487,0.0244784040995607,1,False,0
0,ep_4dbe04be0377398e4794,159,13,0.242986798679868,0.0140007320644216,300000000,1.0,0.3329207920792079,0.0159681551976573,0.0244784040995607,1,False,0
0,ep_4dbe04be0377398e4794,160,13,0.3073432343234323,0.0147327964860907,300000000,1.0,0.3308580858085808,0.0155563689604685,0.0244784040995607,1,False,0
0,ep_4dbe04be0377398e4794,161,13,0.2446369636963696,0.0140693631039531,300000000,1.0,0.3333333333333333,0.0155563689604685,0.0244784040995607,1,False,0
0,ep_4dbe04be0377398e4794,162,13,0.3032178217821782,0.0148243045387994,300000000,1.0,0.320957095709571,0.0161282942898975,0.0244784040995607,1,False,0
0,ep_4dbe04be0377398e4794,163,13,0.2995049504950495,0.0148243045387994,300000000,1.0,0.3201320132013201,0.0157622620790629,0.0244784040995607,1,False,0
0,ep_4dbe04be0377398e4794,164,13,0.3019801980198019,0.0148014275256222,300000000,1.0,0.323019801980198,0.0160139092240117,0.0244784040995607,1,False,0
0,ep_4dbe04be0377398e4794,165,13,0.2945544554455445,0.0148471815519765,300000000,1.0,0.3308580858085808,0.0160139092240117,0.0244784040995607,1,False,0
0,ep_4dbe04be0377398e4794,166,13,0.2986798679867987,0.0148929355783308,300000000,1.0,0.3312706270627062,0.0161511713030746,0.0244784040995607,1,False,0
0,ep_4dbe04be0377398e4794,167,13,0.2999174917491749,0.0149386896046852,300000000,1.0,0.3263201320132013,0.0158995241581259,0.0244784040995607,1,False,0
0,ep_4dbe04be0377398e4794,168,14,0.3015676567656766,0.0149615666178623,300000000,1.0,0.3188943894389439,0.0163341874084919,0.0244784040995607,1,False,0
0,ep_4dbe04be0377398e4794,169,14,0.3007425742574257,0.0149615666178623,300000000,1.0,0.3246699669966996,0.0161054172767203,0.0244784040995607,1,False,0
0,ep_4dbe04be0377398e4794,170,14,0.3036303630363036,0.0149386896046852,300000000,1.0,0.3296204620462046,0.0158080161054172,0.0244784040995607,1,False,0
0,ep_4dbe04be0377398e4794,171,14,0.3019801980198019,0.0150073206442166,300000000,1.0,0.3234323432343234,0.0155792459736456,0.0244784040995607,1,False,0
0,ep_4dbe04be0377398e4794,172,14,0.2999174917491749,0.0149844436310395,300000000,1.0,0.323019801980198,0.0157165080527086,0.0244784040995607,1,False,0
0,ep_4dbe04be0377398e4794,173,14,0.3015676567656766,0.0149844436310395,300000000,1.0,0.3271452145214521,0.0157622620790629,0.0244784040995607,1,False,0
0,ep_4dbe04be0377398e4794,174,14,0.3015676567656766,0.014915812591508,300000000,1.0,0.323019801980198,0.0156021229868228,0.0244784040995607,1,False,0
0,ep_4dbe04be0377398e4794,175,14,0.3015676567656766,0.014915812591508,300000000,1.0,0.3238448844884488,0.0159910322108345,0.0244784040995607,1,False,0
0,ep_4dbe04be0377398e4794,176,14,0.3044554455445544,0.0149386896046852,300000000,1.0,0.3271452145214521,0.0155563689604685,0.0244784040995607,1,False,0
0,ep_4dbe04be0377398e4794,177,14,0.3052805280528052,0.0149386896046852,300000000,1.0,0.3221947194719472,0.0156936310395314,0.0244784040995607,1,False,0
0,ep_4dbe04be0377398e4794,178,14,0.3069306930693069,0.0148700585651537,300000000,1.0,0.3275577557755775,0.0158080161054172,0.0244784040995607,1,False,0
0,ep_4dbe04be0377398e4794,179,14,0.3061056105610561,0.0148929355783308,300000000,1.0,0.3378712871287129,0.0157165080527086,0.0244784040995607,1,False,0
0,ep_4dbe04be0377398e4794,180,15,0.2516501650165016,0.0143667642752562,300000000,1.0,0.33003300330033,0.0159681551976573,0.0244784040995607,1,False,0
0,ep_4dbe04be0377398e4794,181,15,0.2949669966996699,0.014915812591508,300000000,1.0,0.3337458745874587,0.0159681551976573,0.0244784040995607,1,False,0
0,ep_4dbe04be0377398e4794,182,15,0.297029702970297,0.0148471815519765,300000000,1.0,0.3254950495049505,0.0155334919472913,0.0244784040995607,1,False,0
0,ep_4dbe04be0377398e4794,183,15,0.2999174917491749,0.0148014275256222,300000000,1.0,0.3254950495049505,0.0156936310395314,0.0244784040995607,1,False,0
0,ep_4dbe04be0377398e4794,184,15,0.2995049504950495,0.0148243045387994,300000000,1.0,0.3316831683168317,0.0158308931185944,0.0244784040995607,1,False,0
0,ep_4dbe04be0377398e4794,185,15,0.2945544554455445,0.0148471815519765,300000000,1.0,0.3172442244224422,0.0156707540263543,0.0244784040995607,1,False,0
0,ep_4dbe04be0377398e4794,186,15,0.2764026402640264,0.0147099194729136,300000000,1.0,0.3213696369636963,0.0158766471449487,0.0244784040995607,1,False,0
0,ep_4dbe04be0377398e4794,187,15,0.2417491749174917,0.0139321010248901,300000000,1.0,0.3180693069306931,0.0152589677891654,0.0244784040995607,1,False,0
0,ep_4dbe04be0377398e4794,188,15,0.2293729372937293,0.0140007320644216,300000000,1.0,0.3213696369636963,0.0161511713030746,0.0244784040995607,1,False,0
0,ep_4dbe04be0377398e4794,189,15,0.2306105610561056,0.0140464860907759,300000000,1.0,0.3366336633663366,0.0155563689604685,0.0244784040995607,1,False,0
0,ep_4dbe04be0377398e4794,190,15,0.2264851485148515,0.0143210102489019,300000000,1.0,0.3221947194719472,0.0158537701317715,0.0244784040995607,1,False,0
0,ep_4dbe04be0377398e4794,191,15,0.297029702970297,0.0148700585651537,300000000,1.0,0.3250825082508251,0.0159910322108345,0.0244784040995607,1,False,0
0,ep_4dbe04be0377398e4794,192,16,0.2999174917491749,0.0148014275256222,300000000,1.0,0.3180693069306931,0.0156936310395314,0.0244784040995607,1,False,0
0,ep_4dbe04be0377398e4794,193,16,0.2962046204620462,0.0148929355783308,300000000,1.0,0.3221947194719472,0.0161740483162518,0.0244784040995607,1,False,0
0,ep_4dbe04be0377398e4794,194,16,0.2924917491749175,0.014915812591508,300000000,1.0,0.3201320132013201,0.0160825402635431,0.0244784040995607,1,False,0
0,ep_4dbe04be0377398e4794,195,16,0.2986798679867987,0.014915812591508,300000000,1.0,0.3259075907590759,0.0161740483162518,0.0244784040995607,1,False,0
0,ep_4dbe04be0377398e4794,196,16,0.3023927392739274,0.0149844436310395,300000000,1.0,0.3242574257425742,0.0159452781844802,0.0244784040995607,1,False,0
0,ep_4dbe04be0377398e4794,197,16,0.2990924092409241,0.0149615666178623,300000000,1.0,0.3267326732673267,0.0159452781844802,0.0244784040995607,1,False,0
0,ep_4dbe04be0377398e4794,198,16,0.2219471947194719,0.0140693631039531,300000000,1.0,0.3395214521452145,0.0159910322108345,0.0244784040995607,1,False,0
0,ep_4dbe04be0377398e4794,199,16,0.3028052805280528,0.0149615666178623,300000000,1.0,0.3259075907590759,0.0163570644216691,0.0244784040995607,1,False,0
0,ep_4dbe04be0377398e4794,200,16,0.3011551155115511,0.0150073206442166,300000000,1.0,0.3267326732673267,0.0161054172767203,0.0244784040995607,1,False,0
0,ep_4dbe04be0377398e4794,201,16,0.3007425742574257,0.0150301976573938,300000000,1.0,0.3259075907590759,0.0157622620790629,0.0244784040995607,1,False,0
0,ep_4dbe04be0377398e4794,202,16,0.3081683168316831,0.0149386896046852,300000000,1.0,0.3304455445544554,0.0158308931185944,0.0244784040995607,1,False,0
0,ep_4dbe04be0377398e4794,203,16,0.3081683168316831,0.0150301976573938,300000000,1.0,0.3362211221122112,0.0162655563689604,0.0244784040995607,1,False,0
0,ep_4dbe04be0377398e4794,204,17,0.3032178217821782,0.015053074670571,300000000,1.0,0.3308580858085808,0.0162198023426061,0.0244784040995607,1,False,0
0,ep_4dbe04be0377398e4794,205,17,0.3032178217821782,0.0149844436310395,300000000,1.0,0.3395214521452145,0.0159681551976573,0.0244784040995607,1,False,0
0,ep_4dbe04be0377398e4794,206,17,0.2916666666666667,0.0149615666178623,300000000,1.0,0.3263201320132013,0.0157851390922401,0.0244784040995607,1,False,0
0,ep_4dbe04be0377398e4794,207,17,0.2821782178217821,0.0148471815519765,300000000,1.0,0.323019801980198,0.0159452781844802,0.0244784040995607,1,False,0
0,ep_4dbe04be0377398e4794,208,17,0.2941419141914191,0.0148929355783308,300000000,1.0,0.3267326732673267,0.0158995241581259,0.0244784040995607,1,False,0
0,ep_4dbe04be0377398e4794,209,17,0.2186468646864686,0.0140693631039531,300000000,1.0,0.3304455445544554,0.0160139092240117,0.0244784040995607,1,False,0
0,ep_4dbe04be0377398e4794,210,17,0.2953795379537954,0.0148929355783308,300000000,1.0,0.3221947194719472,0.0157165080527086,0.0244784040995607,1,False,0
0,ep_4dbe04be0377398e4794,211,17,0.2982673267326732,0.0149386896046852,300000000,1.0,0.3271452145214521,0.0160367862371888,0.0244784040995607,1,False,0
0,ep_4dbe04be0377398e4794,212,17,0.2990924092409241,0.0148471815519765,300000000,1.0,0.3221947194719472,0.0156478770131771,0.0244784040995607,1,False,0
0,ep_4dbe04be0377398e4794,213,17,0.2603135313531353,0.0145040263543191,300000000,1.0,0.3217821782178218,0.015625,0.0244784040995607,1,False,0
0,ep_4dbe04be0377398e4794,214,17,0.1823432343234323,0.0136804538799414,300000000,1.0,0.3238448844884488,0.015922401171303,0.0244784040995607,1,False,0
0,ep_4dbe04be0377398e4794,215,17,0.297029702970297,0.0150073206442166,300000000,1.0,0.3201320132013201,0.0159681551976573,0.0244784040995607,1,False,0
0,ep_4dbe04be0377398e4794,216,18,0.2145214521452145,0.0140007320644216,300000000,1.0,0.320957095709571,0.0164714494875549,0.0244784040995607,1,False,0
0,ep_4dbe04be0377398e4794,217,18,0.2776402640264026,0.0149386896046852,300000000,1.0,0.3267326732673267,0.0156936310395314,0.0244784040995607,1,False,0
0,ep_4dbe04be0377398e4794,218,18,0.2116336633663366,0.013909224011713,300000000,1.0,0.3267326732673267,0.015625,0.0244784040995607,1,False,0
0,ep_4dbe04be0377398e4794,219,18,0.2962046204620462,0.0149615666178623,300000000,1.0,0.3259075907590759,0.0162426793557833,0.0244784040995607,1,False,0
0,ep_4dbe04be0377398e4794,220,18,0.3003300330033003,0.0149386896046852,300000000,1.0,0.3271452145214521,0.0158995241581259,0.0244784040995607,1,False,0
0,ep_4dbe04be0377398e4794,221,18,0.2933168316831683,0.0150301976573938,300000000,1.0,0.3292079207920792,0.0160139092240117,0.0244784040995607,1,False,0
0,ep_4dbe04be0377398e4794,222,18,0.2834158415841584,0.0147099194729136,300000000,1.0,0.3436468646864686,0.0162198023426061,0.0244784040995607,1,False,0
0,ep_4dbe04be0377398e4794,223,18,0.0672768106475349,0.011802576858362,177594412,0.5919813733333333,0.3271452145214521,0.0153962298682284,0.0244784040995607,3,False,0
0,ep_4eba5106e437fa81d3cb,115,9,0.2268976897689769,0.0185075036603221,277000000,0.9233333333333332,0.4063531353135313,0.0212298682284041,0.0345442898975109,1,False,0
0,ep_4eba5106e437fa81d3cb,116,9,0.28506600660066,0.0209095900439238,300000000,1.0,0.4084158415841584,0.0216416544655929,0.0345442898975109,1,False,0
0,ep_4eba5106e437fa81d3cb,117,9,0.2912541254125412,0.0215501464128843,300000000,1.0,0.4203795379537954,0.0218933016105417,0.0345442898975109,1,False,0
0,ep_4eba5106e437fa81d3cb,118,9,0.2933168316831683,0.0217560395314787,300000000,1.0,0.4166666666666667,0.0222135797950219,0.0345442898975109,1,False,0
0,ep_4eba5106e437fa81d3cb,119,9,0.2962046204620462,0.0220305636896046,300000000,1.0,0.4146039603960396,0.022373718887262,0.0345442898975109,1,False,0
0,ep_4eba5106e437fa81d3cb,120,10,0.3003300330033003,0.0221449487554904,300000000,1.0,0.4129537953795379,0.022510980966325,0.0345442898975109,1,False,0
0,ep_4eba5106e437fa81d3cb,121,10,0.2974422442244224,0.0222364568081991,300000000,1.0,0.4158415841584158,0.0226024890190336,0.0345442898975109,1,False,0
0,ep_4eba5106e437fa81d3cb,122,10,0.3015676567656766,0.0223050878477306,300000000,1.0,0.4047029702970297,0.0225796120058565,0.0345442898975109,1,False,0
0,ep_4eba5106e437fa81d3cb,123,10,0.2957920792079208,0.0223508418740849,300000000,1.0,0.4104785478547855,0.0227626281112737,0.0345442898975109,1,False,0
0,ep_4eba5106e437fa81d3cb,124,10,0.2916666666666667,0.0224881039531478,300000000,1.0,0.4125412541254125,0.0227626281112737,0.0345442898975109,1,False,0
0,ep_4eba5106e437fa81d3cb,125,10,0.2916666666666667,0.0226253660322108,300000000,1.0,0.4183168316831683,0.0229227672035139,0.0345442898975109,1,False,0
0,ep_4eba5106e437fa81d3cb,126,10,0.2883663366336633,0.0228312591508052,300000000,1.0,0.4199669966996699,0.0231515373352855,0.0345442898975109,1,False,0
0,ep_4eba5106e437fa81d3cb,127,10,0.2995049504950495,0.0228083821376281,300000000,1.0,0.4137788778877888,0.0231972913616398,0.0345442898975109,1,False,0
0,ep_4eba5106e437fa81d3cb,128,10,0.2966171617161716,0.0227855051244509,300000000,1.0,0.4141914191419142,0.0230600292825768,0.0345442898975109,1,False,0
0,ep_4eba5106e437fa81d3cb,129,10,0.271039603960396,0.0221449487554904,300000000,1.0,0.4047029702970297,0.0225567349926793,0.0345442898975109,1,False,0
0,ep_4eba5106e437fa81d3cb,130,10,0.2724518649105119,0.0210851663521286,102593492,0.3419783066666667,0.4051155115511551,0.0224423499267935,0.0345442898975109,3,False,0
0,ep_5b110457b2232a6309e0,0,0,0.1111798679867986,0.1024890190336749,300000000,1.0,0.1703795379537953,0.1034040995607613,0.1248169838945827,1,False,0
0,ep_5b110457b2232a6309e0,1,0,0.1054042904290429,0.1023060029282576,300000000,1.0,0.1487211221122112,0.1034040995607613,0.1248169838945827,1,False,0
0,ep_5b110457b2232a6309e0,2,0,0.1196369636963696,0.1028550512445095,300000000,1.0,0.1769801980198019,0.1035871156661786,0.1248169838945827,1,False,0
0,ep_5b110457b2232a6309e0,3,0,0.1142739273927392,0.1026720351390922,300000000,1.0,0.1916254125412541,0.1037701317715959,0.1248169838945827,1,False,0
0,ep_5b110457b2232a6309e0,4,0,0.1021039603960396,0.1019399707174231,300000000,1.0,0.1561468646864686,0.1023060029282576,0.1248169838945827,1,False,0
0,ep_5b110457b2232a6309e0,5,0,0.1208745874587458,0.1023060029282576,300000000,1.0,0.1759488448844884,0.1030380673499267,0.1248169838945827,1,False,0
0,ep_5b110457b2232a6309e0,6,0,0.1324257425742574,0.1026720351390922,300000000,1.0,0.1726485148514851,0.1035871156661786,0.1248169838945827,1,False,0
0,ep_5b110457b2232a6309e0,7,0,0.1231435643564356,0.1024890190336749,300000000,1.0,0.1738861386138613,0.1035871156661786,0.1248169838945827,1,False,0
0,ep_5b110457b2232a6309e0,8,0,0.1082920792079207,0.1028550512445095,300000000,1.0,0.1544966996699669,0.1035871156661786,0.1248169838945827,1,False,0
0,ep_5b110457b2232a6309e0,9,0,0.1037541254125412,0.1026720351390922,300000000,1.0,0.196575907590759,0.1037701317715959,0.1248169838945827,1,False,0
0,ep_5b110457b2232a6309e0,10,0,0.1004537953795379,0.1026720351390922,300000000,1.0,0.1456270627062706,0.1035871156661786,0.1248169838945827,1,False,0
0,ep_5b110457b2232a6309e0,11,0,0.0965346534653465,0.1021229868228404,300000000,1.0,0.1555280528052805,0.1035871156661786,0.1248169838945827,1,False,0
0,ep_5b110457b2232a6309e0,12,1,0.1169554455445544,0.1028550512445095,300000000,1.0,0.1771864686468647,0.1035871156661786,0.1248169838945827,1,False,0
0,ep_5b110457b2232a6309e0,13,1,0.1087046204620462,0.1030380673499267,300000000,1.0,0.1610973597359736,0.1037701317715959,0.1248169838945827,1,False,0
0,ep_5b110457b2232a6309e0,14,1,0.1054042904290429,0.1028550512445095,300000000,1.0,0.1623349834983498,0.1037701317715959,0.1248169838945827,1,False,0
0,ep_5b110457b2232a6309e0,15,1,0.0996287128712871,0.1024890190336749,300000000,1.0,0.1423267326732673,0.1037701317715959,0.1248169838945827,1,False,0
0,ep_5b110457b2232a6309e0,16,1,0.0981848184818481,0.1024890190336749,300000000,1.0,0.1514026402640264,0.1035871156661786,0.1248169838945827,1,False,0
0,ep_5b110457b2232a6309e0,17,1,0.0995255775577557,0.1026720351390922,300000000,1.0,0.1287128712871287,0.1035871156661786,0.1248169838945827,1,False,0
0,ep_5b110457b2232a6309e0,18,1,0.0989067656765676,0.1021229868228404,300000000,1.0,0.1924504950495049,0.1037701317715959,0.1248169838945827,1,False,0
0,ep_5b110457b2232a6309e0,19,1,0.1054042904290429,0.1030380673499267,300000000,1.0,0.1604785478547855,0.1037701317715959,0.1248169838945827,1,False,0
0,ep_5b110457b2232a6309e0,20,1,0.1107673267326732,0.1030380673499267,300000000,1.0,0.1683168316831683,0.1037701317715959,0.1248169838945827,1,False,0
0,ep_5b110457b2232a6309e0,21,1,0.1109735973597359,0.1024890190336749,300000000,1.0,0.168523102310231,0.1037701317715959,0.1248169838945827,1,False,0
0,ep_5b110457b2232a6309e0,22,1,0.1124174917491749,0.1026720351390922,300000000,1.0,0.1730610561056105,0.1035871156661786,0.1248169838945827,1,False,0
0,ep_5b110457b2232a6309e0,23,1,0.1056105610561056,0.1028550512445095,300000000,1.0,0.1437706270627062,0.1037701317715959,0.1248169838945827,1,False,0
0,ep_5b110457b2232a6309e0,24,2,0.106023102310231,0.1023060029282576,300000000,1.0,0.1633663366336633,0.1037701317715959,0.1248169838945827,1,False,0
0,ep_5b110457b2232a6309e0,25,2,0.1054042904290429,0.1028550512445095,300000000,1.0,0.1528465346534653,0.1037701317715959,0.1248169838945827,1,False,0
0,ep_5b110457b2232a6309e0,26,2,0.0987004950495049,0.1024890190336749,300000000,1.0,0.1398514851485148,0.1035871156661786,0.1248169838945827,1,False,0
0,ep_5b110457b2232a6309e0,27,2,0.0962252475247524,0.1028550512445095,300000000,1.0,0.1441831683168316,0.1037701317715959,0.1248169838945827,1,False,0
0,ep_5b110457b2232a6309e0,28,2,0.1033415841584158,0.1024890190336749,300000000,1.0,0.1419141914191419,0.1035871156661786,0.1248169838945827,1,False,0
0,ep_5b110457b2232a6309e0,29,2,0.1044760726072607,0.1026720351390922,300000000,1.0,0.1553217821782178,0.1037701317715959,0.1248169838945827,1,False,0
0,ep_5b110457b2232a6309e0,30,2,0.102825907590759,0.1024890190336749,300000000,1.0,0.1445957095709571,0.1035871156661786,0.1248169838945827,1,False,0
0,ep_5b110457b2232a6309e0,31,2,0.1011757425742574,0.1024890190336749,300000000,1.0,0.1448019801980198,0.1035871156661786,0.1248169838945827,1,False,0
0,ep_5b110457b2232a6309e0,32,2,0.1078795379537953,0.1028550512445095,300000000,1.0,0.1452145214521452,0.1035871156661786,0.1248169838945827,1,False,0
0,ep_5b110457b2232a6309e0,33,2,0.111592409240924,0.1028550512445095,300000000,1.0,0.1598597359735973,0.1037701317715959,0.1248169838945827,1,False,0
0,ep_5b110457b2232a6309e0,34,2,0.1128300330033003,0.1026720351390922,300000000,1.0,0.1629537953795379,0.1037701317715959,0.1248169838945827,1,False,0
0,ep_5b110457b2232a6309e0,35,2,0.1136551155115511,0.1028550512445095,300000000,1.0,0.1639851485148515,0.1037701317715959,0.1248169838945827,1,False,0
0,ep_5b110457b2232a6309e0,36,3,0.1074669966996699,0.1023060029282576,300000000,1.0,0.1903877887788778,0.1037701317715959,0.1248169838945827,1,False,0
0,ep_5b110457b2232a6309e0,37,3,0.1117986798679868,0.1028550512445095,300000000,1.0,0.1631600660066006,0.1037701317715959,0.1248169838945827,1,False,0
0,ep_5b110457b2232a6309e0,38,3,0.1134488448844884,0.1028550512445095,300000000,1.0,0.1526402640264026,0.1037701317715959,0.1248169838945827,1,False,0
0,ep_5b110457b2232a6309e0,39,3,0.1157178217821782,0.1030380673499267,300000000,1.0,0.1662541254125412,0.1037701317715959,0.1248169838945827,1,False,0
0,ep_5b110457b2232a6309e0,40,3,0.1107673267326732,0.1024890190336749,300000000,1.0,0.1555280528052805,0.1037701317715959,0.1248169838945827,1,False,0
0,ep_5b110457b2232a6309e0,41,3,0.1113861386138613,0.1026720351390922,300000000,1.0,0.172029702970297,0.1037701317715959,0.1248169838945827,1,False,0
0,ep_5b110457b2232a6309e0,42,3,0.1066419141914191,0.1026720351390922,300000000,1.0,0.1606848184818481,0.1037701317715959,0.1248169838945827,1,False,0
0,ep_5b110457b2232a6309e0,43,3,0.1140676567656765,0.1028550512445095,300000000,1.0,0.1709983498349835,0.1037701317715959,0.1248169838945827,1,False,0
0,ep_5b110457b2232a6309e0,44,3,0.0977722772277227,0.1021229868228404,300000000,1.0,0.1501650165016501,0.1034040995607613,0.1248169838945827,1,False,0
0,ep_5b110457b2232a6309e0,45,3,0.1132425742574257,0.103221083455344,300000000,1.0,0.1668729372937293,0.1037701317715959,0.1248169838945827,1,False,0
0,ep_5b110457b2232a6309e0,46,3,0.1140676567656765,0.1026720351390922,300000000,1.0,0.1505775577557755,0.1035871156661786,0.1248169838945827,1,False,0
0,ep_5b110457b2232a6309e0,47,3,0.1099422442244224,0.1026720351390922,300000000,1.0,0.161509900990099,0.1037701317715959,0.1248169838945827,1,False,0
0,ep_5b110457b2232a6309e0,48,4,0.1212871287128712,0.1030380673499267,300000000,1.0,0.1773927392739274,0.1037701317715959,0.1248169838945827,1,False,0
0,ep_5b110457b2232a6309e0,49,4,0.1138613861386138,0.1028550512445095,300000000,1.0,0.1788366336633663,0.1037701317715959,0.1248169838945827,1,False,0
0,ep_5b110457b2232a6309e0,50,4,0.1293316831683168,0.1030380673499267,300000000,1.0,0.1877062706270627,0.1035871156661786,0.1248169838945827,1,False,0
0,ep_5b110457b2232a6309e0,51,4,0.1196369636963696,0.1024890190336749,300000000,1.0,0.1848184818481848,0.1037701317715959,0.1248169838945827,1,False,0
0,ep_5b110457b2232a6309e0,52,4,0.130569306930693,0.1024890190336749,300000000,1.0,0.1775990099009901,0.1035871156661786,0.1248169838945827,1,False,0
0,ep_5b110457b2232a6309e0,53,4,0.1264438943894389,0.1028550512445095,300000000,1.0,0.1938943894389438,0.1035871156661786,0.1248169838945827,1,False,0
0,ep_5b110457b2232a6309e0,54,4,0.1361386138613861,0.1030380673499267,300000000,1.0,0.208539603960396,0.1037701317715959,0.1248169838945827,1,False,0
0,ep_5b110457b2232a6309e0,55,4,0.1233498349834983,0.1028550512445095,300000000,1.0,0.2068894389438944,0.1037701317715959,0.1248169838945827,1,False,0
0,ep_5b110457b2232a6309e0,56,4,0.1293316831683168,0.1028550512445095,300000000,1.0,0.1817244224422442,0.1043191800878477,0.1248169838945827,1,False,0
0,ep_5b110457b2232a6309e0,57,4,0.1336633663366336,0.1030380673499267,300000000,1.0,0.1819306930693069,0.1037701317715959,0.1248169838945827,1,False,0
0,ep_5b110457b2232a6309e0,58,4,0.1334570957095709,0.1026720351390922,300000000,1.0,0.2145214521452145,0.1035871156661786,0.1248169838945827,1,False,0
0,ep_5b110457b2232a6309e0,59,4,0.1388201320132013,0.1030380673499267,300000000,1.0,0.1841996699669967,0.1037701317715959,0.1248169838945827,1,False,0
0,ep_5b110457b2232a6309e0,60,5,0.1171617161716171,0.1023060029282576,300000000,1.0,0.1858498349834983,0.1037701317715959,0.1248169838945827,1,False,0
0,ep_5b110457b2232a6309e0,61,5,0.1206683168316831,0.1028550512445095,300000000,1.0,0.175536303630363,0.1037701317715959,0.1248169838945827,1,False,0
0,ep_5b110457b2232a6309e0,62,5,0.1144801980198019,0.1026720351390922,300000000,1.0,0.1621287128712871,0.1035871156661786,0.1248169838945827,1,False,0
0,ep_5b110457b2232a6309e0,63,5,0.1167491749174917,0.1030380673499267,300000000,1.0,0.1590346534653465,0.1037701317715959,0.1248169838945827,1,False,0
0,ep_5b110457b2232a6309e0,64,5,0.1142739273927392,0.1026720351390922,300000000,1.0,0.1786303630363036,0.1035871156661786,0.1248169838945827,1,False,0
0,ep_5b110457b2232a6309e0,65,5,0.1064356435643564,0.1028550512445095,300000000,1.0,0.1464521452145214,0.1037701317715959,0.1248169838945827,1,False,0
0,ep_5b110457b2232a6309e0,66,5,0.1132425742574257,0.1030380673499267,300000000,1.0,0.1689356435643564,0.1037701317715959,0.1248169838945827,1,False,0
0,ep_5b110457b2232a6309e0,67,5,0.102516501650165,0.1026720351390922,300000000,1.0,0.1625412541254125,0.1037701317715959,0.1248169838945827,1,False,0
0,ep_5b110457b2232a6309e0,68,5,0.1066419141914191,0.1028550512445095,300000000,1.0,0.1718234323432343,0.1035871156661786,0.1248169838945827,1,False,0
0,ep_5b110457b2232a6309e0,69,5,0.1050948844884488,0.1028550512445095,300000000,1.0,0.1763613861386138,0.1037701317715959,0.1248169838945827,1,False,0
0,ep_5b110457b2232a6309e0,70,5,0.1150990099009901,0.1028550512445095,300000000,1.0,0.1742986798679868,0.1037701317715959,0.1248169838945827,1,False,0
0,ep_5b110457b2232a6309e0,71,5,0.1109735973597359,0.1026720351390922,300000000,1.0,0.2124587458745874,0.1037701317715959,0.1248169838945827,1,False,0
0,ep_5b110457b2232a6309e0,72,6,0.1274752475247524,0.1026720351390922,300000000,1.0,0.2031765676567656,0.1037701317715959,0.1248169838945827,1,False,0
0,ep_5b110457b2232a6309e0,73,6,0.113036303630363,0.1030380673499267,300000000,1.0,0.1670792079207921,0.1039531478770131,0.1248169838945827,1,False,0
0,ep_5b110457b2232a6309e0,74,6,0.1101485148514851,0.1028550512445095,300000000,1.0,0.1862623762376237,0.1035871156661786,0.1248169838945827,1,False,0
0,ep_5b110457b2232a6309e0,75,6,0.113036303630363,0.1028550512445095,300000000,1.0,0.1540841584158415,0.1037701317715959,0.1248169838945827,1,False,0
0,ep_5b110457b2232a6309e0,76,6,0.1173679867986798,0.1026720351390922,300000000,1.0,0.1835808580858085,0.1035871156661786,0.1248169838945827,1,False,0
0,ep_5b110457b2232a6309e0,77,6,0.1124174917491749,0.1026720351390922,300000000,1.0,0.1697607260726072,0.1037701317715959,0.1248169838945827,1,False,0
0,ep_5b110457b2232a6309e0,78,6,0.1183993399339934,0.1030380673499267,300000000,1.0,0.183993399339934,0.1037701317715959,0.1248169838945827,1,False,0
0,ep_5b110457b2232a6309e0,79,6,0.1153052805280528,0.1028550512445095,300000000,1.0,0.1932755775577557,0.1037701317715959,0.1248169838945827,1,False,0
0,ep_5b110457b2232a6309e0,80,6,0.1109735973597359,0.1028550512445095,300000000,1.0,0.1573844884488449,0.1037701317715959,0.1248169838945827,1,False,0
0,ep_5b110457b2232a6309e0,81,6,0.111592409240924,0.1026720351390922,300000000,1.0,0.1567656765676567,0.1037701317715959,0.1248169838945827,1,False,0
0,ep_5b110457b2232a6309e0,82,6,0.1138613861386138,0.1024890190336749,300000000,1.0,0.1487211221122112,0.1034040995607613,0.1248169838945827,1,False,0
0,ep_5b110457b2232a6309e0,83,6,0.1128300330033003,0.1030380673499267,300000000,1.0,0.1569719471947194,0.1035871156661786,0.1248169838945827,1,False,0
0,ep_5b110457b2232a6309e0,84,7,0.1109735973597359,0.1028550512445095,300000000,1.0,0.1596534653465346,0.1037701317715959,0.1248169838945827,1,False,0
0,ep_5b110457b2232a6309e0,85,7,0.1055074257425742,0.103221083455344,300000000,1.0,0.1493399339933993,0.1037701317715959,0.1248169838945827,1,False,0
0,ep_5b110457b2232a6309e0,86,7,0.1006600660066006,0.1028550512445095,300000000,1.0,0.149546204620462,0.1037701317715959,0.1248169838945827,1,False,0
0,ep_5b110457b2232a6309e0,87,7,0.1014851485148514,0.1028550512445095,300000000,1.0,0.1598597359735973,0.1035871156661786,0.1248169838945827,1,False,0
0,ep_5b110457b2232a6309e0,88,7,0.1089108910891089,0.1024890190336749,300000000,1.0,0.1703795379537953,0.1037701317715959,0.1248169838945827,1,False,0
0,ep_5b110457b2232a6309e0,89,7,0.1186056105610561,0.1028550512445095,300000000,1.0,0.1703795379537953,0.1037701317715959,0.1248169838945827,1,False,0
0,ep_5b110457b2232a6309e0,90,7,0.116542904290429,0.1024890190336749,300000000,1.0,0.1846122112211221,0.1037701317715959,0.1248169838945827,1,False,0
0,ep_5b110457b2232a6309e0,91,7,0.1283003300330033,0.103221083455344,300000000,1.0,0.1736798679867986,0.1037701317715959,0.1248169838945827,1,False,0
0,ep_5b110457b2232a6309e0,92,7,0.1336633663366336,0.1030380673499267,300000000,1.0,0.1969884488448844,0.1037701317715959,0.1248169838945827,1,False,0
0,ep_5b110457b2232a6309e0,93,7,0.1252062706270627,0.1028550512445095,300000000,1.0,0.2106023102310231,0.1037701317715959,0.1248169838945827,1,False,0
0,ep_5b110457b2232a6309e0,94,7,0.1192244224422442,0.1028550512445095,300000000,1.0,0.1695544554455445,0.1037701317715959,0.1248169838945827,1,False,0
0,ep_5b110457b2232a6309e0,95,7,0.1153052805280528,0.1026720351390922,300000000,1.0,0.1701732673267326,0.1037701317715959,0.1248169838945827,1,False,0
0,ep_5b110457b2232a6309e0,96,8,0.1181930693069306,0.1030380673499267,300000000,1.0,0.1938943894389438,0.1037701317715959,0.1248169838945827,1,False,0
0,ep_5b110457b2232a6309e0,97,8,0.1192244224422442,0.1030380673499267,300000000,1.0,0.1943069306930693,0.1037701317715959,0.1248169838945827,1,False,0
0,ep_5b110457b2232a6309e0,98,8,0.1231435643564356,0.1030380673499267,300000000,1.0,0.1967821782178218,0.1037701317715959,0.1248169838945827,1,False,0
0,ep_5b110457b2232a6309e0,99,8,0.1138613861386138,0.1026720351390922,300000000,1.0,0.1679042904290429,0.1037701317715959,0.1248169838945827,1,False,0
0,ep_5b110457b2232a6309e0,100,8,0.1148927392739273,0.1026720351390922,300000000,1.0,0.1732673267326732,0.1037701317715959,0.1248169838945827,1,False,0
0,ep_5b110457b2232a6309e0,101,8,0.1082920792079207,0.1030380673499267,300000000,1.0,0.1534653465346534,0.1035871156661786,0.1248169838945827,1,False,0
0,ep_5b110457b2232a6309e0,102,8,0.108085808580858,0.1023060029282576,300000000,1.0,0.1577970297029703,0.1037701317715959,0.1248169838945827,1,False,0
0,ep_5b110457b2232a6309e0,103,8,0.1177805280528052,0.103221083455344,300000000,1.0,0.1608910891089109,0.1037701317715959,0.1248169838945827,1,False,0
0,ep_5b110457b2232a6309e0,104,8,0.1239686468646864,0.1028550512445095,300000000,1.0,0.2042079207920792,0.1037701317715959,0.1248169838945827,1,False,0
0,ep_5b110457b2232a6309e0,105,8,0.1138613861386138,0.1028550512445095,300000000,1.0,0.186056105610561,0.1037701317715959,0.1248169838945827,1,False,0
0,ep_5b110457b2232a6309e0,106,8,0.1035478547854785,0.1024890190336749,300000000,1.0,0.168523102310231,0.1037701317715959,0.1248169838945827,1,False,0
0,ep_5b110457b2232a6309e0,107,8,0.1006600660066006,0.1030380673499267,300000000,1.0,0.1511963696369637,0.1035871156661786,0.1248169838945827,1,False,0
0,ep_5b110457b2232a6309e0,108,9,0.1074669966996699,0.1028550512445095,300000000,1.0,0.1610973597359736,0.1037701317715959,0.1248169838945827,1,False,0
0,ep_5b110457b2232a6309e0,109,9,0.1032384488448844,0.1030380673499267,300000000,1.0,0.1728547854785478,0.1037701317715959,0.1248169838945827,1,False,0
0,ep_5b110457b2232a6309e0,110,9,0.1050948844884488,0.1024890190336749,300000000,1.0,0.163572607260726,0.1034040995607613,0.1248169838945827,1,False,0
0,ep_5b110457b2232a6309e0,111,9,0.1049917491749174,0.103221083455344,300000000,1.0,0.1489273927392739,0.1037701317715959,0.1248169838945827,1,False,0
0,ep_5b110457b2232a6309e0,112,9,0.1049917491749174,0.1024890190336749,300000000,1.0,0.1489273927392739,0.1037701317715959,0.1248169838945827,1,False,0
0,ep_5b110457b2232a6309e0,113,9,0.1076732673267326,0.1030380673499267,300000000,1.0,0.1681105610561056,0.1035871156661786,0.1248169838945827,1,False,0
0,ep_5b110457b2232a6309e0,114,9,0.1000412541254125,0.1026720351390922,300000000,1.0,0.1747112211221122,0.1037701317715959,0.1248169838945827,1,False,0
0,ep_5b110457b2232a6309e0,115,9,0.0922029702970297,0.1023060029282576,300000000,1.0,0.1646039603960396,0.1034040995607613,0.1248169838945827,1,False,0
0,ep_5b110457b2232a6309e0,116,9,0.0931311881188118,0.1026720351390922,300000000,1.0,0.1648102310231023,0.1034040995607613,0.1248169838945827,1,False,0
0,ep_5b110457b2232a6309e0,117,9,0.1003506600660066,0.1034040995607613,300000000,1.0,0.1672854785478547,0.1037701317715959,0.1248169838945827,1,False,0
0,ep_5b110457b2232a6309e0,118,9,0.0968440594059406,0.1023060029282576,300000000,1.0,0.1547029702970297,0.1034040995607613,0.1248169838945827,1,False,0
0,ep_5b110457b2232a6309e0,119,9,0.0945750825082508,0.103221083455344,300000000,1.0,0.1443894389438944,0.1037701317715959,0.1248169838945827,1,False,0
0,ep_5b110457b2232a6309e0,120,10,0.0969471947194719,0.1026720351390922,300000000,1.0,0.1412953795379538,0.1037701317715959,0.1248169838945827,1,False,0
0,ep_5b110457b2232a6309e0,121,10,0.0966377887788778,0.1026720351390922,300000000,1.0,0.1691419141914191,0.1035871156661786,0.1248169838945827,1,False,0
0,ep_5b110457b2232a6309e0,122,10,0.0965346534653465,0.1026720351390922,300000000,1.0,0.1388201320132013,0.1035871156661786,0.1248169838945827,1,False,0
0,ep_5b110457b2232a6309e0,123,10,0.0950907590759076,0.1026720351390922,300000000,1.0,0.1829620462046204,0.1037701317715959,0.1248169838945827,1,False,0
0,ep_5b110457b2232a6309e0,124,10,0.0982879537953795,0.1026720351390922,300000000,1.0,0.1448019801980198,0.1035871156661786,0.1248169838945827,1,False,0
0,ep_5b110457b2232a6309e0,125,10,0.0969471947194719,0.1030380673499267,300000000,1.0,0.1557343234323432,0.1035871156661786,0.1248169838945827,1,False,0
0,ep_5b110457b2232a6309e0,126,10,0.1027227722772277,0.1026720351390922,300000000,1.0,0.180486798679868,0.1037701317715959,0.1248169838945827,1,False,0
0,ep_5b110457b2232a6309e0,127,10,0.0994224422442244,0.1028550512445095,300000000,1.0,0.1631600660066006,0.1035871156661786,0.1248169838945827,1,False,0
0,ep_5b110457b2232a6309e0,128,10,0.1037541254125412,0.1028550512445095,300000000,1.0,0.1536716171617161,0.1035871156661786,0.1248169838945827,1,False,0
0,ep_5b110457b2232a6309e0,129,10,0.0831270627062706,0.1021229868228404,300000000,1.0,0.1417079207920792,0.1035871156661786,0.1248169838945827,1,False,0
0,ep_5b110457b2232a6309e0,130,10,0.0924092409240924,0.1023060029282576,300000000,1.0,0.1247937293729373,0.103221083455344,0.1248169838945827,1,False,0
0,ep_5b110457b2232a6309e0,131,10,0.095812706270627,0.1028550512445095,300000000,1.0,0.1361386138613861,0.1034040995607613,0.1248169838945827,1,False,0
0,ep_5b110457b2232a6309e0,132,11,0.0934405940594059,0.1026720351390922,300000000,1.0,0.1524339933993399,0.1034040995607613,0.1248169838945827,1,False,0
0,ep_5b110457b2232a6309e0,133,11,0.0960189768976897,0.1030380673499267,300000000,1.0,0.1514026402640264,0.1035871156661786,0.1248169838945827,1,False,0
0,ep_5b110457b2232a6309e0,134,11,0.0952970297029703,0.1026720351390922,300000000,1.0,0.1367574257425742,0.1035871156661786,0.1248169838945827,1,False,0
0,ep_5b110457b2232a6309e0,135,11,0.0932343234323432,0.1026720351390922,300000000,1.0,0.1318069306930693,0.1035871156661786,0.1248169838945827,1,False,0
0,ep_5b110457b2232a6309e0,136,11,0.0880775577557755,0.1024890190336749,300000000,1.0,0.1353135313531353,0.1034040995607613,0.1248169838945827,1,False,0
0,ep_5b110457b2232a6309e0,137,11,0.0924092409240924,0.1026720351390922,300000000,1.0,0.1408828382838284,0.1034040995607613,0.1248169838945827,1,False,0
0,ep_5b110457b2232a6309e0,138,11,0.0777640264026402,0.1021229868228404,300000000,1.0,0.1188118811881188,0.1034040995607613,0.1248169838945827,1,False,0
0,ep_5b110457b2232a6309e0,139,11,0.0911716171617161,0.1028550512445095,300000000,1.0,0.1421204620462046,0.1034040995607613,0.1248169838945827,1,False,0
0,ep_5b110457b2232a6309e0,140,11,0.0965346534653465,0.1026720351390922,300000000,1.0,0.1423267326732673,0.1034040995607613,0.1248169838945827,1,False,0
0,ep_5b110457b2232a6309e0,141,11,0.1062293729372937,0.1028550512445095,300000000,1.0,0.1893564356435643,0.1037701317715959,0.1248169838945827,1,False,0
0,ep_5b110457b2232a6309e0,142,11,0.1150990099009901,0.1030380673499267,300000000,1.0,0.1672854785478547,0.1037701317715959,0.1248169838945827,1,False,0
0,ep_5b110457b2232a6309e0,143,11,0.1144801980198019,0.1028550512445095,300000000,1.0,0.1759488448844884,0.1037701317715959,0.1248169838945827,1,False,0
0,ep_5b110457b2232a6309e0,144,12,0.120049504950495,0.1026720351390922,300000000,1.0,0.1722359735973597,0.1034040995607613,0.1248169838945827,1,False,0
0,ep_5b110457b2232a6309e0,145,12,0.1194306930693069,0.103221083455344,300000000,1.0,0.1761551155115511,0.1037701317715959,0.1248169838945827,1,False,0
0,ep_5b110457b2232a6309e0,146,12,0.0926155115511551,0.1021229868228404,300000000,1.0,0.161509900990099,0.1034040995607613,0.1248169838945827,1,False,0
0,ep_5b110457b2232a6309e0,147,12,0.1062293729372937,0.1024890190336749,300000000,1.0,0.1639851485148515,0.1035871156661786,0.1248169838945827,1,False,0
0,ep_5b110457b2232a6309e0,148,12,0.1024133663366336,0.1021229868228404,300000000,1.0,0.153052805280528,0.1030380673499267,0.1248169838945827,1,False,0
0,ep_5b110457b2232a6309e0,149,12,0.0994224422442244,0.1023060029282576,300000000,1.0,0.1588283828382838,0.103221083455344,0.1248169838945827,1,False,0
0,ep_5b110457b2232a6309e0,150,12,0.106023102310231,0.1024890190336749,300000000,1.0,0.1555280528052805,0.103221083455344,0.1248169838945827,1,False,0
0,ep_5b110457b2232a6309e0,151,12,0.1056105610561056,0.1030380673499267,300000000,1.0,0.1582095709570957,0.1035871156661786,0.1248169838945827,1,False,0
0,ep_5b110457b2232a6309e0,152,12,0.1037541254125412,0.1028550512445095,300000000,1.0,0.14253300330033,0.1035871156661786,0.1248169838945827,1,False,0
0,ep_5b110457b2232a6309e0,153,12,0.1044760726072607,0.1026720351390922,300000000,1.0,0.1652227722772277,0.1035871156661786,0.1248169838945827,1,False,0
0,ep_5b110457b2232a6309e0,154,12,0.1107673267326732,0.1030380673499267,300000000,1.0,0.1577970297029703,0.1035871156661786,0.1248169838945827,1,False,0
0,ep_5b110457b2232a6309e0,155,12,0.1091171617161716,0.1024890190336749,300000000,1.0,0.1633663366336633,0.1035871156661786,0.1248169838945827,1,False,0
0,ep_5b110457b2232a6309e0,156,13,0.0971534653465346,0.1024890190336749,300000000,1.0,0.1584158415841584,0.1035871156661786,0.1248169838945827,1,False,0
0,ep_5b110457b2232a6309e0,157,13,0.095812706270627,0.1024890190336749,300000000,1.0,0.1524339933993399,0.1034040995607613,0.1248169838945827,1,False,0
0,ep_5b110457b2232a6309e0,158,13,0.1157178217821782,0.1026720351390922,300000000,1.0,0.1664603960396039,0.1034040995607613,0.1248169838945827,1,False,0
0,ep_5b110457b2232a6309e0,159,13,0.1058168316831683,0.1023060029282576,300000000,1.0,0.1926567656765676,0.1035871156661786,0.1248169838945827,1,False,0
0,ep_5b110457b2232a6309e0,160,13,0.0995255775577557,0.1030380673499267,300000000,1.0,0.179042904290429,0.1035871156661786,0.1248169838945827,1,False,0
0,ep_5b110457b2232a6309e0,161,13,0.1056105610561056,0.1026720351390922,300000000,1.0,0.1959570957095709,0.1035871156661786,0.1248169838945827,1,False,0
0,ep_5b110457b2232a6309e0,162,13,0.100763201320132,0.1028550512445095,300000000,1.0,0.1553217821782178,0.1035871156661786,0.1248169838945827,1,False,0
0,ep_5b110457b2232a6309e0,163,13,0.1058168316831683,0.1026720351390922,300000000,1.0,0.1928630363036303,0.1034040995607613,0.1248169838945827,1,False,0
0,ep_5b110457b2232a6309e0,164,13,0.1043729372937293,0.1026720351390922,300000000,1.0,0.1613036303630363,0.1035871156661786,0.1248169838945827,1,False,0
0,ep_5b110457b2232a6309e0,165,13,0.1041666666666666,0.1028550512445095,300000000,1.0,0.1918316831683168,0.1037701317715959,0.1248169838945827,1,False,0
0,ep_5b110457b2232a6309e0,166,13,0.1089108910891089,0.103221083455344,300000000,1.0,0.1806930693069307,0.1037701317715959,0.1248169838945827,1,False,0
0,ep_5b110457b2232a6309e0,167,13,0.1111798679867986,0.1026720351390922,300000000,1.0,0.1971947194719472,0.1037701317715959,0.1248169838945827,1,False,0
0,ep_5b110457b2232a6309e0,168,14,0.1155115511551155,0.1030380673499267,300000000,1.0,0.1784240924092409,0.1037701317715959,0.1248169838945827,1,False,0
0,ep_5b110457b2232a6309e0,169,14,0.1072607260726072,0.1026720351390922,300000000,1.0,0.1532590759075907,0.1035871156661786,0.1248169838945827,1,False,0
0,ep_5b110457b2232a6309e0,170,14,0.1013820132013201,0.1023060029282576,300000000,1.0,0.1516089108910891,0.1034040995607613,0.1248169838945827,1,False,0
0,ep_5b110457b2232a6309e0,171,14,0.1033415841584158,0.1026720351390922,300000000,1.0,0.201526402640264,0.1035871156661786,0.1248169838945827,1,False,0
0,ep_5b110457b2232a6309e0,172,14,0.1078795379537953,0.103221083455344,300000000,1.0,0.1540841584158415,0.1037701317715959,0.1248169838945827,1,False,0
0,ep_5b110457b2232a6309e0,173,14,0.106023102310231,0.1028550512445095,300000000,1.0,0.1679042904290429,0.1037701317715959,0.1248169838945827,1,False,0
0,ep_5b110457b2232a6309e0,174,14,0.1056105610561056,0.1030380673499267,300000000,1.0,0.1806930693069307,0.1037701317715959,0.1248169838945827,1,False,0
0,ep_5b110457b2232a6309e0,175,14,0.099319306930693,0.1026720351390922,300000000,1.0,0.1433580858085808,0.1037701317715959,0.1248169838945827,1,False,0
0,ep_5b110457b2232a6309e0,176,14,0.0974628712871287,0.1021229868228404,300000000,1.0,0.1709983498349835,0.1028550512445095,0.1248169838945827,1,False,0
0,ep_5d6a776897346bfa7605,23,1,0.0106487211221122,0.0061310395314787,32000000,0.1066666666666666,0.0568275577557755,0.0095969070278184,0.4443631039531479,1,False,0
0,ep_5d6a776897346bfa7605,24,2,0.1132425742574257,0.0523426061493411,300000000,1.0,0.1415016501650165,0.106515373352855,0.4443631039531479,1,False,0
0,ep_5d6a776897346bfa7605,25,2,0.0446575907590759,0.149524158125915,300000000,1.0,0.1382013201320132,0.1553806734992679,0.4443631039531479,1,False,0
0,ep_5d6a776897346bfa7605,26,2,0.0007493425123762,0.1537335285505124,300000000,1.0,0.0029264645214521,0.1544655929721815,0.4443631039531479,1,False,0
0,ep_5d6a776897346bfa7605,27,2,0.0005624097566006,0.1520863836017569,300000000,1.0,0.0024526866749174,0.1520863836017569,0.4443631039531479,1,False,0
0,ep_5d6a776897346bfa7605,28,2,0.0004689433787128,0.1482430453879941,300000000,1.0,0.0017210705445544,0.1520863836017569,0.4443631039531479,1,False,0
0,ep_5d6a776897346bfa7605,29,2,0.0004979501856435,0.1458638360175695,300000000,1.0,0.0020046926567656,0.1458638360175695,0.4443631039531479,1,False,0
0,ep_5d6a776897346bfa7605,30,2,0.0004879106074669,0.1458638360175695,300000000,1.0,0.001708178630363,0.1458638360175695,0.4443631039531479,2,False,0
0,ep_5d6a776897346bfa7605,31,2,0.0004770008250825,0.1458638360175695,300000000,1.0,0.0019144492574257,0.1458638360175695,0.4443631039531479,1,False,0
0,ep_5d6a776897346bfa7605,32,2,0.0098623143564356,0.1460468521229868,300000000,1.0,0.0164500825082508,0.1460468521229868,0.4443631039531479,1,False,0
0,ep_5d6a776897346bfa7605,33,2,0.0070518770627062,0.1434846266471449,300000000,1.0,0.0164242986798679,0.1471449487554904,0.4443631039531479,1,False,0
0,ep_5d6a776897346bfa7605,34,2,0.0005011731641914,0.1352489019033675,300000000,1.0,0.0027137479372937,0.1352489019033675,0.4443631039531479,1,False,0
0,ep_5d6a776897346bfa7605,35,2,0.0017565233085808,0.1352489019033675,300000000,1.0,0.0167079207920792,0.1352489019033675,0.4443631039531479,1,False,0
0,ep_5d6a776897346bfa7605,36,3,0.0118218853135313,0.1352489019033675,300000000,1.0,0.0168110561056105,0.1352489019033675,0.4443631039531479,1,False,0
0,ep_5d6a776897346bfa7605,37,3,0.0040480610561056,0.140922401171303,300000000,1.0,0.0160375412541254,0.1412884333821376,0.4443631039531479,1,False,0
0,ep_5d6a776897346bfa7605,38,3,0.0003738655115511,0.1411054172767203,300000000,1.0,0.0021916254125412,0.1412884333821376,0.4443631039531479,1,False,0
0,ep_5d6a776897346bfa7605,39,3,0.0003593621080858,0.1411054172767203,300000000,1.0,0.002062706270627,0.1412884333821376,0.4443631039531479,1,False,0
0,ep_5d6a776897346bfa7605,40,3,0.0006107544348184,0.1411054172767203,300000000,1.0,0.0128016707920792,0.1412884333821376,0.4443631039531479,1,False,0
0,ep_5d6a776897346bfa7605,41,3,0.0059496183993399,0.1412884333821376,300000000,1.0,0.0406353135313531,0.1412884333821376,0.4443631039531479,1,False,0
0,ep_5d6a776897346bfa7605,42,3,0.0003222978547854,0.1412884333821376,300000000,1.0,0.0012988603547854,0.1412884333821376,0.4443631039531479,1,False,0
0,ep_5d6a776897346bfa7605,43,3,0.0002965140264026,0.1411054172767203,300000000,1.0,0.0014551748143564,0.1412884333821376,0.4443631039531479,1,False,0
0,ep_5d6a776897346bfa7605,44,3,0.000286845090759,0.140922401171303,48174114,0.16058038,0.0013455935437293,0.1411054172767203,0.4443631039531479,1,False,0
0,ep_7c70f7c28f519324b5b1,0,0,0.1124174917491749,0.0245699121522694,300000000,1.0,0.1412953795379538,0.0250274524158125,0.0530746705710102,1,False,0
0,ep_7c70f7c28f519324b5b1,1,0,0.1076732673267326,0.0242953879941434,300000000,1.0,0.1427392739273927,0.0247986822840409,0.0530746705710102,1,False,0
0,ep_7c70f7c28f519324b5b1,2,0,0.0988036303630363,0.0253934846266471,300000000,1.0,0.1491336633663366,0.0261255490483162,0.0530746705710102,1,False,0
0,ep_7c70f7c28f519324b5b1,3,0,0.1004537953795379,0.0265373352855051,300000000,1.0,0.1445957095709571,0.0270406295754026,0.0530746705710102,1,False,0
0,ep_7c70f7c28f519324b5b1,4,0,0.1124174917491749,0.0259882869692532,300000000,1.0,0.1328382838283828,0.0269033674963396,0.0530746705710102,1,False,0
0,ep_7c70f7c28f519324b5b1,5,0,0.1229372937293729,0.0256222547584187,300000000,1.0,0.1592409240924092,0.0263543191800878,0.0530746705710102,1,False,0
0,ep_7c70f7c28f519324b5b1,6,0,0.0903465346534653,0.0256222547584187,300000000,1.0,0.1377887788778878,0.0258967789165446,0.0530746705710102,1,False,0
0,ep_7c70f7c28f519324b5b1,7,0,0.1136551155115511,0.0274066617862371,300000000,1.0,0.1412953795379538,0.0290080527086383,0.0530746705710102,1,False,0
0,ep_7c70f7c28f519324b5b1,8,0,0.1192244224422442,0.0288707906295754,300000000,1.0,0.1452145214521452,0.0297401171303074,0.0530746705710102,1,False,0
0,ep_7c70f7c28f519324b5b1,9,0,0.1198432343234323,0.0295113469985358,300000000,1.0,0.1417079207920792,0.0296943631039531,0.0530746705710102,1,False,0
0,ep_7c70f7c28f519324b5b1,10,0,0.1132425742574257,0.0292825768667642,300000000,1.0,0.1406765676567656,0.0293740849194729,0.0530746705710102,1,False,0
0,ep_7c70f7c28f519324b5b1,11,0,0.1192244224422442,0.0289165446559297,300000000,1.0,0.1454207920792079,0.0292825768667642,0.0530746705710102,1,False,0
0,ep_7c70f7c28f519324b5b1,12,1,0.106023102310231,0.0275439238653001,300000000,1.0,0.14253300330033,0.0284590043923865,0.0530746705710102,1,False,0
0,ep_7c70f7c28f519324b5b1,13,1,0.1004537953795379,0.026811859443631,300000000,1.0,0.1400577557755775,0.0271778916544655,0.0530746705710102,1,False,0
0,ep_7c70f7c28f519324b5b1,14,1,0.073019801980198,0.0272693997071742,300000000,1.0,0.1433580858085808,0.0274524158125915,0.0530746705710102,1,False,0
0,ep_7c70f7c28f519324b5b1,15,1,0.0620874587458745,0.0272693997071742,300000000,1.0,0.146039603960396,0.0278642020497803,0.0530746705710102,1,False,0
0,ep_7c70f7c28f519324b5b1,16,1,0.061056105610561,0.0268576134699853,300000000,1.0,0.1433580858085808,0.0273151537335285,0.0530746705710102,1,False,0
0,ep_7c70f7c28f519324b5b1,17,1,0.1260313531353135,0.0249359443631039,300000000,1.0,0.1811056105610561,0.0252562225475841,0.0530746705710102,1,False,0
0,ep_7c70f7c28f519324b5b1,18,1,0.0920998349834983,0.0252104685212298,300000000,1.0,0.1674917491749175,0.0253477306002928,0.0530746705710102,1,False,0
0,ep_7c70f7c28f519324b5b1,19,1,0.0964315181518151,0.0276354319180087,300000000,1.0,0.1608910891089109,0.0289165446559297,0.0530746705710102,1,False,0
0,ep_7c70f7c28f519324b5b1,20,1,0.0611592409240924,0.0282759882869692,300000000,1.0,0.1435643564356435,0.0285047584187408,0.0530746705710102,1,False,0
0,ep_7c70f7c28f519324b5b1,21,1,0.0951938943894389,0.0280929721815519,300000000,1.0,0.1569719471947194,0.0281844802342606,0.0530746705710102,1,False,0
0,ep_7c70f7c28f519324b5b1,22,1,0.1009694719471947,0.0280472181551976,300000000,1.0,0.1619224422442244,0.0281844802342606,0.0530746705710102,1,False,0
0,ep_7c70f7c28f519324b5b1,23,1,0.1344884488448844,0.0285047584187408,300000000,1.0,0.1588283828382838,0.0288707906295754,0.0530746705710102,1,False,0
0,ep_7c70f7c28f519324b5b1,24,2,0.1357260726072607,0.0285962664714494,300000000,1.0,0.1507838283828383,0.0287792825768667,0.0530746705710102,1,False,0
0,ep_7c70f7c28f519324b5b1,25,2,0.1322194719471947,0.0284132503660322,300000000,1.0,0.1668729372937293,0.0286420204978038,0.0530746705710102,1,False,0
0,ep_7c70f7c28f519324b5b1,26,2,0.1109735973597359,0.0271321376281112,300000000,1.0,0.1596534653465346,0.0287335285505124,0.0530746705710102,1,False,0
0,ep_7c70f7c28f519324b5b1,27,2,0.0957095709570957,0.0269948755490483,300000000,1.0,0.1466584158415841,0.0270863836017569,0.0530746705710102,1,False,0
0,ep_7c70f7c28f519324b5b1,28,2,0.1194306930693069,0.0270863836017569,300000000,1.0,0.1567656765676567,0.0273609077598828,0.0530746705710102,1,False,0
0,ep_7c70f7c28f519324b5b1,29,2,0.1289191419141914,0.0252562225475841,300000000,1.0,0.1520214521452145,0.0253934846266471,0.0530746705710102,1,False,0
0,ep_7c70f7c28f519324b5b1,30,2,0.1278877887788778,0.0253019765739385,300000000,1.0,0.1445957095709571,0.0255307467057101,0.0530746705710102,1,False,0
0,ep_7c70f7c28f519324b5b1,31,2,0.1260313531353135,0.0246156661786237,300000000,1.0,0.1485148514851485,0.0280472181551976,0.0530746705710102,1,False,0
0,ep_7c70f7c28f519324b5b1,32,2,0.1231435643564356,0.0277726939970717,300000000,1.0,0.14253300330033,0.027818448023426,0.0530746705710102,1,False,0
0,ep_7c70f7c28f519324b5b1,33,2,0.0725041254125412,0.0285047584187408,300000000,1.0,0.1344884488448844,0.0292368228404099,0.0530746705710102,1,False,0
0,ep_7c70f7c28f519324b5b1,34,2,0.0858085808580858,0.0282759882869692,300000000,1.0,0.134075907590759,0.0285505124450951,0.0530746705710102,1,False,0
0,ep_7c70f7c28f519324b5b1,35,2,0.1128300330033003,0.0282302342606149,300000000,1.0,0.1361386138613861,0.0285047584187408,0.0530746705710102,1,False,0
0,ep_7c70f7c28f519324b5b1,36,3,0.104269801980198,0.0279099560761347,300000000,1.0,0.1379950495049505,0.0284132503660322,0.0530746705710102,1,False,0
0,ep_7c70f7c28f519324b5b1,37,3,0.1082920792079207,0.0270863836017569,300000000,1.0,0.1351072607260726,0.0274524158125915,0.0530746705710102,1,False,0
0,ep_7c70f7c28f519324b5b1,38,3,0.1283003300330033,0.0252104685212298,300000000,1.0,0.1472772277227722,0.026811859443631,0.0530746705710102,1,False,0
0,ep_7c70f7c28f519324b5b1,39,3,0.1183993399339934,0.0259425329428989,300000000,1.0,0.139026402640264,0.0260797950219619,0.0530746705710102,1,False,0
0,ep_7c70f7c28f519324b5b1,40,3,0.1032384488448844,0.0259425329428989,300000000,1.0,0.1435643564356435,0.0262628111273792,0.0530746705710102,1,False,0
0,ep_7c70f7c28f519324b5b1,41,3,0.1274752475247524,0.0261713030746705,300000000,1.0,0.1608910891089109,0.026949121522694,0.0530746705710102,1,False,0
0,ep_7c70f7c28f519324b5b1,42,3,0.0769389438943894,0.0247986822840409,300000000,1.0,0.1448019801980198,0.0249816983894582,0.0530746705710102,1,False,0
0,ep_7c70f7c28f519324b5b1,43,3,0.0967409240924092,0.0247986822840409,300000000,1.0,0.1404702970297029,0.0249816983894582,0.0530746705710102,1,False,0
0,ep_7c70f7c28f519324b5b1,44,3,0.1231435643564356,0.0246156661786237,300000000,1.0,0.1433580858085808,0.0248901903367496,0.0530746705710102,1,False,0
0,ep_7c70f7c28f519324b5b1,45,3,0.1241749174917491,0.0242038799414348,300000000,1.0,0.1371699669966996,0.0243411420204978,0.0530746705710102,1,False,0
0,ep_7c70f7c28f519324b5b1,46,3,0.106023102310231,0.0237463396778916,300000000,1.0,0.137582508250825,0.0242038799414348,0.0530746705710102,1,False,0
0,ep_7c70f7c28f519324b5b1,47,3,0.1194306930693069,0.0231057833089311,300000000,1.0,0.1377887788778878,0.0231515373352855,0.0530746705710102,1,False,0
0,ep_7c70f7c28f519324b5b1,48,4,0.1252062706270627,0.0226939970717423,300000000,1.0,0.1400577557755775,0.022945644216691,0.0530746705710102,1,False,0
0,ep_7c70f7c28f519324b5b1,49,4,0.1258250825082508,0.0224881039531478,300000000,1.0,0.1421204620462046,0.0228770131771595,0.0530746705710102,1,False,0
0,ep_7c70f7c28f519324b5b1,50,4,0.1227310231023102,0.0224423499267935,300000000,1.0,0.156559405940594,0.0233345534407027,0.0530746705710102,1,False,0
0,ep_7c70f7c28f519324b5b1,51,4,0.1008663366336633,0.02351756954612,300000000,1.0,0.1569719471947194,0.0239293557833089,0.0530746705710102,1,False,0
0,ep_7c70f7c28f519324b5b1,52,4,0.1105610561056105,0.0234718155197657,300000000,1.0,0.1586221122112211,0.0237005856515373,0.0530746705710102,1,False,0
0,ep_7c70f7c28f519324b5b1,53,4,0.1128300330033003,0.0237920937042459,300000000,1.0,0.1569719471947194,0.0259425329428989,0.0530746705710102,1,False,0
0,ep_7c70f7c28f519324b5b1,54,4,0.1087046204620462,0.0258967789165446,300000000,1.0,0.1629537953795379,0.0262628111273792,0.0530746705710102,1,False,0
0,ep_7c70f7c28f519324b5b1,55,4,0.1287128712871287,0.0258967789165446,300000000,1.0,0.1648102310231023,0.0263085651537335,0.0530746705710102,1,False,0
0,ep_7c70f7c28f519324b5b1,56,4,0.1229372937293729,0.0269948755490483,300000000,1.0,0.1695544554455445,0.0276811859443631,0.0530746705710102,1,False,0
0,ep_7c70f7c28f519324b5b1,57,4,0.1274752475247524,0.0273151537335285,300000000,1.0,0.1602722772277227,0.0275896778916544,0.0530746705710102,1,False,0
0,ep_7c70f7c28f519324b5b1,58,4,0.1034447194719472,0.0272236456808199,300000000,1.0,0.1557343234323432,0.0275896778916544,0.0530746705710102,1,False,0
0,ep_7c70f7c28f519324b5b1,59,4,0.1258250825082508,0.0274524158125915,300000000,1.0,0.1571782178217821,0.0289165446559297,0.0530746705710102,1,False,0
0,ep_7c70f7c28f519324b5b1,60,5,0.1206683168316831,0.0286420204978038,300000000,1.0,0.1443894389438944,0.028962298682284,0.0530746705710102,1,False,0
0,ep_7c70f7c28f519324b5b1,61,5,0.1225247524752475,0.0284132503660322,300000000,1.0,0.1369636963696369,0.0291910688140556,0.0530746705710102,1,False,0
0,ep_7c70f7c28f519324b5b1,62,5,0.1227310231023102,0.029099560761347,300000000,1.0,0.1448019801980198,0.0294655929721815,0.0530746705710102,1,False,0
0,ep_7c70f7c28f519324b5b1,63,5,0.1274752475247524,0.0284590043923865,300000000,1.0,0.1511963696369637,0.0287335285505124,0.0530746705710102,1,False,0
0,ep_7c70f7c28f519324b5b1,64,5,0.1264438943894389,0.0280014641288433,300000000,1.0,0.1433580858085808,0.0282302342606149,0.0530746705710102,1,False,0
0,ep_7c70f7c28f519324b5b1,65,5,0.1243811881188118,0.0285962664714494,300000000,1.0,0.1654290429042904,0.0294655929721815,0.0530746705710102,1,False,0
0,ep_7c70f7c28f519324b5b1,66,5,0.1157178217821782,0.0293283308931185,300000000,1.0,0.1586221122112211,0.0296486090775988,0.0530746705710102,1,False,0
0,ep_7c70f7c28f519324b5b1,67,5,0.1183993399339934,0.0295571010248901,300000000,1.0,0.1588283828382838,0.0305636896046852,0.0530746705710102,1,False,0
0,ep_7c70f7c28f519324b5b1,68,5,0.1233498349834983,0.0293740849194729,300000000,1.0,0.1619224422442244,0.0301976573938506,0.0530746705710102,1,False,0
0,ep_7c70f7c28f519324b5b1,69,5,0.1276815181518152,0.0289165446559297,300000000,1.0,0.1542904290429043,0.0292825768667642,0.0530746705710102,1,False,0
0,ep_7c70f7c28f519324b5b1,70,5,0.1219059405940594,0.029099560761347,300000000,1.0,0.1602722772277227,0.0295113469985358,0.0530746705710102,1,False,0
0,ep_7c70f7c28f519324b5b1,71,5,0.1252062706270627,0.0291910688140556,300000000,1.0,0.1406765676567656,0.0295571010248901,0.0530746705710102,1,False,0
0,ep_7c70f7c28f519324b5b1,72,6,0.1212871287128712,0.0278642020497803,300000000,1.0,0.1394389438943894,0.0296486090775988,0.0530746705710102,1,False,0
0,ep_7c70f7c28f519324b5b1,73,6,0.1260313531353135,0.0268576134699853,300000000,1.0,0.1406765676567656,0.0270406295754026,0.0530746705710102,1,False,0
0,ep_7c70f7c28f519324b5b1,74,6,0.1258250825082508,0.0269033674963396,300000000,1.0,0.14253300330033,0.026949121522694,0.0530746705710102,1,False,0
0,ep_7c70f7c28f519324b5b1,75,6,0.1264438943894389,0.0267203513909224,300000000,1.0,0.1557343234323432,0.0270406295754026,0.0530746705710102,1,False,0
0,ep_7c70f7c28f519324b5b1,76,6,0.0948844884488448,0.0265830893118594,300000000,1.0,0.1363448844884488,0.0268576134699853,0.0530746705710102,1,False,0
0,ep_7c70f7c28f519324b5b1,77,6,0.1169554455445544,0.0264000732064421,300000000,1.0,0.1493399339933993,0.026949121522694,0.0530746705710102,1,False,0
0,ep_7c70f7c28f519324b5b1,78,6,0.1146864686468646,0.0265830893118594,300000000,1.0,0.1379950495049505,0.0273151537335285,0.0530746705710102,1,False,0
0,ep_7c70f7c28f519324b5b1,79,6,0.1169554455445544,0.0264915812591508,300000000,1.0,0.1408828382838284,0.0269948755490483,0.0530746705710102,1,False,0
0,ep_7c70f7c28f519324b5b1,80,6,0.134075907590759,0.0269948755490483,300000000,1.0,0.1639851485148515,0.0273609077598828,0.0530746705710102,1,False,0
0,ep_7c70f7c28f519324b5b1,81,6,0.1309818481848184,0.0269033674963396,300000000,1.0,0.156559405940594,0.0273151537335285,0.0530746705710102,1,False,0
0,ep_7c70f7c28f519324b5b1,82,6,0.1190181518151815,0.0267203513909224,300000000,1.0,0.1419141914191419,0.0274066617862371,0.0530746705710102,1,False,0
0,ep_7c70f7c28f519324b5b1,83,6,0.1062293729372937,0.026811859443631,300000000,1.0,0.1623349834983498,0.0273609077598828,0.0530746705710102,1,False,0
0,ep_7c70f7c28f519324b5b1,84,7,0.1243811881188118,0.0267661054172767,300000000,1.0,0.1687293729372937,0.0273609077598828,0.0530746705710102,1,False,0
0,ep_7c70f7c28f519324b5b1,85,7,0.1084983498349834,0.0252562225475841,300000000,1.0,0.1437706270627062,0.0263543191800878,0.0530746705710102,1,False,0
0,ep_7c70f7c28f519324b5b1,86,7,0.1142739273927392,0.0249359443631039,300000000,1.0,0.1487211221122112,0.0250274524158125,0.0530746705710102,1,False,0
0,ep_7c70f7c28f519324b5b1,87,7,0.1268564356435643,0.0253934846266471,300000000,1.0,0.1435643564356435,0.025668008784773,0.0530746705710102,1,False,0
0,ep_7c70f7c28f519324b5b1,88,7,0.1089108910891089,0.0252104685212298,300000000,1.0,0.1448019801980198,0.0253934846266471,0.0530746705710102,1,False,0
0,ep_7c70f7c28f519324b5b1,89,7,0.0988036303630363,0.0252104685212298,300000000,1.0,0.1728547854785478,0.0257137628111273,0.0530746705710102,1,False,0
0,ep_7c70f7c28f519324b5b1,90,7,0.1297442244224422,0.0237005856515373,300000000,1.0,0.1567656765676567,0.0250732064421669,0.0530746705710102,1,False,0
0,ep_7c70f7c28f519324b5b1,91,7,0.125,0.0259882869692532,300000000,1.0,0.1423267326732673,0.0271778916544655,0.0530746705710102,1,False,0
0,ep_7c70f7c28f519324b5b1,92,7,0.1132425742574257,0.0273151537335285,300000000,1.0,0.1474834983498349,0.0276354319180087,0.0530746705710102,1,False,0
0,ep_7c70f7c28f519324b5b1,93,7,0.1258250825082508,0.0270863836017569,300000000,1.0,0.1714108910891089,0.0276354319180087,0.0530746705710102,1,False,0
0,ep_7c70f7c28f519324b5b1,94,7,0.1041666666666666,0.0271778916544655,300000000,1.0,0.153052805280528,0.0276811859443631,0.0530746705710102,1,False,0
0,ep_7c70f7c28f519324b5b1,95,7,0.116542904290429,0.0272236456808199,300000000,1.0,0.161509900990099,0.0277269399707174,0.0530746705710102,1,False,0
0,ep_7c70f7c28f519324b5b1,96,8,0.1111798679867986,0.0274524158125915,300000000,1.0,0.163572607260726,0.0279099560761347,0.0530746705710102,1,False,0
0,ep_7c70f7c28f519324b5b1,97,8,0.1138613861386138,0.0260797950219619,300000000,1.0,0.1683168316831683,0.0273609077598828,0.0530746705710102,1,False,0
0,ep_7c70f7c28f519324b5b1,98,8,0.0933374587458745,0.0261255490483162,300000000,1.0,0.1431518151815181,0.0262628111273792,0.0530746705710102,1,False,0
0,ep_7c70f7c28f519324b5b1,99,8,0.1122112211221122,0.0255307467057101,300000000,1.0,0.1474834983498349,0.0260340409956076,0.0530746705710102,1,False,0
0,ep_7c70f7c28f519324b5b1,100,8,0.1124174917491749,0.0244784040995607,300000000,1.0,0.146039603960396,0.0257137628111273,0.0530746705710102,1,False,0
0,ep_7c70f7c28f519324b5b1,101,8,0.1274752475247524,0.0239293557833089,300000000,1.0,0.1499587458745874,0.0243868960468521,0.0530746705710102,1,False,0
0,ep_7c70f7c28f519324b5b1,102,8,0.1138613861386138,0.0237920937042459,300000000,1.0,0.1472772277227722,0.0239751098096632,0.0530746705710102,1,False,0
0,ep_7c70f7c28f519324b5b1,103,8,0.0818894389438943,0.0234260614934114,300000000,1.0,0.1423267326732673,0.023654831625183,0.0530746705710102,1,False,0
0,ep_7c70f7c28f519324b5b1,104,8,0.0908622112211221,0.0264000732064421,300000000,1.0,0.1540841584158415,0.0292368228404099,0.0530746705710102,1,False,0
0,ep_7c70f7c28f519324b5b1,105,8,0.066006600660066,0.030106149341142,300000000,1.0,0.1497524752475247,0.0307924597364568,0.0530746705710102,1,False,0
0,ep_7c70f7c28f519324b5b1,106,8,0.0854991749174917,0.0298773792093704,300000000,1.0,0.1551155115511551,0.0301519033674963,0.0530746705710102,1,False,0
0,ep_7c70f7c28f519324b5b1,107,8,0.1318069306930693,0.0299231332357247,300000000,1.0,0.1633663366336633,0.0302434114202049,0.0530746705710102,1,False,0
0,ep_7c70f7c28f519324b5b1,108,9,0.1192244224422442,0.0290538067349926,300000000,1.0,0.1476897689768977,0.030106149341142,0.0530746705710102,1,False,0
0,ep_7c70f7c28f519324b5b1,109,9,0.1173679867986798,0.027818448023426,300000000,1.0,0.1450082508250825,0.0280472181551976,0.0530746705710102,1,False,0
0,ep_7c70f7c28f519324b5b1,110,9,0.120049504950495,0.0278642020497803,300000000,1.0,0.1429455445544554,0.027955710102489,0.0530746705710102,1,False,0
0,ep_7c70f7c28f519324b5b1,111,9,0.1144801980198019,0.0263543191800878,300000000,1.0,0.1421204620462046,0.027955710102489,0.0530746705710102,1,False,0
0,ep_7c70f7c28f519324b5b1,112,9,0.1301567656765676,0.0254392386530014,300000000,1.0,0.165016501650165,0.0254849926793557,0.0530746705710102,1,False,0
0,ep_7c70f7c28f519324b5b1,113,9,0.1107673267326732,0.0253934846266471,300000000,1.0,0.1406765676567656,0.0255307467057101,0.0530746705710102,1,False,0
0,ep_7c70f7c28f519324b5b1,114,9,0.101072607260726,0.0249816983894582,300000000,1.0,0.1400577557755775,0.0251647144948755,0.0530746705710102,1,False,0
0,ep_7c70f7c28f519324b5b1,115,9,0.0903465346534653,0.0271321376281112,300000000,1.0,0.137582508250825,0.0278642020497803,0.0530746705710102,1,False,0
0,ep_7c70f7c28f519324b5b1,116,9,0.088799504950495,0.0274524158125915,300000000,1.0,0.1394389438943894,0.0278642020497803,0.0530746705710102,1,False,0
0,ep_7c70f7c28f519324b5b1,117,9,0.1051980198019802,0.0285047584187408,300000000,1.0,0.1369636963696369,0.0291910688140556,0.0530746705710102,1,False,0
0,ep_7c70f7c28f519324b5b1,118,9,0.1117986798679868,0.028962298682284,300000000,1.0,0.137582508250825,0.0292825768667642,0.0530746705710102,1,False,0
0,ep_7c70f7c28f519324b5b1,119,9,0.1241749174917491,0.028962298682284,300000000,1.0,0.1540841584158415,0.0294655929721815,0.0530746705710102,1,False,0
0,ep_7c70f7c28f519324b5b1,120,10,0.1122112211221122,0.0282759882869692,300000000,1.0,0.1419141914191419,0.0293740849194729,0.0530746705710102,1,False,0
0,ep_7c70f7c28f519324b5b1,121,10,0.1223184818481848,0.0270863836017569,300000000,1.0,0.1470709570957095,0.0276354319180087,0.0530746705710102,1,False,0
0,ep_7c70f7c28f519324b5b1,122,10,0.0952970297029703,0.0277726939970717,300000000,1.0,0.1439768976897689,0.0280472181551976,0.0530746705710102,1,False,0
0,ep_7c70f7c28f519324b5b1,123,10,0.1223184818481848,0.0263085651537335,300000000,1.0,0.141089108910891,0.027955710102489,0.0530746705710102,1,False,0
0,ep_7c70f7c28f519324b5b1,124,10,0.1190181518151815,0.0260340409956076,300000000,1.0,0.1493399339933993,0.0261713030746705,0.0530746705710102,1,False,0
0,ep_7c70f7c28f519324b5b1,125,10,0.1276815181518152,0.025668008784773,300000000,1.0,0.1437706270627062,0.0262170571010248,0.0530746705710102,1,False,0
0,ep_7c70f7c28f519324b5b1,126,10,0.1101485148514851,0.0240208638360175,300000000,1.0,0.1501650165016501,0.0241123718887262,0.0530746705710102,1,False,0
0,ep_7c70f7c28f519324b5b1,127,10,0.0956064356435643,0.0271778916544655,300000000,1.0,0.1509900990099009,0.03125,0.0530746705710102,1,False,0
0,ep_7c70f7c28f519324b5b1,128,10,0.0636344884488448,0.0312042459736456,300000000,1.0,0.1398514851485148,0.0312957540263543,0.0530746705710102,1,False,0
0,ep_7c70f7c28f519324b5b1,129,10,0.102825907590759,0.0314787701317716,300000000,1.0,0.1474834983498349,0.0317990483162518,0.0530746705710102,1,False,0
0,ep_7c70f7c28f519324b5b1,130,10,0.1208745874587458,0.0313872620790629,300000000,1.0,0.1412953795379538,0.0315245241581259,0.0530746705710102,1,False,0
0,ep_7c70f7c28f519324b5b1,131,10,0.1334570957095709,0.0312042459736456,300000000,1.0,0.1586221122112211,0.0313415080527086,0.0530746705710102,1,False,0
0,ep_7c70f7c28f519324b5b1,132,11,0.1256188118811881,0.0310212298682284,300000000,1.0,0.1489273927392739,0.0318448023426061,0.0530746705710102,1,False,0
0,ep_7c70f7c28f519324b5b1,133,11,0.1161303630363036,0.0303806734992679,300000000,1.0,0.1454207920792079,0.0315702781844802,0.0530746705710102,1,False,0
0,ep_7c70f7c28f519324b5b1,134,11,0.0776608910891089,0.0298773792093704,300000000,1.0,0.1544966996699669,0.0306551976573938,0.0530746705710102,1,False,0
0,ep_7c70f7c28f519324b5b1,135,11,0.1186056105610561,0.0310212298682284,300000000,1.0,0.1551155115511551,0.0328056368960468,0.0530746705710102,1,False,0
0,ep_7c70f7c28f519324b5b1,136,11,0.130569306930693,0.0311584919472913,300000000,1.0,0.1697607260726072,0.0316617862371888,0.0530746705710102,1,False,0
0,ep_7c70f7c28f519324b5b1,137,11,0.1359323432343234,0.0312042459736456,300000000,1.0,0.1689356435643564,0.0317075402635431,0.0530746705710102,1,False,0
0,ep_7c70f7c28f519324b5b1,138,11,0.1338696369636963,0.0306551976573938,300000000,1.0,0.158003300330033,0.0310669838945827,0.0530746705710102,1,False,0
0,ep_7c70f7c28f519324b5b1,139,11,0.1344884488448844,0.0299231332357247,300000000,1.0,0.1516089108910891,0.0302891654465592,0.0530746705710102,1,False,0
0,ep_7c70f7c28f519324b5b1,140,11,0.0718853135313531,0.0295571010248901,300000000,1.0,0.1367574257425742,0.0297401171303074,0.0530746705710102,1,False,0
0,ep_7c70f7c28f519324b5b1,141,11,0.1150990099009901,0.0298316251830161,300000000,1.0,0.1478960396039604,0.029968887262079,0.0530746705710102,1,False,0
0,ep_7c70f7c28f519324b5b1,142,11,0.0962252475247524,0.0283217423133235,300000000,1.0,0.1421204620462046,0.0298316251830161,0.0530746705710102,1,False,0
0,ep_7c70f7c28f519324b5b1,143,11,0.1266501650165016,0.0282302342606149,300000000,1.0,0.1716171617161716,0.0298316251830161,0.0530746705710102,1,False,0
0,ep_7c70f7c28f519324b5b1,144,12,0.1183993399339934,0.0282759882869692,300000000,1.0,0.1522277227722772,0.0286420204978038,0.0530746705710102,1,False,0
0,ep_7c70f7c28f519324b5b1,145,12,0.1272689768976897,0.0262628111273792,300000000,1.0,0.1379950495049505,0.0263085651537335,0.0530746705710102,1,False,0
0,ep_7c70f7c28f519324b5b1,146,12,0.1223184818481848,0.0257137628111273,300000000,1.0,0.1361386138613861,0.0263085651537335,0.0530746705710102,1,False,0
0,ep_7c70f7c28f519324b5b1,147,12,0.1171617161716171,0.0238836017569546,300000000,1.0,0.1485148514851485,0.0241581259150805,0.0530746705710102,1,False,0
0,ep_7c70f7c28f519324b5b1,148,12,0.1011757425742574,0.0242038799414348,300000000,1.0,0.1427392739273927,0.0243411420204978,0.0530746705710102,1,False,0
0,ep_7c70f7c28f519324b5b1,149,12,0.1303630363036303,0.0234718155197657,300000000,1.0,0.1450082508250825,0.0242496339677891,0.0530746705710102,1,False,0
0,ep_7c70f7c28f519324b5b1,150,12,0.0948844884488448,0.0230142752562225,300000000,1.0,0.1427392739273927,0.0231744143484626,0.0530746705710102,1,False,0
0,ep_7c70f7c28f519324b5b1,151,12,0.0901402640264026,0.0232887994143484,300000000,1.0,0.14253300330033,0.0244784040995607,0.0530746705710102,1,False,0
0,ep_7c70f7c28f519324b5b1,152,12,0.0989067656765676,0.0240208638360175,300000000,1.0,0.1396452145214521,0.0242496339677891,0.0530746705710102,1,False,0
0,ep_7c70f7c28f519324b5b1,153,12,0.1024133663366336,0.0238836017569546,300000000,1.0,0.1346947194719472,0.0240666178623718,0.0530746705710102,1,False,0
0,ep_7c70f7c28f519324b5b1,154,12,0.097256600660066,0.0237005856515373,300000000,1.0,0.1384075907590759,0.0238836017569546,0.0530746705710102,1,False,0
0,ep_7c70f7c28f519324b5b1,155,12,0.1055074257425742,0.0241123718887262,300000000,1.0,0.1429455445544554,0.0245699121522694,0.0530746705710102,1,False,0
0,ep_7c70f7c28f519324b5b1,156,13,0.100763201320132,0.0241581259150805,300000000,1.0,0.1386138613861386,0.0243868960468521,0.0530746705710102,1,False,0
0,ep_7c70f7c28f519324b5b1,157,13,0.1058168316831683,0.0236090775988286,300000000,1.0,0.1464521452145214,0.0238378477306002,0.0530746705710102,1,False,0
0,ep_7c70f7c28f519324b5b1,158,13,0.1038572607260726,0.024661420204978,300000000,1.0,0.1431518151815181,0.0253019765739385,0.0530746705710102,1,False,0
0,ep_7c70f7c28f519324b5b1,159,13,0.0793110561056105,0.0242496339677891,300000000,1.0,0.1518151815181518,0.0247529282576866,0.0530746705710102,1,False,0
0,ep_7c70f7c28f519324b5b1,160,13,0.0926155115511551,0.0233574304538799,300000000,1.0,0.1423267326732673,0.0243411420204978,0.0530746705710102,1,False,0
0,ep_7c70f7c28f519324b5b1,161,13,0.1041666666666666,0.0226711200585651,300000000,1.0,0.1419141914191419,0.0231286603221083,0.0530746705710102,1,False,0
0,ep_7c70f7c28f519324b5b1,162,13,0.1262376237623762,0.0223965959004392,300000000,1.0,0.1468646864686468,0.0226482430453879,0.0530746705710102,1,False,0
0,ep_7c70f7c28f519324b5b1,163,13,0.1266501650165016,0.0229227672035139,300000000,1.0,0.1470709570957095,0.0236090775988286,0.0530746705710102,1,False,0
0,ep_7c70f7c28f519324b5b1,164,13,0.1342821782178218,0.022076317715959,300000000,1.0,0.1571782178217821,0.022510980966325,0.0530746705710102,1,False,0
0,ep_7c70f7c28f519324b5b1,165,13,0.1408828382838284,0.0222822108345534,300000000,1.0,0.1623349834983498,0.0224423499267935,0.0530746705710102,1,False,0
0,ep_7c70f7c28f519324b5b1,166,13,0.1379950495049505,0.0220534407027818,300000000,1.0,0.1536716171617161,0.022373718887262,0.0530746705710102,1,False,0
0,ep_7c70f7c28f519324b5b1,167,13,0.1346947194719472,0.0216645314787701,300000000,1.0,0.1509900990099009,0.0218246705710102,0.0530746705710102,1,False,0
0,ep_7c70f7c28f519324b5b1,168,14,0.1264438943894389,0.021939055636896,300000000,1.0,0.1491336633663366,0.0225338579795021,0.0530746705710102,1,False,0
0,ep_7c70f7c28f519324b5b1,169,14,0.1254125412541254,0.0219619326500732,300000000,1.0,0.1481023102310231,0.0223508418740849,0.0530746705710102,1,False,0
0,ep_7c70f7c28f519324b5b1,170,14,0.1239686468646864,0.0212756222547584,300000000,1.0,0.1421204620462046,0.0216645314787701,0.0530746705710102,1,False,0
0,ep_7c70f7c28f519324b5b1,171,14,0.1295379537953795,0.0205206808199121,300000000,1.0,0.1753300330033003,0.0217560395314787,0.0530746705710102,1,False,0
0,ep_7c70f7c28f519324b5b1,172,14,0.1349009900990099,0.021801793557833,300000000,1.0,0.1778052805280528,0.0222364568081991,0.0530746705710102,1,False,0
0,ep_7c70f7c28f519324b5b1,173,14,0.1396452145214521,0.021939055636896,300000000,1.0,0.1821369636963696,0.0222822108345534,0.0530746705710102,1,False,0
0,ep_7c70f7c28f519324b5b1,174,14,0.111592409240924,0.0220305636896046,300000000,1.0,0.1563531353135313,0.0223279648609077,0.0530746705710102,1,False,0
0,ep_7c70f7c28f519324b5b1,175,14,0.1159240924092409,0.0221907027818448,300000000,1.0,0.153052805280528,0.0223508418740849,0.0530746705710102,1,False,0
0,ep_7c70f7c28f519324b5b1,176,14,0.1212871287128712,0.0222593338213762,300000000,1.0,0.1520214521452145,0.0223965959004392,0.0530746705710102,1,False,0
0,ep_7c70f7c28f519324b5b1,177,14,0.1342821782178218,0.022510980966325,300000000,1.0,0.1514026402640264,0.0230371522693997,0.0530746705710102,1,False,0
0,ep_7c70f7c28f519324b5b1,178,14,0.1012788778877887,0.0227168740849194,300000000,1.0,0.1423267326732673,0.0229227672035139,0.0530746705710102,1,False,0
0,ep_7c70f7c28f519324b5b1,179,14,0.1237623762376237,0.0224652269399707,300000000,1.0,0.1404702970297029,0.0226253660322108,0.0530746705710102,1,False,0
0,ep_7c70f7c28f519324b5b1,180,15,0.1258250825082508,0.0222593338213762,300000000,1.0,0.1415016501650165,0.0225338579795021,0.0530746705710102,1,False,0
0,ep_7c70f7c28f519324b5b1,181,15,0.1091171617161716,0.0215730234260614,300000000,1.0,0.135519801980198,0.0218704245973645,0.0530746705710102,1,False,0
0,ep_7c70f7c28f519324b5b1,182,15,0.0728135313531353,0.0216874084919472,300000000,1.0,0.1481023102310231,0.022076317715959,0.0530746705710102,1,False,0
0,ep_7c70f7c28f519324b5b1,183,15,0.1113861386138613,0.0223050878477306,300000000,1.0,0.1584158415841584,0.0232430453879941,0.0530746705710102,1,False,0
0,ep_7c70f7c28f519324b5b1,184,15,0.1229372937293729,0.0230600292825768,300000000,1.0,0.1643976897689769,0.02351756954612,0.0530746705710102,1,False,0
0,ep_7c70f7c28f519324b5b1,185,15,0.1307755775577557,0.0219848096632503,300000000,1.0,0.1608910891089109,0.0225796120058565,0.0530746705710102,1,False,0
0,ep_7c70f7c28f519324b5b1,186,15,0.1289191419141914,0.0216187774524158,300000000,1.0,0.1474834983498349,0.0223508418740849,0.0530746705710102,1,False,0
0,ep_7c70f7c28f519324b5b1,187,15,0.123556105610561,0.0237005856515373,300000000,1.0,0.1468646864686468,0.0274524158125915,0.0530746705710102,1,False,0
0,ep_7c70f7c28f519324b5b1,188,15,0.1260313531353135,0.0271321376281112,300000000,1.0,0.1462458745874587,0.0276811859443631,0.0530746705710102,1,False,0
0,ep_7c70f7c28f519324b5b1,189,15,0.1377887788778878,0.0269033674963396,300000000,1.0,0.1594471947194719,0.0270863836017569,0.0530746705710102,1,False,0
0,ep_7c70f7c28f519324b5b1,190,15,0.1369636963696369,0.026674597364568,300000000,1.0,0.158003300330033,0.026811859443631,0.0530746705710102,1,False,0
0,ep_7c70f7c28f519324b5b1,191,15,0.1379950495049505,0.0264915812591508,300000000,1.0,0.1549092409240924,0.0267203513909224,0.0530746705710102,1,False,0
0,ep_7c70f7c28f519324b5b1,192,16,0.1287128712871287,0.0264915812591508,300000000,1.0,0.1520214521452145,0.0267203513909224,0.0530746705710102,1,False,0
0,ep_7c70f7c28f519324b5b1,193,16,0.1326320132013201,0.0262170571010248,300000000,1.0,0.1542904290429043,0.0267203513909224,0.0530746705710102,1,False,0
0,ep_7c70f7c28f519324b5b1,194,16,0.1283003300330033,0.0271778916544655,300000000,1.0,0.1759488448844884,0.0282302342606149,0.0530746705710102,1,False,0
0,ep_7c70f7c28f519324b5b1,195,16,0.1326320132013201,0.0274066617862371,300000000,1.0,0.1493399339933993,0.0281844802342606,0.0530746705710102,1,False,0
0,ep_7c70f7c28f519324b5b1,196,16,0.1344884488448844,0.0253477306002928,300000000,1.0,0.1592409240924092,0.0267661054172767,0.0530746705710102,1,False,0
0,ep_7c70f7c28f519324b5b1,197,16,0.141089108910891,0.0260797950219619,300000000,1.0,0.1670792079207921,0.0268576134699853,0.0530746705710102,1,False,0
0,ep_7c70f7c28f519324b5b1,198,16,0.1177805280528052,0.0260797950219619,300000000,1.0,0.1674917491749175,0.0267203513909224,0.0530746705710102,1,False,0
0,ep_7c70f7c28f519324b5b1,199,16,0.1334570957095709,0.0244784040995607,300000000,1.0,0.153052805280528,0.0261713030746705,0.0530746705710102,1,False,0
0,ep_7c70f7c28f519324b5b1,200,16,0.1124174917491749,0.0242496339677891,300000000,1.0,0.1608910891089109,0.0242953879941434,0.0530746705710102,1,False,0
0,ep_7c70f7c28f519324b5b1,201,16,0.1227310231023102,0.0242038799414348,300000000,1.0,0.1476897689768977,0.0243411420204978,0.0530746705710102,1,False,0
0,ep_7c70f7c28f519324b5b1,202,16,0.1280940594059406,0.0254392386530014,300000000,1.0,0.1493399339933993,0.028825036603221,0.0530746705710102,1,False,0
0,ep_7c70f7c28f519324b5b1,203,16,0.1276815181518152,0.0284590043923865,300000000,1.0,0.1419141914191419,0.0287792825768667,0.0530746705710102,1,False,0
0,ep_7c70f7c28f519324b5b1,204,17,0.1245874587458745,0.0278642020497803,300000000,1.0,0.1369636963696369,0.0283674963396778,0.0530746705710102,1,False,0
0,ep_7c70f7c28f519324b5b1,205,17,0.1219059405940594,0.0276811859443631,300000000,1.0,0.1365511551155115,0.0277726939970717,0.0530746705710102,1,False,0
0,ep_7c70f7c28f519324b5b1,206,17,0.1216996699669967,0.0275896778916544,300000000,1.0,0.1359323432343234,0.027955710102489,0.0530746705710102,1,False,0
0,ep_7c70f7c28f519324b5b1,207,17,0.1198432343234323,0.0302434114202049,300000000,1.0,0.1404702970297029,0.0330344070278184,0.0530746705710102,1,False,0
0,ep_7c70f7c28f519324b5b1,208,17,0.1032384488448844,0.0317075402635431,300000000,1.0,0.1349009900990099,0.0321650805270863,0.0530746705710102,1,False,0
0,ep_7c70f7c28f519324b5b1,209,17,0.0868399339933993,0.0319363103953147,300000000,1.0,0.1386138613861386,0.032119326500732,0.0530746705710102,1,False,0
0,ep_7c70f7c28f519324b5b1,210,17,0.1093234323432343,0.0301519033674963,300000000,1.0,0.1470709570957095,0.0317532942898975,0.0530746705710102,1,False,0
0,ep_7c70f7c28f519324b5b1,211,17,0.1169554455445544,0.0299231332357247,300000000,1.0,0.1522277227722772,0.029968887262079,0.0530746705710102,1,False,0
0,ep_7c70f7c28f519324b5b1,212,17,0.1297442244224422,0.0296943631039531,300000000,1.0,0.1509900990099009,0.0299231332357247,0.0530746705710102,1,False,0
0,ep_7c70f7c28f519324b5b1,213,17,0.1237623762376237,0.0301519033674963,300000000,1.0,0.1528465346534653,0.0314787701317716,0.0530746705710102,1,False,0
0,ep_7c70f7c28f519324b5b1,214,17,0.1181930693069306,0.030975475841874,300000000,1.0,0.1450082508250825,0.0311584919472913,0.0530746705710102,1,False,0
0,ep_7c70f7c28f519324b5b1,215,17,0.1144801980198019,0.0306094436310395,300000000,1.0,0.1454207920792079,0.0308839677891654,0.0530746705710102,1,False,0
0,ep_7c70f7c28f519324b5b1,216,18,0.1103547854785478,0.0287335285505124,300000000,1.0,0.1544966996699669,0.0307924597364568,0.0530746705710102,1,False,0
0,ep_7c70f7c28f519324b5b1,217,18,0.1225247524752475,0.0283674963396778,300000000,1.0,0.1509900990099009,0.0285962664714494,0.0530746705710102,1,False,0
0,ep_7c70f7c28f519324b5b1,218,18,0.1252062706270627,0.0287792825768667,300000000,1.0,0.1497524752475247,0.0290080527086383,0.0530746705710102,1,False,0
0,ep_7c70f7c28f519324b5b1,219,18,0.121493399339934,0.0283674963396778,300000000,1.0,0.1481023102310231,0.0287792825768667,0.0530746705710102,1,False,0
0,ep_7c70f7c28f519324b5b1,220,18,0.1283003300330033,0.0282302342606149,300000000,1.0,0.1485148514851485,0.0285505124450951,0.0530746705710102,1,False,0
0,ep_7c70f7c28f519324b5b1,221,18,0.1295379537953795,0.0276811859443631,300000000,1.0,0.1501650165016501,0.0282302342606149,0.0530746705710102,1,False,0
0,ep_7c70f7c28f519324b5b1,222,18,0.1034447194719472,0.0276811859443631,300000000,1.0,0.1408828382838284,0.0280929721815519,0.0530746705710102,1,False,0
0,ep_7c70f7c28f519324b5b1,223,18,0.1274752475247524,0.0278642020497803,300000000,1.0,0.1691419141914191,0.0287792825768667,0.0530746705710102,1,False,0
0,ep_7c70f7c28f519324b5b1,224,18,0.1243811881188118,0.0251647144948755,300000000,1.0,0.1408828382838284,0.0272693997071742,0.0530746705710102,1,False,0
0,ep_7c70f7c28f519324b5b1,225,18,0.1204620462046204,0.0250274524158125,300000000,1.0,0.1396452145214521,0.0250274524158125,0.0530746705710102,1,False,0
0,ep_7c70f7c28f519324b5b1,226,18,0.1219059405940594,0.0249359443631039,300000000,1.0,0.1394389438943894,0.0250732064421669,0.0530746705710102,1,False,0
0,ep_7c70f7c28f519324b5b1,227,18,0.1276815181518152,0.0240666178623718,300000000,1.0,0.1336633663366336,0.024524158125915,0.0530746705710102,1,False,0
0,ep_7c70f7c28f519324b5b1,228,19,0.1243811881188118,0.0237005856515373,300000000,1.0,0.1388201320132013,0.0237920937042459,0.0530746705710102,1,False,0
0,ep_7c70f7c28f519324b5b1,229,19,0.121493399339934,0.0232887994143484,300000000,1.0,0.1415016501650165,0.0237005856515373,0.0530746705710102,1,False,0
0,ep_7c70f7c28f519324b5b1,230,19,0.1128300330033003,0.0228541361639824,300000000,1.0,0.1373762376237624,0.0230142752562225,0.0530746705710102,1,False,0
0,ep_7c70f7c28f519324b5b1,231,19,0.1177805280528052,0.0224881039531478,300000000,1.0,0.1342821782178218,0.0226711200585651,0.0530746705710102,1,False,0
0,ep_7c70f7c28f519324b5b1,232,19,0.1268564356435643,0.0221678257686676,300000000,1.0,0.1332508250825082,0.0223050878477306,0.0530746705710102,1,False,0
0,ep_7c70f7c28f519324b5b1,233,19,0.1101485148514851,0.022373718887262,300000000,1.0,0.1377887788778878,0.0227397510980966,0.0530746705710102,1,False,0
0,ep_7c70f7c28f519324b5b1,234,19,0.1148927392739273,0.0227397510980966,300000000,1.0,0.1532590759075907,0.023082906295754,0.0530746705710102,1,False,0
0,ep_7c70f7c28f519324b5b1,235,19,0.1046823432343234,0.0228998901903367,300000000,1.0,0.1505775577557755,0.023654831625183,0.0530746705710102,1,False,0
0,ep_7c70f7c28f519324b5b1,236,19,0.1293316831683168,0.0226711200585651,300000000,1.0,0.1563531353135313,0.0231744143484626,0.0530746705710102,1,False,0
0,ep_7c70f7c28f519324b5b1,237,19,0.1243811881188118,0.0221220717423133,300000000,1.0,0.1427392739273927,0.0223050878477306,0.0530746705710102,1,False,0
0,ep_7c70f7c28f519324b5b1,238,19,0.1272689768976897,0.0218933016105417,300000000,1.0,0.1443894389438944,0.022076317715959,0.0530746705710102,1,False,0
0,ep_7c70f7c28f519324b5b1,239,19,0.1188118811881188,0.0220076866764275,300000000,1.0,0.141089108910891,0.022076317715959,0.0530746705710102,1,False,0
0,ep_7c70f7c28f519324b5b1,240,20,0.1179867986798679,0.0227397510980966,300000000,1.0,0.1377887788778878,0.0238836017569546,0.0530746705710102,1,False,0
0,ep_7c70f7c28f519324b5b1,241,20,0.1223184818481848,0.0243411420204978,300000000,1.0,0.1396452145214521,0.024524158125915,0.0530746705710102,1,False,0
0,ep_7c70f7c28f519324b5b1,242,20,0.1173679867986798,0.0244326500732064,300000000,1.0,0.1415016501650165,0.0252104685212298,0.0530746705710102,1,False,0
0,ep_7c70f7c28f519324b5b1,243,20,0.1163366336633663,0.0250732064421669,300000000,1.0,0.1392326732673267,0.0252562225475841,0.0530746705710102,1,False,0
0,ep_7c70f7c28f519324b5b1,244,20,0.1202557755775577,0.0248444363103953,300000000,1.0,0.1423267326732673,0.0250732064421669,0.0530746705710102,1,False,0
0,ep_7c70f7c28f519324b5b1,245,20,0.1252062706270627,0.0243411420204978,300000000,1.0,0.1359323432343234,0.024661420204978,0.0530746705710102,1,False,0
0,ep_7c70f7c28f519324b5b1,246,20,0.1208745874587458,0.0241123718887262,300000000,1.0,0.1441831683168316,0.0244326500732064,0.0530746705710102,1,False,0
0,ep_7c70f7c28f519324b5b1,247,20,0.1247937293729373,0.0224652269399707,300000000,1.0,0.1377887788778878,0.0226482430453879,0.0530746705710102,1,False,0
0,ep_7c70f7c28f519324b5b1,248,20,0.1256188118811881,0.0226711200585651,300000000,1.0,0.1406765676567656,0.0226939970717423,0.0530746705710102,1,False,0
0,ep_7c70f7c28f519324b5b1,249,20,0.1264438943894389,0.0224423499267935,300000000,1.0,0.1415016501650165,0.0226939970717423,0.0530746705710102,1,False,0
0,ep_7c70f7c28f519324b5b1,250,20,0.1266501650165016,0.0219161786237188,300000000,1.0,0.1474834983498349,0.0221220717423133,0.0530746705710102,1,False,0
0,ep_7c70f7c28f519324b5b1,251,20,0.1256188118811881,0.0216416544655929,300000000,1.0,0.1452145214521452,0.0217560395314787,0.0530746705710102,1,False,0
0,ep_7c70f7c28f519324b5b1,252,21,0.1258250825082508,0.0214128843338213,300000000,1.0,0.1423267326732673,0.0215272693997071,0.0530746705710102,1,False,0
0,ep_7c70f7c28f519324b5b1,253,21,0.1204620462046204,0.0211612371888726,300000000,1.0,0.1476897689768977,0.0216874084919472,0.0530746705710102,1,False,0
0,ep_7c70f7c28f519324b5b1,254,21,0.1252062706270627,0.0198572474377745,300000000,1.0,0.1470709570957095,0.0200860175695461,0.0530746705710102,1,False,0
0,ep_7c70f7c28f519324b5b1,255,21,0.1239686468646864,0.0199716325036603,300000000,1.0,0.1427392739273927,0.0200860175695461,0.0530746705710102,1,False,0
0,ep_7c70f7c28f519324b5b1,256,21,0.1192244224422442,0.0194454612005856,300000000,1.0,0.1394389438943894,0.01965135431918,0.0530746705710102,1,False,0
0,ep_7c70f7c28f519324b5b1,257,21,0.1241749174917491,0.0191938140556368,300000000,1.0,0.1481023102310231,0.0192853221083455,0.0530746705710102,1,False,0
0,ep_7c70f7c28f519324b5b1,258,21,0.1266501650165016,0.0189879209370424,300000000,1.0,0.1369636963696369,0.0191023060029282,0.0530746705710102,1,False,0
0,ep_7c70f7c28f519324b5b1,259,21,0.1256188118811881,0.0188049048316251,300000000,1.0,0.1359323432343234,0.0190336749633967,0.0530746705710102,1,False,0
0,ep_7c70f7c28f519324b5b1,260,21,0.1254125412541254,0.0185303806734992,300000000,1.0,0.1406765676567656,0.0186676427525622,0.0530746705710102,1,False,0
0,ep_7c70f7c28f519324b5b1,261,21,0.1243811881188118,0.0183244875549048,300000000,1.0,0.1332508250825082,0.0184617496339677,0.0530746705710102,1,False,0
0,ep_7c70f7c28f519324b5b1,262,21,0.1243811881188118,0.0189421669106881,300000000,1.0,0.1493399339933993,0.0192853221083455,0.0530746705710102,1,False,0
0,ep_7c70f7c28f519324b5b1,263,21,0.1258250825082508,0.0193310761346998,300000000,1.0,0.1476897689768977,0.01965135431918,0.0530746705710102,1,False,0
0,ep_7c70f7c28f519324b5b1,264,22,0.1157178217821782,0.0201088945827232,300000000,1.0,0.1398514851485148,0.0204978038067349,0.0530746705710102,1,False,0
0,ep_7c70f7c28f519324b5b1,265,22,0.1034447194719472,0.019788616398243,300000000,1.0,0.1353135313531353,0.0202004026354319,0.0530746705710102,1,False,0
0,ep_7c70f7c28f519324b5b1,266,22,0.1049917491749174,0.0190107979502196,300000000,1.0,0.1301567656765676,0.0195827232796486,0.0530746705710102,1,False,0
0,ep_7c70f7c28f519324b5b1,267,22,0.1128300330033003,0.0187133967789165,300000000,1.0,0.1289191419141914,0.0192624450951683,0.0530746705710102,1,False,0
0,ep_7c70f7c28f519324b5b1,268,22,0.1188118811881188,0.0190565519765739,300000000,1.0,0.1346947194719472,0.0192395680819912,0.0530746705710102,1,False,0
0,ep_7c70f7c28f519324b5b1,269,22,0.1266501650165016,0.0188506588579795,300000000,1.0,0.1365511551155115,0.0189192898975109,0.0530746705710102,1,False,0
0,ep_7c70f7c28f519324b5b1,270,22,0.1245874587458745,0.0192853221083455,300000000,1.0,0.1396452145214521,0.0199030014641288,0.0530746705710102,1,False,0
0,ep_7c70f7c28f519324b5b1,271,22,0.1274752475247524,0.0210926061493411,300000000,1.0,0.1559405940594059,0.026811859443631,0.0530746705710102,1,False,0
0,ep_7c70f7c28f519324b5b1,272,22,0.1297442244224422,0.0270863836017569,300000000,1.0,0.1557343234323432,0.0275896778916544,0.0530746705710102,1,False,0
0,ep_7c70f7c28f519324b5b1,273,22,0.1313943894389438,0.0270863836017569,300000000,1.0,0.1485148514851485,0.0273609077598828,0.0530746705710102,1,False,0
0,ep_7c70f7c28f519324b5b1,274,22,0.1311881188118812,0.0276354319180087,300000000,1.0,0.149546204620462,0.027955710102489,0.0530746705710102,1,False,0
0,ep_7c70f7c28f519324b5b1,275,22,0.125,0.0281387262079062,300000000,1.0,0.1526402640264026,0.0284132503660322,0.0530746705710102,1,False,0
0,ep_7c70f7c28f519324b5b1,276,23,0.1229372937293729,0.0271778916544655,300000000,1.0,0.1470709570957095,0.0285505124450951,0.0530746705710102,1,False,0
0,ep_7c70f7c28f519324b5b1,277,23,0.1204620462046204,0.0263085651537335,300000000,1.0,0.130569306930693,0.0263085651537335,0.0530746705710102,1,False,0
0,ep_7c70f7c28f519324b5b1,278,23,0.125,0.0263085651537335,300000000,1.0,0.1351072607260726,0.0263543191800878,0.0530746705710102,1,False,0
0,ep_7c70f7c28f519324b5b1,279,23,0.1204620462046204,0.0257137628111273,300000000,1.0,0.130569306930693,0.0262628111273792,0.0530746705710102,1,False,0
0,ep_7c70f7c28f519324b5b1,280,23,0.1122112211221122,0.0248444363103953,300000000,1.0,0.1326320132013201,0.0252104685212298,0.0530746705710102,1,False,0
0,ep_7c70f7c28f519324b5b1,281,23,0.1153052805280528,0.0245699121522694,300000000,1.0,0.1379950495049505,0.0247529282576866,0.0530746705710102,1,False,0
0,ep_7c70f7c28f519324b5b1,282,23,0.0973597359735973,0.0255765007320644,300000000,1.0,0.1303630363036303,0.0265830893118594,0.0530746705710102,1,False,0
0,ep_7c70f7c28f519324b5b1,283,23,0.1008663366336633,0.0263543191800878,300000000,1.0,0.1417079207920792,0.0267203513909224,0.0530746705710102,1,False,0
0,ep_7c70f7c28f519324b5b1,284,23,0.0996287128712871,0.0265373352855051,300000000,1.0,0.1396452145214521,0.0269033674963396,0.0530746705710102,1,False,0
0,ep_7c70f7c28f519324b5b1,285,23,0.1247937293729373,0.025805270863836,300000000,1.0,0.1511963696369637,0.0263543191800878,0.0530746705710102,1,False,0
0,ep_7c70f7c28f519324b5b1,286,23,0.1318069306930693,0.0252562225475841,300000000,1.0,0.1532590759075907,0.025805270863836,0.0530746705710102,1,False,0
0,ep_7c70f7c28f519324b5b1,287,23,0.1155115511551155,0.0258510248901903,300000000,1.0,0.1592409240924092,0.0263543191800878,0.0530746705710102,1,False,0
0,ep_82cbe00827435fff0953,264,22,0.0554730176681461,0.0395993209471399,116000000,0.3866666666666666,0.1216996699669967,0.0534407027818448,0.085010980966325,2,False,0
0,ep_82cbe00827435fff0953,265,22,0.075082508250825,0.0511530014641288,300000000,1.0,0.0935437293729373,0.0538067349926793,0.085010980966325,1,False,0
0,ep_82cbe00827435fff0953,266,22,0.0726072607260726,0.0499633967789165,300000000,1.0,0.0873556105610561,0.0500549048316251,0.085010980966325,1,False,0
0,ep_82cbe00827435fff0953,267,22,0.075082508250825,0.0500549048316251,300000000,1.0,0.1056105610561056,0.0517020497803806,0.085010980966325,1,False,0
0,ep_82cbe00827435fff0953,268,22,0.0792079207920792,0.0505124450951683,300000000,1.0,0.1243811881188118,0.0544472913616398,0.085010980966325,1,False,0
0,ep_82cbe00827435fff0953,269,22,0.0798267326732673,0.0506954612005856,300000000,1.0,0.1177805280528052,0.0532576866764275,0.085010980966325,1,False,0
0,ep_82cbe00827435fff0953,270,22,0.0825082508250825,0.0508784773060029,300000000,1.0,0.1421204620462046,0.0544472913616398,0.085010980966325,1,False,0
0,ep_82cbe00827435fff0953,271,22,0.0758044554455445,0.0517020497803806,300000000,1.0,0.1084983498349834,0.0549963396778916,0.085010980966325,1,False,0
0,ep_82cbe00827435fff0953,272,22,0.0867367986798679,0.0557284040995607,300000000,1.0,0.1186056105610561,0.0571925329428989,0.085010980966325,1,False,0
0,ep_82cbe00827435fff0953,273,22,0.0843646864686468,0.0547218155197657,300000000,1.0,0.1210808580858085,0.058199121522694,0.085010980966325,1,False,0
0,ep_82cbe00827435fff0953,274,22,0.0827406490649065,0.053482186432406,300000000,1.0,0.1227310231023102,0.0550878477306002,0.085010980966325,2,False,0
0,ep_82cbe00827435fff0953,275,22,0.0872524752475247,0.0545387994143484,300000000,1.0,0.1264438943894389,0.0571925329428989,0.085010980966325,1,False,0
0,ep_82cbe00827435fff0953,276,23,0.0804455445544554,0.0546303074670571,300000000,1.0,0.1074669966996699,0.0561859443631039,0.085010980966325,1,False,0
0,ep_82cbe00827435fff0953,277,23,0.0869860423542354,0.0539912762323084,300000000,1.0,0.1402640264026402,0.0571010248901903,0.085010980966325,2,False,0
0,ep_82cbe00827435fff0953,278,23,0.0908622112211221,0.0540812591508052,300000000,1.0,0.1194306930693069,0.0581076134699853,0.085010980966325,1,False,0
0,ep_82cbe00827435fff0953,279,23,0.0854991749174917,0.0589311859443631,300000000,1.0,0.1297442244224422,0.0611273792093704,0.085010980966325,1,False,0
0,ep_82cbe00827435fff0953,280,23,0.0801361386138613,0.0585651537335285,300000000,1.0,0.1066419141914191,0.0593887262079063,0.085010980966325,1,False,0
0,ep_82cbe00827435fff0953,281,23,0.0835739823982398,0.0575024402147388,300000000,1.0,0.1117986798679868,0.0592972181551976,0.085010980966325,2,False,0
0,ep_82cbe00827435fff0953,282,23,0.0827145214521452,0.061218887262079,300000000,1.0,0.1097359735973597,0.0651537335285505,0.085010980966325,1,False,0
0,ep_82cbe00827435fff0953,283,23,0.0780734323432343,0.0634150805270863,300000000,1.0,0.1138613861386138,0.0666178623718887,0.085010980966325,1,False,0
0,ep_82cbe00827435fff0953,284,23,0.0787953795379537,0.0643301610541727,300000000,1.0,0.1167491749174917,0.0666178623718887,0.085010980966325,1,False,0
0,ep_82cbe00827435fff0953,285,23,0.0784859735973597,0.0646961932650073,300000000,1.0,0.1012788778877887,0.0661603221083455,0.085010980966325,1,False,0
0,ep_82cbe00827435fff0953,286,23,0.0831270627062706,0.0656875305026842,300000000,1.0,0.1231435643564356,0.0670754026354319,0.085010980966325,2,False,0
0,ep_82cbe00827435fff0953,287,23,0.0767326732673267,0.067807467057101,300000000,1.0,0.0992161716171617,0.0695461200585651,0.085010980966325,1,False,0
0,ep_8734e8e23a0140428a5f,0,0,0.1140676567656765,0.1026720351390922,300000000,1.0,0.1732673267326732,0.1035871156661786,0.1248169838945827,1,False,0
0,ep_8734e8e23a0140428a5f,1,0,0.1227310231023102,0.1024890190336749,300000000,1.0,0.1718234323432343,0.1034040995607613,0.1248169838945827,1,False,0
0,ep_8734e8e23a0140428a5f,2,0,0.1264438943894389,0.1024890190336749,300000000,1.0,0.1868811881188118,0.1034040995607613,0.1248169838945827,1,False,0
0,ep_8734e8e23a0140428a5f,3,0,0.1252062706270627,0.1026720351390922,300000000,1.0,0.180486798679868,0.1034040995607613,0.1248169838945827,1,False,0
0,ep_8734e8e23a0140428a5f,4,0,0.1171617161716171,0.1023060029282576,300000000,1.0,0.1782178217821782,0.1035871156661786,0.1248169838945827,1,False,0
0,ep_8734e8e23a0140428a5f,5,0,0.1237623762376237,0.1028550512445095,300000000,1.0,0.1811056105610561,0.1039531478770131,0.1248169838945827,1,False,0
0,ep_8734e8e23a0140428a5f,6,0,0.1231435643564356,0.1028550512445095,300000000,1.0,0.175536303630363,0.1039531478770131,0.1248169838945827,1,False,0
0,ep_8734e8e23a0140428a5f,7,0,0.1243811881188118,0.1024890190336749,300000000,1.0,0.1771864686468647,0.1039531478770131,0.1248169838945827,1,False,0
0,ep_8734e8e23a0140428a5f,8,0,0.0920998349834983,0.1023060029282576,300000000,1.0,0.1303630363036303,0.103221083455344,0.1248169838945827,1,False,0
0,ep_8734e8e23a0140428a5f,9,0,0.0876650165016501,0.1024890190336749,300000000,1.0,0.127062706270627,0.1035871156661786,0.1248169838945827,1,False,0
0,ep_8734e8e23a0140428a5f,10,0,0.0897277227722772,0.1024890190336749,300000000,1.0,0.123556105610561,0.1039531478770131,0.1248169838945827,1,False,0
0,ep_8734e8e23a0140428a5f,11,0,0.1012788778877887,0.1017569546120058,300000000,1.0,0.146039603960396,0.1026720351390922,0.1248169838945827,1,False,0
0,ep_8734e8e23a0140428a5f,12,1,0.0984942244224422,0.1024890190336749,300000000,1.0,0.1468646864686468,0.1037701317715959,0.1248169838945827,1,False,0
0,ep_8734e8e23a0140428a5f,13,1,0.1033415841584158,0.1024890190336749,300000000,1.0,0.1499587458745874,0.1037701317715959,0.1248169838945827,1,False,0
0,ep_8734e8e23a0140428a5f,14,1,0.1070544554455445,0.1026720351390922,300000000,1.0,0.1788366336633663,0.1037701317715959,0.1248169838945827,1,False,0
0,ep_8734e8e23a0140428a5f,15,1,0.1006600660066006,0.1019399707174231,300000000,1.0,0.1466584158415841,0.1037701317715959,0.1248169838945827,1,False,0
0,ep_8734e8e23a0140428a5f,16,1,0.1128300330033003,0.1026720351390922,300000000,1.0,0.1796617161716171,0.1039531478770131,0.1248169838945827,1,False,0
0,ep_8734e8e23a0140428a5f,17,1,0.09756600660066,0.1023060029282576,300000000,1.0,0.1641914191419141,0.1039531478770131,0.1248169838945827,1,False,0
0,ep_8734e8e23a0140428a5f,18,1,0.095503300330033,0.1021229868228404,300000000,1.0,0.1542904290429043,0.1039531478770131,0.1248169838945827,1,False,0
0,ep_8734e8e23a0140428a5f,19,1,0.0987004950495049,0.1023060029282576,300000000,1.0,0.1625412541254125,0.1035871156661786,0.1248169838945827,1,False,0
0,ep_8734e8e23a0140428a5f,20,1,0.1103547854785478,0.1024890190336749,300000000,1.0,0.1594471947194719,0.1039531478770131,0.1248169838945827,1,False,0
0,ep_8734e8e23a0140428a5f,21,1,0.1363448844884488,0.1026720351390922,300000000,1.0,0.1916254125412541,0.1039531478770131,0.1248169838945827,1,False,0
0,ep_8734e8e23a0140428a5f,22,1,0.1295379537953795,0.1017569546120058,300000000,1.0,0.1971947194719472,0.1039531478770131,0.1248169838945827,1,False,0
0,ep_8734e8e23a0140428a5f,23,1,0.1014851485148514,0.1023060029282576,300000000,1.0,0.1943069306930693,0.103221083455344,0.1248169838945827,1,False,0
0,ep_8734e8e23a0140428a5f,24,2,0.1013820132013201,0.101207906295754,300000000,1.0,0.1493399339933993,0.1034040995607613,0.1248169838945827,1,False,0
0,ep_8734e8e23a0140428a5f,25,2,0.0920998349834983,0.1017569546120058,300000000,1.0,0.1379950495049505,0.1030380673499267,0.1248169838945827,1,False,0
0,ep_8734e8e23a0140428a5f,26,2,0.0892120462046204,0.1004758418740849,300000000,1.0,0.1289191419141914,0.103221083455344,0.1248169838945827,1,False,0
0,ep_8734e8e23a0140428a5f,27,2,0.0946782178217821,0.1013909224011713,300000000,1.0,0.1278877887788778,0.103221083455344,0.1248169838945827,1,False,0
0,ep_8734e8e23a0140428a5f,28,2,0.1013820132013201,0.099926793557833,300000000,1.0,0.1415016501650165,0.103221083455344,0.1248169838945827,1,False,0
0,ep_8734e8e23a0140428a5f,29,2,0.1014851485148514,0.1004758418740849,300000000,1.0,0.1359323432343234,0.103221083455344,0.1248169838945827,1,False,0
0,ep_8734e8e23a0140428a5f,30,2,0.1163366336633663,0.1017569546120058,300000000,1.0,0.1736798679867986,0.1030380673499267,0.1248169838945827,1,False,0
0,ep_8734e8e23a0140428a5f,31,2,0.1161303630363036,0.1019399707174231,300000000,1.0,0.1660478547854785,0.103221083455344,0.1248169838945827,1,False,0
0,ep_8734e8e23a0140428a5f,32,2,0.1192244224422442,0.1001098096632503,300000000,1.0,0.194513201320132,0.103221083455344,0.1248169838945827,1,False,0
0,ep_8734e8e23a0140428a5f,33,2,0.1138613861386138,0.1008418740849194,300000000,1.0,0.1672854785478547,0.103221083455344,0.1248169838945827,1,False,0
0,ep_8734e8e23a0140428a5f,34,2,0.1058168316831683,0.101207906295754,300000000,1.0,0.1441831683168316,0.103221083455344,0.1248169838945827,1,False,0
0,ep_8734e8e23a0140428a5f,35,2,0.108085808580858,0.1015739385065885,300000000,1.0,0.1553217821782178,0.1034040995607613,0.1248169838945827,1,False,0
0,ep_8734e8e23a0140428a5f,36,3,0.109529702970297,0.1013909224011713,300000000,1.0,0.1627475247524752,0.1034040995607613,0.1248169838945827,1,False,0
0,ep_8734e8e23a0140428a5f,37,3,0.1101485148514851,0.1015739385065885,300000000,1.0,0.1592409240924092,0.103221083455344,0.1248169838945827,1,False,0
0,ep_8734e8e23a0140428a5f,38,3,0.1150990099009901,0.1019399707174231,300000000,1.0,0.1705858085808581,0.1034040995607613,0.1248169838945827,1,False,0
0,ep_8734e8e23a0140428a5f,39,3,0.1173679867986798,0.1017569546120058,300000000,1.0,0.1885313531353135,0.1035871156661786,0.1248169838945827,1,False,0
0,ep_8734e8e23a0140428a5f,40,3,0.1054042904290429,0.1010248901903367,300000000,1.0,0.1866749174917491,0.1034040995607613,0.1248169838945827,1,False,0
0,ep_8734e8e23a0140428a5f,41,3,0.1146864686468646,0.1023060029282576,300000000,1.0,0.1625412541254125,0.1037701317715959,0.1248169838945827,1,False,0
0,ep_8734e8e23a0140428a5f,42,3,0.111592409240924,0.1021229868228404,300000000,1.0,0.1699669966996699,0.1039531478770131,0.1248169838945827,1,False,0
0,ep_8734e8e23a0140428a5f,43,3,0.1064356435643564,0.1021229868228404,300000000,1.0,0.1687293729372937,0.1039531478770131,0.1248169838945827,1,False,0
0,ep_8734e8e23a0140428a5f,44,3,0.0935437293729373,0.1019399707174231,300000000,1.0,0.1687293729372937,0.1034040995607613,0.1248169838945827,1,False,0
0,ep_8734e8e23a0140428a5f,45,3,0.1072607260726072,0.1019399707174231,300000000,1.0,0.1691419141914191,0.1039531478770131,0.1248169838945827,1,False,0
0,ep_8734e8e23a0140428a5f,46,3,0.1124174917491749,0.1017569546120058,300000000,1.0,0.1674917491749175,0.1039531478770131,0.1248169838945827,1,False,0
0,ep_8734e8e23a0140428a5f,47,3,0.1140676567656765,0.1023060029282576,300000000,1.0,0.1771864686468647,0.1039531478770131,0.1248169838945827,1,False,0
0,ep_8734e8e23a0140428a5f,48,4,0.1051980198019802,0.1024890190336749,300000000,1.0,0.1551155115511551,0.1039531478770131,0.1248169838945827,1,False,0
0,ep_8734e8e23a0140428a5f,49,4,0.1105610561056105,0.1021229868228404,300000000,1.0,0.1493399339933993,0.1039531478770131,0.1248169838945827,1,False,0
0,ep_8734e8e23a0140428a5f,50,4,0.1070544554455445,0.1023060029282576,300000000,1.0,0.168523102310231,0.1034040995607613,0.1248169838945827,1,False,0
0,ep_8734e8e23a0140428a5f,51,4,0.1136551155115511,0.1026720351390922,300000000,1.0,0.1868811881188118,0.1039531478770131,0.1248169838945827,1,False,0
0,ep_8734e8e23a0140428a5f,52,4,0.1150990099009901,0.1021229868228404,300000000,1.0,0.1703795379537953,0.1039531478770131,0.1248169838945827,1,False,0
0,ep_8734e8e23a0140428a5f,53,4,0.1107673267326732,0.1024890190336749,300000000,1.0,0.1687293729372937,0.1037701317715959,0.1248169838945827,1,False,0
0,ep_8734e8e23a0140428a5f,54,4,0.1144801980198019,0.1024890190336749,300000000,1.0,0.1596534653465346,0.1037701317715959,0.1248169838945827,1,False,0
0,ep_8734e8e23a0140428a5f,55,4,0.1105610561056105,0.1021229868228404,300000000,1.0,0.1687293729372937,0.1039531478770131,0.1248169838945827,1,False,0
0,ep_8734e8e23a0140428a5f,56,4,0.1097359735973597,0.1024890190336749,300000000,1.0,0.1666666666666666,0.1039531478770131,0.1248169838945827,1,False,0
0,ep_8734e8e23a0140428a5f,57,4,0.1148927392739273,0.1026720351390922,300000000,1.0,0.1633663366336633,0.1039531478770131,0.1248169838945827,1,False,0
0,ep_8734e8e23a0140428a5f,58,4,0.1150990099009901,0.1021229868228404,300000000,1.0,0.1646039603960396,0.1039531478770131,0.1248169838945827,1,False,0
0,ep_8734e8e23a0140428a5f,59,4,0.1186056105610561,0.1024890190336749,300000000,1.0,0.1738861386138613,0.1039531478770131,0.1248169838945827,1,False,0
0,ep_8734e8e23a0140428a5f,60,5,0.1206683168316831,0.1024890190336749,300000000,1.0,0.1881188118811881,0.1039531478770131,0.1248169838945827,1,False,0
0,ep_8734e8e23a0140428a5f,61,5,0.1216996699669967,0.1026720351390922,300000000,1.0,0.1780115511551155,0.1039531478770131,0.1248169838945827,1,False,0
0,ep_8734e8e23a0140428a5f,62,5,0.1301567656765676,0.1028550512445095,300000000,1.0,0.1893564356435643,0.1039531478770131,0.1248169838945827,1,False,0
0,ep_8734e8e23a0140428a5f,63,5,0.1076732673267326,0.1021229868228404,300000000,1.0,0.163572607260726,0.1039531478770131,0.1248169838945827,1,False,0
0,ep_8734e8e23a0140428a5f,64,5,0.1018976897689769,0.1019399707174231,300000000,1.0,0.1712046204620462,0.1039531478770131,0.1248169838945827,1,False,0
0,ep_8734e8e23a0140428a5f,65,5,0.1105610561056105,0.1023060029282576,300000000,1.0,0.1559405940594059,0.1039531478770131,0.1248169838945827,1,False,0
0,ep_8734e8e23a0140428a5f,66,5,0.1132425742574257,0.1021229868228404,300000000,1.0,0.1875,0.1035871156661786,0.1248169838945827,1,False,0
0,ep_8734e8e23a0140428a5f,67,5,0.1105610561056105,0.1019399707174231,300000000,1.0,0.1633663366336633,0.1039531478770131,0.1248169838945827,1,False,0
0,ep_8734e8e23a0140428a5f,68,5,0.1208745874587458,0.1024890190336749,300000000,1.0,0.1732673267326732,0.1039531478770131,0.1248169838945827,1,False,0
0,ep_8734e8e23a0140428a5f,69,5,0.121493399339934,0.1023060029282576,300000000,1.0,0.1885313531353135,0.1039531478770131,0.1248169838945827,1,False,0
0,ep_8734e8e23a0140428a5f,70,5,0.1196369636963696,0.1023060029282576,300000000,1.0,0.1850247524752475,0.1039531478770131,0.1248169838945827,1,False,0
0,ep_8734e8e23a0140428a5f,71,5,0.1140676567656765,0.1023060029282576,300000000,1.0,0.1683168316831683,0.1039531478770131,0.1248169838945827,1,False,0
0,ep_8734e8e23a0140428a5f,72,6,0.1153052805280528,0.1024890190336749,300000000,1.0,0.1621287128712871,0.1039531478770131,0.1248169838945827,1,False,0
0,ep_8734e8e23a0140428a5f,73,6,0.1124174917491749,0.1021229868228404,300000000,1.0,0.165016501650165,0.1039531478770131,0.1248169838945827,1,False,0
0,ep_8734e8e23a0140428a5f,74,6,0.1153052805280528,0.1024890190336749,300000000,1.0,0.1693481848184818,0.1039531478770131,0.1248169838945827,1,False,0
0,ep_8734e8e23a0140428a5f,75,6,0.1155115511551155,0.1023060029282576,300000000,1.0,0.1823432343234323,0.1039531478770131,0.1248169838945827,1,False,0
0,ep_8734e8e23a0140428a5f,76,6,0.1055074257425742,0.1019399707174231,300000000,1.0,0.1503712871287128,0.1034040995607613,0.1248169838945827,1,False,0
0,ep_8734e8e23a0140428a5f,77,6,0.1097359735973597,0.1021229868228404,300000000,1.0,0.1594471947194719,0.1041361639824304,0.1248169838945827,1,False,0
0,ep_8734e8e23a0140428a5f,78,6,0.1117986798679868,0.1019399707174231,300000000,1.0,0.1553217821782178,0.1034040995607613,0.1248169838945827,1,False,0
0,ep_8734e8e23a0140428a5f,79,6,0.125,0.1023060029282576,300000000,1.0,0.1821369636963696,0.1039531478770131,0.1248169838945827,1,False,0
0,ep_8734e8e23a0140428a5f,80,6,0.1276815181518152,0.1024890190336749,300000000,1.0,0.1775990099009901,0.1039531478770131,0.1248169838945827,1,False,0
0,ep_8734e8e23a0140428a5f,81,6,0.123556105610561,0.1023060029282576,300000000,1.0,0.1757425742574257,0.1037701317715959,0.1248169838945827,1,False,0
0,ep_8734e8e23a0140428a5f,82,6,0.1239686468646864,0.1021229868228404,300000000,1.0,0.1751237623762376,0.1039531478770131,0.1248169838945827,1,False,0
0,ep_8734e8e23a0140428a5f,83,6,0.1155115511551155,0.1015739385065885,300000000,1.0,0.1588283828382838,0.1039531478770131,0.1248169838945827,1,False,0
0,ep_8734e8e23a0140428a5f,84,7,0.1225247524752475,0.1019399707174231,300000000,1.0,0.182549504950495,0.1037701317715959,0.1248169838945827,1,False,0
0,ep_8734e8e23a0140428a5f,85,7,0.1256188118811881,0.1024890190336749,300000000,1.0,0.1658415841584158,0.1039531478770131,0.1248169838945827,1,False,0
0,ep_8734e8e23a0140428a5f,86,7,0.1326320132013201,0.1024890190336749,300000000,1.0,0.1862623762376237,0.1039531478770131,0.1248169838945827,1,False,0
0,ep_8734e8e23a0140428a5f,87,7,0.1227310231023102,0.1023060029282576,300000000,1.0,0.1765676567656765,0.1039531478770131,0.1248169838945827,1,False,0
0,ep_8734e8e23a0140428a5f,88,7,0.1324257425742574,0.1019399707174231,300000000,1.0,0.1897689768976897,0.1039531478770131,0.1248169838945827,1,False,0
0,ep_8734e8e23a0140428a5f,89,7,0.1066419141914191,0.1024890190336749,300000000,1.0,0.1794554455445544,0.1039531478770131,0.1248169838945827,1,False,0
0,ep_8734e8e23a0140428a5f,90,7,0.1099422442244224,0.1015739385065885,300000000,1.0,0.1738861386138613,0.1034040995607613,0.1248169838945827,1,False,0
0,ep_8734e8e23a0140428a5f,91,7,0.0973597359735973,0.1013909224011713,300000000,1.0,0.1336633663366336,0.1023060029282576,0.1248169838945827,1,False,0
0,ep_8734e8e23a0140428a5f,92,7,0.1412953795379538,0.1019399707174231,300000000,1.0,0.2083333333333333,0.1039531478770131,0.1248169838945827,1,False,0
0,ep_8734e8e23a0140428a5f,93,7,0.0864273927392739,0.0838213762811127,300000000,1.0,0.1619224422442244,0.0971815519765739,0.1248169838945827,1,False,0
0,ep_8734e8e23a0140428a5f,94,7,0.1070544554455445,0.0786969253294289,300000000,1.0,0.137582508250825,0.0917825768667642,0.1248169838945827,1,False,0
0,ep_8734e8e23a0140428a5f,95,7,0.106023102310231,0.095900439238653,300000000,1.0,0.1394389438943894,0.1010248901903367,0.1248169838945827,1,False,0
0,ep_8734e8e23a0140428a5f,96,8,0.1128300330033003,0.1002928257686676,300000000,1.0,0.1520214521452145,0.1028550512445095,0.1248169838945827,1,False,0
0,ep_8734e8e23a0140428a5f,97,8,0.1105610561056105,0.1006588579795021,300000000,1.0,0.1423267326732673,0.1028550512445095,0.1248169838945827,1,False,0
0,ep_8734e8e23a0140428a5f,98,8,0.1144801980198019,0.1013909224011713,300000000,1.0,0.153052805280528,0.1028550512445095,0.1248169838945827,1,False,0
0,ep_8734e8e23a0140428a5f,99,8,0.1192244224422442,0.1017569546120058,300000000,1.0,0.1881188118811881,0.1028550512445095,0.1248169838945827,1,False,0
0,ep_8734e8e23a0140428a5f,100,8,0.1258250825082508,0.1021229868228404,300000000,1.0,0.1866749174917491,0.1034040995607613,0.1248169838945827,1,False,0
0,ep_8734e8e23a0140428a5f,101,8,0.116542904290429,0.1019399707174231,300000000,1.0,0.1757425742574257,0.1035871156661786,0.1248169838945827,1,False,0
0,ep_8734e8e23a0140428a5f,102,8,0.1186056105610561,0.1021229868228404,300000000,1.0,0.1689356435643564,0.1035871156661786,0.1248169838945827,1,False,0
0,ep_8734e8e23a0140428a5f,103,8,0.1039603960396039,0.1017569546120058,300000000,1.0,0.1412953795379538,0.103221083455344,0.1248169838945827,1,False,0
0,ep_8734e8e23a0140428a5f,104,8,0.1064356435643564,0.1026720351390922,300000000,1.0,0.1559405940594059,0.1034040995607613,0.1248169838945827,1,False,0
0,ep_8734e8e23a0140428a5f,105,8,0.0951938943894389,0.1017569546120058,300000000,1.0,0.1435643564356435,0.103221083455344,0.1248169838945827,1,False,0
0,ep_8734e8e23a0140428a5f,106,8,0.0946782178217821,0.1021229868228404,300000000,1.0,0.1301567656765676,0.103221083455344,0.1248169838945827,1,False,0
0,ep_8734e8e23a0140428a5f,107,8,0.0959158415841584,0.1019399707174231,300000000,1.0,0.1429455445544554,0.1024890190336749,0.1248169838945827,1,False,0
0,ep_8734e8e23a0140428a5f,108,9,0.09756600660066,0.1019399707174231,300000000,1.0,0.1311881188118812,0.1026720351390922,0.1248169838945827,1,False,0
0,ep_8734e8e23a0140428a5f,109,9,0.0899339933993399,0.1015739385065885,300000000,1.0,0.1295379537953795,0.1026720351390922,0.1248169838945827,1,False,0
0,ep_8734e8e23a0140428a5f,110,9,0.1001443894389439,0.1026720351390922,300000000,1.0,0.158003300330033,0.1034040995607613,0.1248169838945827,1,False,0
0,ep_8734e8e23a0140428a5f,111,9,0.095503300330033,0.1015739385065885,300000000,1.0,0.1493399339933993,0.103221083455344,0.1248169838945827,1,False,0
0,ep_8734e8e23a0140428a5f,112,9,0.0925123762376237,0.1017569546120058,300000000,1.0,0.1223184818481848,0.1030380673499267,0.1248169838945827,1,False,0
0,ep_8734e8e23a0140428a5f,113,9,0.0930280528052805,0.1021229868228404,300000000,1.0,0.1400577557755775,0.1030380673499267,0.1248169838945827,1,False,0
0,ep_8734e8e23a0140428a5f,114,9,0.091996699669967,0.1017569546120058,300000000,1.0,0.139026402640264,0.103221083455344,0.1248169838945827,1,False,0
0,ep_8734e8e23a0140428a5f,115,9,0.0869430693069306,0.1021229868228404,300000000,1.0,0.1278877887788778,0.1035871156661786,0.1248169838945827,1,False,0
0,ep_8734e8e23a0140428a5f,116,9,0.0995255775577557,0.103221083455344,300000000,1.0,0.1596534653465346,0.1039531478770131,0.1248169838945827,1,False,0
0,ep_8734e8e23a0140428a5f,117,9,0.090552805280528,0.1028550512445095,300000000,1.0,0.1365511551155115,0.1039531478770131,0.1248169838945827,1,False,0
0,ep_8734e8e23a0140428a5f,118,9,0.0901402640264026,0.1026720351390922,300000000,1.0,0.1313943894389438,0.1039531478770131,0.1248169838945827,1,False,0
0,ep_8734e8e23a0140428a5f,119,9,0.0890057755775577,0.1024890190336749,300000000,1.0,0.1216996699669967,0.1037701317715959,0.1248169838945827,1,False,0
0,ep_8734e8e23a0140428a5f,120,10,0.0915841584158415,0.1023060029282576,300000000,1.0,0.1421204620462046,0.1037701317715959,0.1248169838945827,1,False,0
0,ep_8734e8e23a0140428a5f,121,10,0.0882838283828382,0.1026720351390922,300000000,1.0,0.1153052805280528,0.1037701317715959,0.1248169838945827,1,False,0
0,ep_8734e8e23a0140428a5f,122,10,0.0911716171617161,0.103221083455344,300000000,1.0,0.1485148514851485,0.1039531478770131,0.1248169838945827,1,False,0
0,ep_8734e8e23a0140428a5f,123,10,0.0950907590759076,0.1030380673499267,300000000,1.0,0.1336633663366336,0.1039531478770131,0.1248169838945827,1,False,0
0,ep_8734e8e23a0140428a5f,124,10,0.0929249174917491,0.1019399707174231,300000000,1.0,0.1553217821782178,0.1039531478770131,0.1248169838945827,1,False,0
0,ep_8734e8e23a0140428a5f,125,10,0.0901402640264026,0.1026720351390922,300000000,1.0,0.1441831683168316,0.1037701317715959,0.1248169838945827,1,False,0
0,ep_8734e8e23a0140428a5f,126,10,0.09756600660066,0.1024890190336749,300000000,1.0,0.1349009900990099,0.1039531478770131,0.1248169838945827,1,False,0
0,ep_8734e8e23a0140428a5f,127,10,0.0988036303630363,0.1028550512445095,300000000,1.0,0.1483085808580858,0.1039531478770131,0.1248169838945827,1,False,0
0,ep_8734e8e23a0140428a5f,128,10,0.0900371287128712,0.1021229868228404,300000000,1.0,0.1252062706270627,0.1026720351390922,0.1248169838945827,1,False,0
0,ep_8734e8e23a0140428a5f,129,10,0.0874587458745874,0.1026720351390922,300000000,1.0,0.1254125412541254,0.1035871156661786,0.1248169838945827,1,False,0
0,ep_8734e8e23a0140428a5f,130,10,0.0971534653465346,0.1026720351390922,300000000,1.0,0.1299504950495049,0.1037701317715959,0.1248169838945827,1,False,0
0,ep_8734e8e23a0140428a5f,131,10,0.0948844884488448,0.1023060029282576,300000000,1.0,0.1394389438943894,0.1037701317715959,0.1248169838945827,1,False,0
0,ep_8734e8e23a0140428a5f,132,11,0.0965346534653465,0.1023060029282576,300000000,1.0,0.1412953795379538,0.1035871156661786,0.1248169838945827,1,False,0
0,ep_8734e8e23a0140428a5f,133,11,0.1031353135313531,0.1030380673499267,300000000,1.0,0.1396452145214521,0.1037701317715959,0.1248169838945827,1,False,0
0,ep_8734e8e23a0140428a5f,134,11,0.1064356435643564,0.1030380673499267,300000000,1.0,0.1423267326732673,0.1039531478770131,0.1248169838945827,1,False,0
0,ep_8734e8e23a0140428a5f,135,11,0.104269801980198,0.1028550512445095,300000000,1.0,0.1466584158415841,0.1039531478770131,0.1248169838945827,1,False,0
0,ep_8734e8e23a0140428a5f,136,11,0.0912747524752475,0.1019399707174231,300000000,1.0,0.1274752475247524,0.1024890190336749,0.1248169838945827,1,False,0
0,ep_8734e8e23a0140428a5f,137,11,0.0978754125412541,0.1026720351390922,300000000,1.0,0.1316006600660066,0.1037701317715959,0.1248169838945827,1,False,0
0,ep_8734e8e23a0140428a5f,138,11,0.08003300330033,0.1021229868228404,300000000,1.0,0.1396452145214521,0.1037701317715959,0.1248169838945827,1,False,0
0,ep_8734e8e23a0140428a5f,139,11,0.1017945544554455,0.1026720351390922,300000000,1.0,0.180486798679868,0.1037701317715959,0.1248169838945827,1,False,0
0,ep_8734e8e23a0140428a5f,140,11,0.0951938943894389,0.1019399707174231,300000000,1.0,0.1377887788778878,0.1024890190336749,0.1248169838945827,1,False,0
0,ep_8734e8e23a0140428a5f,141,11,0.1055074257425742,0.1026720351390922,300000000,1.0,0.1549092409240924,0.1037701317715959,0.1248169838945827,1,False,0
0,ep_8734e8e23a0140428a5f,142,11,0.1062293729372937,0.1024890190336749,300000000,1.0,0.1431518151815181,0.1037701317715959,0.1248169838945827,1,False,0
0,ep_8734e8e23a0140428a5f,143,11,0.1087046204620462,0.103221083455344,300000000,1.0,0.1433580858085808,0.1039531478770131,0.1248169838945827,1,False,0
0,ep_8734e8e23a0140428a5f,144,12,0.102516501650165,0.1017569546120058,300000000,1.0,0.168523102310231,0.1039531478770131,0.1248169838945827,1,False,0
0,ep_8734e8e23a0140428a5f,145,12,0.0984942244224422,0.1019399707174231,300000000,1.0,0.1384075907590759,0.1024890190336749,0.1248169838945827,1,False,0
0,ep_8734e8e23a0140428a5f,146,12,0.1046823432343234,0.1030380673499267,300000000,1.0,0.1441831683168316,0.1037701317715959,0.1248169838945827,1,False,0
0,ep_8734e8e23a0140428a5f,147,12,0.0924092409240924,0.1021229868228404,300000000,1.0,0.1287128712871287,0.1034040995607613,0.1248169838945827,1,False,0
0,ep_8734e8e23a0140428a5f,148,12,0.0946782178217821,0.1023060029282576,300000000,1.0,0.1328382838283828,0.1034040995607613,0.1248169838945827,1,False,0
0,ep_8734e8e23a0140428a5f,149,12,0.0876650165016501,0.1021229868228404,300000000,1.0,0.1262376237623762,0.103221083455344,0.1248169838945827,1,False,0
0,ep_8734e8e23a0140428a5f,150,12,0.1001443894389439,0.1023060029282576,300000000,1.0,0.1445957095709571,0.1034040995607613,0.1248169838945827,1,False,0
0,ep_8734e8e23a0140428a5f,151,12,0.1013820132013201,0.1017569546120058,300000000,1.0,0.1443894389438944,0.1024890190336749,0.1248169838945827,1,False,0
0,ep_8734e8e23a0140428a5f,152,12,0.1070544554455445,0.1034040995607613,300000000,1.0,0.1448019801980198,0.1037701317715959,0.1248169838945827,1,False,0
0,ep_8734e8e23a0140428a5f,153,12,0.0915841584158415,0.101207906295754,300000000,1.0,0.1476897689768977,0.1037701317715959,0.1248169838945827,1,False,0
0,ep_8734e8e23a0140428a5f,154,12,0.1241749174917491,0.1021229868228404,300000000,1.0,0.1549092409240924,0.1026720351390922,0.1248169838945827,1,False,0
0,ep_8734e8e23a0140428a5f,155,12,0.1299504950495049,0.1021229868228404,300000000,1.0,0.1749174917491749,0.1034040995607613,0.1248169838945827,1,False,0
0,ep_8734e8e23a0140428a5f,156,13,0.0915841584158415,0.099926793557833,300000000,1.0,0.1346947194719472,0.1023060029282576,0.1248169838945827,1,False,0
0,ep_8734e8e23a0140428a5f,157,13,0.0778671617161716,0.1021229868228404,300000000,1.0,0.1231435643564356,0.1026720351390922,0.1248169838945827,1,False,0
0,ep_8734e8e23a0140428a5f,158,13,0.0973597359735973,0.0997437774524158,300000000,1.0,0.1514026402640264,0.1039531478770131,0.1248169838945827,1,False,0
0,ep_8734e8e23a0140428a5f,159,13,0.106023102310231,0.1017569546120058,300000000,1.0,0.1377887788778878,0.1024890190336749,0.1248169838945827,1,False,0
0,ep_8734e8e23a0140428a5f,160,13,0.1171617161716171,0.1024890190336749,300000000,1.0,0.1633663366336633,0.1034040995607613,0.1248169838945827,1,False,0
0,ep_8734e8e23a0140428a5f,161,13,0.1192244224422442,0.1026720351390922,300000000,1.0,0.1586221122112211,0.1035871156661786,0.1248169838945827,1,False,0
0,ep_8734e8e23a0140428a5f,162,13,0.1078795379537953,0.1021229868228404,300000000,1.0,0.14253300330033,0.1026720351390922,0.1248169838945827,1,False,0
0,ep_8734e8e23a0140428a5f,163,13,0.1186056105610561,0.1030380673499267,300000000,1.0,0.1524339933993399,0.1037701317715959,0.1248169838945827,1,False,0
0,ep_8734e8e23a0140428a5f,164,13,0.1177805280528052,0.1026720351390922,300000000,1.0,0.1594471947194719,0.1039531478770131,0.1248169838945827,1,False,0
0,ep_8734e8e23a0140428a5f,165,13,0.1289191419141914,0.103221083455344,300000000,1.0,0.1610973597359736,0.1039531478770131,0.1248169838945827,1,False,0
0,ep_8734e8e23a0140428a5f,166,13,0.1196369636963696,0.1026720351390922,300000000,1.0,0.1740924092409241,0.1039531478770131,0.1248169838945827,1,False,0
0,ep_8734e8e23a0140428a5f,167,13,0.1229372937293729,0.1026720351390922,300000000,1.0,0.1613036303630363,0.1039531478770131,0.1248169838945827,1,False,0
0,ep_8734e8e23a0140428a5f,168,14,0.1264438943894389,0.1024890190336749,300000000,1.0,0.1590346534653465,0.1037701317715959,0.1248169838945827,1,False,0
0,ep_8734e8e23a0140428a5f,169,14,0.1274752475247524,0.1024890190336749,300000000,1.0,0.1646039603960396,0.1035871156661786,0.1248169838945827,1,False,0
0,ep_8734e8e23a0140428a5f,170,14,0.1268564356435643,0.1024890190336749,300000000,1.0,0.1769801980198019,0.1037701317715959,0.1248169838945827,1,False,0
0,ep_8734e8e23a0140428a5f,171,14,0.1179867986798679,0.1026720351390922,300000000,1.0,0.1582095709570957,0.1037701317715959,0.1248169838945827,1,False,0
0,ep_8734e8e23a0140428a5f,172,14,0.1138613861386138,0.1026720351390922,300000000,1.0,0.1518151815181518,0.1037701317715959,0.1248169838945827,1,False,0
0,ep_8734e8e23a0140428a5f,173,14,0.1179867986798679,0.1028550512445095,300000000,1.0,0.1639851485148515,0.1037701317715959,0.1248169838945827,1,False,0
0,ep_8734e8e23a0140428a5f,174,14,0.1006600660066006,0.1019399707174231,300000000,1.0,0.1604785478547855,0.1037701317715959,0.1248169838945827,1,False,0
0,ep_8734e8e23a0140428a5f,175,14,0.0962252475247524,0.1019399707174231,300000000,1.0,0.1274752475247524,0.1024890190336749,0.1248169838945827,1,False,0
0,ep_8734e8e23a0140428a5f,176,14,0.1072607260726072,0.1024890190336749,300000000,1.0,0.1501650165016501,0.1037701317715959,0.1248169838945827,1,False,0
0,ep_8734e8e23a0140428a5f,177,14,0.0967409240924092,0.1019399707174231,300000000,1.0,0.1379950495049505,0.1026720351390922,0.1248169838945827,1,False,0
0,ep_8734e8e23a0140428a5f,178,14,0.1256188118811881,0.1028550512445095,300000000,1.0,0.1633663366336633,0.1039531478770131,0.1248169838945827,1,False,0
0,ep_8734e8e23a0140428a5f,179,14,0.1087046204620462,0.1026720351390922,300000000,1.0,0.1528465346534653,0.1039531478770131,0.1248169838945827,1,False,0
0,ep_8734e8e23a0140428a5f,180,15,0.0906559405940594,0.1024890190336749,300000000,1.0,0.1346947194719472,0.1034040995607613,0.1248169838945827,1,False,0
0,ep_8734e8e23a0140428a5f,181,15,0.0907590759075907,0.1015739385065885,300000000,1.0,0.1291254125412541,0.1021229868228404,0.1248169838945827,1,False,0
0,ep_8734e8e23a0140428a5f,182,15,0.1021039603960396,0.1021229868228404,300000000,1.0,0.1412953795379538,0.1023060029282576,0.1248169838945827,1,False,0
0,ep_8734e8e23a0140428a5f,183,15,0.1038572607260726,0.1017569546120058,300000000,1.0,0.1571782178217821,0.1026720351390922,0.1248169838945827,1,False,0
0,ep_8734e8e23a0140428a5f,184,15,0.1050948844884488,0.1026720351390922,300000000,1.0,0.1332508250825082,0.1035871156661786,0.1248169838945827,1,False,0
0,ep_8734e8e23a0140428a5f,185,15,0.106023102310231,0.1030380673499267,300000000,1.0,0.1398514851485148,0.1037701317715959,0.1248169838945827,1,False,0
0,ep_8734e8e23a0140428a5f,186,15,0.1082920792079207,0.1028550512445095,300000000,1.0,0.1582095709570957,0.1039531478770131,0.1248169838945827,1,False,0
0,ep_8734e8e23a0140428a5f,187,15,0.1022070957095709,0.1023060029282576,300000000,1.0,0.1402640264026402,0.1037701317715959,0.1248169838945827,1,False,0
0,ep_8734e8e23a0140428a5f,188,15,0.1126237623762376,0.1026720351390922,300000000,1.0,0.1747112211221122,0.1039531478770131,0.1248169838945827,1,False,0
0,ep_8734e8e23a0140428a5f,189,15,0.1039603960396039,0.1019399707174231,300000000,1.0,0.1365511551155115,0.1028550512445095,0.1248169838945827,1,False,0
0,ep_8734e8e23a0140428a5f,190,15,0.0992161716171617,0.1024890190336749,300000000,1.0,0.1497524752475247,0.1037701317715959,0.1248169838945827,1,False,0
0,ep_8734e8e23a0140428a5f,191,15,0.1000412541254125,0.1021229868228404,300000000,1.0,0.1598597359735973,0.1039531478770131,0.1248169838945827,1,False,0
0,ep_8734e8e23a0140428a5f,192,16,0.1006600660066006,0.1030380673499267,300000000,1.0,0.1334570957095709,0.1037701317715959,0.1248169838945827,1,False,0
0,ep_8734e8e23a0140428a5f,193,16,0.0960189768976897,0.1021229868228404,300000000,1.0,0.1309818481848184,0.1039531478770131,0.1248169838945827,1,False,0
0,ep_8734e8e23a0140428a5f,194,16,0.1049917491749174,0.1026720351390922,300000000,1.0,0.1408828382838284,0.1035871156661786,0.1248169838945827,1,False,0
0,ep_8734e8e23a0140428a5f,195,16,0.0935437293729373,0.1019399707174231,300000000,1.0,0.132013201320132,0.1030380673499267,0.1248169838945827,1,False,0
0,ep_8734e8e23a0140428a5f,196,16,0.1072607260726072,0.1034040995607613,300000000,1.0,0.1670792079207921,0.1039531478770131,0.1248169838945827,1,False,0
0,ep_8734e8e23a0140428a5f,197,16,0.1016914191419142,0.1019399707174231,300000000,1.0,0.1518151815181518,0.1039531478770131,0.1248169838945827,1,False,0
0,ep_8734e8e23a0140428a5f,198,16,0.0963283828382838,0.1034040995607613,300000000,1.0,0.1276815181518152,0.1039531478770131,0.1248169838945827,1,False,0
0,ep_8734e8e23a0140428a5f,199,16,0.0931311881188118,0.101207906295754,300000000,1.0,0.1227310231023102,0.1024890190336749,0.1248169838945827,1,False,0
0,ep_8734e8e23a0140428a5f,200,16,0.0967409240924092,0.1023060029282576,300000000,1.0,0.1330445544554455,0.1035871156661786,0.1248169838945827,1,False,0
0,ep_8734e8e23a0140428a5f,201,16,0.1058168316831683,0.1023060029282576,300000000,1.0,0.1596534653465346,0.1035871156661786,0.1248169838945827,1,False,0
0,ep_8734e8e23a0140428a5f,202,16,0.1120049504950495,0.1028550512445095,300000000,1.0,0.1542904290429043,0.1037701317715959,0.1248169838945827,1,False,0
0,ep_8734e8e23a0140428a5f,203,16,0.1054042904290429,0.1030380673499267,300000000,1.0,0.156559405940594,0.1039531478770131,0.1248169838945827,1,False,0
0,ep_8734e8e23a0140428a5f,204,17,0.1113861386138613,0.1024890190336749,300000000,1.0,0.165016501650165,0.1039531478770131,0.1248169838945827,1,False,0
0,ep_8734e8e23a0140428a5f,205,17,0.0959158415841584,0.1017569546120058,300000000,1.0,0.1324257425742574,0.1023060029282576,0.1248169838945827,1,False,0
0,ep_8734e8e23a0140428a5f,206,17,0.106023102310231,0.1023060029282576,300000000,1.0,0.1489273927392739,0.1035871156661786,0.1248169838945827,1,False,0
0,ep_8734e8e23a0140428a5f,207,17,0.104579207920792,0.1024890190336749,300000000,1.0,0.141089108910891,0.1037701317715959,0.1248169838945827,1,False,0
0,ep_8734e8e23a0140428a5f,208,17,0.1132425742574257,0.103221083455344,300000000,1.0,0.1559405940594059,0.1039531478770131,0.1248169838945827,1,False,0
0,ep_8734e8e23a0140428a5f,209,17,0.0954001650165016,0.1017569546120058,300000000,1.0,0.1330445544554455,0.1024890190336749,0.1248169838945827,1,False,0
0,ep_8734e8e23a0140428a5f,210,17,0.1014851485148514,0.1024890190336749,300000000,1.0,0.1507838283828383,0.1035871156661786,0.1248169838945827,1,False,0
0,ep_8734e8e23a0140428a5f,211,17,0.0960189768976897,0.1019399707174231,300000000,1.0,0.1303630363036303,0.1034040995607613,0.1248169838945827,1,False,0
0,ep_8734e8e23a0140428a5f,212,17,0.1022070957095709,0.1026720351390922,300000000,1.0,0.1456270627062706,0.1035871156661786,0.1248169838945827,1,False,0
0,ep_8734e8e23a0140428a5f,213,17,0.085292904290429,0.1019399707174231,300000000,1.0,0.1140676567656765,0.1028550512445095,0.1248169838945827,1,False,0
0,ep_8734e8e23a0140428a5f,214,17,0.1072607260726072,0.1019399707174231,300000000,1.0,0.1485148514851485,0.1035871156661786,0.1248169838945827,1,False,0
0,ep_8734e8e23a0140428a5f,215,17,0.1072607260726072,0.1028550512445095,300000000,1.0,0.1553217821782178,0.1037701317715959,0.1248169838945827,1,False,0
0,ep_8734e8e23a0140428a5f,216,18,0.1037541254125412,0.1034040995607613,300000000,1.0,0.139026402640264,0.1039531478770131,0.1248169838945827,1,False,0
0,ep_8734e8e23a0140428a5f,217,18,0.1005569306930693,0.1021229868228404,300000000,1.0,0.1464521452145214,0.1035871156661786,0.1248169838945827,1,False,0
0,ep_8734e8e23a0140428a5f,218,18,0.0914810231023102,0.1017569546120058,300000000,1.0,0.1367574257425742,0.1021229868228404,0.1248169838945827,1,False,0
0,ep_8734e8e23a0140428a5f,219,18,0.0916872937293729,0.1017569546120058,300000000,1.0,0.1262376237623762,0.1021229868228404,0.1248169838945827,1,False,0
0,ep_8734e8e23a0140428a5f,220,18,0.088799504950495,0.1024890190336749,300000000,1.0,0.1382013201320132,0.1035871156661786,0.1248169838945827,1,False,0
0,ep_8734e8e23a0140428a5f,221,18,0.0929249174917491,0.1021229868228404,300000000,1.0,0.1303630363036303,0.1037701317715959,0.1248169838945827,1,False,0
0,ep_8734e8e23a0140428a5f,222,18,0.0867367986798679,0.1019399707174231,300000000,1.0,0.1245874587458745,0.1023060029282576,0.1248169838945827,1,False,0
0,ep_8734e8e23a0140428a5f,223,18,0.095812706270627,0.1019399707174231,300000000,1.0,0.1239686468646864,0.1024890190336749,0.1248169838945827,1,False,0
0,ep_8734e8e23a0140428a5f,224,18,0.1101485148514851,0.1028550512445095,300000000,1.0,0.1573844884488449,0.1037701317715959,0.1248169838945827,1,False,0
0,ep_8734e8e23a0140428a5f,225,18,0.0947813531353135,0.101207906295754,300000000,1.0,0.1278877887788778,0.1023060029282576,0.1248169838945827,1,False,0
0,ep_8734e8e23a0140428a5f,226,18,0.0917904290429042,0.1017569546120058,300000000,1.0,0.1256188118811881,0.1023060029282576,0.1248169838945827,1,False,0
0,ep_8734e8e23a0140428a5f,227,18,0.0954001650165016,0.103221083455344,300000000,1.0,0.1474834983498349,0.1037701317715959,0.1248169838945827,1,False,0
0,ep_8734e8e23a0140428a5f,228,19,0.0908622112211221,0.1008418740849194,300000000,1.0,0.1245874587458745,0.1023060029282576,0.1248169838945827,1,False,0
0,ep_8734e8e23a0140428a5f,229,19,0.102825907590759,0.1021229868228404,300000000,1.0,0.1386138613861386,0.1028550512445095,0.1248169838945827,1,False,0
0,ep_8734e8e23a0140428a5f,230,19,0.108085808580858,0.1026720351390922,300000000,1.0,0.1520214521452145,0.1030380673499267,0.1248169838945827,1,False,0
0,ep_8734e8e23a0140428a5f,231,19,0.1076732673267326,0.1015739385065885,300000000,1.0,0.1532590759075907,0.1026720351390922,0.1248169838945827,1,False,0
0,ep_8734e8e23a0140428a5f,232,19,0.092306105610561,0.1017569546120058,300000000,1.0,0.1216996699669967,0.1030380673499267,0.1248169838945827,1,False,0
0,ep_8734e8e23a0140428a5f,233,19,0.1005569306930693,0.1030380673499267,300000000,1.0,0.1689356435643564,0.1035871156661786,0.1248169838945827,1,False,0
0,ep_8734e8e23a0140428a5f,234,19,0.0950907590759076,0.1034040995607613,300000000,1.0,0.1369636963696369,0.1037701317715959,0.1248169838945827,1,False,0
0,ep_8734e8e23a0140428a5f,235,19,0.0945750825082508,0.1024890190336749,300000000,1.0,0.1316006600660066,0.1035871156661786,0.1248169838945827,1,False,0
0,ep_8734e8e23a0140428a5f,236,19,0.1006600660066006,0.1030380673499267,300000000,1.0,0.1534653465346534,0.1035871156661786,0.1248169838945827,1,False,0
0,ep_8734e8e23a0140428a5f,237,19,0.1001443894389439,0.1019399707174231,300000000,1.0,0.1365511551155115,0.1034040995607613,0.1248169838945827,1,False,0
0,ep_8734e8e23a0140428a5f,238,19,0.0896245874587458,0.1023060029282576,300000000,1.0,0.1260313531353135,0.1034040995607613,0.1248169838945827,1,False,0
0,ep_8734e8e23a0140428a5f,239,19,0.0911716171617161,0.1021229868228404,300000000,1.0,0.1274752475247524,0.1035871156661786,0.1248169838945827,1,False,0
0,ep_8734e8e23a0140428a5f,240,20,0.100763201320132,0.1030380673499267,300000000,1.0,0.153052805280528,0.1035871156661786,0.1248169838945827,1,False,0
0,ep_8734e8e23a0140428a5f,241,20,0.1013820132013201,0.103221083455344,300000000,1.0,0.1503712871287128,0.1035871156661786,0.1248169838945827,1,False,0
0,ep_8734e8e23a0140428a5f,242,20,0.1132425742574257,0.1030380673499267,300000000,1.0,0.1441831683168316,0.1039531478770131,0.1248169838945827,1,False,0
0,ep_8734e8e23a0140428a5f,243,20,0.113036303630363,0.1019399707174231,300000000,1.0,0.1503712871287128,0.1037701317715959,0.1248169838945827,1,False,0
0,ep_8734e8e23a0140428a5f,244,20,0.1190181518151815,0.1024890190336749,300000000,1.0,0.1759488448844884,0.1037701317715959,0.1248169838945827,1,False,0
0,ep_8734e8e23a0140428a5f,245,20,0.1280940594059406,0.1026720351390922,300000000,1.0,0.2004950495049505,0.1039531478770131,0.1248169838945827,1,False,0
0,ep_8734e8e23a0140428a5f,246,20,0.1229372937293729,0.1019399707174231,300000000,1.0,0.1759488448844884,0.1039531478770131,0.1248169838945827,1,False,0
0,ep_8734e8e23a0140428a5f,247,20,0.1109735973597359,0.1023060029282576,300000000,1.0,0.1491336633663366,0.1039531478770131,0.1248169838945827,1,False,0
0,ep_8734e8e23a0140428a5f,248,20,0.1117986798679868,0.1024890190336749,300000000,1.0,0.1695544554455445,0.1050512445095168,0.1248169838945827,1,False,0
0,ep_8734e8e23a0140428a5f,249,20,0.1134488448844884,0.1019399707174231,300000000,1.0,0.1767739273927392,0.1039531478770131,0.1248169838945827,1,False,0
0,ep_8734e8e23a0140428a5f,250,20,0.1037541254125412,0.1024890190336749,300000000,1.0,0.1808993399339934,0.1039531478770131,0.1248169838945827,1,False,0
0,ep_8734e8e23a0140428a5f,251,20,0.0858085808580858,0.1015739385065885,300000000,1.0,0.121493399339934,0.1035871156661786,0.1248169838945827,1,False,0
0,ep_8734e8e23a0140428a5f,252,21,0.0913778877887788,0.1023060029282576,300000000,1.0,0.1377887788778878,0.1037701317715959,0.1248169838945827,1,False,0
0,ep_8734e8e23a0140428a5f,253,21,0.0977722772277227,0.1028550512445095,300000000,1.0,0.1316006600660066,0.1037701317715959,0.1248169838945827,1,False,0
0,ep_8734e8e23a0140428a5f,254,21,0.0879744224422442,0.1024890190336749,300000000,1.0,0.1464521452145214,0.1039531478770131,0.1248169838945827,1,False,0
0,ep_8734e8e23a0140428a5f,255,21,0.095503300330033,0.1026720351390922,300000000,1.0,0.1623349834983498,0.1037701317715959,0.1248169838945827,1,False,0
0,ep_8734e8e23a0140428a5f,256,21,0.0966377887788778,0.1030380673499267,300000000,1.0,0.1318069306930693,0.1039531478770131,0.1248169838945827,1,False,0
0,ep_8734e8e23a0140428a5f,257,21,0.0913778877887788,0.1026720351390922,300000000,1.0,0.1287128712871287,0.1037701317715959,0.1248169838945827,1,False,0
0,ep_8734e8e23a0140428a5f,258,21,0.0962252475247524,0.1017569546120058,300000000,1.0,0.1287128712871287,0.1037701317715959,0.1248169838945827,1,False,0
0,ep_8734e8e23a0140428a5f,259,21,0.0962252475247524,0.1024890190336749,300000000,1.0,0.1400577557755775,0.1035871156661786,0.1248169838945827,1,False,0
0,ep_8734e8e23a0140428a5f,260,21,0.1138613861386138,0.103221083455344,300000000,1.0,0.1705858085808581,0.1039531478770131,0.1248169838945827,1,False,0
0,ep_8734e8e23a0140428a5f,261,21,0.0962252475247524,0.1019399707174231,300000000,1.0,0.1483085808580858,0.1030380673499267,0.1248169838945827,1,False,0
0,ep_8734e8e23a0140428a5f,262,21,0.104269801980198,0.1030380673499267,300000000,1.0,0.1379950495049505,0.1039531478770131,0.1248169838945827,1,False,0
0,ep_8734e8e23a0140428a5f,263,21,0.1076732673267326,0.1028550512445095,300000000,1.0,0.1613036303630363,0.1039531478770131,0.1248169838945827,1,False,0
0,ep_8734e8e23a0140428a5f,264,22,0.1031353135313531,0.1017569546120058,300000000,1.0,0.1481023102310231,0.1024890190336749,0.1248169838945827,1,False,0
0,ep_8734e8e23a0140428a5f,265,22,0.100763201320132,0.1023060029282576,300000000,1.0,0.1382013201320132,0.1034040995607613,0.1248169838945827,1,False,0
0,ep_8734e8e23a0140428a5f,266,22,0.0938531353135313,0.1028550512445095,300000000,1.0,0.1439768976897689,0.1037701317715959,0.1248169838945827,1,False,0
0,ep_8734e8e23a0140428a5f,267,22,0.0971534653465346,0.1021229868228404,300000000,1.0,0.1359323432343234,0.1034040995607613,0.1248169838945827,1,False,0
0,ep_8734e8e23a0140428a5f,268,22,0.0987004950495049,0.1026720351390922,300000000,1.0,0.1351072607260726,0.1037701317715959,0.1248169838945827,1,False,0
0,ep_8734e8e23a0140428a5f,269,22,0.1006600660066006,0.1028550512445095,300000000,1.0,0.1491336633663366,0.1039531478770131,0.1248169838945827,1,False,0
0,ep_8734e8e23a0140428a5f,270,22,0.095503300330033,0.1021229868228404,300000000,1.0,0.1505775577557755,0.1035871156661786,0.1248169838945827,1,False,0
0,ep_8734e8e23a0140428a5f,271,22,0.1011757425742574,0.1023060029282576,300000000,1.0,0.1268564356435643,0.1034040995607613,0.1248169838945827,1,False,0
0,ep_8734e8e23a0140428a5f,272,22,0.0949876237623762,0.1023060029282576,300000000,1.0,0.1311881188118812,0.1037701317715959,0.1248169838945827,1,False,0
0,ep_8734e8e23a0140428a5f,273,22,0.0998349834983498,0.1024890190336749,300000000,1.0,0.1363448844884488,0.1035871156661786,0.1248169838945827,1,False,0
0,ep_8734e8e23a0140428a5f,274,22,0.102516501650165,0.1028550512445095,300000000,1.0,0.1379950495049505,0.1037701317715959,0.1248169838945827,1,False,0
0,ep_8734e8e23a0140428a5f,275,22,0.0999381188118812,0.1026720351390922,300000000,1.0,0.1464521452145214,0.1039531478770131,0.1248169838945827,1,False,0
0,ep_8734e8e23a0140428a5f,276,23,0.1078795379537953,0.1024890190336749,300000000,1.0,0.1536716171617161,0.1039531478770131,0.1248169838945827,1,False,0
0,ep_8734e8e23a0140428a5f,277,23,0.1015882838283828,0.1017569546120058,300000000,1.0,0.1398514851485148,0.1024890190336749,0.1248169838945827,1,False,0
0,ep_8734e8e23a0140428a5f,278,23,0.1008663366336633,0.1023060029282576,300000000,1.0,0.139026402640264,0.1034040995607613,0.1248169838945827,1,False,0
0,ep_8734e8e23a0140428a5f,279,23,0.1026196369636963,0.1021229868228404,300000000,1.0,0.1782178217821782,0.1034040995607613,0.1248169838945827,1,False,0
0,ep_8734e8e23a0140428a5f,280,23,0.1056105610561056,0.1017569546120058,300000000,1.0,0.1466584158415841,0.1026720351390922,0.1248169838945827,1,False,0
0,ep_8734e8e23a0140428a5f,281,23,0.0998349834983498,0.1034040995607613,300000000,1.0,0.1386138613861386,0.1039531478770131,0.1248169838945827,1,False,0
0,ep_8734e8e23a0140428a5f,282,23,0.1024133663366336,0.1026720351390922,300000000,1.0,0.1478960396039604,0.1039531478770131,0.1248169838945827,1,False,0
0,ep_8734e8e23a0140428a5f,283,23,0.1103547854785478,0.1015739385065885,300000000,1.0,0.1621287128712871,0.1024890190336749,0.1248169838945827,1,False,0
0,ep_8734e8e23a0140428a5f,284,23,0.0948844884488448,0.1030380673499267,300000000,1.0,0.1274752475247524,0.1037701317715959,0.1248169838945827,1,False,0
0,ep_8734e8e23a0140428a5f,285,23,0.0925123762376237,0.1015739385065885,300000000,1.0,0.1388201320132013,0.1035871156661786,0.1248169838945827,1,False,0
0,ep_8734e8e23a0140428a5f,286,23,0.0957095709570957,0.1021229868228404,300000000,1.0,0.1819306930693069,0.1037701317715959,0.1248169838945827,1,False,0
0,ep_8734e8e23a0140428a5f,287,23,0.101072607260726,0.103221083455344,300000000,1.0,0.1466584158415841,0.1039531478770131,0.1248169838945827,1,False,0
0,ep_87e46ec8310a3223818a,0,0,0.1134488448844884,0.1026720351390922,300000000,1.0,0.1658415841584158,0.1035871156661786,0.1248169838945827,1,False,0
0,ep_87e46ec8310a3223818a,1,0,0.1223184818481848,0.1019399707174231,300000000,1.0,0.1856435643564356,0.1024890190336749,0.1248169838945827,1,False,0
0,ep_87e46ec8310a3223818a,2,0,0.1237623762376237,0.1015739385065885,300000000,1.0,0.1998762376237624,0.1037701317715959,0.1248169838945827,1,False,0
0,ep_87e46ec8310a3223818a,3,0,0.0974628712871287,0.1023060029282576,300000000,1.0,0.1441831683168316,0.1030380673499267,0.1248169838945827,1,False,0
0,ep_87e46ec8310a3223818a,4,0,0.1034447194719472,0.1015739385065885,300000000,1.0,0.1627475247524752,0.103221083455344,0.1248169838945827,1,False,0
0,ep_87e46ec8310a3223818a,5,0,0.1089108910891089,0.1019399707174231,300000000,1.0,0.1435643564356435,0.1028550512445095,0.1248169838945827,1,False,0
0,ep_87e46ec8310a3223818a,6,0,0.109529702970297,0.1023060029282576,300000000,1.0,0.1631600660066006,0.1037701317715959,0.1248169838945827,1,False,0
0,ep_87e46ec8310a3223818a,7,0,0.0979785478547854,0.1023060029282576,300000000,1.0,0.1365511551155115,0.1037701317715959,0.1248169838945827,1,False,0
0,ep_87e46ec8310a3223818a,8,0,0.0948844884488448,0.1015739385065885,300000000,1.0,0.139026402640264,0.1024890190336749,0.1248169838945827,1,False,0
0,ep_87e46ec8310a3223818a,9,0,0.1041666666666666,0.1017569546120058,300000000,1.0,0.1844059405940594,0.1037701317715959,0.1248169838945827,1,False,0
0,ep_87e46ec8310a3223818a,10,0,0.1005569306930693,0.1006588579795021,300000000,1.0,0.1478960396039604,0.1024890190336749,0.1248169838945827,1,False,0
0,ep_87e46ec8310a3223818a,11,0,0.0924092409240924,0.1023060029282576,300000000,1.0,0.1448019801980198,0.1037701317715959,0.1248169838945827,1,False,0
0,ep_87e46ec8310a3223818a,12,1,0.0996287128712871,0.1021229868228404,300000000,1.0,0.1573844884488449,0.1037701317715959,0.1248169838945827,1,False,0
0,ep_87e46ec8310a3223818a,13,1,0.1142739273927392,0.1024890190336749,300000000,1.0,0.1786303630363036,0.1037701317715959,0.1248169838945827,1,False,0
0,ep_87e46ec8310a3223818a,14,1,0.1173679867986798,0.1019399707174231,300000000,1.0,0.1815181518151815,0.1037701317715959,0.1248169838945827,1,False,0
0,ep_87e46ec8310a3223818a,15,1,0.1122112211221122,0.1013909224011713,300000000,1.0,0.1823432343234323,0.1037701317715959,0.1248169838945827,1,False,0
0,ep_87e46ec8310a3223818a,16,1,0.0997318481848184,0.1001098096632503,300000000,1.0,0.1478960396039604,0.1023060029282576,0.1248169838945827,1,False,0
0,ep_87e46ec8310a3223818a,17,1,0.0863242574257425,0.1010248901903367,300000000,1.0,0.1351072607260726,0.1021229868228404,0.1248169838945827,1,False,0
0,ep_87e46ec8310a3223818a,18,1,0.0963283828382838,0.1015739385065885,300000000,1.0,0.1472772277227722,0.1024890190336749,0.1248169838945827,1,False,0
0,ep_87e46ec8310a3223818a,19,1,0.0959158415841584,0.1013909224011713,300000000,1.0,0.1466584158415841,0.1028550512445095,0.1248169838945827,1,False,0
0,ep_87e46ec8310a3223818a,20,1,0.109529702970297,0.1026720351390922,300000000,1.0,0.1736798679867986,0.1034040995607613,0.1248169838945827,1,False,0
0,ep_87e46ec8310a3223818a,21,1,0.1097359735973597,0.1023060029282576,300000000,1.0,0.1629537953795379,0.1035871156661786,0.1248169838945827,1,False,0
0,ep_87e46ec8310a3223818a,22,1,0.0965346534653465,0.1015739385065885,300000000,1.0,0.1392326732673267,0.1037701317715959,0.1248169838945827,1,False,0
0,ep_87e46ec8310a3223818a,23,1,0.1087046204620462,0.1019399707174231,300000000,1.0,0.1679042904290429,0.1037701317715959,0.1248169838945827,1,False,0
0,ep_87e46ec8310a3223818a,24,2,0.1124174917491749,0.1021229868228404,300000000,1.0,0.1761551155115511,0.1037701317715959,0.1248169838945827,1,False,0
0,ep_87e46ec8310a3223818a,25,2,0.1097359735973597,0.1023060029282576,300000000,1.0,0.1551155115511551,0.1037701317715959,0.1248169838945827,1,False,0
0,ep_87e46ec8310a3223818a,26,2,0.104269801980198,0.1019399707174231,300000000,1.0,0.146039603960396,0.1037701317715959,0.1248169838945827,1,False,0
0,ep_87e46ec8310a3223818a,27,2,0.1044760726072607,0.1019399707174231,300000000,1.0,0.165016501650165,0.1034040995607613,0.1248169838945827,1,False,0
0,ep_87e46ec8310a3223818a,28,2,0.1066419141914191,0.1015739385065885,300000000,1.0,0.1534653465346534,0.1037701317715959,0.1248169838945827,1,False,0
0,ep_87e46ec8310a3223818a,29,2,0.1167491749174917,0.1023060029282576,300000000,1.0,0.1792491749174917,0.1037701317715959,0.1248169838945827,1,False,0
0,ep_87e46ec8310a3223818a,30,2,0.120049504950495,0.1023060029282576,300000000,1.0,0.1792491749174917,0.1037701317715959,0.1248169838945827,1,False,0
0,ep_87e46ec8310a3223818a,31,2,0.1103547854785478,0.1024890190336749,300000000,1.0,0.1742986798679868,0.1037701317715959,0.1248169838945827,1,False,0
0,ep_87e46ec8310a3223818a,32,2,0.1171617161716171,0.1024890190336749,300000000,1.0,0.1695544554455445,0.1037701317715959,0.1248169838945827,1,False,0
0,ep_87e46ec8310a3223818a,33,2,0.1146864686468646,0.1023060029282576,300000000,1.0,0.1703795379537953,0.1037701317715959,0.1248169838945827,1,False,0
0,ep_87e46ec8310a3223818a,34,2,0.1148927392739273,0.1023060029282576,300000000,1.0,0.1815181518151815,0.1037701317715959,0.1248169838945827,1,False,0
0,ep_87e46ec8310a3223818a,35,2,0.1210808580858085,0.1026720351390922,300000000,1.0,0.1691419141914191,0.1039531478770131,0.1248169838945827,1,False,0
0,ep_87e46ec8310a3223818a,36,3,0.1105610561056105,0.1015739385065885,300000000,1.0,0.168523102310231,0.1035871156661786,0.1248169838945827,1,False,0
0,ep_87e46ec8310a3223818a,37,3,0.1124174917491749,0.1024890190336749,300000000,1.0,0.1563531353135313,0.1037701317715959,0.1248169838945827,1,False,0
0,ep_87e46ec8310a3223818a,38,3,0.1198432343234323,0.1026720351390922,300000000,1.0,0.1856435643564356,0.1037701317715959,0.1248169838945827,1,False,0
0,ep_87e46ec8310a3223818a,39,3,0.1157178217821782,0.1023060029282576,300000000,1.0,0.1850247524752475,0.1037701317715959,0.1248169838945827,1,False,0
0,ep_87e46ec8310a3223818a,40,3,0.120049504950495,0.1023060029282576,300000000,1.0,0.1901815181518152,0.1037701317715959,0.1248169838945827,1,False,0
0,ep_87e46ec8310a3223818a,41,3,0.1163366336633663,0.1026720351390922,300000000,1.0,0.1780115511551155,0.1039531478770131,0.1248169838945827,1,False,0
0,ep_87e46ec8310a3223818a,42,3,0.1128300330033003,0.1023060029282576,300000000,1.0,0.1619224422442244,0.1039531478770131,0.1248169838945827,1,False,0
0,ep_87e46ec8310a3223818a,43,3,0.1120049504950495,0.1024890190336749,300000000,1.0,0.1778052805280528,0.1037701317715959,0.1248169838945827,1,False,0
0,ep_87e46ec8310a3223818a,44,3,0.0974628712871287,0.1023060029282576,300000000,1.0,0.1827557755775577,0.1037701317715959,0.1248169838945827,1,False,0
0,ep_87e46ec8310a3223818a,45,3,0.1058168316831683,0.1026720351390922,300000000,1.0,0.1586221122112211,0.1039531478770131,0.1248169838945827,1,False,0
0,ep_87e46ec8310a3223818a,46,3,0.1091171617161716,0.1017569546120058,300000000,1.0,0.1621287128712871,0.1037701317715959,0.1248169838945827,1,False,0
0,ep_87e46ec8310a3223818a,47,3,0.1097359735973597,0.1023060029282576,300000000,1.0,0.1662541254125412,0.1037701317715959,0.1248169838945827,1,False,0
0,ep_87e46ec8310a3223818a,48,4,0.1076732673267326,0.1024890190336749,300000000,1.0,0.1749174917491749,0.1035871156661786,0.1248169838945827,1,False,0
0,ep_87e46ec8310a3223818a,49,4,0.1082920792079207,0.1023060029282576,300000000,1.0,0.1893564356435643,0.1037701317715959,0.1248169838945827,1,False,0
0,ep_87e46ec8310a3223818a,50,4,0.1148927392739273,0.1024890190336749,300000000,1.0,0.1936881188118812,0.1037701317715959,0.1248169838945827,1,False,0
0,ep_87e46ec8310a3223818a,51,4,0.1058168316831683,0.1024890190336749,300000000,1.0,0.1491336633663366,0.1037701317715959,0.1248169838945827,1,False,0
0,ep_87e46ec8310a3223818a,52,4,0.1105610561056105,0.1023060029282576,300000000,1.0,0.1745049504950495,0.1037701317715959,0.1248169838945827,1,False,0
0,ep_87e46ec8310a3223818a,53,4,0.111592409240924,0.1023060029282576,300000000,1.0,0.1627475247524752,0.1037701317715959,0.1248169838945827,1,False,0
0,ep_87e46ec8310a3223818a,54,4,0.1126237623762376,0.1023060029282576,300000000,1.0,0.172029702970297,0.1037701317715959,0.1248169838945827,1,False,0
0,ep_87e46ec8310a3223818a,55,4,0.1254125412541254,0.1026720351390922,300000000,1.0,0.1914191419141914,0.1039531478770131,0.1248169838945827,1,False,0
0,ep_87e46ec8310a3223818a,56,4,0.116542904290429,0.1024890190336749,300000000,1.0,0.1660478547854785,0.1037701317715959,0.1248169838945827,1,False,0
0,ep_87e46ec8310a3223818a,57,4,0.130569306930693,0.1024890190336749,300000000,1.0,0.2128712871287128,0.1039531478770131,0.1248169838945827,1,False,0
0,ep_87e46ec8310a3223818a,58,4,0.1181930693069306,0.1019399707174231,300000000,1.0,0.1969884488448844,0.1030380673499267,0.1248169838945827,1,False,0
0,ep_87e46ec8310a3223818a,59,4,0.1159240924092409,0.1026720351390922,300000000,1.0,0.1852310231023102,0.1039531478770131,0.1248169838945827,1,False,0
0,ep_87e46ec8310a3223818a,60,5,0.1289191419141914,0.1024890190336749,300000000,1.0,0.182549504950495,0.1039531478770131,0.1248169838945827,1,False,0
0,ep_87e46ec8310a3223818a,61,5,0.1148927392739273,0.1023060029282576,300000000,1.0,0.1683168316831683,0.1039531478770131,0.1248169838945827,1,False,0
0,ep_87e46ec8310a3223818a,62,5,0.1153052805280528,0.1026720351390922,300000000,1.0,0.1699669966996699,0.1039531478770131,0.1248169838945827,1,False,0
0,ep_87e46ec8310a3223818a,63,5,0.1111798679867986,0.1023060029282576,300000000,1.0,0.2025577557755775,0.1039531478770131,0.1248169838945827,1,False,0
0,ep_87e46ec8310a3223818a,64,5,0.1140676567656765,0.1023060029282576,300000000,1.0,0.1718234323432343,0.1039531478770131,0.1248169838945827,1,False,0
0,ep_87e46ec8310a3223818a,65,5,0.1103547854785478,0.1019399707174231,300000000,1.0,0.1705858085808581,0.1039531478770131,0.1248169838945827,1,False,0
0,ep_87e46ec8310a3223818a,66,5,0.1132425742574257,0.1021229868228404,300000000,1.0,0.1586221122112211,0.1030380673499267,0.1248169838945827,1,False,0
0,ep_87e46ec8310a3223818a,67,5,0.1155115511551155,0.1021229868228404,300000000,1.0,0.1889438943894389,0.1034040995607613,0.1248169838945827,1,False,0
0,ep_87e46ec8310a3223818a,68,5,0.1140676567656765,0.1024890190336749,300000000,1.0,0.1773927392739274,0.1034040995607613,0.1248169838945827,1,False,0
0,ep_87e46ec8310a3223818a,69,5,0.1181930693069306,0.1023060029282576,300000000,1.0,0.1827557755775577,0.1037701317715959,0.1248169838945827,1,False,0
0,ep_87e46ec8310a3223818a,70,5,0.1157178217821782,0.1023060029282576,300000000,1.0,0.163572607260726,0.1037701317715959,0.1248169838945827,1,False,0
0,ep_87e46ec8310a3223818a,71,5,0.1128300330033003,0.1026720351390922,300000000,1.0,0.1763613861386138,0.1039531478770131,0.1248169838945827,1,False,0
0,ep_87e46ec8310a3223818a,72,6,0.1155115511551155,0.1024890190336749,300000000,1.0,0.2145214521452145,0.1039531478770131,0.1248169838945827,1,False,0
0,ep_87e46ec8310a3223818a,73,6,0.1122112211221122,0.1024890190336749,300000000,1.0,0.1703795379537953,0.1039531478770131,0.1248169838945827,1,False,0
0,ep_87e46ec8310a3223818a,74,6,0.1027227722772277,0.1013909224011713,300000000,1.0,0.1427392739273927,0.1028550512445095,0.1248169838945827,1,False,0
0,ep_87e46ec8310a3223818a,75,6,0.111592409240924,0.1026720351390922,300000000,1.0,0.1681105610561056,0.1039531478770131,0.1248169838945827,1,False,0
0,ep_87e46ec8310a3223818a,76,6,0.1013820132013201,0.1021229868228404,300000000,1.0,0.16006600660066,0.1039531478770131,0.1248169838945827,1,False,0
0,ep_87e46ec8310a3223818a,77,6,0.1017945544554455,0.1017569546120058,300000000,1.0,0.1976072607260726,0.1037701317715959,0.1248169838945827,1,False,0
0,ep_87e46ec8310a3223818a,78,6,0.1064356435643564,0.1021229868228404,300000000,1.0,0.1691419141914191,0.1039531478770131,0.1248169838945827,1,False,0
0,ep_87e46ec8310a3223818a,79,6,0.1047854785478547,0.1021229868228404,300000000,1.0,0.1596534653465346,0.1037701317715959,0.1248169838945827,1,False,0
0,ep_87e46ec8310a3223818a,80,6,0.1082920792079207,0.1015739385065885,300000000,1.0,0.1586221122112211,0.1026720351390922,0.1248169838945827,1,False,0
0,ep_87e46ec8310a3223818a,81,6,0.1216996699669967,0.1026720351390922,300000000,1.0,0.1749174917491749,0.1039531478770131,0.1248169838945827,1,False,0
0,ep_87e46ec8310a3223818a,82,6,0.1190181518151815,0.1024890190336749,300000000,1.0,0.1854372937293729,0.1037701317715959,0.1248169838945827,1,False,0
0,ep_87e46ec8310a3223818a,83,6,0.1144801980198019,0.1023060029282576,300000000,1.0,0.1714108910891089,0.1037701317715959,0.1248169838945827,1,False,0
0,ep_87e46ec8310a3223818a,84,7,0.1148927392739273,0.1013909224011713,300000000,1.0,0.1858498349834983,0.103221083455344,0.1248169838945827,1,False,0
0,ep_87e46ec8310a3223818a,85,7,0.113036303630363,0.1019399707174231,300000000,1.0,0.1932755775577557,0.1039531478770131,0.1248169838945827,1,False,0
0,ep_87e46ec8310a3223818a,86,7,0.1076732673267326,0.1015739385065885,300000000,1.0,0.1507838283828383,0.1023060029282576,0.1248169838945827,1,False,0
0,ep_87e46ec8310a3223818a,87,7,0.1084983498349834,0.1024890190336749,300000000,1.0,0.1641914191419141,0.1039531478770131,0.1248169838945827,1,False,0
0,ep_87e46ec8310a3223818a,88,7,0.1134488448844884,0.1021229868228404,300000000,1.0,0.1815181518151815,0.1037701317715959,0.1248169838945827,1,False,0
0,ep_87e46ec8310a3223818a,89,7,0.1122112211221122,0.1024890190336749,300000000,1.0,0.1699669966996699,0.1039531478770131,0.1248169838945827,1,False,0
0,ep_87e46ec8310a3223818a,90,7,0.1122112211221122,0.1019399707174231,300000000,1.0,0.1848184818481848,0.1037701317715959,0.1248169838945827,1,False,0
0,ep_87e46ec8310a3223818a,91,7,0.1097359735973597,0.1024890190336749,300000000,1.0,0.1536716171617161,0.1039531478770131,0.1248169838945827,1,False,0
0,ep_87e46ec8310a3223818a,92,7,0.1167491749174917,0.1021229868228404,300000000,1.0,0.1881188118811881,0.1039531478770131,0.1248169838945827,1,False,0
0,ep_87e46ec8310a3223818a,93,7,0.1221122112211221,0.1026720351390922,300000000,1.0,0.1967821782178218,0.1039531478770131,0.1248169838945827,1,False,0
0,ep_87e46ec8310a3223818a,94,7,0.121493399339934,0.1023060029282576,300000000,1.0,0.1821369636963696,0.1039531478770131,0.1248169838945827,1,False,0
0,ep_87e46ec8310a3223818a,95,7,0.1120049504950495,0.1015739385065885,300000000,1.0,0.1676980198019802,0.1028550512445095,0.1248169838945827,1,False,0
0,ep_87e46ec8310a3223818a,96,8,0.1157178217821782,0.1015739385065885,300000000,1.0,0.1943069306930693,0.103221083455344,0.1248169838945827,1,False,0
0,ep_87e46ec8310a3223818a,97,8,0.1262376237623762,0.1024890190336749,300000000,1.0,0.1891501650165016,0.1037701317715959,0.1248169838945827,1,False,0
0,ep_87e46ec8310a3223818a,98,8,0.1247937293729373,0.1024890190336749,300000000,1.0,0.1920379537953795,0.1039531478770131,0.1248169838945827,1,False,0
0,ep_87e46ec8310a3223818a,99,8,0.1159240924092409,0.1023060029282576,300000000,1.0,0.1771864686468647,0.1037701317715959,0.1248169838945827,1,False,0
0,ep_87e46ec8310a3223818a,100,8,0.1210808580858085,0.1023060029282576,300000000,1.0,0.2031765676567656,0.1039531478770131,0.1248169838945827,1,False,0
0,ep_87e46ec8310a3223818a,101,8,0.1051980198019802,0.1023060029282576,300000000,1.0,0.1536716171617161,0.1039531478770131,0.1248169838945827,1,False,0
0,ep_87e46ec8310a3223818a,102,8,0.1062293729372937,0.1019399707174231,300000000,1.0,0.1718234323432343,0.1039531478770131,0.1248169838945827,1,False,0
0,ep_87e46ec8310a3223818a,103,8,0.1159240924092409,0.1026720351390922,300000000,1.0,0.1666666666666666,0.1037701317715959,0.1248169838945827,1,False,0
0,ep_87e46ec8310a3223818a,104,8,0.1099422442244224,0.1019399707174231,300000000,1.0,0.1821369636963696,0.1037701317715959,0.1248169838945827,1,False,0
0,ep_87e46ec8310a3223818a,105,8,0.1056105610561056,0.1017569546120058,300000000,1.0,0.1493399339933993,0.1024890190336749,0.1248169838945827,1,False,0
0,ep_87e46ec8310a3223818a,106,8,0.1169554455445544,0.1028550512445095,300000000,1.0,0.1695544554455445,0.1037701317715959,0.1248169838945827,1,False,0
0,ep_87e46ec8310a3223818a,107,8,0.1024133663366336,0.1006588579795021,300000000,1.0,0.1466584158415841,0.1024890190336749,0.1248169838945827,1,False,0
0,ep_87e46ec8310a3223818a,108,9,0.1091171617161716,0.1019399707174231,300000000,1.0,0.1728547854785478,0.1034040995607613,0.1248169838945827,1,False,0
0,ep_87e46ec8310a3223818a,109,9,0.1124174917491749,0.1021229868228404,300000000,1.0,0.1670792079207921,0.1034040995607613,0.1248169838945827,1,False,0
0,ep_87e46ec8310a3223818a,110,9,0.1219059405940594,0.1024890190336749,300000000,1.0,0.1782178217821782,0.1034040995607613,0.1248169838945827,1,False,0
0,ep_87e46ec8310a3223818a,111,9,0.1136551155115511,0.1017569546120058,300000000,1.0,0.1786303630363036,0.1028550512445095,0.1248169838945827,1,False,0
0,ep_87e46ec8310a3223818a,112,9,0.1190181518151815,0.1023060029282576,300000000,1.0,0.183993399339934,0.1034040995607613,0.1248169838945827,1,False,0
0,ep_87e46ec8310a3223818a,113,9,0.1038572607260726,0.1015739385065885,300000000,1.0,0.1557343234323432,0.1030380673499267,0.1248169838945827,1,False,0
0,ep_87e46ec8310a3223818a,114,9,0.1058168316831683,0.1021229868228404,300000000,1.0,0.1617161716171617,0.1034040995607613,0.1248169838945827,1,False,0
0,ep_87e46ec8310a3223818a,115,9,0.1031353135313531,0.1019399707174231,300000000,1.0,0.1654290429042904,0.1035871156661786,0.1248169838945827,1,False,0
0,ep_87e46ec8310a3223818a,116,9,0.1041666666666666,0.1021229868228404,300000000,1.0,0.1563531353135313,0.1035871156661786,0.1248169838945827,1,False,0
0,ep_87e46ec8310a3223818a,117,9,0.0961221122112211,0.1013909224011713,300000000,1.0,0.1421204620462046,0.1023060029282576,0.1248169838945827,1,False,0
0,ep_87e46ec8310a3223818a,118,9,0.1039603960396039,0.1023060029282576,300000000,1.0,0.1689356435643564,0.1035871156661786,0.1248169838945827,1,False,0
0,ep_87e46ec8310a3223818a,119,9,0.1109735973597359,0.1023060029282576,300000000,1.0,0.172029702970297,0.1037701317715959,0.1248169838945827,1,False,0
0,ep_87e46ec8310a3223818a,120,10,0.1194306930693069,0.1019399707174231,300000000,1.0,0.2095709570957095,0.1037701317715959,0.1248169838945827,1,False,0
0,ep_87e46ec8310a3223818a,121,10,0.0821988448844884,0.1006588579795021,300000000,1.0,0.1113861386138613,0.1021229868228404,0.1248169838945827,1,False,0
0,ep_87e46ec8310a3223818a,122,10,0.0946782178217821,0.1010248901903367,300000000,1.0,0.1575907590759075,0.1023060029282576,0.1248169838945827,1,False,0
0,ep_87e46ec8310a3223818a,123,10,0.1004537953795379,0.1015739385065885,300000000,1.0,0.1503712871287128,0.1023060029282576,0.1248169838945827,1,False,0
0,ep_87e46ec8310a3223818a,124,10,0.1062293729372937,0.1019399707174231,300000000,1.0,0.1674917491749175,0.1034040995607613,0.1248169838945827,1,False,0
0,ep_87e46ec8310a3223818a,125,10,0.1062293729372937,0.1024890190336749,300000000,1.0,0.2037953795379538,0.1034040995607613,0.1248169838945827,1,False,0
0,ep_87e46ec8310a3223818a,126,10,0.1008663366336633,0.1006588579795021,300000000,1.0,0.1412953795379538,0.1021229868228404,0.1248169838945827,1,False,0
0,ep_87e46ec8310a3223818a,127,10,0.0892120462046204,0.1017569546120058,300000000,1.0,0.1287128712871287,0.1023060029282576,0.1248169838945827,1,False,0
0,ep_87e46ec8310a3223818a,128,10,0.0996287128712871,0.1024890190336749,300000000,1.0,0.1367574257425742,0.1034040995607613,0.1248169838945827,1,False,0
0,ep_87e46ec8310a3223818a,129,10,0.0781765676567656,0.101207906295754,300000000,1.0,0.1239686468646864,0.1023060029282576,0.1248169838945827,1,False,0
0,ep_87e46ec8310a3223818a,130,10,0.0969471947194719,0.1021229868228404,300000000,1.0,0.1429455445544554,0.1030380673499267,0.1248169838945827,1,False,0
0,ep_87e46ec8310a3223818a,131,10,0.1031353135313531,0.1017569546120058,300000000,1.0,0.1547029702970297,0.103221083455344,0.1248169838945827,1,False,0
0,ep_87e46ec8310a3223818a,132,11,0.0984942244224422,0.1019399707174231,300000000,1.0,0.1371699669966996,0.1037701317715959,0.1248169838945827,1,False,0
0,ep_87e46ec8310a3223818a,133,11,0.1017945544554455,0.1023060029282576,300000000,1.0,0.1402640264026402,0.1037701317715959,0.1248169838945827,1,False,0
0,ep_87e46ec8310a3223818a,134,11,0.1043729372937293,0.1015739385065885,300000000,1.0,0.1472772277227722,0.1023060029282576,0.1248169838945827,1,False,0
0,ep_87e46ec8310a3223818a,135,11,0.1013820132013201,0.1010248901903367,300000000,1.0,0.1499587458745874,0.1021229868228404,0.1248169838945827,1,False,0
0,ep_87e46ec8310a3223818a,136,11,0.0982879537953795,0.1019399707174231,300000000,1.0,0.1672854785478547,0.1026720351390922,0.1248169838945827,1,False,0
0,ep_87e46ec8310a3223818a,137,11,0.1169554455445544,0.1026720351390922,300000000,1.0,0.1683168316831683,0.1037701317715959,0.1248169838945827,1,False,0
0,ep_87e46ec8310a3223818a,138,11,0.0811674917491749,0.1015739385065885,300000000,1.0,0.1462458745874587,0.1021229868228404,0.1248169838945827,1,False,0
0,ep_87e46ec8310a3223818a,139,11,0.1056105610561056,0.1023060029282576,300000000,1.0,0.172029702970297,0.1035871156661786,0.1248169838945827,1,False,0
0,ep_87e46ec8310a3223818a,140,11,0.1140676567656765,0.1021229868228404,300000000,1.0,0.1926567656765676,0.1035871156661786,0.1248169838945827,1,False,0
0,ep_87e46ec8310a3223818a,141,11,0.1099422442244224,0.1023060029282576,300000000,1.0,0.1709983498349835,0.1037701317715959,0.1248169838945827,1,False,0
0,ep_87e46ec8310a3223818a,142,11,0.1091171617161716,0.1017569546120058,300000000,1.0,0.1573844884488449,0.1026720351390922,0.1248169838945827,1,False,0
0,ep_87e46ec8310a3223818a,143,11,0.1097359735973597,0.1026720351390922,300000000,1.0,0.1518151815181518,0.1037701317715959,0.1248169838945827,1,False,0
0,ep_87e46ec8310a3223818a,144,12,0.1157178217821782,0.1026720351390922,300000000,1.0,0.1753300330033003,0.1037701317715959,0.1248169838945827,1,False,0
0,ep_87e46ec8310a3223818a,145,12,0.1056105610561056,0.1021229868228404,300000000,1.0,0.1610973597359736,0.1039531478770131,0.1248169838945827,1,False,0
0,ep_87e46ec8310a3223818a,146,12,0.0909653465346534,0.1013909224011713,300000000,1.0,0.1309818481848184,0.1024890190336749,0.1248169838945827,1,False,0
0,ep_87e46ec8310a3223818a,147,12,0.0994224422442244,0.1013909224011713,300000000,1.0,0.1386138613861386,0.1023060029282576,0.1248169838945827,1,False,0
0,ep_87e46ec8310a3223818a,148,12,0.102825907590759,0.1026720351390922,300000000,1.0,0.1656353135313531,0.1039531478770131,0.1248169838945827,1,False,0
0,ep_87e46ec8310a3223818a,149,12,0.0866336633663366,0.1006588579795021,300000000,1.0,0.1749174917491749,0.1023060029282576,0.1248169838945827,1,False,0
0,ep_87e46ec8310a3223818a,150,12,0.0945750825082508,0.1019399707174231,300000000,1.0,0.1458333333333333,0.1024890190336749,0.1248169838945827,1,False,0
0,ep_87e46ec8310a3223818a,151,12,0.1056105610561056,0.1013909224011713,300000000,1.0,0.16006600660066,0.1024890190336749,0.1248169838945827,1,False,0
0,ep_87e46ec8310a3223818a,152,12,0.1076732673267326,0.1021229868228404,300000000,1.0,0.1602722772277227,0.1037701317715959,0.1248169838945827,1,False,0
0,ep_87e46ec8310a3223818a,153,12,0.1117986798679868,0.1030380673499267,300000000,1.0,0.2052392739273927,0.1039531478770131,0.1248169838945827,1,False,0
0,ep_87e46ec8310a3223818a,154,12,0.1040635313531353,0.1023060029282576,300000000,1.0,0.1780115511551155,0.1039531478770131,0.1248169838945827,1,False,0
0,ep_87e46ec8310a3223818a,155,12,0.1058168316831683,0.1019399707174231,300000000,1.0,0.1431518151815181,0.1026720351390922,0.1248169838945827,1,False,0
0,ep_87e46ec8310a3223818a,156,13,0.0944719471947194,0.1017569546120058,300000000,1.0,0.1289191419141914,0.1021229868228404,0.1248169838945827,1,False,0
0,ep_87e46ec8310a3223818a,157,13,0.0856023102310231,0.1019399707174231,300000000,1.0,0.1334570957095709,0.1024890190336749,0.1248169838945827,1,False,0
0,ep_87e46ec8310a3223818a,158,13,0.1169554455445544,0.1008418740849194,300000000,1.0,0.1786303630363036,0.1037701317715959,0.1248169838945827,1,False,0
0,ep_87e46ec8310a3223818a,159,13,0.0927186468646864,0.0890373352855051,300000000,1.0,0.1524339933993399,0.0925146412884333,0.1248169838945827,1,False,0
0,ep_87e46ec8310a3223818a,160,13,0.0971534653465346,0.0935212298682284,300000000,1.0,0.1419141914191419,0.0973645680819912,0.1248169838945827,1,False,0
0,ep_87e46ec8310a3223818a,161,13,0.1032384488448844,0.0960834553440702,300000000,1.0,0.1462458745874587,0.1006588579795021,0.1248169838945827,1,False,0
0,ep_87e46ec8310a3223818a,162,13,0.104269801980198,0.1001098096632503,300000000,1.0,0.1402640264026402,0.1024890190336749,0.1248169838945827,1,False,0
0,ep_87e46ec8310a3223818a,163,13,0.1084983498349834,0.1015739385065885,300000000,1.0,0.1439768976897689,0.1026720351390922,0.1248169838945827,1,False,0
0,ep_87e46ec8310a3223818a,164,13,0.1082920792079207,0.1017569546120058,300000000,1.0,0.168523102310231,0.1028550512445095,0.1248169838945827,1,False,0
0,ep_87e46ec8310a3223818a,165,13,0.1089108910891089,0.1010248901903367,300000000,1.0,0.1516089108910891,0.1028550512445095,0.1248169838945827,1,False,0
0,ep_87e46ec8310a3223818a,166,13,0.1117986798679868,0.1019399707174231,300000000,1.0,0.165016501650165,0.1030380673499267,0.1248169838945827,1,False,0
0,ep_87e46ec8310a3223818a,167,13,0.1084983498349834,0.1008418740849194,300000000,1.0,0.1478960396039604,0.1028550512445095,0.1248169838945827,1,False,0
0,ep_87e46ec8310a3223818a,168,14,0.097256600660066,0.0997437774524158,300000000,1.0,0.1328382838283828,0.1024890190336749,0.1248169838945827,1,False,0
0,ep_87e46ec8310a3223818a,169,14,0.0981848184818481,0.1015739385065885,300000000,1.0,0.14253300330033,0.1024890190336749,0.1248169838945827,1,False,0
0,ep_87e46ec8310a3223818a,170,14,0.0949876237623762,0.1017569546120058,300000000,1.0,0.1398514851485148,0.1024890190336749,0.1248169838945827,1,False,0
0,ep_87e46ec8310a3223818a,171,14,0.1005569306930693,0.1024890190336749,300000000,1.0,0.1505775577557755,0.1035871156661786,0.1248169838945827,1,False,0
0,ep_87e46ec8310a3223818a,172,14,0.0964315181518151,0.1013909224011713,300000000,1.0,0.1349009900990099,0.1026720351390922,0.1248169838945827,1,False,0
0,ep_87e46ec8310a3223818a,173,14,0.1043729372937293,0.1021229868228404,300000000,1.0,0.1516089108910891,0.1034040995607613,0.1248169838945827,1,False,0
0,ep_87e46ec8310a3223818a,174,14,0.1155115511551155,0.1019399707174231,300000000,1.0,0.1544966996699669,0.1034040995607613,0.1248169838945827,1,False,0
0,ep_87e46ec8310a3223818a,175,14,0.1076732673267326,0.1015739385065885,300000000,1.0,0.1963696369636963,0.1023060029282576,0.1248169838945827,1,False,0
0,ep_87e46ec8310a3223818a,176,14,0.1134488448844884,0.1024890190336749,300000000,1.0,0.1709983498349835,0.1035871156661786,0.1248169838945827,1,False,0
0,ep_87e46ec8310a3223818a,177,14,0.1173679867986798,0.1021229868228404,300000000,1.0,0.1903877887788778,0.1035871156661786,0.1248169838945827,1,False,0
0,ep_87e46ec8310a3223818a,178,14,0.1186056105610561,0.1019399707174231,300000000,1.0,0.183993399339934,0.1035871156661786,0.1248169838945827,1,False,0
0,ep_87e46ec8310a3223818a,179,14,0.1233498349834983,0.1023060029282576,300000000,1.0,0.1747112211221122,0.1034040995607613,0.1248169838945827,1,False,0
0,ep_87e46ec8310a3223818a,180,15,0.1087046204620462,0.1015739385065885,300000000,1.0,0.1598597359735973,0.1028550512445095,0.1248169838945827,1,False,0
0,ep_87e46ec8310a3223818a,181,15,0.1163366336633663,0.1023060029282576,300000000,1.0,0.1916254125412541,0.103221083455344,0.1248169838945827,1,False,0
0,ep_87e46ec8310a3223818a,182,15,0.1082920792079207,0.1002928257686676,300000000,1.0,0.1452145214521452,0.1024890190336749,0.1248169838945827,1,False,0
0,ep_87e46ec8310a3223818a,183,15,0.1157178217821782,0.1021229868228404,300000000,1.0,0.1604785478547855,0.103221083455344,0.1248169838945827,1,False,0
0,ep_87e46ec8310a3223818a,184,15,0.1076732673267326,0.1008418740849194,300000000,1.0,0.1598597359735973,0.1034040995607613,0.1248169838945827,1,False,0
0,ep_87e46ec8310a3223818a,185,15,0.1179867986798679,0.1021229868228404,300000000,1.0,0.1573844884488449,0.1034040995607613,0.1248169838945827,1,False,0
0,ep_87e46ec8310a3223818a,186,15,0.1103547854785478,0.1013909224011713,300000000,1.0,0.1629537953795379,0.103221083455344,0.1248169838945827,1,False,0
0,ep_87e46ec8310a3223818a,187,15,0.1043729372937293,0.101207906295754,300000000,1.0,0.1563531353135313,0.1026720351390922,0.1248169838945827,1,False,0
0,ep_87e46ec8310a3223818a,188,15,0.1138613861386138,0.1017569546120058,300000000,1.0,0.1569719471947194,0.103221083455344,0.1248169838945827,1,False,0
0,ep_87e46ec8310a3223818a,189,15,0.095503300330033,0.1023060029282576,300000000,1.0,0.1619224422442244,0.103221083455344,0.1248169838945827,1,False,0
0,ep_87e46ec8310a3223818a,190,15,0.092306105610561,0.1019399707174231,300000000,1.0,0.1472772277227722,0.1026720351390922,0.1248169838945827,1,False,0
0,ep_87e46ec8310a3223818a,191,15,0.1084983498349834,0.1021229868228404,300000000,1.0,0.1573844884488449,0.1034040995607613,0.1248169838945827,1,False,0
0,ep_87e46ec8310a3223818a,192,16,0.1163366336633663,0.1013909224011713,300000000,1.0,0.1879125412541254,0.1035871156661786,0.1248169838945827,1,False,0
0,ep_87e46ec8310a3223818a,193,16,0.1109735973597359,0.1021229868228404,300000000,1.0,0.1627475247524752,0.1034040995607613,0.1248169838945827,1,False,0
0,ep_87e46ec8310a3223818a,194,16,0.1072607260726072,0.1015739385065885,300000000,1.0,0.1417079207920792,0.103221083455344,0.1248169838945827,1,False,0
0,ep_87e46ec8310a3223818a,195,16,0.1034447194719472,0.1010248901903367,300000000,1.0,0.1524339933993399,0.1028550512445095,0.1248169838945827,1,False,0
0,ep_87e46ec8310a3223818a,196,16,0.1041666666666666,0.1019399707174231,300000000,1.0,0.161509900990099,0.103221083455344,0.1248169838945827,1,False,0
0,ep_87e46ec8310a3223818a,197,16,0.106023102310231,0.1021229868228404,300000000,1.0,0.1485148514851485,0.1030380673499267,0.1248169838945827,1,False,0
0,ep_87e46ec8310a3223818a,198,16,0.1078795379537953,0.1023060029282576,300000000,1.0,0.1780115511551155,0.1034040995607613,0.1248169838945827,1,False,0
0,ep_87e46ec8310a3223818a,199,16,0.1111798679867986,0.1019399707174231,300000000,1.0,0.1656353135313531,0.103221083455344,0.1248169838945827,1,False,0
0,ep_87e46ec8310a3223818a,200,16,0.1056105610561056,0.1019399707174231,300000000,1.0,0.1654290429042904,0.1034040995607613,0.1248169838945827,1,False,0
0,ep_87e46ec8310a3223818a,201,16,0.1091171617161716,0.1023060029282576,300000000,1.0,0.1619224422442244,0.1034040995607613,0.1248169838945827,1,False,0
0,ep_87e46ec8310a3223818a,202,16,0.1076732673267326,0.1019399707174231,300000000,1.0,0.165016501650165,0.1030380673499267,0.1248169838945827,1,False,0
0,ep_87e46ec8310a3223818a,203,16,0.099009900990099,0.1017569546120058,300000000,1.0,0.1439768976897689,0.1034040995607613,0.1248169838945827,1,False,0
0,ep_87e46ec8310a3223818a,204,17,0.1020008250825082,0.1023060029282576,300000000,1.0,0.1365511551155115,0.1039531478770131,0.1248169838945827,1,False,0
0,ep_87e46ec8310a3223818a,205,17,0.0885932343234323,0.1015739385065885,300000000,1.0,0.1311881188118812,0.1037701317715959,0.1248169838945827,1,False,0
0,ep_87e46ec8310a3223818a,206,17,0.1050948844884488,0.1026720351390922,300000000,1.0,0.1549092409240924,0.1039531478770131,0.1248169838945827,1,False,0
0,ep_87e46ec8310a3223818a,207,17,0.1005569306930693,0.1023060029282576,300000000,1.0,0.1466584158415841,0.1037701317715959,0.1248169838945827,1,False,0
0,ep_87e46ec8310a3223818a,208,17,0.1017945544554455,0.1026720351390922,300000000,1.0,0.1658415841584158,0.1039531478770131,0.1248169838945827,1,False,0
0,ep_87e46ec8310a3223818a,209,17,0.1074669966996699,0.1023060029282576,300000000,1.0,0.1707920792079208,0.1037701317715959,0.1248169838945827,1,False,0
0,ep_87e46ec8310a3223818a,210,17,0.1169554455445544,0.1019399707174231,300000000,1.0,0.1771864686468647,0.1039531478770131,0.1248169838945827,1,False,0
0,ep_87e46ec8310a3223818a,211,17,0.0998349834983498,0.1004758418740849,300000000,1.0,0.1507838283828383,0.1024890190336749,0.1248169838945827,1,False,0
0,ep_87e46ec8310a3223818a,212,17,0.1002475247524752,0.1019399707174231,300000000,1.0,0.1633663366336633,0.103221083455344,0.1248169838945827,1,False,0
0,ep_87e46ec8310a3223818a,213,17,0.0847772277227722,0.1023060029282576,300000000,1.0,0.1547029702970297,0.1037701317715959,0.1248169838945827,1,False,0
0,ep_87e46ec8310a3223818a,214,17,0.1134488448844884,0.1002928257686676,300000000,1.0,0.1938943894389438,0.1035871156661786,0.1248169838945827,1,False,0
0,ep_87e46ec8310a3223818a,215,17,0.0942656765676567,0.0984626647144948,300000000,1.0,0.1423267326732673,0.1023060029282576,0.1248169838945827,1,False,0
0,ep_87e46ec8310a3223818a,216,18,0.1076732673267326,0.1023060029282576,300000000,1.0,0.1520214521452145,0.1035871156661786,0.1248169838945827,1,False,0
0,ep_87e46ec8310a3223818a,217,18,0.1078795379537953,0.1015739385065885,300000000,1.0,0.1868811881188118,0.1034040995607613,0.1248169838945827,1,False,0
0,ep_87e46ec8310a3223818a,218,18,0.1150990099009901,0.1023060029282576,300000000,1.0,0.1594471947194719,0.1035871156661786,0.1248169838945827,1,False,0
0,ep_87e46ec8310a3223818a,219,18,0.1074669966996699,0.1021229868228404,300000000,1.0,0.1775990099009901,0.1035871156661786,0.1248169838945827,1,False,0
0,ep_87e46ec8310a3223818a,220,18,0.1021039603960396,0.1017569546120058,300000000,1.0,0.1732673267326732,0.1035871156661786,0.1248169838945827,1,False,0
0,ep_87e46ec8310a3223818a,221,18,0.1148927392739273,0.1023060029282576,300000000,1.0,0.186056105610561,0.1037701317715959,0.1248169838945827,1,False,0
0,ep_87e46ec8310a3223818a,222,18,0.1128300330033003,0.1015739385065885,300000000,1.0,0.1553217821782178,0.1030380673499267,0.1248169838945827,1,False,0
0,ep_87e46ec8310a3223818a,223,18,0.1254125412541254,0.1017569546120058,300000000,1.0,0.1815181518151815,0.1035871156661786,0.1248169838945827,1,False,0
0,ep_87e46ec8310a3223818a,224,18,0.1219059405940594,0.1017569546120058,300000000,1.0,0.1765676567656765,0.1039531478770131,0.1248169838945827,1,False,0
0,ep_87e46ec8310a3223818a,225,18,0.1005569306930693,0.1013909224011713,300000000,1.0,0.1594471947194719,0.103221083455344,0.1248169838945827,1,False,0
0,ep_87e46ec8310a3223818a,226,18,0.0968440594059406,0.1015739385065885,300000000,1.0,0.1450082508250825,0.103221083455344,0.1248169838945827,1,False,0
0,ep_87e46ec8310a3223818a,227,18,0.109529702970297,0.1024890190336749,300000000,1.0,0.1660478547854785,0.1039531478770131,0.1248169838945827,1,False,0
0,ep_87e46ec8310a3223818a,228,19,0.1101485148514851,0.1026720351390922,300000000,1.0,0.1507838283828383,0.1037701317715959,0.1248169838945827,1,False,0
0,ep_87e46ec8310a3223818a,229,19,0.0999381188118812,0.1023060029282576,300000000,1.0,0.1623349834983498,0.1037701317715959,0.1248169838945827,1,False,0
0,ep_87e46ec8310a3223818a,230,19,0.0978754125412541,0.1024890190336749,300000000,1.0,0.1448019801980198,0.1039531478770131,0.1248169838945827,1,False,0
0,ep_87e46ec8310a3223818a,231,19,0.0969471947194719,0.1024890190336749,300000000,1.0,0.146039603960396,0.1037701317715959,0.1248169838945827,1,False,0
0,ep_87e46ec8310a3223818a,232,19,0.0860148514851485,0.1017569546120058,300000000,1.0,0.1491336633663366,0.1037701317715959,0.1248169838945827,1,False,0
0,ep_87e46ec8310a3223818a,233,19,0.104269801980198,0.1026720351390922,300000000,1.0,0.1561468646864686,0.1039531478770131,0.1248169838945827,1,False,0
0,ep_87e46ec8310a3223818a,234,19,0.0819925742574257,0.1017569546120058,300000000,1.0,0.1505775577557755,0.1039531478770131,0.1248169838945827,1,False,0
0,ep_87e46ec8310a3223818a,235,19,0.0886963696369637,0.1021229868228404,300000000,1.0,0.153052805280528,0.1028550512445095,0.1248169838945827,1,False,0
0,ep_87e46ec8310a3223818a,236,19,0.1013820132013201,0.1015739385065885,300000000,1.0,0.1608910891089109,0.1037701317715959,0.1248169838945827,1,False,0
0,ep_87e46ec8310a3223818a,237,19,0.1015882838283828,0.1023060029282576,300000000,1.0,0.1507838283828383,0.1037701317715959,0.1248169838945827,1,False,0
0,ep_87e46ec8310a3223818a,238,19,0.0812706270627062,0.1015739385065885,300000000,1.0,0.1485148514851485,0.1034040995607613,0.1248169838945827,1,False,0
0,ep_87e46ec8310a3223818a,239,19,0.095503300330033,0.1024890190336749,300000000,1.0,0.1549092409240924,0.1037701317715959,0.1248169838945827,1,False,0
0,ep_87e46ec8310a3223818a,240,20,0.0916872937293729,0.1015739385065885,300000000,1.0,0.1316006600660066,0.1028550512445095,0.1248169838945827,1,False,0
0,ep_87e46ec8310a3223818a,241,20,0.0924092409240924,0.1019399707174231,300000000,1.0,0.1394389438943894,0.1028550512445095,0.1248169838945827,1,False,0
0,ep_87e46ec8310a3223818a,242,20,0.0963283828382838,0.1019399707174231,300000000,1.0,0.1689356435643564,0.1035871156661786,0.1248169838945827,1,False,0
0,ep_87e46ec8310a3223818a,243,20,0.09756600660066,0.1019399707174231,300000000,1.0,0.1619224422442244,0.1035871156661786,0.1248169838945827,1,False,0
0,ep_87e46ec8310a3223818a,244,20,0.1055074257425742,0.1023060029282576,300000000,1.0,0.1514026402640264,0.1035871156661786,0.1248169838945827,1,False,0
0,ep_87e46ec8310a3223818a,245,20,0.1076732673267326,0.1026720351390922,300000000,1.0,0.1740924092409241,0.1037701317715959,0.1248169838945827,1,False,0
0,ep_87e46ec8310a3223818a,246,20,0.1055074257425742,0.1021229868228404,300000000,1.0,0.156559405940594,0.1037701317715959,0.1248169838945827,1,False,0
0,ep_87e46ec8310a3223818a,247,20,0.1070544554455445,0.1021229868228404,300000000,1.0,0.1629537953795379,0.1037701317715959,0.1248169838945827,1,False,0
0,ep_87e46ec8310a3223818a,248,20,0.095812706270627,0.1023060029282576,300000000,1.0,0.1421204620462046,0.1037701317715959,0.1248169838945827,1,False,0
0,ep_87e46ec8310a3223818a,249,20,0.1055074257425742,0.1024890190336749,300000000,1.0,0.1602722772277227,0.1037701317715959,0.1248169838945827,1,False,0
0,ep_87e46ec8310a3223818a,250,20,0.1049917491749174,0.1019399707174231,300000000,1.0,0.186056105610561,0.1037701317715959,0.1248169838945827,1,False,0
0,ep_87e46ec8310a3223818a,251,20,0.1078795379537953,0.1024890190336749,300000000,1.0,0.1765676567656765,0.1037701317715959,0.1248169838945827,1,False,0
0,ep_87e46ec8310a3223818a,252,21,0.1171617161716171,0.1024890190336749,300000000,1.0,0.1813118811881188,0.1037701317715959,0.1248169838945827,1,False,0
0,ep_87e46ec8310a3223818a,253,21,0.1122112211221122,0.1023060029282576,300000000,1.0,0.1732673267326732,0.1035871156661786,0.1248169838945827,1,False,0
0,ep_87e46ec8310a3223818a,254,21,0.0933374587458745,0.1015739385065885,300000000,1.0,0.1963696369636963,0.1039531478770131,0.1248169838945827,1,False,0
0,ep_87e46ec8310a3223818a,255,21,0.0879744224422442,0.1024890190336749,300000000,1.0,0.1301567656765676,0.1039531478770131,0.1248169838945827,1,False,0
0,ep_87e46ec8310a3223818a,256,21,0.0909653465346534,0.1015739385065885,300000000,1.0,0.1289191419141914,0.1028550512445095,0.1248169838945827,1,False,0
0,ep_87e46ec8310a3223818a,257,21,0.0906559405940594,0.1019399707174231,300000000,1.0,0.1212871287128712,0.1030380673499267,0.1248169838945827,1,False,0
0,ep_87e46ec8310a3223818a,258,21,0.0925123762376237,0.1026720351390922,300000000,1.0,0.1433580858085808,0.1039531478770131,0.1248169838945827,1,False,0
0,ep_87e46ec8310a3223818a,259,21,0.0880775577557755,0.1023060029282576,300000000,1.0,0.1481023102310231,0.1035871156661786,0.1248169838945827,1,False,0
0,ep_87e46ec8310a3223818a,260,21,0.1093234323432343,0.1026720351390922,300000000,1.0,0.1693481848184818,0.1039531478770131,0.1248169838945827,1,False,0
0,ep_87e46ec8310a3223818a,261,21,0.092306105610561,0.1024890190336749,300000000,1.0,0.158003300330033,0.1039531478770131,0.1248169838945827,1,False,0
0,ep_87e46ec8310a3223818a,262,21,0.0992161716171617,0.1015739385065885,300000000,1.0,0.134075907590759,0.1026720351390922,0.1248169838945827,1,False,0
0,ep_87e46ec8310a3223818a,263,21,0.1219059405940594,0.1023060029282576,300000000,1.0,0.1759488448844884,0.1039531478770131,0.1248169838945827,1,False,0
0,ep_87e46ec8310a3223818a,264,22,0.1037541254125412,0.1024890190336749,300000000,1.0,0.1664603960396039,0.1037701317715959,0.1248169838945827,1,False,0
0,ep_87e46ec8310a3223818a,265,22,0.1120049504950495,0.1026720351390922,300000000,1.0,0.1784240924092409,0.1039531478770131,0.1248169838945827,1,False,0
0,ep_87e46ec8310a3223818a,266,22,0.0842615511551155,0.1019399707174231,300000000,1.0,0.1278877887788778,0.1035871156661786,0.1248169838945827,1,False,0
0,ep_87e46ec8310a3223818a,267,22,0.1117986798679868,0.1026720351390922,300000000,1.0,0.1646039603960396,0.1039531478770131,0.1248169838945827,1,False,0
0,ep_87e46ec8310a3223818a,268,22,0.1039603960396039,0.1021229868228404,300000000,1.0,0.1524339933993399,0.1039531478770131,0.1248169838945827,1,False,0
0,ep_87e46ec8310a3223818a,269,22,0.1202557755775577,0.1026720351390922,300000000,1.0,0.1759488448844884,0.1039531478770131,0.1248169838945827,1,False,0
0,ep_87e46ec8310a3223818a,270,22,0.0981848184818481,0.1021229868228404,300000000,1.0,0.1518151815181518,0.1037701317715959,0.1248169838945827,1,False,0
0,ep_87e46ec8310a3223818a,271,22,0.0956064356435643,0.1010248901903367,300000000,1.0,0.1608910891089109,0.1026720351390922,0.1248169838945827,1,False,0
0,ep_87e46ec8310a3223818a,272,22,0.0951938943894389,0.1023060029282576,300000000,1.0,0.1283003300330033,0.1037701317715959,0.1248169838945827,1,False,0
0,ep_87e46ec8310a3223818a,273,22,0.095503300330033,0.1024890190336749,300000000,1.0,0.1540841584158415,0.1037701317715959,0.1248169838945827,1,False,0
0,ep_87e46ec8310a3223818a,274,22,0.0933374587458745,0.1015739385065885,300000000,1.0,0.1532590759075907,0.1037701317715959,0.1248169838945827,1,False,0
0,ep_87e46ec8310a3223818a,275,22,0.0882838283828382,0.1023060029282576,300000000,1.0,0.1367574257425742,0.1037701317715959,0.1248169838945827,1,False,0
0,ep_87e46ec8310a3223818a,276,23,0.0964315181518151,0.1024890190336749,300000000,1.0,0.1511963696369637,0.1037701317715959,0.1248169838945827,1,False,0
0,ep_87e46ec8310a3223818a,277,23,0.0944719471947194,0.1023060029282576,300000000,1.0,0.1322194719471947,0.1037701317715959,0.1248169838945827,1,False,0
0,ep_87e46ec8310a3223818a,278,23,0.0968440594059406,0.1023060029282576,300000000,1.0,0.1474834983498349,0.1039531478770131,0.1248169838945827,1,False,0
0,ep_87e46ec8310a3223818a,279,23,0.0962252475247524,0.1023060029282576,300000000,1.0,0.1464521452145214,0.1035871156661786,0.1248169838945827,1,False,0
0,ep_87e46ec8310a3223818a,280,23,0.0951938943894389,0.1015739385065885,300000000,1.0,0.1408828382838284,0.1028550512445095,0.1248169838945827,1,False,0
0,ep_87e46ec8310a3223818a,281,23,0.0910684818481848,0.1023060029282576,300000000,1.0,0.1398514851485148,0.1037701317715959,0.1248169838945827,1,False,0
0,ep_87e46ec8310a3223818a,282,23,0.092306105610561,0.1021229868228404,300000000,1.0,0.1481023102310231,0.1037701317715959,0.1248169838945827,1,False,0
0,ep_87e46ec8310a3223818a,283,23,0.0969471947194719,0.1023060029282576,300000000,1.0,0.16006600660066,0.1037701317715959,0.1248169838945827,1,False,0
0,ep_87e46ec8310a3223818a,284,23,0.0947813531353135,0.1019399707174231,300000000,1.0,0.1439768976897689,0.1037701317715959,0.1248169838945827,1,False,0
0,ep_87e46ec8310a3223818a,285,23,0.1037541254125412,0.1024890190336749,300000000,1.0,0.1646039603960396,0.1039531478770131,0.1248169838945827,1,False,0
0,ep_87e46ec8310a3223818a,286,23,0.1015882838283828,0.1017569546120058,300000000,1.0,0.1443894389438944,0.1034040995607613,0.1248169838945827,1,False,0
0,ep_87e46ec8310a3223818a,287,23,0.1167491749174917,0.1026720351390922,300000000,1.0,0.1734735973597359,0.1037701317715959,0.1248169838945827,1,False,0
0,ep_90a1ad89f94a3702e2c6,113,9,0.2301980198019802,0.0188049048316251,245000000,0.8166666666666667,0.3791254125412541,0.0214815153733528,0.0345442898975109,1,False,0
0,ep_90a1ad89f94a3702e2c6,114,9,0.2689768976897689,0.0208180819912152,300000000,1.0,0.3758250825082508,0.0220534407027818,0.0345442898975109,1,False,0
0,ep_90a1ad89f94a3702e2c6,115,9,0.2673267326732673,0.0221449487554904,300000000,1.0,0.3844884488448845,0.0226024890190336,0.0345442898975109,1,False,0
0,ep_90a1ad89f94a3702e2c6,116,9,0.275990099009901,0.0224881039531478,300000000,1.0,0.3869636963696369,0.0227397510980966,0.0345442898975109,1,False,0
0,ep_90a1ad89f94a3702e2c6,117,9,0.2755775577557756,0.0226711200585651,300000000,1.0,0.3869636963696369,0.0232201683748169,0.0345442898975109,1,False,0
0,ep_90a1ad89f94a3702e2c6,118,9,0.2755775577557756,0.0233574304538799,300000000,1.0,0.3927392739273927,0.0239751098096632,0.0345442898975109,1,False,0
0,ep_90a1ad89f94a3702e2c6,119,9,0.2797029702970297,0.0235633235724743,300000000,1.0,0.3956270627062706,0.0238378477306002,0.0345442898975109,1,False,0
0,ep_90a1ad89f94a3702e2c6,120,10,0.2784653465346535,0.0237920937042459,300000000,1.0,0.4001650165016501,0.0244326500732064,0.0345442898975109,1,False,0
0,ep_90a1ad89f94a3702e2c6,121,10,0.2755775577557756,0.0246156661786237,300000000,1.0,0.4022277227722772,0.0255765007320644,0.0345442898975109,1,False,0
0,ep_90a1ad89f94a3702e2c6,122,10,0.2764026402640264,0.0254849926793557,300000000,1.0,0.4038778877887788,0.0261713030746705,0.0345442898975109,1,False,0
0,ep_90a1ad89f94a3702e2c6,123,10,0.2743399339933993,0.025805270863836,300000000,1.0,0.4125412541254125,0.0264000732064421,0.0345442898975109,1,False,0
0,ep_90a1ad89f94a3702e2c6,124,10,0.2735148514851485,0.0264915812591508,300000000,1.0,0.4108910891089108,0.0267661054172767,0.0345442898975109,1,False,0
0,ep_90a1ad89f94a3702e2c6,125,10,0.2722772277227723,0.0264000732064421,300000000,1.0,0.4096534653465346,0.0267203513909224,0.0345442898975109,1,False,0
0,ep_90a1ad89f94a3702e2c6,126,10,0.2586633663366336,0.0263543191800878,300000000,1.0,0.4047029702970297,0.0267661054172767,0.0345442898975109,1,False,0
0,ep_90a1ad89f94a3702e2c6,127,10,0.2731188118811881,0.0253465104929233,300000000,1.0,0.3981023102310231,0.0256222547584187,0.0345442898975109,2,False,0
0,ep_90a1ad89f94a3702e2c6,128,10,0.157590572134967,0.0179838891604774,18304983,0.06101661,0.2466996699669967,0.0256222547584187,0.0345442898975109,2,False,0
0,ep_9737a4971f154b6456c6,14,1,0.2322607260726072,0.0179355783308931,184000000,0.6133333333333333,0.3956270627062706,0.0213213762811127,0.0345442898975109,1,False,0
0,ep_9737a4971f154b6456c6,15,1,0.2916666666666667,0.0204749267935578,300000000,1.0,0.4022277227722772,0.0208409590043923,0.0345442898975109,1,False,0
0,ep_9737a4971f154b6456c6,16,1,0.2891914191419142,0.0212527452415812,300000000,1.0,0.4059405940594059,0.0226482430453879,0.0345442898975109,1,False,0
0,ep_9737a4971f154b6456c6,17,1,0.2891914191419142,0.0233345534407027,300000000,1.0,0.4199669966996699,0.0242496339677891,0.0345442898975109,1,False,0
0,ep_9737a4971f154b6456c6,18,1,0.2846534653465346,0.0240666178623718,300000000,1.0,0.4240924092409241,0.0242496339677891,0.0345442898975109,1,False,0
0,ep_9737a4971f154b6456c6,19,1,0.28506600660066,0.0241123718887262,300000000,1.0,0.4166666666666667,0.0244784040995607,0.0345442898975109,1,False,0
0,ep_9737a4971f154b6456c6,20,1,0.2875412541254125,0.0242496339677891,300000000,1.0,0.422029702970297,0.024524158125915,0.0345442898975109,1,False,0
0,ep_9737a4971f154b6456c6,21,1,0.2887788778877888,0.024524158125915,300000000,1.0,0.4265676567656766,0.0247986822840409,0.0345442898975109,1,False,0
0,ep_9737a4971f154b6456c6,22,1,0.2933168316831683,0.0245699121522694,300000000,1.0,0.4232673267326732,0.0249816983894582,0.0345442898975109,1,False,0
0,ep_9737a4971f154b6456c6,23,1,0.2929042904290429,0.0246156661786237,300000000,1.0,0.4224422442244224,0.0249816983894582,0.0345442898975109,1,False,0
0,ep_9737a4971f154b6456c6,24,2,0.2879537953795379,0.0247986822840409,300000000,1.0,0.4298679867986799,0.0253019765739385,0.0345442898975109,1,False,0
0,ep_9737a4971f154b6456c6,25,2,0.2834158415841584,0.0251189604685212,300000000,1.0,0.4199669966996699,0.0254392386530014,0.0345442898975109,1,False,0
0,ep_9737a4971f154b6456c6,26,2,0.2821782178217821,0.0251189604685212,300000000,1.0,0.4191419141914191,0.0254849926793557,0.0345442898975109,1,False,0
0,ep_9737a4971f154b6456c6,27,2,0.2879537953795379,0.0251189604685212,300000000,1.0,0.4146039603960396,0.0253477306002928,0.0345442898975109,1,False,0
0,ep_9737a4971f154b6456c6,28,2,0.2731023102310231,0.0241123718887262,300000000,1.0,0.4051155115511551,0.0252562225475841,0.0345442898975109,1,False,0
0,ep_9737a4971f154b6456c6,29,2,0.2646908054709924,0.0222383512668542,184867027,0.6162234233333334,0.408003300330033,0.0242953879941434,0.0345442898975109,3,False,0
0,ep_9ba2882c8df6230dd2dc,0,0,0.1202557755775577,0.1010248901903367,300000000,1.0,0.1751237623762376,0.1028550512445095,0.1248169838945827,1,False,0
0,ep_9ba2882c8df6230dd2dc,1,0,0.1303630363036303,0.101207906295754,300000000,1.0,0.1862623762376237,0.1030380673499267,0.1248169838945827,1,False,0
0,ep_9ba2882c8df6230dd2dc,2,0,0.1309818481848184,0.1015739385065885,300000000,1.0,0.179042904290429,0.1030380673499267,0.1248169838945827,1,False,0
0,ep_9ba2882c8df6230dd2dc,3,0,0.1344884488448844,0.1017569546120058,300000000,1.0,0.182549504950495,0.103221083455344,0.1248169838945827,1,False,0
0,ep_9ba2882c8df6230dd2dc,4,0,0.1268564356435643,0.1019399707174231,300000000,1.0,0.1718234323432343,0.1034040995607613,0.1248169838945827,1,False,0
0,ep_9ba2882c8df6230dd2dc,5,0,0.1099422442244224,0.1019399707174231,300000000,1.0,0.1728547854785478,0.1034040995607613,0.1248169838945827,1,False,0
0,ep_9ba2882c8df6230dd2dc,6,0,0.1289191419141914,0.1013909224011713,300000000,1.0,0.1730610561056105,0.1034040995607613,0.1248169838945827,1,False,0
0,ep_9ba2882c8df6230dd2dc,7,0,0.1097359735973597,0.1019399707174231,300000000,1.0,0.1606848184818481,0.103221083455344,0.1248169838945827,1,False,0
0,ep_9ba2882c8df6230dd2dc,8,0,0.1105610561056105,0.1008418740849194,300000000,1.0,0.1695544554455445,0.1030380673499267,0.1248169838945827,1,False,0
0,ep_9ba2882c8df6230dd2dc,9,0,0.1155115511551155,0.101207906295754,300000000,1.0,0.1745049504950495,0.1030380673499267,0.1248169838945827,1,False,0
0,ep_9ba2882c8df6230dd2dc,10,0,0.116542904290429,0.1015739385065885,300000000,1.0,0.1662541254125412,0.103221083455344,0.1248169838945827,1,False,0
0,ep_9ba2882c8df6230dd2dc,11,0,0.1150990099009901,0.1017569546120058,300000000,1.0,0.1759488448844884,0.1034040995607613,0.1248169838945827,1,False,0
0,ep_9ba2882c8df6230dd2dc,12,1,0.1219059405940594,0.1002928257686676,300000000,1.0,0.1868811881188118,0.103221083455344,0.1248169838945827,1,False,0
0,ep_9ba2882c8df6230dd2dc,13,1,0.0922029702970297,0.1002928257686676,300000000,1.0,0.1328382838283828,0.1026720351390922,0.1248169838945827,1,False,0
0,ep_9ba2882c8df6230dd2dc,14,1,0.0945750825082508,0.1010248901903367,300000000,1.0,0.1555280528052805,0.1026720351390922,0.1248169838945827,1,False,0
0,ep_9ba2882c8df6230dd2dc,15,1,0.0988036303630363,0.0995607613469985,300000000,1.0,0.1433580858085808,0.1028550512445095,0.1248169838945827,1,False,0
0,ep_9ba2882c8df6230dd2dc,16,1,0.0915841584158415,0.1004758418740849,300000000,1.0,0.1454207920792079,0.1030380673499267,0.1248169838945827,1,False,0
0,ep_9ba2882c8df6230dd2dc,17,1,0.0987004950495049,0.1019399707174231,300000000,1.0,0.1532590759075907,0.1034040995607613,0.1248169838945827,1,False,0
0,ep_9ba2882c8df6230dd2dc,18,1,0.1005569306930693,0.0997437774524158,300000000,1.0,0.1497524752475247,0.1026720351390922,0.1248169838945827,1,False,0
0,ep_9ba2882c8df6230dd2dc,19,1,0.1084983498349834,0.1019399707174231,300000000,1.0,0.1569719471947194,0.103221083455344,0.1248169838945827,1,False,0
0,ep_9ba2882c8df6230dd2dc,20,1,0.1208745874587458,0.1021229868228404,300000000,1.0,0.1683168316831683,0.103221083455344,0.1248169838945827,1,False,0
0,ep_9ba2882c8df6230dd2dc,21,1,0.1363448844884488,0.1021229868228404,300000000,1.0,0.1782178217821782,0.103221083455344,0.1248169838945827,1,False,0
0,ep_9ba2882c8df6230dd2dc,22,1,0.1051980198019802,0.1010248901903367,300000000,1.0,0.1536716171617161,0.103221083455344,0.1248169838945827,1,False,0
0,ep_9ba2882c8df6230dd2dc,23,1,0.0936468646864686,0.1015739385065885,300000000,1.0,0.1619224422442244,0.103221083455344,0.1248169838945827,1,False,0
0,ep_9ba2882c8df6230dd2dc,24,2,0.1076732673267326,0.1015739385065885,300000000,1.0,0.1456270627062706,0.1030380673499267,0.1248169838945827,1,False,0
0,ep_9ba2882c8df6230dd2dc,25,2,0.1221122112211221,0.1023060029282576,300000000,1.0,0.1643976897689769,0.1030380673499267,0.1248169838945827,1,False,0
0,ep_9ba2882c8df6230dd2dc,26,2,0.1204620462046204,0.1021229868228404,300000000,1.0,0.1639851485148515,0.1030380673499267,0.1248169838945827,1,False,0
0,ep_9ba2882c8df6230dd2dc,27,2,0.1021039603960396,0.1017569546120058,300000000,1.0,0.1551155115511551,0.1030380673499267,0.1248169838945827,1,False,0
0,ep_9ba2882c8df6230dd2dc,28,2,0.1122112211221122,0.1010248901903367,300000000,1.0,0.1608910891089109,0.1030380673499267,0.1248169838945827,1,False,0
0,ep_9ba2882c8df6230dd2dc,29,2,0.121493399339934,0.101207906295754,300000000,1.0,0.1646039603960396,0.1030380673499267,0.1248169838945827,1,False,0
0,ep_9ba2882c8df6230dd2dc,30,2,0.1140676567656765,0.1008418740849194,300000000,1.0,0.1637788778877887,0.1030380673499267,0.1248169838945827,1,False,0
0,ep_9ba2882c8df6230dd2dc,31,2,0.1122112211221122,0.1019399707174231,300000000,1.0,0.1542904290429043,0.1030380673499267,0.1248169838945827,1,False,0
0,ep_9ba2882c8df6230dd2dc,32,2,0.1107673267326732,0.1013909224011713,300000000,1.0,0.1544966996699669,0.1030380673499267,0.1248169838945827,1,False,0
0,ep_9ba2882c8df6230dd2dc,33,2,0.1111798679867986,0.1008418740849194,300000000,1.0,0.1588283828382838,0.1030380673499267,0.1248169838945827,1,False,0
0,ep_9ba2882c8df6230dd2dc,34,2,0.1159240924092409,0.1008418740849194,300000000,1.0,0.1664603960396039,0.1030380673499267,0.1248169838945827,1,False,0
0,ep_9ba2882c8df6230dd2dc,35,2,0.1202557755775577,0.1015739385065885,300000000,1.0,0.1643976897689769,0.1030380673499267,0.1248169838945827,1,False,0
0,ep_9ba2882c8df6230dd2dc,36,3,0.1233498349834983,0.1008418740849194,300000000,1.0,0.175536303630363,0.1030380673499267,0.1248169838945827,1,False,0
0,ep_9ba2882c8df6230dd2dc,37,3,0.1192244224422442,0.1017569546120058,300000000,1.0,0.1815181518151815,0.1028550512445095,0.1248169838945827,1,False,0
0,ep_9ba2882c8df6230dd2dc,38,3,0.1109735973597359,0.1017569546120058,300000000,1.0,0.1592409240924092,0.1030380673499267,0.1248169838945827,1,False,0
0,ep_9ba2882c8df6230dd2dc,39,3,0.108085808580858,0.1008418740849194,300000000,1.0,0.1427392739273927,0.1030380673499267,0.1248169838945827,1,False,0
0,ep_9ba2882c8df6230dd2dc,40,3,0.1068481848184818,0.101207906295754,300000000,1.0,0.1522277227722772,0.1030380673499267,0.1248169838945827,1,False,0
0,ep_9ba2882c8df6230dd2dc,41,3,0.1225247524752475,0.1019399707174231,300000000,1.0,0.1699669966996699,0.103221083455344,0.1248169838945827,1,False,0
0,ep_9ba2882c8df6230dd2dc,42,3,0.1113861386138613,0.1013909224011713,300000000,1.0,0.1590346534653465,0.103221083455344,0.1248169838945827,1,False,0
0,ep_9ba2882c8df6230dd2dc,43,3,0.1122112211221122,0.1021229868228404,300000000,1.0,0.163572607260726,0.103221083455344,0.1248169838945827,1,False,0
0,ep_9ba2882c8df6230dd2dc,44,3,0.1062293729372937,0.1015739385065885,300000000,1.0,0.1862623762376237,0.1034040995607613,0.1248169838945827,1,False,0
0,ep_9ba2882c8df6230dd2dc,45,3,0.1258250825082508,0.1004758418740849,300000000,1.0,0.1732673267326732,0.1034040995607613,0.1248169838945827,1,False,0
0,ep_9ba2882c8df6230dd2dc,46,3,0.1064356435643564,0.1008418740849194,300000000,1.0,0.1516089108910891,0.1028550512445095,0.1248169838945827,1,False,0
0,ep_9ba2882c8df6230dd2dc,47,3,0.1124174917491749,0.1017569546120058,300000000,1.0,0.1631600660066006,0.1034040995607613,0.1248169838945827,1,False,0
0,ep_9ba2882c8df6230dd2dc,48,4,0.1055074257425742,0.1006588579795021,300000000,1.0,0.1753300330033003,0.1034040995607613,0.1248169838945827,1,False,0
0,ep_9ba2882c8df6230dd2dc,49,4,0.1009694719471947,0.1013909224011713,300000000,1.0,0.172029702970297,0.103221083455344,0.1248169838945827,1,False,0
0,ep_9ba2882c8df6230dd2dc,50,4,0.1258250825082508,0.1023060029282576,300000000,1.0,0.1749174917491749,0.1035871156661786,0.1248169838945827,1,False,0
0,ep_9ba2882c8df6230dd2dc,51,4,0.1070544554455445,0.1019399707174231,300000000,1.0,0.1769801980198019,0.1037701317715959,0.1248169838945827,1,False,0
0,ep_9ba2882c8df6230dd2dc,52,4,0.0988036303630363,0.1015739385065885,300000000,1.0,0.1474834983498349,0.1030380673499267,0.1248169838945827,1,False,0
0,ep_9ba2882c8df6230dd2dc,53,4,0.1035478547854785,0.1024890190336749,300000000,1.0,0.1608910891089109,0.1035871156661786,0.1248169838945827,1,False,0
0,ep_9ba2882c8df6230dd2dc,54,4,0.1322194719471947,0.1024890190336749,300000000,1.0,0.1794554455445544,0.1037701317715959,0.1248169838945827,1,False,0
0,ep_9ba2882c8df6230dd2dc,55,4,0.1256188118811881,0.1024890190336749,300000000,1.0,0.175536303630363,0.1037701317715959,0.1248169838945827,1,False,0
0,ep_9ba2882c8df6230dd2dc,56,4,0.1124174917491749,0.1026720351390922,300000000,1.0,0.1792491749174917,0.1037701317715959,0.1248169838945827,1,False,0
0,ep_9ba2882c8df6230dd2dc,57,4,0.1140676567656765,0.1024890190336749,300000000,1.0,0.1643976897689769,0.1037701317715959,0.1248169838945827,1,False,0
0,ep_9ba2882c8df6230dd2dc,58,4,0.106023102310231,0.1026720351390922,300000000,1.0,0.1718234323432343,0.1037701317715959,0.1248169838945827,1,False,0
0,ep_9ba2882c8df6230dd2dc,59,4,0.1103547854785478,0.1023060029282576,300000000,1.0,0.1658415841584158,0.1037701317715959,0.1248169838945827,1,False,0
0,ep_9ba2882c8df6230dd2dc,60,5,0.1105610561056105,0.1023060029282576,300000000,1.0,0.1712046204620462,0.1034040995607613,0.1248169838945827,1,False,0
0,ep_9ba2882c8df6230dd2dc,61,5,0.1157178217821782,0.1024890190336749,300000000,1.0,0.1786303630363036,0.1037701317715959,0.1248169838945827,1,False,0
0,ep_9ba2882c8df6230dd2dc,62,5,0.1093234323432343,0.1026720351390922,300000000,1.0,0.1604785478547855,0.1037701317715959,0.1248169838945827,1,False,0
0,ep_9ba2882c8df6230dd2dc,63,5,0.1179867986798679,0.1024890190336749,300000000,1.0,0.1703795379537953,0.1037701317715959,0.1248169838945827,1,False,0
0,ep_9ba2882c8df6230dd2dc,64,5,0.1146864686468646,0.1024890190336749,300000000,1.0,0.1627475247524752,0.1037701317715959,0.1248169838945827,1,False,0
0,ep_9ba2882c8df6230dd2dc,65,5,0.1171617161716171,0.1024890190336749,300000000,1.0,0.1662541254125412,0.1037701317715959,0.1248169838945827,1,False,0
0,ep_9ba2882c8df6230dd2dc,66,5,0.1204620462046204,0.1023060029282576,300000000,1.0,0.1778052805280528,0.1037701317715959,0.1248169838945827,1,False,0
0,ep_9ba2882c8df6230dd2dc,67,5,0.1082920792079207,0.1019399707174231,300000000,1.0,0.1687293729372937,0.1034040995607613,0.1248169838945827,1,False,0
0,ep_9ba2882c8df6230dd2dc,68,5,0.1196369636963696,0.1026720351390922,300000000,1.0,0.1695544554455445,0.1037701317715959,0.1248169838945827,1,False,0
0,ep_9ba2882c8df6230dd2dc,69,5,0.1155115511551155,0.1024890190336749,300000000,1.0,0.1778052805280528,0.1037701317715959,0.1248169838945827,1,False,0
0,ep_9ba2882c8df6230dd2dc,70,5,0.1113861386138613,0.1024890190336749,300000000,1.0,0.1670792079207921,0.1035871156661786,0.1248169838945827,1,False,0
0,ep_9ba2882c8df6230dd2dc,71,5,0.1082920792079207,0.1026720351390922,300000000,1.0,0.1547029702970297,0.1037701317715959,0.1248169838945827,1,False,0
0,ep_9ba2882c8df6230dd2dc,72,6,0.113036303630363,0.1024890190336749,300000000,1.0,0.1734735973597359,0.1037701317715959,0.1248169838945827,1,False,0
0,ep_9ba2882c8df6230dd2dc,73,6,0.1239686468646864,0.1026720351390922,300000000,1.0,0.1722359735973597,0.1037701317715959,0.1248169838945827,1,False,0
0,ep_9ba2882c8df6230dd2dc,74,6,0.1093234323432343,0.1023060029282576,300000000,1.0,0.153052805280528,0.1037701317715959,0.1248169838945827,1,False,0
0,ep_9ba2882c8df6230dd2dc,75,6,0.1109735973597359,0.1024890190336749,300000000,1.0,0.1582095709570957,0.1037701317715959,0.1248169838945827,1,False,0
0,ep_9ba2882c8df6230dd2dc,76,6,0.1033415841584158,0.1026720351390922,300000000,1.0,0.1808993399339934,0.1037701317715959,0.1248169838945827,1,False,0
0,ep_9ba2882c8df6230dd2dc,77,6,0.1208745874587458,0.1028550512445095,300000000,1.0,0.1802805280528052,0.1037701317715959,0.1248169838945827,1,False,0
0,ep_9ba2882c8df6230dd2dc,78,6,0.1103547854785478,0.1024890190336749,300000000,1.0,0.1549092409240924,0.1037701317715959,0.1248169838945827,1,False,0
0,ep_9ba2882c8df6230dd2dc,79,6,0.1142739273927392,0.1024890190336749,300000000,1.0,0.1641914191419141,0.1037701317715959,0.1248169838945827,1,False,0
0,ep_9ba2882c8df6230dd2dc,80,6,0.1196369636963696,0.1024890190336749,300000000,1.0,0.1759488448844884,0.1037701317715959,0.1248169838945827,1,False,0
0,ep_9ba2882c8df6230dd2dc,81,6,0.1148927392739273,0.1024890190336749,300000000,1.0,0.1850247524752475,0.1037701317715959,0.1248169838945827,1,False,0
0,ep_9ba2882c8df6230dd2dc,82,6,0.1163366336633663,0.1024890190336749,300000000,1.0,0.1674917491749175,0.1037701317715959,0.1248169838945827,1,False,0
0,ep_9ba2882c8df6230dd2dc,83,6,0.1233498349834983,0.1026720351390922,300000000,1.0,0.1765676567656765,0.1037701317715959,0.1248169838945827,1,False,0
0,ep_9ba2882c8df6230dd2dc,84,7,0.1198432343234323,0.1024890190336749,300000000,1.0,0.1707920792079208,0.1037701317715959,0.1248169838945827,1,False,0
0,ep_9ba2882c8df6230dd2dc,85,7,0.1231435643564356,0.1024890190336749,300000000,1.0,0.1728547854785478,0.1037701317715959,0.1248169838945827,1,False,0
0,ep_9ba2882c8df6230dd2dc,86,7,0.1216996699669967,0.1026720351390922,300000000,1.0,0.1761551155115511,0.1037701317715959,0.1248169838945827,1,False,0
0,ep_9ba2882c8df6230dd2dc,87,7,0.1254125412541254,0.1024890190336749,300000000,1.0,0.1798679867986798,0.1037701317715959,0.1248169838945827,1,False,0
0,ep_9ba2882c8df6230dd2dc,88,7,0.1245874587458745,0.1023060029282576,300000000,1.0,0.1728547854785478,0.1037701317715959,0.1248169838945827,1,False,0
0,ep_9ba2882c8df6230dd2dc,89,7,0.1223184818481848,0.1026720351390922,300000000,1.0,0.1660478547854785,0.1037701317715959,0.1248169838945827,1,False,0
0,ep_9ba2882c8df6230dd2dc,90,7,0.1210808580858085,0.1026720351390922,300000000,1.0,0.1724422442244224,0.1037701317715959,0.1248169838945827,1,False,0
0,ep_9ba2882c8df6230dd2dc,91,7,0.1210808580858085,0.1026720351390922,300000000,1.0,0.1674917491749175,0.1037701317715959,0.1248169838945827,1,False,0
0,ep_9ba2882c8df6230dd2dc,92,7,0.1256188118811881,0.1028550512445095,300000000,1.0,0.1676980198019802,0.1039531478770131,0.1248169838945827,1,False,0
0,ep_9ba2882c8df6230dd2dc,93,7,0.1179867986798679,0.1024890190336749,300000000,1.0,0.1730610561056105,0.1037701317715959,0.1248169838945827,1,False,0
0,ep_9ba2882c8df6230dd2dc,94,7,0.1256188118811881,0.1026720351390922,300000000,1.0,0.1784240924092409,0.1037701317715959,0.1248169838945827,1,False,0
0,ep_9ba2882c8df6230dd2dc,95,7,0.1301567656765676,0.1024890190336749,300000000,1.0,0.1726485148514851,0.1037701317715959,0.1248169838945827,1,False,0
0,ep_9ba2882c8df6230dd2dc,96,8,0.1311881188118812,0.1026720351390922,300000000,1.0,0.1705858085808581,0.1037701317715959,0.1248169838945827,1,False,0
0,ep_9ba2882c8df6230dd2dc,97,8,0.1278877887788778,0.1026720351390922,300000000,1.0,0.1792491749174917,0.1039531478770131,0.1248169838945827,1,False,0
0,ep_9ba2882c8df6230dd2dc,98,8,0.1336633663366336,0.1024890190336749,300000000,1.0,0.1742986798679868,0.1037701317715959,0.1248169838945827,1,False,0
0,ep_9ba2882c8df6230dd2dc,99,8,0.1262376237623762,0.1026720351390922,300000000,1.0,0.1695544554455445,0.1037701317715959,0.1248169838945827,1,False,0
0,ep_9ba2882c8df6230dd2dc,100,8,0.1283003300330033,0.1028550512445095,300000000,1.0,0.1870874587458746,0.1037701317715959,0.1248169838945827,1,False,0
0,ep_9ba2882c8df6230dd2dc,101,8,0.1194306930693069,0.1026720351390922,300000000,1.0,0.1668729372937293,0.1034040995607613,0.1248169838945827,1,False,0
0,ep_9ba2882c8df6230dd2dc,102,8,0.1186056105610561,0.1026720351390922,300000000,1.0,0.1641914191419141,0.1037701317715959,0.1248169838945827,1,False,0
0,ep_9ba2882c8df6230dd2dc,103,8,0.1202557755775577,0.1023060029282576,300000000,1.0,0.1712046204620462,0.1037701317715959,0.1248169838945827,1,False,0
0,ep_9ba2882c8df6230dd2dc,104,8,0.1054042904290429,0.1024890190336749,300000000,1.0,0.1592409240924092,0.1037701317715959,0.1248169838945827,1,False,0
0,ep_9ba2882c8df6230dd2dc,105,8,0.0970503300330033,0.1023060029282576,300000000,1.0,0.1487211221122112,0.1037701317715959,0.1248169838945827,1,False,0
0,ep_9ba2882c8df6230dd2dc,106,8,0.1024133663366336,0.1021229868228404,300000000,1.0,0.1662541254125412,0.1037701317715959,0.1248169838945827,1,False,0
0,ep_9ba2882c8df6230dd2dc,107,8,0.1049917491749174,0.1023060029282576,300000000,1.0,0.1730610561056105,0.1035871156661786,0.1248169838945827,1,False,0
0,ep_9ba2882c8df6230dd2dc,108,9,0.1148927392739273,0.1024890190336749,300000000,1.0,0.1681105610561056,0.1037701317715959,0.1248169838945827,1,False,0
0,ep_9ba2882c8df6230dd2dc,109,9,0.1048886138613861,0.1023060029282576,300000000,1.0,0.1596534653465346,0.1037701317715959,0.1248169838945827,1,False,0
0,ep_9ba2882c8df6230dd2dc,110,9,0.111592409240924,0.1023060029282576,300000000,1.0,0.1709983498349835,0.1037701317715959,0.1248169838945827,1,False,0
0,ep_9ba2882c8df6230dd2dc,111,9,0.1070544554455445,0.1024890190336749,300000000,1.0,0.1443894389438944,0.1037701317715959,0.1248169838945827,1,False,0
0,ep_9ba2882c8df6230dd2dc,112,9,0.0903465346534653,0.1017569546120058,300000000,1.0,0.1379950495049505,0.1026720351390922,0.1248169838945827,1,False,0
0,ep_9ba2882c8df6230dd2dc,113,9,0.102825907590759,0.1028550512445095,300000000,1.0,0.1485148514851485,0.1037701317715959,0.1248169838945827,1,False,0
0,ep_9ba2882c8df6230dd2dc,114,9,0.1014851485148514,0.1021229868228404,300000000,1.0,0.1633663366336633,0.1037701317715959,0.1248169838945827,1,False,0
0,ep_9ba2882c8df6230dd2dc,115,9,0.1117986798679868,0.1028550512445095,300000000,1.0,0.1732673267326732,0.1037701317715959,0.1248169838945827,1,False,0
0,ep_9ba2882c8df6230dd2dc,116,9,0.1064356435643564,0.1024890190336749,300000000,1.0,0.1598597359735973,0.1037701317715959,0.1248169838945827,1,False,0
0,ep_9ba2882c8df6230dd2dc,117,9,0.1004537953795379,0.1023060029282576,300000000,1.0,0.1598597359735973,0.1034040995607613,0.1248169838945827,1,False,0
0,ep_9ba2882c8df6230dd2dc,118,9,0.1132425742574257,0.0977306002928257,300000000,1.0,0.1771864686468647,0.1037701317715959,0.1248169838945827,1,False,0
0,ep_9ba2882c8df6230dd2dc,119,9,0.085292904290429,0.0894033674963396,300000000,1.0,0.1402640264026402,0.0968155197657393,0.1248169838945827,1,False,0
0,ep_9ba2882c8df6230dd2dc,120,10,0.1002475247524752,0.1006588579795021,300000000,1.0,0.1332508250825082,0.1026720351390922,0.1248169838945827,1,False,0
0,ep_9ba2882c8df6230dd2dc,121,10,0.0947813531353135,0.099926793557833,300000000,1.0,0.137582508250825,0.1026720351390922,0.1248169838945827,1,False,0
0,ep_9ba2882c8df6230dd2dc,122,10,0.0903465346534653,0.1010248901903367,300000000,1.0,0.134075907590759,0.1026720351390922,0.1248169838945827,1,False,0
0,ep_9ba2882c8df6230dd2dc,123,10,0.0917904290429042,0.1017569546120058,300000000,1.0,0.134075907590759,0.1026720351390922,0.1248169838945827,1,False,0
0,ep_9ba2882c8df6230dd2dc,124,10,0.09375,0.101207906295754,300000000,1.0,0.1357260726072607,0.1030380673499267,0.1248169838945827,1,False,0
0,ep_9ba2882c8df6230dd2dc,125,10,0.0926155115511551,0.1024890190336749,300000000,1.0,0.1398514851485148,0.1037701317715959,0.1248169838945827,1,False,0
0,ep_9ba2882c8df6230dd2dc,126,10,0.1128300330033003,0.1021229868228404,300000000,1.0,0.1637788778877887,0.1035871156661786,0.1248169838945827,1,False,0
0,ep_9ba2882c8df6230dd2dc,127,10,0.0946782178217821,0.1015739385065885,300000000,1.0,0.1359323432343234,0.1023060029282576,0.1248169838945827,1,False,0
0,ep_9ba2882c8df6230dd2dc,128,10,0.0969471947194719,0.1023060029282576,300000000,1.0,0.1588283828382838,0.1037701317715959,0.1248169838945827,1,False,0
0,ep_9ba2882c8df6230dd2dc,129,10,0.0682755775577557,0.1013909224011713,300000000,1.0,0.1295379537953795,0.1021229868228404,0.1248169838945827,1,False,0
0,ep_9ba2882c8df6230dd2dc,130,10,0.1053011551155115,0.1024890190336749,300000000,1.0,0.1419141914191419,0.1037701317715959,0.1248169838945827,1,False,0
0,ep_9ba2882c8df6230dd2dc,131,10,0.1082920792079207,0.1019399707174231,300000000,1.0,0.1586221122112211,0.1037701317715959,0.1248169838945827,1,False,0
0,ep_9ba2882c8df6230dd2dc,132,11,0.1103547854785478,0.1023060029282576,300000000,1.0,0.1672854785478547,0.1037701317715959,0.1248169838945827,1,False,0
0,ep_9ba2882c8df6230dd2dc,133,11,0.1109735973597359,0.1026720351390922,300000000,1.0,0.1567656765676567,0.1037701317715959,0.1248169838945827,1,False,0
0,ep_9ba2882c8df6230dd2dc,134,11,0.1054042904290429,0.1015739385065885,300000000,1.0,0.1464521452145214,0.103221083455344,0.1248169838945827,1,False,0
0,ep_9ba2882c8df6230dd2dc,135,11,0.0981848184818481,0.1024890190336749,300000000,1.0,0.1751237623762376,0.1037701317715959,0.1248169838945827,1,False,0
0,ep_9ba2882c8df6230dd2dc,136,11,0.090552805280528,0.1023060029282576,300000000,1.0,0.1631600660066006,0.1037701317715959,0.1248169838945827,1,False,0
0,ep_9ba2882c8df6230dd2dc,137,11,0.1087046204620462,0.1019399707174231,300000000,1.0,0.1610973597359736,0.1037701317715959,0.1248169838945827,1,False,0
0,ep_9ba2882c8df6230dd2dc,138,11,0.0719884488448844,0.1017569546120058,300000000,1.0,0.1311881188118812,0.1028550512445095,0.1248169838945827,1,False,0
0,ep_9ba2882c8df6230dd2dc,139,11,0.1169554455445544,0.1021229868228404,300000000,1.0,0.1687293729372937,0.1035871156661786,0.1248169838945827,1,False,0
0,ep_9ba2882c8df6230dd2dc,140,11,0.1291254125412541,0.1019399707174231,300000000,1.0,0.175536303630363,0.1037701317715959,0.1248169838945827,1,False,0
0,ep_9ba2882c8df6230dd2dc,141,11,0.1001443894389439,0.0971815519765739,300000000,1.0,0.1264438943894389,0.1023060029282576,0.1248169838945827,1,False,0
0,ep_9ba2882c8df6230dd2dc,142,11,0.1009694719471947,0.1017569546120058,300000000,1.0,0.1326320132013201,0.1026720351390922,0.1248169838945827,1,False,0
0,ep_9ba2882c8df6230dd2dc,143,11,0.095812706270627,0.1013909224011713,300000000,1.0,0.1491336633663366,0.1034040995607613,0.1248169838945827,1,False,0
0,ep_9ba2882c8df6230dd2dc,144,12,0.1024133663366336,0.1019399707174231,300000000,1.0,0.1429455445544554,0.1039531478770131,0.1248169838945827,1,False,0
0,ep_9ba2882c8df6230dd2dc,145,12,0.1097359735973597,0.1026720351390922,300000000,1.0,0.149546204620462,0.1037701317715959,0.1248169838945827,1,False,0
0,ep_9ba2882c8df6230dd2dc,146,12,0.0893151815181518,0.1019399707174231,300000000,1.0,0.1592409240924092,0.1037701317715959,0.1248169838945827,1,False,0
0,ep_9ba2882c8df6230dd2dc,147,12,0.095503300330033,0.1013909224011713,300000000,1.0,0.1262376237623762,0.1023060029282576,0.1248169838945827,1,False,0
0,ep_9ba2882c8df6230dd2dc,148,12,0.0895214521452145,0.0988286969253294,300000000,1.0,0.1435643564356435,0.1019399707174231,0.1248169838945827,1,False,0
0,ep_9ba2882c8df6230dd2dc,149,12,0.0761138613861386,0.1015739385065885,300000000,1.0,0.1221122112211221,0.1023060029282576,0.1248169838945827,1,False,0
0,ep_9ba2882c8df6230dd2dc,150,12,0.0886963696369637,0.1013909224011713,300000000,1.0,0.1289191419141914,0.1024890190336749,0.1248169838945827,1,False,0
0,ep_9ba2882c8df6230dd2dc,151,12,0.1009694719471947,0.1001098096632503,300000000,1.0,0.1637788778877887,0.1037701317715959,0.1248169838945827,1,False,0
0,ep_9ba2882c8df6230dd2dc,152,12,0.1068481848184818,0.1015739385065885,300000000,1.0,0.1478960396039604,0.1035871156661786,0.1248169838945827,1,False,0
0,ep_9ba2882c8df6230dd2dc,153,12,0.099319306930693,0.1006588579795021,300000000,1.0,0.1536716171617161,0.1034040995607613,0.1248169838945827,1,False,0
0,ep_9ba2882c8df6230dd2dc,154,12,0.1216996699669967,0.101207906295754,300000000,1.0,0.1701732673267326,0.1034040995607613,0.1248169838945827,1,False,0
0,ep_9ba2882c8df6230dd2dc,155,12,0.099009900990099,0.1004758418740849,300000000,1.0,0.1569719471947194,0.1034040995607613,0.1248169838945827,1,False,0
0,ep_9ba2882c8df6230dd2dc,156,13,0.0837458745874587,0.1004758418740849,300000000,1.0,0.1276815181518152,0.103221083455344,0.1248169838945827,1,False,0
0,ep_9ba2882c8df6230dd2dc,157,13,0.074773102310231,0.101207906295754,300000000,1.0,0.128506600660066,0.1030380673499267,0.1248169838945827,1,False,0
0,ep_9ba2882c8df6230dd2dc,158,13,0.1033415841584158,0.0997437774524158,300000000,1.0,0.172029702970297,0.1034040995607613,0.1248169838945827,1,False,0
0,ep_9ba2882c8df6230dd2dc,159,13,0.1062293729372937,0.1004758418740849,300000000,1.0,0.1592409240924092,0.1034040995607613,0.1248169838945827,1,False,0
0,ep_9ba2882c8df6230dd2dc,160,13,0.1015882838283828,0.1001098096632503,300000000,1.0,0.1676980198019802,0.1034040995607613,0.1248169838945827,1,False,0
0,ep_9ba2882c8df6230dd2dc,161,13,0.1099422442244224,0.1015739385065885,300000000,1.0,0.1464521452145214,0.1035871156661786,0.1248169838945827,1,False,0
0,ep_9ba2882c8df6230dd2dc,162,13,0.1117986798679868,0.1015739385065885,300000000,1.0,0.1621287128712871,0.1035871156661786,0.1248169838945827,1,False,0
0,ep_9ba2882c8df6230dd2dc,163,13,0.1138613861386138,0.1019399707174231,300000000,1.0,0.1553217821782178,0.1030380673499267,0.1248169838945827,1,False,0
0,ep_9ba2882c8df6230dd2dc,164,13,0.1084983498349834,0.1026720351390922,300000000,1.0,0.1497524752475247,0.1037701317715959,0.1248169838945827,1,False,0
0,ep_9ba2882c8df6230dd2dc,165,13,0.1070544554455445,0.1024890190336749,300000000,1.0,0.1608910891089109,0.1037701317715959,0.1248169838945827,1,False,0
0,ep_9ba2882c8df6230dd2dc,166,13,0.109529702970297,0.1024890190336749,300000000,1.0,0.1503712871287128,0.1037701317715959,0.1248169838945827,1,False,0
0,ep_9ba2882c8df6230dd2dc,167,13,0.1132425742574257,0.1024890190336749,300000000,1.0,0.1608910891089109,0.1037701317715959,0.1248169838945827,1,False,0
0,ep_9ba2882c8df6230dd2dc,168,14,0.1161303630363036,0.1024890190336749,300000000,1.0,0.1736798679867986,0.1037701317715959,0.1248169838945827,1,False,0
0,ep_9ba2882c8df6230dd2dc,169,14,0.1054042904290429,0.1019399707174231,300000000,1.0,0.1478960396039604,0.1034040995607613,0.1248169838945827,1,False,0
0,ep_9ba2882c8df6230dd2dc,170,14,0.116542904290429,0.1024890190336749,300000000,1.0,0.1571782178217821,0.1037701317715959,0.1248169838945827,1,False,0
0,ep_9ba2882c8df6230dd2dc,171,14,0.1186056105610561,0.1019399707174231,300000000,1.0,0.1571782178217821,0.1030380673499267,0.1248169838945827,1,False,0
0,ep_9ba2882c8df6230dd2dc,172,14,0.1144801980198019,0.1023060029282576,300000000,1.0,0.165016501650165,0.1037701317715959,0.1248169838945827,1,False,0
0,ep_9ba2882c8df6230dd2dc,173,14,0.1107673267326732,0.1021229868228404,300000000,1.0,0.1559405940594059,0.1037701317715959,0.1248169838945827,1,False,0
0,ep_9ba2882c8df6230dd2dc,174,14,0.106023102310231,0.1021229868228404,300000000,1.0,0.1563531353135313,0.1037701317715959,0.1248169838945827,1,False,0
0,ep_9ba2882c8df6230dd2dc,175,14,0.1111798679867986,0.1024890190336749,300000000,1.0,0.1617161716171617,0.1037701317715959,0.1248169838945827,1,False,0
0,ep_9ba2882c8df6230dd2dc,176,14,0.1087046204620462,0.1024890190336749,300000000,1.0,0.1563531353135313,0.1037701317715959,0.1248169838945827,1,False,0
0,ep_9ba2882c8df6230dd2dc,177,14,0.1031353135313531,0.1021229868228404,300000000,1.0,0.1421204620462046,0.1037701317715959,0.1248169838945827,1,False,0
0,ep_9ba2882c8df6230dd2dc,178,14,0.1089108910891089,0.1024890190336749,300000000,1.0,0.1505775577557755,0.1037701317715959,0.1248169838945827,1,False,0
0,ep_9ba2882c8df6230dd2dc,179,14,0.1034447194719472,0.1021229868228404,300000000,1.0,0.1412953795379538,0.1037701317715959,0.1248169838945827,1,False,0
0,ep_9ba2882c8df6230dd2dc,180,15,0.1018976897689769,0.1021229868228404,300000000,1.0,0.1516089108910891,0.1030380673499267,0.1248169838945827,1,False,0
0,ep_9ba2882c8df6230dd2dc,181,15,0.1058168316831683,0.1023060029282576,300000000,1.0,0.1417079207920792,0.1037701317715959,0.1248169838945827,1,False,0
0,ep_9ba2882c8df6230dd2dc,182,15,0.0911716171617161,0.1015739385065885,300000000,1.0,0.1326320132013201,0.1024890190336749,0.1248169838945827,1,False,0
0,ep_9ba2882c8df6230dd2dc,183,15,0.104579207920792,0.1023060029282576,300000000,1.0,0.1714108910891089,0.1037701317715959,0.1248169838945827,1,False,0
0,ep_9ba2882c8df6230dd2dc,184,15,0.1064356435643564,0.1021229868228404,300000000,1.0,0.1435643564356435,0.1034040995607613,0.1248169838945827,1,False,0
0,ep_9ba2882c8df6230dd2dc,185,15,0.106023102310231,0.1021229868228404,300000000,1.0,0.1483085808580858,0.1034040995607613,0.1248169838945827,1,False,0
0,ep_9ba2882c8df6230dd2dc,186,15,0.1033415841584158,0.1024890190336749,300000000,1.0,0.1448019801980198,0.1035871156661786,0.1248169838945827,1,False,0
0,ep_9ba2882c8df6230dd2dc,187,15,0.1009694719471947,0.1021229868228404,300000000,1.0,0.1439768976897689,0.1037701317715959,0.1248169838945827,1,False,0
0,ep_9ba2882c8df6230dd2dc,188,15,0.1040635313531353,0.1023060029282576,300000000,1.0,0.1361386138613861,0.1037701317715959,0.1248169838945827,1,False,0
0,ep_9ba2882c8df6230dd2dc,189,15,0.1043729372937293,0.1024890190336749,300000000,1.0,0.1466584158415841,0.1037701317715959,0.1248169838945827,1,False,0
0,ep_9ba2882c8df6230dd2dc,190,15,0.099009900990099,0.1024890190336749,300000000,1.0,0.1359323432343234,0.1037701317715959,0.1248169838945827,1,False,0
0,ep_9ba2882c8df6230dd2dc,191,15,0.1072607260726072,0.1024890190336749,300000000,1.0,0.1623349834983498,0.1037701317715959,0.1248169838945827,1,False,0
0,ep_9ba2882c8df6230dd2dc,192,16,0.1142739273927392,0.1024890190336749,300000000,1.0,0.1540841584158415,0.1037701317715959,0.1248169838945827,1,False,0
0,ep_9ba2882c8df6230dd2dc,193,16,0.1000412541254125,0.1017569546120058,300000000,1.0,0.1487211221122112,0.1037701317715959,0.1248169838945827,1,False,0
0,ep_9ba2882c8df6230dd2dc,194,16,0.1111798679867986,0.1026720351390922,300000000,1.0,0.153052805280528,0.1037701317715959,0.1248169838945827,1,False,0
0,ep_9ba2882c8df6230dd2dc,195,16,0.1002475247524752,0.1015739385065885,300000000,1.0,0.1462458745874587,0.1028550512445095,0.1248169838945827,1,False,0
0,ep_9ba2882c8df6230dd2dc,196,16,0.100763201320132,0.1026720351390922,300000000,1.0,0.1468646864686468,0.1037701317715959,0.1248169838945827,1,False,0
0,ep_9ba2882c8df6230dd2dc,197,16,0.0931311881188118,0.1015739385065885,300000000,1.0,0.1470709570957095,0.1037701317715959,0.1248169838945827,1,False,0
0,ep_9ba2882c8df6230dd2dc,198,16,0.1011757425742574,0.1024890190336749,300000000,1.0,0.1450082508250825,0.1037701317715959,0.1248169838945827,1,False,0
0,ep_9ba2882c8df6230dd2dc,199,16,0.1015882838283828,0.1019399707174231,300000000,1.0,0.1493399339933993,0.1037701317715959,0.1248169838945827,1,False,0
0,ep_9ba2882c8df6230dd2dc,200,16,0.090552805280528,0.1019399707174231,300000000,1.0,0.1342821782178218,0.1037701317715959,0.1248169838945827,1,False,0
0,ep_9ba2882c8df6230dd2dc,201,16,0.0969471947194719,0.1023060029282576,300000000,1.0,0.1468646864686468,0.1037701317715959,0.1248169838945827,1,False,0
0,ep_9ba2882c8df6230dd2dc,202,16,0.1009694719471947,0.1021229868228404,300000000,1.0,0.146039603960396,0.1037701317715959,0.1248169838945827,1,False,0
0,ep_9ba2882c8df6230dd2dc,203,16,0.0949876237623762,0.1021229868228404,300000000,1.0,0.1526402640264026,0.1037701317715959,0.1248169838945827,1,False,0
0,ep_9ba2882c8df6230dd2dc,204,17,0.0976691419141914,0.1023060029282576,300000000,1.0,0.1462458745874587,0.1035871156661786,0.1248169838945827,1,False,0
0,ep_9ba2882c8df6230dd2dc,205,17,0.0831270627062706,0.1019399707174231,300000000,1.0,0.1507838283828383,0.1037701317715959,0.1248169838945827,1,False,0
0,ep_9ba2882c8df6230dd2dc,206,17,0.1070544554455445,0.1024890190336749,300000000,1.0,0.1456270627062706,0.1037701317715959,0.1248169838945827,1,False,0
0,ep_9ba2882c8df6230dd2dc,207,17,0.0976691419141914,0.1013909224011713,300000000,1.0,0.1338696369636963,0.103221083455344,0.1248169838945827,1,False,0
0,ep_9ba2882c8df6230dd2dc,208,17,0.108085808580858,0.1024890190336749,300000000,1.0,0.1551155115511551,0.1037701317715959,0.1248169838945827,1,False,0
0,ep_9ba2882c8df6230dd2dc,209,17,0.1120049504950495,0.1021229868228404,300000000,1.0,0.1724422442244224,0.1037701317715959,0.1248169838945827,1,False,0
0,ep_9ba2882c8df6230dd2dc,210,17,0.1040635313531353,0.1026720351390922,300000000,1.0,0.1590346534653465,0.1037701317715959,0.1248169838945827,1,False,0
0,ep_9ba2882c8df6230dd2dc,211,17,0.0969471947194719,0.1019399707174231,300000000,1.0,0.1326320132013201,0.1030380673499267,0.1248169838945827,1,False,0
0,ep_9ba2882c8df6230dd2dc,212,17,0.092306105610561,0.1019399707174231,300000000,1.0,0.149546204620462,0.1037701317715959,0.1248169838945827,1,False,0
0,ep_9ba2882c8df6230dd2dc,213,17,0.0719884488448844,0.1013909224011713,300000000,1.0,0.1144801980198019,0.1019399707174231,0.1248169838945827,1,False,0
0,ep_9ba2882c8df6230dd2dc,214,17,0.1113861386138613,0.1023060029282576,300000000,1.0,0.1623349834983498,0.1035871156661786,0.1248169838945827,1,False,0
0,ep_9ba2882c8df6230dd2dc,215,17,0.1004537953795379,0.1015739385065885,300000000,1.0,0.1575907590759075,0.1035871156661786,0.1248169838945827,1,False,0
0,ep_9ba2882c8df6230dd2dc,216,18,0.1022070957095709,0.1023060029282576,300000000,1.0,0.1336633663366336,0.1035871156661786,0.1248169838945827,1,False,0
0,ep_9ba2882c8df6230dd2dc,217,18,0.0931311881188118,0.1019399707174231,300000000,1.0,0.1423267326732673,0.1024890190336749,0.1248169838945827,1,False,0
0,ep_9ba2882c8df6230dd2dc,218,18,0.0939562706270627,0.1019399707174231,300000000,1.0,0.1367574257425742,0.1023060029282576,0.1248169838945827,1,False,0
0,ep_9ba2882c8df6230dd2dc,219,18,0.0914810231023102,0.101207906295754,300000000,1.0,0.1309818481848184,0.1024890190336749,0.1248169838945827,1,False,0
0,ep_9ba2882c8df6230dd2dc,220,18,0.0856023102310231,0.1017569546120058,300000000,1.0,0.1454207920792079,0.1023060029282576,0.1248169838945827,1,False,0
0,ep_9ba2882c8df6230dd2dc,221,18,0.0944719471947194,0.1023060029282576,300000000,1.0,0.1485148514851485,0.1028550512445095,0.1248169838945827,1,False,0
0,ep_9ba2882c8df6230dd2dc,222,18,0.0935437293729373,0.1001098096632503,300000000,1.0,0.1448019801980198,0.1028550512445095,0.1248169838945827,1,False,0
0,ep_9ba2882c8df6230dd2dc,223,18,0.0945750825082508,0.1015739385065885,300000000,1.0,0.1371699669966996,0.1023060029282576,0.1248169838945827,1,False,0
0,ep_9ba2882c8df6230dd2dc,224,18,0.1105610561056105,0.1023060029282576,300000000,1.0,0.1606848184818481,0.103221083455344,0.1248169838945827,1,False,0
0,ep_9ba2882c8df6230dd2dc,225,18,0.104269801980198,0.1010248901903367,300000000,1.0,0.1489273927392739,0.1026720351390922,0.1248169838945827,1,False,0
0,ep_9ba2882c8df6230dd2dc,226,18,0.0988036303630363,0.1017569546120058,300000000,1.0,0.1503712871287128,0.1030380673499267,0.1248169838945827,1,False,0
0,ep_9ba2882c8df6230dd2dc,227,18,0.1126237623762376,0.1030380673499267,300000000,1.0,0.1625412541254125,0.1037701317715959,0.1248169838945827,1,False,0
0,ep_9ba2882c8df6230dd2dc,228,19,0.1076732673267326,0.1024890190336749,300000000,1.0,0.1528465346534653,0.1037701317715959,0.1248169838945827,1,False,0
0,ep_9ba2882c8df6230dd2dc,229,19,0.0964315181518151,0.1021229868228404,300000000,1.0,0.1481023102310231,0.1034040995607613,0.1248169838945827,1,False,0
0,ep_9ba2882c8df6230dd2dc,230,19,0.113036303630363,0.1026720351390922,300000000,1.0,0.1693481848184818,0.1037701317715959,0.1248169838945827,1,False,0
0,ep_9ba2882c8df6230dd2dc,231,19,0.111592409240924,0.1015739385065885,300000000,1.0,0.1652227722772277,0.1037701317715959,0.1248169838945827,1,False,0
0,ep_9ba2882c8df6230dd2dc,232,19,0.0951938943894389,0.1019399707174231,300000000,1.0,0.1514026402640264,0.103221083455344,0.1248169838945827,1,False,0
0,ep_9ba2882c8df6230dd2dc,233,19,0.1124174917491749,0.1023060029282576,300000000,1.0,0.1602722772277227,0.1037701317715959,0.1248169838945827,1,False,0
0,ep_9ba2882c8df6230dd2dc,234,19,0.0850866336633663,0.1013909224011713,300000000,1.0,0.1336633663366336,0.1028550512445095,0.1248169838945827,1,False,0
0,ep_9ba2882c8df6230dd2dc,235,19,0.0901402640264026,0.1019399707174231,300000000,1.0,0.1346947194719472,0.1026720351390922,0.1248169838945827,1,False,0
0,ep_9ba2882c8df6230dd2dc,236,19,0.1194306930693069,0.1021229868228404,300000000,1.0,0.16006600660066,0.1037701317715959,0.1248169838945827,1,False,0
0,ep_9ba2882c8df6230dd2dc,237,19,0.1049917491749174,0.101207906295754,300000000,1.0,0.1365511551155115,0.1023060029282576,0.1248169838945827,1,False,0
0,ep_9ba2882c8df6230dd2dc,238,19,0.0821988448844884,0.1015739385065885,300000000,1.0,0.1194306930693069,0.1024890190336749,0.1248169838945827,1,False,0
0,ep_9ba2882c8df6230dd2dc,239,19,0.0930280528052805,0.1019399707174231,300000000,1.0,0.1338696369636963,0.1028550512445095,0.1248169838945827,1,False,0
0,ep_9ba2882c8df6230dd2dc,240,20,0.1089108910891089,0.1028550512445095,300000000,1.0,0.1705858085808581,0.1037701317715959,0.1248169838945827,1,False,0
0,ep_9ba2882c8df6230dd2dc,241,20,0.0860148514851485,0.0997437774524158,300000000,1.0,0.1173679867986798,0.1023060029282576,0.1248169838945827,1,False,0
0,ep_9ba2882c8df6230dd2dc,242,20,0.0912747524752475,0.1019399707174231,300000000,1.0,0.1594471947194719,0.1037701317715959,0.1248169838945827,1,False,0
0,ep_9ba2882c8df6230dd2dc,243,20,0.0965346534653465,0.1010248901903367,300000000,1.0,0.1303630363036303,0.1023060029282576,0.1248169838945827,1,False,0
0,ep_9ba2882c8df6230dd2dc,244,20,0.1039603960396039,0.101207906295754,300000000,1.0,0.137582508250825,0.1024890190336749,0.1248169838945827,1,False,0
0,ep_9ba2882c8df6230dd2dc,245,20,0.1103547854785478,0.1024890190336749,300000000,1.0,0.1478960396039604,0.1037701317715959,0.1248169838945827,1,False,0
0,ep_9ba2882c8df6230dd2dc,246,20,0.1109735973597359,0.1026720351390922,300000000,1.0,0.1563531353135313,0.1037701317715959,0.1248169838945827,1,False,0
0,ep_9ba2882c8df6230dd2dc,247,20,0.1031353135313531,0.1015739385065885,300000000,1.0,0.1625412541254125,0.1037701317715959,0.1248169838945827,1,False,0
0,ep_9ba2882c8df6230dd2dc,248,20,0.1017945544554455,0.1023060029282576,300000000,1.0,0.1617161716171617,0.1037701317715959,0.1248169838945827,1,False,0
0,ep_9ba2882c8df6230dd2dc,249,20,0.0911716171617161,0.1010248901903367,300000000,1.0,0.1454207920792079,0.1028550512445095,0.1248169838945827,1,False,0
0,ep_9ba2882c8df6230dd2dc,250,20,0.1159240924092409,0.1023060029282576,300000000,1.0,0.1691419141914191,0.1037701317715959,0.1248169838945827,1,False,0
0,ep_9ba2882c8df6230dd2dc,251,20,0.1175742574257425,0.1023060029282576,300000000,1.0,0.1707920792079208,0.1037701317715959,0.1248169838945827,1,False,0
0,ep_9ba2882c8df6230dd2dc,252,21,0.1146864686468646,0.1023060029282576,300000000,1.0,0.1567656765676567,0.1037701317715959,0.1248169838945827,1,False,0
0,ep_9ba2882c8df6230dd2dc,253,21,0.1038572607260726,0.1015739385065885,300000000,1.0,0.1596534653465346,0.1034040995607613,0.1248169838945827,1,False,0
0,ep_9ba2882c8df6230dd2dc,254,21,0.0868399339933993,0.1023060029282576,300000000,1.0,0.1551155115511551,0.1037701317715959,0.1248169838945827,1,False,0
0,ep_9ba2882c8df6230dd2dc,255,21,0.0985973597359736,0.1019399707174231,300000000,1.0,0.1528465346534653,0.1034040995607613,0.1248169838945827,1,False,0
0,ep_9ba2882c8df6230dd2dc,256,21,0.1142739273927392,0.1023060029282576,300000000,1.0,0.165016501650165,0.1039531478770131,0.1248169838945827,1,False,0
0,ep_9ba2882c8df6230dd2dc,257,21,0.106023102310231,0.1019399707174231,300000000,1.0,0.1674917491749175,0.1037701317715959,0.1248169838945827,1,False,0
0,ep_9ba2882c8df6230dd2dc,258,21,0.123556105610561,0.1019399707174231,300000000,1.0,0.1784240924092409,0.1037701317715959,0.1248169838945827,1,False,0
0,ep_9ba2882c8df6230dd2dc,259,21,0.1047854785478547,0.1019399707174231,300000000,1.0,0.1441831683168316,0.1028550512445095,0.1248169838945827,1,False,0
0,ep_9ba2882c8df6230dd2dc,260,21,0.1159240924092409,0.1021229868228404,300000000,1.0,0.1714108910891089,0.1035871156661786,0.1248169838945827,1,False,0
0,ep_9ba2882c8df6230dd2dc,261,21,0.104269801980198,0.1024890190336749,300000000,1.0,0.1544966996699669,0.1034040995607613,0.1248169838945827,1,False,0
0,ep_9ba2882c8df6230dd2dc,262,21,0.09756600660066,0.1024890190336749,300000000,1.0,0.1423267326732673,0.1037701317715959,0.1248169838945827,1,False,0
0,ep_9ba2882c8df6230dd2dc,263,21,0.0966377887788778,0.1008418740849194,300000000,1.0,0.1487211221122112,0.1037701317715959,0.1248169838945827,1,False,0
0,ep_9ba2882c8df6230dd2dc,264,22,0.1177805280528052,0.1024890190336749,300000000,1.0,0.1639851485148515,0.1037701317715959,0.1248169838945827,1,False,0
0,ep_9ba2882c8df6230dd2dc,265,22,0.1016914191419142,0.1015739385065885,300000000,1.0,0.1295379537953795,0.1024890190336749,0.1248169838945827,1,False,0
0,ep_9ba2882c8df6230dd2dc,266,22,0.0871493399339934,0.1021229868228404,300000000,1.0,0.1359323432343234,0.1037701317715959,0.1248169838945827,1,False,0
0,ep_9ba2882c8df6230dd2dc,267,22,0.0962252475247524,0.1019399707174231,300000000,1.0,0.1330445544554455,0.1037701317715959,0.1248169838945827,1,False,0
0,ep_9ba2882c8df6230dd2dc,268,22,0.1064356435643564,0.1024890190336749,300000000,1.0,0.1577970297029703,0.1037701317715959,0.1248169838945827,1,False,0
0,ep_9ba2882c8df6230dd2dc,269,22,0.1018976897689769,0.1013909224011713,300000000,1.0,0.1464521452145214,0.1037701317715959,0.1248169838945827,1,False,0
0,ep_9ba2882c8df6230dd2dc,270,22,0.0960189768976897,0.1021229868228404,300000000,1.0,0.1404702970297029,0.1034040995607613,0.1248169838945827,1,False,0
0,ep_9ba2882c8df6230dd2dc,271,22,0.0914810231023102,0.1024890190336749,300000000,1.0,0.1299504950495049,0.1037701317715959,0.1248169838945827,1,False,0
0,ep_9ba2882c8df6230dd2dc,272,22,0.09375,0.1021229868228404,300000000,1.0,0.1472772277227722,0.1037701317715959,0.1248169838945827,1,False,0
0,ep_9ba2882c8df6230dd2dc,273,22,0.0932343234323432,0.1015739385065885,300000000,1.0,0.1361386138613861,0.1037701317715959,0.1248169838945827,1,False,0
0,ep_9ba2882c8df6230dd2dc,274,22,0.0848803630363036,0.1024890190336749,300000000,1.0,0.1307755775577557,0.1034040995607613,0.1248169838945827,1,False,0
0,ep_9ba2882c8df6230dd2dc,275,22,0.0875618811881188,0.1019399707174231,300000000,1.0,0.1301567656765676,0.1034040995607613,0.1248169838945827,1,False,0
0,ep_9ba2882c8df6230dd2dc,276,23,0.1018976897689769,0.1023060029282576,300000000,1.0,0.1394389438943894,0.103221083455344,0.1248169838945827,1,False,0
0,ep_9ba2882c8df6230dd2dc,277,23,0.1034447194719472,0.1006588579795021,300000000,1.0,0.1421204620462046,0.103221083455344,0.1248169838945827,1,False,0
0,ep_9ba2882c8df6230dd2dc,278,23,0.0999381188118812,0.1026720351390922,300000000,1.0,0.1594471947194719,0.1035871156661786,0.1248169838945827,1,False,0
0,ep_9ba2882c8df6230dd2dc,279,23,0.1146864686468646,0.1015739385065885,300000000,1.0,0.1646039603960396,0.1034040995607613,0.1248169838945827,1,False,0
0,ep_9ba2882c8df6230dd2dc,280,23,0.1093234323432343,0.1024890190336749,300000000,1.0,0.1594471947194719,0.1034040995607613,0.1248169838945827,1,False,0
0,ep_9ba2882c8df6230dd2dc,281,23,0.0996287128712871,0.1019399707174231,300000000,1.0,0.1441831683168316,0.1035871156661786,0.1248169838945827,1,False,0
0,ep_9ba2882c8df6230dd2dc,282,23,0.092306105610561,0.1021229868228404,300000000,1.0,0.1598597359735973,0.1037701317715959,0.1248169838945827,1,False,0
0,ep_9ba2882c8df6230dd2dc,283,23,0.1009694719471947,0.1019399707174231,300000000,1.0,0.1396452145214521,0.1026720351390922,0.1248169838945827,1,False,0
0,ep_9ba2882c8df6230dd2dc,284,23,0.1150990099009901,0.1024890190336749,300000000,1.0,0.1643976897689769,0.1037701317715959,0.1248169838945827,1,False,0
0,ep_9ba2882c8df6230dd2dc,285,23,0.104269801980198,0.1017569546120058,300000000,1.0,0.1631600660066006,0.1037701317715959,0.1248169838945827,1,False,0
0,ep_9ba2882c8df6230dd2dc,286,23,0.1008663366336633,0.1023060029282576,300000000,1.0,0.1549092409240924,0.1037701317715959,0.1248169838945827,1,False,0
0,ep_9ba2882c8df6230dd2dc,287,23,0.1049917491749174,0.1024890190336749,300000000,1.0,0.158003300330033,0.1037701317715959,0.1248169838945827,1,False,0
0,ep_a0722f22616aabf4ec6d,59,4,0.0596122112211221,0.0492313323572474,265000000,0.8833333333333333,0.1144801980198019,0.0635980966325036,0.0644216691068814,1,False,0
0,ep_a0722f22616aabf4ec6d,60,5,0.0728650990099009,0.0635523426061493,300000000,1.0,0.0983910891089109,0.0640556368960468,0.0707357247437774,2,False,0
0,ep_a0722f22616aabf4ec6d,61,5,0.0721947194719472,0.0639641288433382,300000000,1.0,0.0971534653465346,0.0640556368960468,0.0707357247437774,1,False,0
0,ep_a0722f22616aabf4ec6d,62,5,0.0702351485148514,0.0639641288433382,300000000,1.0,0.0904496699669967,0.0640556368960468,0.0707357247437774,1,False,0
0,ep_a0722f22616aabf4ec6d,63,5,0.0711633663366336,0.0639641288433382,300000000,1.0,0.0961221122112211,0.0640556368960468,0.0707357247437774,1,False,0
0,ep_a0722f22616aabf4ec6d,64,5,0.0706476897689769,0.0639641288433382,300000000,1.0,0.0928217821782178,0.0640556368960468,0.0707357247437774,1,False,0
0,ep_a0722f22616aabf4ec6d,65,5,0.0558993399339934,0.0637811127379209,300000000,1.0,0.0969471947194719,0.0640556368960468,0.0707357247437774,1,False,0
0,ep_a0722f22616aabf4ec6d,66,5,0.0720915841584158,0.0631405563689604,300000000,1.0,0.0970503300330033,0.0640556368960468,0.0707357247437774,1,False,0
0,ep_a0722f22616aabf4ec6d,67,5,0.0720915841584158,0.0627745241581259,300000000,1.0,0.09756600660066,0.0640556368960468,0.0707357247437774,1,False,0
0,ep_a0722f22616aabf4ec6d,68,5,0.0745668316831683,0.062225475841874,300000000,1.0,0.1093234323432343,0.0625,0.0707357247437774,1,False,0
0,ep_a0722f22616aabf4ec6d,69,5,0.0726072607260726,0.0619509516837481,300000000,1.0,0.0996287128712871,0.0623169838945827,0.0707357247437774,1,False,0
0,ep_a0722f22616aabf4ec6d,70,5,0.0699257425742574,0.0618594436310395,300000000,1.0,0.090243399339934,0.0620424597364568,0.0707357247437774,1,False,0
0,ep_a0722f22616aabf4ec6d,71,5,0.0531146864686468,0.0617679355783308,300000000,1.0,0.087046204620462,0.0620424597364568,0.0707357247437774,1,False,0
0,ep_a0722f22616aabf4ec6d,72,6,0.0568275577557755,0.0615849194729136,300000000,1.0,0.0778671617161716,0.0617679355783308,0.0707357247437774,1,False,0
0,ep_a0722f22616aabf4ec6d,73,6,0.0687912541254125,0.0613103953147877,300000000,1.0,0.0920998349834983,0.0614019033674963,0.0707357247437774,1,False,0
0,ep_a0722f22616aabf4ec6d,74,6,0.0661097359735973,0.061218887262079,300000000,1.0,0.0813737623762376,0.0613103953147877,0.0707357247437774,1,False,0
0,ep_a0722f22616aabf4ec6d,75,6,0.0710602310231023,0.0610358711566617,300000000,1.0,0.0873556105610561,0.061218887262079,0.0707357247437774,1,False,0
0,ep_a0722f22616aabf4ec6d,76,6,0.069822607260726,0.0690885797950219,300000000,1.0,0.0945750825082508,0.0726573938506588,0.0758601756954612,1,False,0
0,ep_a0722f22616aabf4ec6d,77,6,0.0604372937293729,0.0723828696925329,300000000,1.0,0.0915841584158415,0.0725658857979502,0.0803440702781844,1,False,0
0,ep_a0722f22616aabf4ec6d,78,6,0.054042904290429,0.0721998535871156,300000000,1.0,0.0861179867986798,0.0725658857979502,0.0803440702781844,1,False,0
0,ep_a0722f22616aabf4ec6d,79,6,0.0671410891089109,0.072108345534407,300000000,1.0,0.0879744224422442,0.0723828696925329,0.0803440702781844,1,False,0
0,ep_a0722f22616aabf4ec6d,80,6,0.0669348184818481,0.0727489019033675,300000000,1.0,0.0927186468646864,0.0848279648609077,0.0810761346998535,1,False,0
0,ep_a0722f22616aabf4ec6d,81,6,0.0683787128712871,0.1061493411420205,300000000,1.0,0.0875618811881188,0.1072474377745241,0.1145680819912152,1,False,0
0,ep_a0722f22616aabf4ec6d,82,6,0.0474422442244224,0.1068814055636896,300000000,1.0,0.0895214521452145,0.1072474377745241,0.1156661786237188,1,False,0
0,ep_a0722f22616aabf4ec6d,83,6,0.0414603960396039,0.1059663250366032,300000000,1.0,0.0830239273927392,0.1066983894582723,0.1156661786237188,1,False,0
0,ep_a0722f22616aabf4ec6d,84,7,0.0099267739273927,0.1046852122986822,300000000,1.0,0.0585808580858085,0.1056002928257686,0.1156661786237188,1,False,0
0,ep_a0722f22616aabf4ec6d,85,7,0.0059754022277227,0.1034040995607613,300000000,1.0,0.0276402640264026,0.1039531478770131,0.1156661786237188,1,False,0
0,ep_a0722f22616aabf4ec6d,86,7,0.0059496183993399,0.1023060029282576,300000000,1.0,0.025654909240924,0.1030380673499267,0.1156661786237188,1,False,0
0,ep_a0722f22616aabf4ec6d,87,7,0.0018757735148514,0.1013909224011713,300000000,1.0,0.0200340346534653,0.1019399707174231,0.1156661786237188,1,False,0
0,ep_a0722f22616aabf4ec6d,88,7,0.0025880517739273,0.1004758418740849,131292697,0.4376423233333333,0.0318688118811881,0.1008418740849194,0.1156661786237188,1,False,0
0,ep_a2ec8b2ddffdb812576c,274,22,0.0967158371242529,0.0168983067300462,222000000,0.74,0.1256188118811881,0.0295113469985358,0.1756954612005856,2,False,0
0,ep_a2ec8b2ddffdb812576c,275,22,0.116542904290429,0.0353678623718887,300000000,1.0,0.1443894389438944,0.0508784773060029,0.1756954612005856,1,False,0
0,ep_a2ec8b2ddffdb812576c,276,23,0.1126237623762376,0.0366032210834553,300000000,1.0,0.1448019801980198,0.0474011713030746,0.1756954612005856,1,False,0
0,ep_a2ec8b2ddffdb812576c,277,23,0.1002475247524752,0.0339952415812591,300000000,1.0,0.1260313531353135,0.0419564421669106,0.1756954612005856,1,False,0
0,ep_a2ec8b2ddffdb812576c,278,23,0.1204620462046204,0.0365117130307467,300000000,1.0,0.1470709570957095,0.0528916544655929,0.1756954612005856,1,False,0
0,ep_a2ec8b2ddffdb812576c,279,23,0.1229372937293729,0.0543557833089311,300000000,1.0,0.1468646864686468,0.0932467057101024,0.1756954612005856,1,False,0
0,ep_a2ec8b2ddffdb812576c,280,23,0.1113861386138613,0.0623169838945827,300000000,1.0,0.1474834983498349,0.0900439238653001,0.1756954612005856,1,False,0
0,ep_a2ec8b2ddffdb812576c,281,23,0.1171617161716171,0.0724743777452415,300000000,1.0,0.1476897689768977,0.1028550512445095,0.1756954612005856,1,False,0
0,ep_a2ec8b2ddffdb812576c,282,23,0.0944719471947194,0.0660688140556369,300000000,1.0,0.1318069306930693,0.0997437774524158,0.1756954612005856,1,False,0
0,ep_a2ec8b2ddffdb812576c,283,23,0.1101485148514851,0.0679904831625183,300000000,1.0,0.1476897689768977,0.0931551976573938,0.1756954612005856,1,False,0
0,ep_a2ec8b2ddffdb812576c,284,23,0.1078795379537953,0.0732064421669106,300000000,1.0,0.1478960396039604,0.1103587115666178,0.1756954612005856,1,False,0
0,ep_a2ec8b2ddffdb812576c,285,23,0.1212871287128712,0.0887628111273792,300000000,1.0,0.1472772277227722,0.1209736456808199,0.1756954612005856,1,False,0
0,ep_a2ec8b2ddffdb812576c,286,23,0.1058168316831683,0.0736639824304538,300000000,1.0,0.1472772277227722,0.1112737920937042,0.1756954612005856,1,False,0
0,ep_a2ec8b2ddffdb812576c,287,23,0.1291254125412541,0.0677159590043923,300000000,1.0,0.1470709570957095,0.099926793557833,0.1756954612005856,1,False,0
0,ep_aa0e2ea87e9f11d208a3,0,0,0.1208745874587458,0.1026720351390922,300000000,1.0,0.2056518151815181,0.1037701317715959,0.1248169838945827,1,False,0
0,ep_aa0e2ea87e9f11d208a3,1,0,0.1163366336633663,0.1030380673499267,300000000,1.0,0.1986386138613861,0.1037701317715959,0.1248169838945827,1,False,0
0,ep_aa0e2ea87e9f11d208a3,2,0,0.1219059405940594,0.1028550512445095,300000000,1.0,0.2101897689768977,0.1037701317715959,0.1248169838945827,1,False,0
0,ep_aa0e2ea87e9f11d208a3,3,0,0.1322194719471947,0.1028550512445095,300000000,1.0,0.2301980198019802,0.1037701317715959,0.1248169838945827,1,False,0
0,ep_aa0e2ea87e9f11d208a3,4,0,0.1239686468646864,0.1024890190336749,300000000,1.0,0.2318481848184818,0.1037701317715959,0.1248169838945827,1,False,0
0,ep_aa0e2ea87e9f11d208a3,5,0,0.1245874587458745,0.1030380673499267,300000000,1.0,0.2343234323432343,0.1037701317715959,0.1248169838945827,1,False,0
0,ep_aa0e2ea87e9f11d208a3,6,0,0.1194306930693069,0.1026720351390922,300000000,1.0,0.2252475247524752,0.1037701317715959,0.1248169838945827,1,False,0
0,ep_aa0e2ea87e9f11d208a3,7,0,0.1229372937293729,0.1028550512445095,300000000,1.0,0.2347359735973597,0.1035871156661786,0.1248169838945827,1,False,0
0,ep_aa0e2ea87e9f11d208a3,8,0,0.1175742574257425,0.1028550512445095,300000000,1.0,0.2277227722772277,0.1037701317715959,0.1248169838945827,1,False,0
0,ep_aa0e2ea87e9f11d208a3,9,0,0.1157178217821782,0.1026720351390922,300000000,1.0,0.2211221122112211,0.1037701317715959,0.1248169838945827,1,False,0
0,ep_aa0e2ea87e9f11d208a3,10,0,0.1097359735973597,0.1028550512445095,300000000,1.0,0.2116336633663366,0.1035871156661786,0.1248169838945827,1,False,0
0,ep_aa0e2ea87e9f11d208a3,11,0,0.1043729372937293,0.103221083455344,300000000,1.0,0.212046204620462,0.1037701317715959,0.1248169838945827,1,False,0
0,ep_aa0e2ea87e9f11d208a3,12,1,0.1046823432343234,0.1024890190336749,300000000,1.0,0.1908003300330033,0.1035871156661786,0.1248169838945827,1,False,0
0,ep_aa0e2ea87e9f11d208a3,13,1,0.1040635313531353,0.1023060029282576,300000000,1.0,0.2097772277227722,0.1028550512445095,0.1248169838945827,1,False,0
0,ep_aa0e2ea87e9f11d208a3,14,1,0.111592409240924,0.1026720351390922,300000000,1.0,0.1924504950495049,0.1035871156661786,0.1248169838945827,1,False,0
0,ep_aa0e2ea87e9f11d208a3,15,1,0.1099422442244224,0.1026720351390922,300000000,1.0,0.2244224422442244,0.1037701317715959,0.1248169838945827,1,False,0
0,ep_aa0e2ea87e9f11d208a3,16,1,0.1097359735973597,0.1026720351390922,300000000,1.0,0.2093646864686468,0.1035871156661786,0.1248169838945827,1,False,0
0,ep_aa0e2ea87e9f11d208a3,17,1,0.1091171617161716,0.103221083455344,300000000,1.0,0.2252475247524752,0.1037701317715959,0.1248169838945827,1,False,0
0,ep_aa0e2ea87e9f11d208a3,18,1,0.1103547854785478,0.1024890190336749,300000000,1.0,0.2186468646864686,0.1039531478770131,0.1248169838945827,1,False,0
0,ep_aa0e2ea87e9f11d208a3,19,1,0.1161303630363036,0.1028550512445095,300000000,1.0,0.2174092409240924,0.1035871156661786,0.1248169838945827,1,False,0
0,ep_aa0e2ea87e9f11d208a3,20,1,0.1229372937293729,0.1028550512445095,300000000,1.0,0.2334983498349835,0.1037701317715959,0.1248169838945827,1,False,0
0,ep_aa0e2ea87e9f11d208a3,21,1,0.1186056105610561,0.1021229868228404,300000000,1.0,0.2314356435643564,0.1030380673499267,0.1248169838945827,1,False,0
0,ep_aa0e2ea87e9f11d208a3,22,1,0.1256188118811881,0.1024890190336749,300000000,1.0,0.2355610561056105,0.1035871156661786,0.1248169838945827,1,False,0
0,ep_aa0e2ea87e9f11d208a3,23,1,0.1227310231023102,0.1030380673499267,300000000,1.0,0.2442244224422442,0.1037701317715959,0.1248169838945827,1,False,0
0,ep_aa0e2ea87e9f11d208a3,24,2,0.1223184818481848,0.1028550512445095,300000000,1.0,0.231023102310231,0.1039531478770131,0.1248169838945827,1,False,0
0,ep_aa0e2ea87e9f11d208a3,25,2,0.1186056105610561,0.1030380673499267,300000000,1.0,0.2285478547854785,0.1037701317715959,0.1248169838945827,1,False,0
0,ep_aa0e2ea87e9f11d208a3,26,2,0.1173679867986798,0.1030380673499267,300000000,1.0,0.226072607260726,0.1037701317715959,0.1248169838945827,1,False,0
0,ep_aa0e2ea87e9f11d208a3,27,2,0.1109735973597359,0.1030380673499267,300000000,1.0,0.2372112211221122,0.1039531478770131,0.1248169838945827,1,False,0
0,ep_aa0e2ea87e9f11d208a3,28,2,0.1144801980198019,0.1026720351390922,300000000,1.0,0.2128712871287128,0.1039531478770131,0.1248169838945827,1,False,0
0,ep_aa0e2ea87e9f11d208a3,29,2,0.125,0.1028550512445095,300000000,1.0,0.2268976897689769,0.1037701317715959,0.1248169838945827,1,False,0
0,ep_aa0e2ea87e9f11d208a3,30,2,0.1107673267326732,0.1021229868228404,300000000,1.0,0.1957508250825082,0.1026720351390922,0.1248169838945827,1,False,0
0,ep_aa0e2ea87e9f11d208a3,31,2,0.1190181518151815,0.1026720351390922,300000000,1.0,0.2141089108910891,0.1035871156661786,0.1248169838945827,1,False,0
0,ep_aa0e2ea87e9f11d208a3,32,2,0.1243811881188118,0.1026720351390922,300000000,1.0,0.2178217821782178,0.1037701317715959,0.1248169838945827,1,False,0
0,ep_aa0e2ea87e9f11d208a3,33,2,0.1245874587458745,0.1030380673499267,300000000,1.0,0.2248349834983498,0.1037701317715959,0.1248169838945827,1,False,0
0,ep_aa0e2ea87e9f11d208a3,34,2,0.1216996699669967,0.1024890190336749,300000000,1.0,0.2202970297029703,0.1037701317715959,0.1248169838945827,1,False,0
0,ep_aa0e2ea87e9f11d208a3,35,2,0.1216996699669967,0.1030380673499267,300000000,1.0,0.2252475247524752,0.1037701317715959,0.1248169838945827,1,False,0
0,ep_aa0e2ea87e9f11d208a3,36,3,0.1138613861386138,0.1023060029282576,300000000,1.0,0.2211221122112211,0.1037701317715959,0.1248169838945827,1,False,0
0,ep_aa0e2ea87e9f11d208a3,37,3,0.111592409240924,0.1030380673499267,300000000,1.0,0.2231848184818481,0.1035871156661786,0.1248169838945827,1,False,0
0,ep_aa0e2ea87e9f11d208a3,38,3,0.1097359735973597,0.1026720351390922,300000000,1.0,0.2273102310231023,0.1037701317715959,0.1248169838945827,1,False,0
0,ep_aa0e2ea87e9f11d208a3,39,3,0.111592409240924,0.1026720351390922,300000000,1.0,0.2264851485148515,0.1035871156661786,0.1248169838945827,1,False,0
0,ep_aa0e2ea87e9f11d208a3,40,3,0.1134488448844884,0.1023060029282576,300000000,1.0,0.2215346534653465,0.1035871156661786,0.1248169838945827,1,False,0
0,ep_aa0e2ea87e9f11d208a3,41,3,0.1124174917491749,0.1028550512445095,300000000,1.0,0.2277227722772277,0.1037701317715959,0.1248169838945827,1,False,0
0,ep_aa0e2ea87e9f11d208a3,42,3,0.1155115511551155,0.1026720351390922,300000000,1.0,0.1978135313531353,0.1037701317715959,0.1248169838945827,1,False,0
0,ep_aa0e2ea87e9f11d208a3,43,3,0.1198432343234323,0.1028550512445095,300000000,1.0,0.2318481848184818,0.1037701317715959,0.1248169838945827,1,False,0
0,ep_aa0e2ea87e9f11d208a3,44,3,0.1036509900990099,0.1023060029282576,300000000,1.0,0.2062706270627062,0.1034040995607613,0.1248169838945827,1,False,0
0,ep_aa0e2ea87e9f11d208a3,45,3,0.1058168316831683,0.1030380673499267,300000000,1.0,0.2244224422442244,0.1037701317715959,0.1248169838945827,1,False,0
0,ep_aa0e2ea87e9f11d208a3,46,3,0.1050948844884488,0.1023060029282576,300000000,1.0,0.2103960396039604,0.1037701317715959,0.1248169838945827,1,False,0
0,ep_aa0e2ea87e9f11d208a3,47,3,0.1111798679867986,0.1030380673499267,300000000,1.0,0.2077145214521452,0.1037701317715959,0.1248169838945827,1,False,0
0,ep_aa0e2ea87e9f11d208a3,48,4,0.1128300330033003,0.1024890190336749,300000000,1.0,0.212046204620462,0.1037701317715959,0.1248169838945827,1,False,0
0,ep_aa0e2ea87e9f11d208a3,49,4,0.1148927392739273,0.1028550512445095,300000000,1.0,0.2351485148514851,0.1037701317715959,0.1248169838945827,1,False,0
0,ep_aa0e2ea87e9f11d208a3,50,4,0.116542904290429,0.1026720351390922,300000000,1.0,0.2202970297029703,0.1037701317715959,0.1248169838945827,1,False,0
0,ep_aa0e2ea87e9f11d208a3,51,4,0.1167491749174917,0.103221083455344,300000000,1.0,0.2306105610561056,0.1039531478770131,0.1248169838945827,1,False,0
0,ep_aa0e2ea87e9f11d208a3,52,4,0.1186056105610561,0.1026720351390922,300000000,1.0,0.2211221122112211,0.1037701317715959,0.1248169838945827,1,False,0
0,ep_aa0e2ea87e9f11d208a3,53,4,0.1101485148514851,0.1034040995607613,300000000,1.0,0.219059405940594,0.1039531478770131,0.1248169838945827,1,False,0
0,ep_aa0e2ea87e9f11d208a3,54,4,0.1188118811881188,0.1024890190336749,300000000,1.0,0.2231848184818481,0.1039531478770131,0.1248169838945827,1,False,0
0,ep_aa0e2ea87e9f11d208a3,55,4,0.1311881188118812,0.103221083455344,300000000,1.0,0.2330858085808581,0.1039531478770131,0.1248169838945827,1,False,0
0,ep_aa0e2ea87e9f11d208a3,56,4,0.128506600660066,0.1026720351390922,300000000,1.0,0.2277227722772277,0.1039531478770131,0.1248169838945827,1,False,0
0,ep_aa0e2ea87e9f11d208a3,57,4,0.1313943894389438,0.1026720351390922,300000000,1.0,0.2223597359735973,0.1039531478770131,0.1248169838945827,1,False,0
0,ep_aa0e2ea87e9f11d208a3,58,4,0.082095709570957,0.0855600292825768,300000000,1.0,0.1338696369636963,0.097913616398243,0.1248169838945827,1,False,0
0,ep_aa0e2ea87e9f11d208a3,59,4,0.109529702970297,0.0916910688140556,300000000,1.0,0.1507838283828383,0.1026720351390922,0.1248169838945827,1,False,0
0,ep_aa0e2ea87e9f11d208a3,60,5,0.1208745874587458,0.1019399707174231,300000000,1.0,0.1765676567656765,0.1028550512445095,0.1248169838945827,1,False,0
0,ep_aa0e2ea87e9f11d208a3,61,5,0.1150990099009901,0.1010248901903367,300000000,1.0,0.2077145214521452,0.1028550512445095,0.1248169838945827,1,False,0
0,ep_aa0e2ea87e9f11d208a3,62,5,0.108085808580858,0.101207906295754,300000000,1.0,0.1431518151815181,0.1028550512445095,0.1248169838945827,1,False,0
0,ep_aa0e2ea87e9f11d208a3,63,5,0.109529702970297,0.1019399707174231,300000000,1.0,0.1571782178217821,0.1030380673499267,0.1248169838945827,1,False,0
0,ep_aa0e2ea87e9f11d208a3,64,5,0.1122112211221122,0.1023060029282576,300000000,1.0,0.1802805280528052,0.1028550512445095,0.1248169838945827,1,False,0
0,ep_aa0e2ea87e9f11d208a3,65,5,0.1266501650165016,0.1024890190336749,300000000,1.0,0.1769801980198019,0.1034040995607613,0.1248169838945827,1,False,0
0,ep_aa0e2ea87e9f11d208a3,66,5,0.1194306930693069,0.1021229868228404,300000000,1.0,0.1794554455445544,0.1034040995607613,0.1248169838945827,1,False,0
0,ep_aa0e2ea87e9f11d208a3,67,5,0.1293316831683168,0.1024890190336749,300000000,1.0,0.2009075907590759,0.1035871156661786,0.1248169838945827,1,False,0
0,ep_aa0e2ea87e9f11d208a3,68,5,0.1318069306930693,0.1026720351390922,300000000,1.0,0.1969884488448844,0.1035871156661786,0.1248169838945827,1,False,0
0,ep_aa0e2ea87e9f11d208a3,69,5,0.1283003300330033,0.1024890190336749,300000000,1.0,0.2021452145214521,0.1035871156661786,0.1248169838945827,1,False,0
0,ep_aa0e2ea87e9f11d208a3,70,5,0.1196369636963696,0.1026720351390922,300000000,1.0,0.2033828382838284,0.1034040995607613,0.1248169838945827,1,False,0
0,ep_aa0e2ea87e9f11d208a3,71,5,0.1247937293729373,0.1026720351390922,300000000,1.0,0.1767739273927392,0.1034040995607613,0.1248169838945827,1,False,0
0,ep_aa0e2ea87e9f11d208a3,72,6,0.130569306930693,0.1026720351390922,300000000,1.0,0.2149339933993399,0.1034040995607613,0.1248169838945827,1,False,0
0,ep_aa0e2ea87e9f11d208a3,73,6,0.1336633663366336,0.1024890190336749,300000000,1.0,0.1870874587458746,0.1034040995607613,0.1248169838945827,1,False,0
0,ep_aa0e2ea87e9f11d208a3,74,6,0.1229372937293729,0.1024890190336749,300000000,1.0,0.180486798679868,0.1035871156661786,0.1248169838945827,1,False,0
0,ep_aa0e2ea87e9f11d208a3,75,6,0.1161303630363036,0.1024890190336749,300000000,1.0,0.1835808580858085,0.1035871156661786,0.1248169838945827,1,False,0
0,ep_aa0e2ea87e9f11d208a3,76,6,0.1099422442244224,0.1026720351390922,300000000,1.0,0.1617161716171617,0.1035871156661786,0.1248169838945827,1,False,0
0,ep_aa0e2ea87e9f11d208a3,77,6,0.1146864686468646,0.1026720351390922,300000000,1.0,0.172029702970297,0.1039531478770131,0.1248169838945827,1,False,0
0,ep_aa0e2ea87e9f11d208a3,78,6,0.1120049504950495,0.1028550512445095,300000000,1.0,0.1765676567656765,0.1039531478770131,0.1248169838945827,1,False,0
0,ep_aa0e2ea87e9f11d208a3,79,6,0.1179867986798679,0.1028550512445095,300000000,1.0,0.1971947194719472,0.1039531478770131,0.1248169838945827,1,False,0
0,ep_aa0e2ea87e9f11d208a3,80,6,0.1221122112211221,0.1026720351390922,300000000,1.0,0.1672854785478547,0.1041361639824304,0.1248169838945827,1,False,0
0,ep_aa0e2ea87e9f11d208a3,81,6,0.1264438943894389,0.1028550512445095,300000000,1.0,0.1926567656765676,0.1039531478770131,0.1248169838945827,1,False,0
0,ep_aa0e2ea87e9f11d208a3,82,6,0.1122112211221122,0.1019399707174231,300000000,1.0,0.1800742574257425,0.1028550512445095,0.1248169838945827,1,False,0
0,ep_aa0e2ea87e9f11d208a3,83,6,0.1153052805280528,0.1026720351390922,300000000,1.0,0.1641914191419141,0.1037701317715959,0.1248169838945827,1,False,0
0,ep_aa0e2ea87e9f11d208a3,84,7,0.111592409240924,0.1023060029282576,300000000,1.0,0.1613036303630363,0.1039531478770131,0.1248169838945827,1,False,0
0,ep_aa0e2ea87e9f11d208a3,85,7,0.1117986798679868,0.1024890190336749,300000000,1.0,0.1590346534653465,0.103221083455344,0.1248169838945827,1,False,0
0,ep_aa0e2ea87e9f11d208a3,86,7,0.1225247524752475,0.1028550512445095,300000000,1.0,0.2112211221122112,0.1035871156661786,0.1248169838945827,1,False,0
0,ep_aa0e2ea87e9f11d208a3,87,7,0.128506600660066,0.1026720351390922,300000000,1.0,0.2248349834983498,0.1035871156661786,0.1248169838945827,1,False,0
0,ep_aa0e2ea87e9f11d208a3,88,7,0.1227310231023102,0.1024890190336749,300000000,1.0,0.194513201320132,0.1035871156661786,0.1248169838945827,1,False,0
0,ep_aa0e2ea87e9f11d208a3,89,7,0.1243811881188118,0.1028550512445095,300000000,1.0,0.1875,0.1035871156661786,0.1248169838945827,1,False,0
0,ep_aa0e2ea87e9f11d208a3,90,7,0.1188118811881188,0.1026720351390922,300000000,1.0,0.1914191419141914,0.1035871156661786,0.1248169838945827,1,False,0
0,ep_aa0e2ea87e9f11d208a3,91,7,0.1167491749174917,0.1026720351390922,300000000,1.0,0.1718234323432343,0.1037701317715959,0.1248169838945827,1,False,0
0,ep_aa0e2ea87e9f11d208a3,92,7,0.1144801980198019,0.1024890190336749,300000000,1.0,0.1800742574257425,0.1037701317715959,0.1248169838945827,1,False,0
0,ep_aa0e2ea87e9f11d208a3,93,7,0.1181930693069306,0.1026720351390922,300000000,1.0,0.1819306930693069,0.1037701317715959,0.1248169838945827,1,False,0
0,ep_aa0e2ea87e9f11d208a3,94,7,0.1208745874587458,0.1028550512445095,300000000,1.0,0.219059405940594,0.1039531478770131,0.1248169838945827,1,False,0
0,ep_aa0e2ea87e9f11d208a3,95,7,0.1264438943894389,0.1026720351390922,300000000,1.0,0.1736798679867986,0.1039531478770131,0.1248169838945827,1,False,0
0,ep_aa0e2ea87e9f11d208a3,96,8,0.1377887788778878,0.1028550512445095,300000000,1.0,0.2215346534653465,0.1039531478770131,0.1248169838945827,1,False,0
0,ep_aa0e2ea87e9f11d208a3,97,8,0.1313943894389438,0.1026720351390922,300000000,1.0,0.2161716171617161,0.1039531478770131,0.1248169838945827,1,False,0
0,ep_aa0e2ea87e9f11d208a3,98,8,0.1384075907590759,0.1030380673499267,300000000,1.0,0.2248349834983498,0.1039531478770131,0.1248169838945827,1,False,0
0,ep_aa0e2ea87e9f11d208a3,99,8,0.120049504950495,0.1024890190336749,300000000,1.0,0.1778052805280528,0.1030380673499267,0.1248169838945827,1,False,0
0,ep_aa0e2ea87e9f11d208a3,100,8,0.1221122112211221,0.1024890190336749,300000000,1.0,0.1879125412541254,0.103221083455344,0.1248169838945827,1,False,0
0,ep_aa0e2ea87e9f11d208a3,101,8,0.1256188118811881,0.1028550512445095,300000000,1.0,0.1932755775577557,0.1039531478770131,0.1248169838945827,1,False,0
0,ep_aa0e2ea87e9f11d208a3,102,8,0.1233498349834983,0.1028550512445095,300000000,1.0,0.1928630363036303,0.1037701317715959,0.1248169838945827,1,False,0
0,ep_aa0e2ea87e9f11d208a3,103,8,0.1150990099009901,0.1028550512445095,300000000,1.0,0.1738861386138613,0.1037701317715959,0.1248169838945827,1,False,0
0,ep_aa0e2ea87e9f11d208a3,104,8,0.120049504950495,0.1028550512445095,300000000,1.0,0.2277227722772277,0.1037701317715959,0.1248169838945827,1,False,0
0,ep_aa0e2ea87e9f11d208a3,105,8,0.1049917491749174,0.1019399707174231,300000000,1.0,0.1827557755775577,0.1028550512445095,0.1248169838945827,1,False,0
0,ep_aa0e2ea87e9f11d208a3,106,8,0.1035478547854785,0.1019399707174231,300000000,1.0,0.1466584158415841,0.1023060029282576,0.1248169838945827,1,False,0
0,ep_aa0e2ea87e9f11d208a3,107,8,0.109529702970297,0.1026720351390922,300000000,1.0,0.1701732673267326,0.1037701317715959,0.1248169838945827,1,False,0
0,ep_aa0e2ea87e9f11d208a3,108,9,0.1117986798679868,0.1023060029282576,300000000,1.0,0.1699669966996699,0.1037701317715959,0.1248169838945827,1,False,0
0,ep_aa0e2ea87e9f11d208a3,109,9,0.1084983498349834,0.1030380673499267,300000000,1.0,0.1730610561056105,0.1039531478770131,0.1248169838945827,1,False,0
0,ep_aa0e2ea87e9f11d208a3,110,9,0.0929249174917491,0.1028550512445095,300000000,1.0,0.1474834983498349,0.1039531478770131,0.1248169838945827,1,False,0
0,ep_aa0e2ea87e9f11d208a3,111,9,0.0942656765676567,0.1028550512445095,300000000,1.0,0.1429455445544554,0.1039531478770131,0.1248169838945827,1,False,0
0,ep_aa0e2ea87e9f11d208a3,112,9,0.0939562706270627,0.1024890190336749,300000000,1.0,0.1511963696369637,0.1035871156661786,0.1248169838945827,1,False,0
0,ep_aa0e2ea87e9f11d208a3,113,9,0.0910684818481848,0.1024890190336749,300000000,1.0,0.1437706270627062,0.1039531478770131,0.1248169838945827,1,False,0
0,ep_aa0e2ea87e9f11d208a3,114,9,0.0916872937293729,0.1024890190336749,300000000,1.0,0.1811056105610561,0.1030380673499267,0.1248169838945827,1,False,0
0,ep_aa0e2ea87e9f11d208a3,115,9,0.0934405940594059,0.1026720351390922,300000000,1.0,0.1699669966996699,0.1037701317715959,0.1248169838945827,1,False,0
0,ep_aa0e2ea87e9f11d208a3,116,9,0.0894183168316831,0.1028550512445095,300000000,1.0,0.1487211221122112,0.1037701317715959,0.1248169838945827,1,False,0
0,ep_aa0e2ea87e9f11d208a3,117,9,0.0854991749174917,0.1028550512445095,300000000,1.0,0.1507838283828383,0.1039531478770131,0.1248169838945827,1,False,0
0,ep_aa0e2ea87e9f11d208a3,118,9,0.0974628712871287,0.1028550512445095,300000000,1.0,0.1534653465346534,0.1037701317715959,0.1248169838945827,1,False,0
0,ep_aa0e2ea87e9f11d208a3,119,9,0.1021039603960396,0.1028550512445095,300000000,1.0,0.1518151815181518,0.1039531478770131,0.1248169838945827,1,False,0
0,ep_aa0e2ea87e9f11d208a3,120,10,0.1039603960396039,0.1023060029282576,300000000,1.0,0.2256600660066006,0.1039531478770131,0.1248169838945827,1,False,0
0,ep_aa0e2ea87e9f11d208a3,121,10,0.0966377887788778,0.1017569546120058,300000000,1.0,0.1883250825082508,0.1024890190336749,0.1248169838945827,1,False,0
0,ep_aa0e2ea87e9f11d208a3,122,10,0.0964315181518151,0.1023060029282576,300000000,1.0,0.1841996699669967,0.1035871156661786,0.1248169838945827,1,False,0
0,ep_aa0e2ea87e9f11d208a3,123,10,0.1037541254125412,0.1030380673499267,300000000,1.0,0.1856435643564356,0.1039531478770131,0.1248169838945827,1,False,0
0,ep_aa0e2ea87e9f11d208a3,124,10,0.1015882838283828,0.1023060029282576,300000000,1.0,0.1831683168316831,0.103221083455344,0.1248169838945827,1,False,0
0,ep_aa0e2ea87e9f11d208a3,125,10,0.100763201320132,0.1030380673499267,300000000,1.0,0.1637788778877887,0.1039531478770131,0.1248169838945827,1,False,0
0,ep_aa0e2ea87e9f11d208a3,126,10,0.1020008250825082,0.1023060029282576,300000000,1.0,0.1959570957095709,0.103221083455344,0.1248169838945827,1,False,0
0,ep_aa0e2ea87e9f11d208a3,127,10,0.1124174917491749,0.1023060029282576,300000000,1.0,0.2141089108910891,0.1043191800878477,0.1248169838945827,1,False,0
0,ep_aa0e2ea87e9f11d208a3,128,10,0.1146864686468646,0.1021229868228404,300000000,1.0,0.2136963696369637,0.1037701317715959,0.1248169838945827,1,False,0
0,ep_aa0e2ea87e9f11d208a3,129,10,0.0868399339933993,0.1008418740849194,300000000,1.0,0.1947194719471947,0.1030380673499267,0.1248169838945827,1,False,0
0,ep_aa0e2ea87e9f11d208a3,130,10,0.0932343234323432,0.1001098096632503,300000000,1.0,0.1751237623762376,0.1024890190336749,0.1248169838945827,1,False,0
0,ep_aa0e2ea87e9f11d208a3,131,10,0.0873556105610561,0.1021229868228404,300000000,1.0,0.1402640264026402,0.1028550512445095,0.1248169838945827,1,False,0
0,ep_aa0e2ea87e9f11d208a3,132,11,0.087046204620462,0.1019399707174231,300000000,1.0,0.1431518151815181,0.1026720351390922,0.1248169838945827,1,False,0
0,ep_aa0e2ea87e9f11d208a3,133,11,0.0861179867986798,0.1013909224011713,300000000,1.0,0.1705858085808581,0.1028550512445095,0.1248169838945827,1,False,0
0,ep_aa0e2ea87e9f11d208a3,134,11,0.0930280528052805,0.1021229868228404,300000000,1.0,0.1555280528052805,0.1026720351390922,0.1248169838945827,1,False,0
0,ep_aa0e2ea87e9f11d208a3,135,11,0.0942656765676567,0.1023060029282576,300000000,1.0,0.1652227722772277,0.1034040995607613,0.1248169838945827,1,False,0
0,ep_aa0e2ea87e9f11d208a3,136,11,0.0874587458745874,0.1019399707174231,300000000,1.0,0.180486798679868,0.1028550512445095,0.1248169838945827,1,False,0
0,ep_aa0e2ea87e9f11d208a3,137,11,0.1001443894389439,0.1028550512445095,300000000,1.0,0.1590346534653465,0.1035871156661786,0.1248169838945827,1,False,0
0,ep_aa0e2ea87e9f11d208a3,138,11,0.0737417491749174,0.1019399707174231,300000000,1.0,0.1813118811881188,0.1023060029282576,0.1248169838945827,1,False,0
0,ep_aa0e2ea87e9f11d208a3,139,11,0.104579207920792,0.1021229868228404,300000000,1.0,0.1833745874587458,0.1034040995607613,0.1248169838945827,1,False,0
0,ep_aa0e2ea87e9f11d208a3,140,11,0.1134488448844884,0.1030380673499267,300000000,1.0,0.1714108910891089,0.1037701317715959,0.1248169838945827,1,False,0
0,ep_aa0e2ea87e9f11d208a3,141,11,0.0971534653465346,0.0991947291361639,300000000,1.0,0.1734735973597359,0.1039531478770131,0.1248169838945827,1,False,0
0,ep_aa0e2ea87e9f11d208a3,142,11,0.1037541254125412,0.1023060029282576,300000000,1.0,0.2060643564356435,0.1034040995607613,0.1248169838945827,1,False,0
0,ep_aa0e2ea87e9f11d208a3,143,11,0.1099422442244224,0.1024890190336749,300000000,1.0,0.1703795379537953,0.1039531478770131,0.1248169838945827,1,False,0
0,ep_aa0e2ea87e9f11d208a3,144,12,0.1138613861386138,0.1026720351390922,300000000,1.0,0.226072607260726,0.1039531478770131,0.1248169838945827,1,False,0
0,ep_aa0e2ea87e9f11d208a3,145,12,0.1008663366336633,0.1026720351390922,300000000,1.0,0.1765676567656765,0.1035871156661786,0.1248169838945827,1,False,0
0,ep_aa0e2ea87e9f11d208a3,146,12,0.092306105610561,0.1026720351390922,300000000,1.0,0.1408828382838284,0.1035871156661786,0.1248169838945827,1,False,0
0,ep_aa0e2ea87e9f11d208a3,147,12,0.0976691419141914,0.1017569546120058,300000000,1.0,0.1705858085808581,0.1034040995607613,0.1248169838945827,1,False,0
0,ep_aa0e2ea87e9f11d208a3,148,12,0.0854991749174917,0.1015739385065885,300000000,1.0,0.1664603960396039,0.1024890190336749,0.1248169838945827,1,False,0
0,ep_aa0e2ea87e9f11d208a3,149,12,0.0850866336633663,0.1021229868228404,300000000,1.0,0.1445957095709571,0.1034040995607613,0.1248169838945827,1,False,0
0,ep_aa0e2ea87e9f11d208a3,150,12,0.092306105610561,0.1021229868228404,300000000,1.0,0.193069306930693,0.1039531478770131,0.1248169838945827,1,False,0
0,ep_aa0e2ea87e9f11d208a3,151,12,0.1040635313531353,0.1006588579795021,300000000,1.0,0.2054455445544554,0.1028550512445095,0.1248169838945827,1,False,0
0,ep_aa0e2ea87e9f11d208a3,152,12,0.1037541254125412,0.1013909224011713,300000000,1.0,0.1819306930693069,0.1024890190336749,0.1248169838945827,1,False,0
0,ep_aa0e2ea87e9f11d208a3,153,12,0.1005569306930693,0.1013909224011713,300000000,1.0,0.1639851485148515,0.1024890190336749,0.1248169838945827,1,False,0
0,ep_aa0e2ea87e9f11d208a3,154,12,0.1107673267326732,0.1023060029282576,300000000,1.0,0.1912128712871287,0.1028550512445095,0.1248169838945827,1,False,0
0,ep_aa0e2ea87e9f11d208a3,155,12,0.1136551155115511,0.1023060029282576,300000000,1.0,0.1646039603960396,0.1037701317715959,0.1248169838945827,1,False,0
0,ep_aa0e2ea87e9f11d208a3,156,13,0.092306105610561,0.1024890190336749,300000000,1.0,0.1815181518151815,0.1034040995607613,0.1248169838945827,1,False,0
0,ep_aa0e2ea87e9f11d208a3,157,13,0.0673473597359736,0.1010248901903367,300000000,1.0,0.1256188118811881,0.1021229868228404,0.1248169838945827,1,False,0
0,ep_aa0e2ea87e9f11d208a3,158,13,0.0985973597359736,0.1015739385065885,300000000,1.0,0.1641914191419141,0.1023060029282576,0.1248169838945827,1,False,0
0,ep_aa0e2ea87e9f11d208a3,159,13,0.1136551155115511,0.1021229868228404,300000000,1.0,0.191006600660066,0.1034040995607613,0.1248169838945827,1,False,0
0,ep_aa0e2ea87e9f11d208a3,160,13,0.1099422442244224,0.1023060029282576,300000000,1.0,0.1769801980198019,0.103221083455344,0.1248169838945827,1,False,0
0,ep_aa0e2ea87e9f11d208a3,161,13,0.1150990099009901,0.1026720351390922,300000000,1.0,0.1796617161716171,0.1035871156661786,0.1248169838945827,1,False,0
0,ep_aa0e2ea87e9f11d208a3,162,13,0.0917904290429042,0.1008418740849194,300000000,1.0,0.2149339933993399,0.1035871156661786,0.1248169838945827,1,False,0
0,ep_aa0e2ea87e9f11d208a3,163,13,0.0961221122112211,0.1017569546120058,300000000,1.0,0.1662541254125412,0.1026720351390922,0.1248169838945827,1,False,0
0,ep_aa0e2ea87e9f11d208a3,164,13,0.099319306930693,0.1023060029282576,300000000,1.0,0.1520214521452145,0.1037701317715959,0.1248169838945827,1,False,0
0,ep_aa0e2ea87e9f11d208a3,165,13,0.1049917491749174,0.1026720351390922,300000000,1.0,0.1573844884488449,0.1037701317715959,0.1248169838945827,1,False,0
0,ep_aa0e2ea87e9f11d208a3,166,13,0.0971534653465346,0.1024890190336749,300000000,1.0,0.1831683168316831,0.1037701317715959,0.1248169838945827,1,False,0
0,ep_aa0e2ea87e9f11d208a3,167,13,0.0977722772277227,0.1023060029282576,300000000,1.0,0.1542904290429043,0.1037701317715959,0.1248169838945827,1,False,0
0,ep_aa0e2ea87e9f11d208a3,168,14,0.0994224422442244,0.1021229868228404,300000000,1.0,0.1736798679867986,0.1037701317715959,0.1248169838945827,1,False,0
0,ep_aa0e2ea87e9f11d208a3,169,14,0.1212871287128712,0.1024890190336749,300000000,1.0,0.2027640264026402,0.1030380673499267,0.1248169838945827,1,False,0
0,ep_aa0e2ea87e9f11d208a3,170,14,0.1177805280528052,0.1021229868228404,300000000,1.0,0.1903877887788778,0.103221083455344,0.1248169838945827,1,False,0
0,ep_aa0e2ea87e9f11d208a3,171,14,0.1194306930693069,0.1024890190336749,300000000,1.0,0.2136963696369637,0.1034040995607613,0.1248169838945827,1,False,0
0,ep_aa0e2ea87e9f11d208a3,172,14,0.1126237623762376,0.1026720351390922,300000000,1.0,0.1604785478547855,0.1039531478770131,0.1248169838945827,1,False,0
0,ep_aa0e2ea87e9f11d208a3,173,14,0.1190181518151815,0.1028550512445095,300000000,1.0,0.1674917491749175,0.1037701317715959,0.1248169838945827,1,False,0
0,ep_aa0e2ea87e9f11d208a3,174,14,0.1186056105610561,0.1026720351390922,300000000,1.0,0.1899752475247524,0.1037701317715959,0.1248169838945827,1,False,0
0,ep_aa0e2ea87e9f11d208a3,175,14,0.1258250825082508,0.1028550512445095,300000000,1.0,0.1943069306930693,0.1037701317715959,0.1248169838945827,1,False,0
0,ep_aa0e2ea87e9f11d208a3,176,14,0.1097359735973597,0.0990117130307467,300000000,1.0,0.1870874587458746,0.1037701317715959,0.1248169838945827,1,False,0
0,ep_aa0e2ea87e9f11d208a3,177,14,0.0978754125412541,0.101207906295754,300000000,1.0,0.1924504950495049,0.1028550512445095,0.1248169838945827,1,False,0
0,ep_aa0e2ea87e9f11d208a3,178,14,0.1066419141914191,0.1017569546120058,300000000,1.0,0.1961633663366336,0.1030380673499267,0.1248169838945827,1,False,0
0,ep_aa0e2ea87e9f11d208a3,179,14,0.1076732673267326,0.1021229868228404,300000000,1.0,0.1608910891089109,0.1037701317715959,0.1248169838945827,1,False,0
0,ep_aa0e2ea87e9f11d208a3,180,15,0.1055074257425742,0.1023060029282576,300000000,1.0,0.1957508250825082,0.1037701317715959,0.1248169838945827,1,False,0
0,ep_aa0e2ea87e9f11d208a3,181,15,0.1024133663366336,0.1015739385065885,300000000,1.0,0.1742986798679868,0.1037701317715959,0.1248169838945827,1,False,0
0,ep_aa0e2ea87e9f11d208a3,182,15,0.0896245874587458,0.1019399707174231,300000000,1.0,0.1274752475247524,0.1030380673499267,0.1248169838945827,1,False,0
0,ep_aa0e2ea87e9f11d208a3,183,15,0.100763201320132,0.1015739385065885,300000000,1.0,0.1891501650165016,0.1028550512445095,0.1248169838945827,1,False,0
0,ep_aa0e2ea87e9f11d208a3,184,15,0.1006600660066006,0.1024890190336749,300000000,1.0,0.212046204620462,0.1037701317715959,0.1248169838945827,1,False,0
0,ep_aa0e2ea87e9f11d208a3,185,15,0.1058168316831683,0.1021229868228404,300000000,1.0,0.1627475247524752,0.1037701317715959,0.1248169838945827,1,False,0
0,ep_aa0e2ea87e9f11d208a3,186,15,0.1113861386138613,0.1024890190336749,300000000,1.0,0.1986386138613861,0.1037701317715959,0.1248169838945827,1,False,0
0,ep_aa0e2ea87e9f11d208a3,187,15,0.1105610561056105,0.1024890190336749,300000000,1.0,0.1949257425742574,0.1037701317715959,0.1248169838945827,1,False,0
0,ep_aa0e2ea87e9f11d208a3,188,15,0.1091171617161716,0.1023060029282576,300000000,1.0,0.153052805280528,0.1039531478770131,0.1248169838945827,1,False,0
0,ep_aa0e2ea87e9f11d208a3,189,15,0.1087046204620462,0.1023060029282576,300000000,1.0,0.2202970297029703,0.1037701317715959,0.1248169838945827,1,False,0
0,ep_aa0e2ea87e9f11d208a3,190,15,0.0963283828382838,0.1017569546120058,300000000,1.0,0.1782178217821782,0.1037701317715959,0.1248169838945827,1,False,0
0,ep_aa0e2ea87e9f11d208a3,191,15,0.0985973597359736,0.1019399707174231,300000000,1.0,0.1610973597359736,0.103221083455344,0.1248169838945827,1,False,0
0,ep_aa0e2ea87e9f11d208a3,192,16,0.1066419141914191,0.1024890190336749,300000000,1.0,0.2070957095709571,0.1037701317715959,0.1248169838945827,1,False,0
0,ep_aa0e2ea87e9f11d208a3,193,16,0.1002475247524752,0.1023060029282576,300000000,1.0,0.1763613861386138,0.1035871156661786,0.1248169838945827,1,False,0
0,ep_aa0e2ea87e9f11d208a3,194,16,0.1192244224422442,0.1026720351390922,300000000,1.0,0.2037953795379538,0.1037701317715959,0.1248169838945827,1,False,0
0,ep_aa0e2ea87e9f11d208a3,195,16,0.1037541254125412,0.1023060029282576,300000000,1.0,0.1806930693069307,0.1039531478770131,0.1248169838945827,1,False,0
0,ep_aa0e2ea87e9f11d208a3,196,16,0.1032384488448844,0.1023060029282576,300000000,1.0,0.2033828382838284,0.1037701317715959,0.1248169838945827,1,False,0
0,ep_aa0e2ea87e9f11d208a3,197,16,0.1031353135313531,0.1017569546120058,300000000,1.0,0.1445957095709571,0.1037701317715959,0.1248169838945827,1,False,0
0,ep_aa0e2ea87e9f11d208a3,198,16,0.1038572607260726,0.1026720351390922,300000000,1.0,0.1854372937293729,0.1039531478770131,0.1248169838945827,1,False,0
0,ep_aa0e2ea87e9f11d208a3,199,16,0.0910684818481848,0.1017569546120058,300000000,1.0,0.1672854785478547,0.103221083455344,0.1248169838945827,1,False,0
0,ep_aa0e2ea87e9f11d208a3,200,16,0.0860148514851485,0.1015739385065885,300000000,1.0,0.1582095709570957,0.1039531478770131,0.1248169838945827,1,False,0
0,ep_aa0e2ea87e9f11d208a3,201,16,0.0869430693069306,0.1024890190336749,300000000,1.0,0.1918316831683168,0.1037701317715959,0.1248169838945827,1,False,0
0,ep_aa0e2ea87e9f11d208a3,202,16,0.0970503300330033,0.1023060029282576,300000000,1.0,0.1501650165016501,0.1039531478770131,0.1248169838945827,1,False,0
0,ep_aa0e2ea87e9f11d208a3,203,16,0.0904496699669967,0.1028550512445095,300000000,1.0,0.1522277227722772,0.1039531478770131,0.1248169838945827,1,False,0
0,ep_aa0e2ea87e9f11d208a3,204,17,0.0910684818481848,0.1017569546120058,300000000,1.0,0.1767739273927392,0.1024890190336749,0.1248169838945827,1,False,0
0,ep_aa0e2ea87e9f11d208a3,205,17,0.0799298679867986,0.1023060029282576,300000000,1.0,0.2097772277227722,0.1037701317715959,0.1248169838945827,1,False,0
0,ep_aa0e2ea87e9f11d208a3,206,17,0.095812706270627,0.1026720351390922,300000000,1.0,0.2106023102310231,0.1037701317715959,0.1248169838945827,1,False,0
0,ep_aa0e2ea87e9f11d208a3,207,17,0.1101485148514851,0.1019399707174231,300000000,1.0,0.1899752475247524,0.1035871156661786,0.1248169838945827,1,False,0
0,ep_aa0e2ea87e9f11d208a3,208,17,0.1177805280528052,0.1028550512445095,300000000,1.0,0.1621287128712871,0.1037701317715959,0.1248169838945827,1,False,0
0,ep_aa0e2ea87e9f11d208a3,209,17,0.1163366336633663,0.1028550512445095,300000000,1.0,0.1670792079207921,0.1039531478770131,0.1248169838945827,1,False,0
0,ep_aa0e2ea87e9f11d208a3,210,17,0.1262376237623762,0.1028550512445095,300000000,1.0,0.1920379537953795,0.1039531478770131,0.1248169838945827,1,False,0
0,ep_aa0e2ea87e9f11d208a3,211,17,0.1120049504950495,0.1026720351390922,300000000,1.0,0.1747112211221122,0.1039531478770131,0.1248169838945827,1,False,0
0,ep_aa0e2ea87e9f11d208a3,212,17,0.102825907590759,0.1021229868228404,300000000,1.0,0.1974009900990099,0.1037701317715959,0.1248169838945827,1,False,0
0,ep_aa0e2ea87e9f11d208a3,213,17,0.0948844884488448,0.1021229868228404,300000000,1.0,0.1705858085808581,0.1028550512445095,0.1248169838945827,1,False,0
0,ep_aa0e2ea87e9f11d208a3,214,17,0.1208745874587458,0.1017569546120058,300000000,1.0,0.200082508250825,0.1030380673499267,0.1248169838945827,1,False,0
0,ep_aa0e2ea87e9f11d208a3,215,17,0.0939562706270627,0.0984626647144948,300000000,1.0,0.1247937293729373,0.1015739385065885,0.1248169838945827,1,False,0
0,ep_aa0e2ea87e9f11d208a3,216,18,0.09375,0.1019399707174231,300000000,1.0,0.1623349834983498,0.1028550512445095,0.1248169838945827,1,False,0
0,ep_aa0e2ea87e9f11d208a3,217,18,0.0906559405940594,0.1024890190336749,300000000,1.0,0.1798679867986798,0.1030380673499267,0.1248169838945827,1,False,0
0,ep_aa0e2ea87e9f11d208a3,218,18,0.0891089108910891,0.1002928257686676,300000000,1.0,0.180486798679868,0.103221083455344,0.1248169838945827,1,False,0
0,ep_aa0e2ea87e9f11d208a3,219,18,0.0942656765676567,0.1015739385065885,300000000,1.0,0.1994636963696369,0.1023060029282576,0.1248169838945827,1,False,0
0,ep_aa0e2ea87e9f11d208a3,220,18,0.0959158415841584,0.1026720351390922,300000000,1.0,0.201526402640264,0.1039531478770131,0.1248169838945827,1,False,0
0,ep_aa0e2ea87e9f11d208a3,221,18,0.1030321782178217,0.1002928257686676,300000000,1.0,0.1687293729372937,0.1039531478770131,0.1248169838945827,1,False,0
0,ep_aa0e2ea87e9f11d208a3,222,18,0.0952970297029703,0.1021229868228404,300000000,1.0,0.1856435643564356,0.1034040995607613,0.1248169838945827,1,False,0
0,ep_aa0e2ea87e9f11d208a3,223,18,0.0980816831683168,0.1013909224011713,300000000,1.0,0.1594471947194719,0.1028550512445095,0.1248169838945827,1,False,0
0,ep_aa0e2ea87e9f11d208a3,224,18,0.1051980198019802,0.1021229868228404,300000000,1.0,0.191006600660066,0.1037701317715959,0.1248169838945827,1,False,0
0,ep_aa0e2ea87e9f11d208a3,225,18,0.1041666666666666,0.1019399707174231,300000000,1.0,0.175536303630363,0.1035871156661786,0.1248169838945827,1,False,0
0,ep_aa0e2ea87e9f11d208a3,226,18,0.0941625412541254,0.1021229868228404,300000000,1.0,0.1889438943894389,0.1035871156661786,0.1248169838945827,1,False,0
0,ep_aa0e2ea87e9f11d208a3,227,18,0.1032384488448844,0.1026720351390922,300000000,1.0,0.1478960396039604,0.1037701317715959,0.1248169838945827,1,False,0
0,ep_aa0e2ea87e9f11d208a3,228,19,0.1049917491749174,0.103221083455344,300000000,1.0,0.2040016501650165,0.1039531478770131,0.1248169838945827,1,False,0
0,ep_aa0e2ea87e9f11d208a3,229,19,0.0845709570957095,0.1015739385065885,300000000,1.0,0.1456270627062706,0.1024890190336749,0.1248169838945827,1,False,0
0,ep_aa0e2ea87e9f11d208a3,230,19,0.1120049504950495,0.1024890190336749,300000000,1.0,0.1901815181518152,0.1035871156661786,0.1248169838945827,1,False,0
0,ep_aa0e2ea87e9f11d208a3,231,19,0.1173679867986798,0.1028550512445095,300000000,1.0,0.20503300330033,0.1037701317715959,0.1248169838945827,1,False,0
0,ep_aa0e2ea87e9f11d208a3,232,19,0.1089108910891089,0.1026720351390922,300000000,1.0,0.2235973597359736,0.1039531478770131,0.1248169838945827,1,False,0
0,ep_aa0e2ea87e9f11d208a3,233,19,0.1241749174917491,0.1024890190336749,300000000,1.0,0.1705858085808581,0.1035871156661786,0.1248169838945827,1,False,0
0,ep_aa0e2ea87e9f11d208a3,234,19,0.106023102310231,0.1015739385065885,300000000,1.0,0.1955445544554455,0.1039531478770131,0.1248169838945827,1,False,0
0,ep_aa0e2ea87e9f11d208a3,235,19,0.1058168316831683,0.1017569546120058,300000000,1.0,0.1701732673267326,0.1024890190336749,0.1248169838945827,1,False,0
0,ep_aa0e2ea87e9f11d208a3,236,19,0.1020008250825082,0.1023060029282576,300000000,1.0,0.1676980198019802,0.1030380673499267,0.1248169838945827,1,False,0
0,ep_aa0e2ea87e9f11d208a3,237,19,0.1070544554455445,0.1019399707174231,300000000,1.0,0.1811056105610561,0.1034040995607613,0.1248169838945827,1,False,0
0,ep_aa0e2ea87e9f11d208a3,238,19,0.0840552805280528,0.1017569546120058,300000000,1.0,0.1893564356435643,0.1030380673499267,0.1248169838945827,1,False,0
0,ep_aa0e2ea87e9f11d208a3,239,19,0.0903465346534653,0.1017569546120058,300000000,1.0,0.1204620462046204,0.1021229868228404,0.1248169838945827,1,False,0
0,ep_aa0e2ea87e9f11d208a3,240,20,0.1056105610561056,0.1026720351390922,300000000,1.0,0.1551155115511551,0.1039531478770131,0.1248169838945827,1,False,0
0,ep_aa0e2ea87e9f11d208a3,241,20,0.0898308580858085,0.1010248901903367,300000000,1.0,0.141089108910891,0.1019399707174231,0.1248169838945827,1,False,0
0,ep_aa0e2ea87e9f11d208a3,242,20,0.1005569306930693,0.1023060029282576,300000000,1.0,0.1518151815181518,0.1034040995607613,0.1248169838945827,1,False,0
0,ep_aa0e2ea87e9f11d208a3,243,20,0.0964315181518151,0.1026720351390922,300000000,1.0,0.1518151815181518,0.1037701317715959,0.1248169838945827,1,False,0
0,ep_aa0e2ea87e9f11d208a3,244,20,0.1138613861386138,0.1030380673499267,300000000,1.0,0.1569719471947194,0.1039531478770131,0.1248169838945827,1,False,0
0,ep_aa0e2ea87e9f11d208a3,245,20,0.099009900990099,0.1019399707174231,300000000,1.0,0.132013201320132,0.1023060029282576,0.1248169838945827,1,False,0
0,ep_aa0e2ea87e9f11d208a3,246,20,0.0881806930693069,0.1021229868228404,300000000,1.0,0.1802805280528052,0.1030380673499267,0.1248169838945827,1,False,0
0,ep_aa0e2ea87e9f11d208a3,247,20,0.0959158415841584,0.103221083455344,300000000,1.0,0.1371699669966996,0.1037701317715959,0.1248169838945827,1,False,0
0,ep_aa0e2ea87e9f11d208a3,248,20,0.0970503300330033,0.1023060029282576,300000000,1.0,0.1639851485148515,0.103221083455344,0.1248169838945827,1,False,0
0,ep_aa0e2ea87e9f11d208a3,249,20,0.1058168316831683,0.1030380673499267,300000000,1.0,0.2077145214521452,0.1039531478770131,0.1248169838945827,1,False,0
0,ep_aa0e2ea87e9f11d208a3,250,20,0.1093234323432343,0.1028550512445095,300000000,1.0,0.1833745874587458,0.1039531478770131,0.1248169838945827,1,False,0
0,ep_aa0e2ea87e9f11d208a3,251,20,0.0999381188118812,0.1021229868228404,300000000,1.0,0.1363448844884488,0.1035871156661786,0.1248169838945827,1,False,0
0,ep_aa0e2ea87e9f11d208a3,252,21,0.1103547854785478,0.1028550512445095,300000000,1.0,0.1757425742574257,0.1039531478770131,0.1248169838945827,1,False,0
0,ep_aa0e2ea87e9f11d208a3,253,21,0.1008663366336633,0.1021229868228404,300000000,1.0,0.1666666666666666,0.1024890190336749,0.1248169838945827,1,False,0
0,ep_aa0e2ea87e9f11d208a3,254,21,0.0815800330033003,0.1019399707174231,300000000,1.0,0.1567656765676567,0.1023060029282576,0.1248169838945827,1,False,0
0,ep_aa0e2ea87e9f11d208a3,255,21,0.1078795379537953,0.1030380673499267,300000000,1.0,0.156559405940594,0.1039531478770131,0.1248169838945827,1,False,0
0,ep_aa0e2ea87e9f11d208a3,256,21,0.0744636963696369,0.1001098096632503,300000000,1.0,0.1815181518151815,0.1026720351390922,0.1248169838945827,1,False,0
0,ep_aa0e2ea87e9f11d208a3,257,21,0.1023102310231023,0.094619326500732,300000000,1.0,0.1499587458745874,0.1023060029282576,0.1248169838945827,1,False,0
0,ep_aa0e2ea87e9f11d208a3,258,21,0.1124174917491749,0.1023060029282576,300000000,1.0,0.1672854785478547,0.1030380673499267,0.1248169838945827,1,False,0
0,ep_aa0e2ea87e9f11d208a3,259,21,0.1254125412541254,0.1019399707174231,300000000,1.0,0.165016501650165,0.103221083455344,0.1248169838945827,1,False,0
0,ep_aa0e2ea87e9f11d208a3,260,21,0.1167491749174917,0.1023060029282576,300000000,1.0,0.1524339933993399,0.1030380673499267,0.1248169838945827,1,False,0
0,ep_aa0e2ea87e9f11d208a3,261,21,0.1126237623762376,0.1021229868228404,300000000,1.0,0.1959570957095709,0.1030380673499267,0.1248169838945827,1,False,0
0,ep_aa0e2ea87e9f11d208a3,262,21,0.1155115511551155,0.1017569546120058,300000000,1.0,0.1625412541254125,0.1024890190336749,0.1248169838945827,1,False,0
0,ep_aa0e2ea87e9f11d208a3,263,21,0.1245874587458745,0.1019399707174231,300000000,1.0,0.1707920792079208,0.103221083455344,0.1248169838945827,1,False,0
0,ep_aa0e2ea87e9f11d208a3,264,22,0.1134488448844884,0.1023060029282576,300000000,1.0,0.1536716171617161,0.1030380673499267,0.1248169838945827,1,False,0
0,ep_aa0e2ea87e9f11d208a3,265,22,0.111592409240924,0.1023060029282576,300000000,1.0,0.1683168316831683,0.1030380673499267,0.1248169838945827,1,False,0
0,ep_aa0e2ea87e9f11d208a3,266,22,0.0974628712871287,0.1023060029282576,300000000,1.0,0.1470709570957095,0.1030380673499267,0.1248169838945827,1,False,0
0,ep_aa0e2ea87e9f11d208a3,267,22,0.1173679867986798,0.1023060029282576,300000000,1.0,0.1773927392739274,0.1030380673499267,0.1248169838945827,1,False,0
0,ep_aa0e2ea87e9f11d208a3,268,22,0.1087046204620462,0.1024890190336749,300000000,1.0,0.1602722772277227,0.1030380673499267,0.1248169838945827,1,False,0
0,ep_aa0e2ea87e9f11d208a3,269,22,0.1192244224422442,0.1023060029282576,300000000,1.0,0.1672854785478547,0.1030380673499267,0.1248169838945827,1,False,0
0,ep_aa0e2ea87e9f11d208a3,270,22,0.1138613861386138,0.1023060029282576,300000000,1.0,0.1594471947194719,0.1030380673499267,0.1248169838945827,1,False,0
0,ep_aa0e2ea87e9f11d208a3,271,22,0.1107673267326732,0.101207906295754,300000000,1.0,0.1749174917491749,0.1030380673499267,0.1248169838945827,1,False,0
0,ep_aa0e2ea87e9f11d208a3,272,22,0.1002475247524752,0.1019399707174231,300000000,1.0,0.1423267326732673,0.1026720351390922,0.1248169838945827,1,False,0
0,ep_aa0e2ea87e9f11d208a3,273,22,0.1018976897689769,0.1019399707174231,300000000,1.0,0.14253300330033,0.1030380673499267,0.1248169838945827,1,False,0
0,ep_aa0e2ea87e9f11d208a3,274,22,0.106023102310231,0.1019399707174231,300000000,1.0,0.1511963696369637,0.1030380673499267,0.1248169838945827,1,False,0
0,ep_aa0e2ea87e9f11d208a3,275,22,0.099319306930693,0.1013909224011713,300000000,1.0,0.1559405940594059,0.1028550512445095,0.1248169838945827,1,False,0
0,ep_aa0e2ea87e9f11d208a3,276,23,0.1014851485148514,0.1019399707174231,300000000,1.0,0.132013201320132,0.1030380673499267,0.1248169838945827,1,False,0
0,ep_aa0e2ea87e9f11d208a3,277,23,0.1041666666666666,0.1019399707174231,300000000,1.0,0.1567656765676567,0.1030380673499267,0.1248169838945827,1,False,0
0,ep_aa0e2ea87e9f11d208a3,278,23,0.0889026402640264,0.1015739385065885,300000000,1.0,0.1377887788778878,0.1028550512445095,0.1248169838945827,1,False,0
0,ep_aa0e2ea87e9f11d208a3,279,23,0.0915841584158415,0.1021229868228404,300000000,1.0,0.1274752475247524,0.1030380673499267,0.1248169838945827,1,False,0
0,ep_aa0e2ea87e9f11d208a3,280,23,0.099009900990099,0.1019399707174231,300000000,1.0,0.1594471947194719,0.1030380673499267,0.1248169838945827,1,False,0
0,ep_aa0e2ea87e9f11d208a3,281,23,0.1074669966996699,0.101207906295754,300000000,1.0,0.1534653465346534,0.1030380673499267,0.1248169838945827,1,False,0
0,ep_aa0e2ea87e9f11d208a3,282,23,0.1046823432343234,0.1015739385065885,300000000,1.0,0.1363448844884488,0.1028550512445095,0.1248169838945827,1,False,0
0,ep_aa0e2ea87e9f11d208a3,283,23,0.1146864686468646,0.1021229868228404,300000000,1.0,0.1532590759075907,0.1030380673499267,0.1248169838945827,1,False,0
0,ep_aa0e2ea87e9f11d208a3,284,23,0.1101485148514851,0.1015739385065885,300000000,1.0,0.1563531353135313,0.1030380673499267,0.1248169838945827,1,False,0
0,ep_aa0e2ea87e9f11d208a3,285,23,0.1148927392739273,0.1021229868228404,300000000,1.0,0.1540841584158415,0.1030380673499267,0.1248169838945827,1,False,0
0,ep_aa0e2ea87e9f11d208a3,286,23,0.1101485148514851,0.1021229868228404,300000000,1.0,0.1555280528052805,0.1030380673499267,0.1248169838945827,1,False,0
0,ep_aa0e2ea87e9f11d208a3,287,23,0.1023102310231023,0.1019399707174231,300000000,1.0,0.153052805280528,0.1030380673499267,0.1248169838945827,1,False,0
0,ep_aa651b60d05c2552720b,85,7,0.2297854785478547,0.0187591508052708,273000000,0.91,0.3873762376237624,0.0218933016105417,0.0345442898975109,1,False,0
0,ep_aa651b60d05c2552720b,86,7,0.2809405940594059,0.0212984992679355,300000000,1.0,0.3927392739273927,0.0216874084919472,0.0345442898975109,1,False,0
0,ep_aa651b60d05c2552720b,87,7,0.2801155115511551,0.0218933016105417,300000000,1.0,0.3935643564356436,0.022510980966325,0.0345442898975109,1,False,0
0,ep_aa651b60d05c2552720b,88,7,0.2797029702970297,0.0224652269399707,300000000,1.0,0.403052805280528,0.0227855051244509,0.0345442898975109,1,False,0
0,ep_aa651b60d05c2552720b,89,7,0.2764026402640264,0.0226024890190336,300000000,1.0,0.4005775577557756,0.0230142752562225,0.0345442898975109,1,False,0
0,ep_aa651b60d05c2552720b,90,7,0.2578382838283828,0.0227855051244509,300000000,1.0,0.3733498349834983,0.023082906295754,0.0345442898975109,1,False,0
0,ep_aa651b60d05c2552720b,91,7,0.2718646864686468,0.0229227672035139,300000000,1.0,0.3968646864686468,0.0231515373352855,0.0345442898975109,1,False,0
0,ep_aa651b60d05c2552720b,92,7,0.2801155115511551,0.0229227672035139,300000000,1.0,0.3948019801980198,0.0231515373352855,0.0345442898975109,1,False,0
0,ep_aa651b60d05c2552720b,93,7,0.2817656765676568,0.022945644216691,300000000,1.0,0.3923267326732673,0.0231515373352855,0.0345442898975109,1,False,0
0,ep_aa651b60d05c2552720b,94,7,0.2842409240924092,0.022945644216691,300000000,1.0,0.4063531353135313,0.0232430453879941,0.0345442898975109,1,False,0
0,ep_aa651b60d05c2552720b,95,7,0.2813531353135313,0.022945644216691,300000000,1.0,0.4034653465346535,0.0232201683748169,0.0345442898975109,1,False,0
0,ep_aa651b60d05c2552720b,96,8,0.2599009900990099,0.0225796120058565,300000000,1.0,0.3981023102310231,0.0232201683748169,0.0345442898975109,1,False,0
0,ep_aa651b60d05c2552720b,97,8,0.249549887086663,0.0206008833150193,171607126,0.5720237533333333,0.3787128712871287,0.0227626281112737,0.0345442898975109,3,False,0
0,ep_bd249b80fea7ccf4e254,23,1,0.1132425742574257,0.0523426061493411,283000000,0.9433333333333334,0.1415016501650165,0.1378111273792093,0.4443631039531479,1,False,0
0,ep_bd249b80fea7ccf4e254,24,2,0.0173267326732673,0.1337847730600292,300000000,1.0,0.141089108910891,0.1378111273792093,0.4443631039531479,1,False,0
0,ep_bd249b80fea7ccf4e254,25,2,0.0007138897483498,0.12701317715959,300000000,1.0,0.0035903981023102,0.12701317715959,0.4443631039531479,1,False,0
0,ep_bd249b80fea7ccf4e254,26,2,0.0006349267739273,0.1268301610541727,300000000,1.0,0.0026879641089108,0.1268301610541727,0.4443631039531479,1,False,0
0,ep_bd249b80fea7ccf4e254,27,2,0.0004995616749174,0.1268301610541727,300000000,1.0,0.0022141862623762,0.1268301610541727,0.4443631039531479,1,False,0
0,ep_bd249b80fea7ccf4e254,28,2,0.0004705548679867,0.1268301610541727,300000000,1.0,0.0016469420379537,0.1268301610541727,0.4443631039531479,1,False,0
0,ep_bd249b80fea7ccf4e254,29,2,0.000465720400165,0.1268301610541727,300000000,1.0,0.0017984220297029,0.1268301610541727,0.4443631039531479,1,False,0
0,ep_bd249b80fea7ccf4e254,30,2,0.000420598700495,0.1268301610541727,300000000,1.0,0.0015921514026402,0.1268301610541727,0.4443631039531479,1,False,0
0,ep_bd249b80fea7ccf4e254,31,2,0.0003693211117986,0.1268301610541727,300000000,1.0,0.0020691522277227,0.1268301610541727,0.4443631039531479,2,False,0
0,ep_bd249b80fea7ccf4e254,32,2,0.0003835344471947,0.1268301610541727,300000000,1.0,0.0014019956683168,0.1268301610541727,0.4443631039531479,1,False,0
0,ep_bd249b80fea7ccf4e254,33,2,0.000354527640264,0.1268301610541727,300000000,1.0,0.0014116646039603,0.1268301610541727,0.4443631039531479,1,False,0
0,ep_bd249b80fea7ccf4e254,34,2,0.0003786999793729,0.1259150805270864,300000000,1.0,0.0021626186056105,0.1268301610541727,0.4443631039531479,1,False,0
0,ep_bd249b80fea7ccf4e254,35,2,0.0003738655115511,0.125,300000000,1.0,0.0012182858910891,0.1257320644216691,0.4443631039531479,1,False,0
0,ep_bd249b80fea7ccf4e254,36,3,0.0003674195544554,0.1239019033674963,300000000,1.0,0.0014229450288778,0.1244509516837481,0.4443631039531479,1,False,0
0,ep_bd249b80fea7ccf4e254,37,3,0.0003126107026043,0.1229868015121223,202011771,0.67337257,0.0007009978341584,0.1233528550512445,0.4443631039531479,2,False,0
0,ep_c6c08698565259ae4a2e,0,0,0.1328382838283828,0.0355966325036603,300000000,1.0,0.16006600660066,0.0362371888726207,0.0530746705710102,1,False,0
0,ep_c6c08698565259ae4a2e,1,0,0.1198432343234323,0.0339952415812591,300000000,1.0,0.1501650165016501,0.035550878477306,0.0530746705710102,1,False,0
0,ep_c6c08698565259ae4a2e,2,0,0.1124174917491749,0.033400439238653,300000000,1.0,0.1728547854785478,0.0338579795021961,0.0530746705710102,1,False,0
0,ep_c6c08698565259ae4a2e,3,0,0.1082920792079207,0.0338579795021961,300000000,1.0,0.1827557755775577,0.034407027818448,0.0530746705710102,1,False,0
0,ep_c6c08698565259ae4a2e,4,0,0.1233498349834983,0.0338122254758418,300000000,1.0,0.1734735973597359,0.0339037335285505,0.0530746705710102,1,False,0
0,ep_c6c08698565259ae4a2e,5,0,0.1206683168316831,0.0324396046852123,300000000,1.0,0.1474834983498349,0.0335377013177159,0.0530746705710102,1,False,0
0,ep_c6c08698565259ae4a2e,6,0,0.0872524752475247,0.0315245241581259,300000000,1.0,0.1540841584158415,0.0316617862371888,0.0530746705710102,1,False,0
0,ep_c6c08698565259ae4a2e,7,0,0.1223184818481848,0.0336292093704245,300000000,1.0,0.1540841584158415,0.0351848462664714,0.0530746705710102,1,False,0
0,ep_c6c08698565259ae4a2e,8,0,0.1289191419141914,0.0353221083455344,300000000,1.0,0.1712046204620462,0.035550878477306,0.0530746705710102,1,False,0
0,ep_c6c08698565259ae4a2e,9,0,0.1297442244224422,0.0354593704245973,300000000,1.0,0.1518151815181518,0.035550878477306,0.0530746705710102,1,False,0
0,ep_c6c08698565259ae4a2e,10,0,0.1138613861386138,0.0355051244509516,300000000,1.0,0.1536716171617161,0.0357338945827232,0.0530746705710102,1,False,0
0,ep_c6c08698565259ae4a2e,11,0,0.1227310231023102,0.035413616398243,300000000,1.0,0.1724422442244224,0.0356881405563689,0.0530746705710102,1,False,0
0,ep_c6c08698565259ae4a2e,12,1,0.1225247524752475,0.0355051244509516,300000000,1.0,0.1676980198019802,0.0361914348462664,0.0530746705710102,1,False,0
0,ep_c6c08698565259ae4a2e,13,1,0.1074669966996699,0.0344985358711566,300000000,1.0,0.1553217821782178,0.0358711566617862,0.0530746705710102,1,False,0
0,ep_c6c08698565259ae4a2e,14,1,0.0731229372937293,0.0340409956076134,300000000,1.0,0.1524339933993399,0.0341325036603221,0.0530746705710102,1,False,0
0,ep_c6c08698565259ae4a2e,15,1,0.0701320132013201,0.0332174231332357,300000000,1.0,0.149546204620462,0.0341325036603221,0.0530746705710102,1,False,0
0,ep_c6c08698565259ae4a2e,16,1,0.0665222772277227,0.0314787701317716,300000000,1.0,0.1528465346534653,0.0317075402635431,0.0530746705710102,1,False,0
0,ep_c6c08698565259ae4a2e,17,1,0.1264438943894389,0.0315702781844802,300000000,1.0,0.2089521452145214,0.0319363103953147,0.0530746705710102,1,False,0
0,ep_c6c08698565259ae4a2e,18,1,0.0936468646864686,0.0313415080527086,300000000,1.0,0.1643976897689769,0.0318905563689604,0.0530746705710102,1,False,0
0,ep_c6c08698565259ae4a2e,19,1,0.1040635313531353,0.0345900439238653,300000000,1.0,0.1821369636963696,0.0362371888726207,0.0530746705710102,1,False,0
0,ep_c6c08698565259ae4a2e,20,1,0.0583745874587458,0.0354593704245973,300000000,1.0,0.1683168316831683,0.0358711566617862,0.0530746705710102,1,False,0
0,ep_c6c08698565259ae4a2e,21,1,0.1155115511551155,0.0350933382137628,300000000,1.0,0.1780115511551155,0.035413616398243,0.0530746705710102,1,False,0
0,ep_c6c08698565259ae4a2e,22,1,0.109529702970297,0.0347730600292825,300000000,1.0,0.1646039603960396,0.0349103221083455,0.0530746705710102,1,False,0
0,ep_c6c08698565259ae4a2e,23,1,0.1336633663366336,0.0349103221083455,300000000,1.0,0.1643976897689769,0.0350475841874084,0.0530746705710102,1,False,0
0,ep_c6c08698565259ae4a2e,24,2,0.1357260726072607,0.0348188140556368,300000000,1.0,0.1660478547854785,0.0350018301610541,0.0530746705710102,1,False,0
0,ep_c6c08698565259ae4a2e,25,2,0.1334570957095709,0.0347730600292825,300000000,1.0,0.1631600660066006,0.0356423865300146,0.0530746705710102,1,False,0
0,ep_c6c08698565259ae4a2e,26,2,0.1186056105610561,0.0345442898975109,300000000,1.0,0.1674917491749175,0.0356423865300146,0.0530746705710102,1,False,0
0,ep_c6c08698565259ae4a2e,27,2,0.0998349834983498,0.0338579795021961,300000000,1.0,0.1536716171617161,0.0339952415812591,0.0530746705710102,1,False,0
0,ep_c6c08698565259ae4a2e,28,2,0.1318069306930693,0.0340409956076134,300000000,1.0,0.1759488448844884,0.0343612737920937,0.0530746705710102,1,False,0
0,ep_c6c08698565259ae4a2e,29,2,0.1429455445544554,0.0328513909224011,300000000,1.0,0.1986386138613861,0.0356423865300146,0.0530746705710102,1,False,0
0,ep_c6c08698565259ae4a2e,30,2,0.1396452145214521,0.0311584919472913,300000000,1.0,0.1549092409240924,0.03125,0.0530746705710102,1,False,0
0,ep_c6c08698565259ae4a2e,31,2,0.1386138613861386,0.0315702781844802,300000000,1.0,0.1815181518151815,0.0336749633967789,0.0530746705710102,1,False,0
0,ep_c6c08698565259ae4a2e,32,2,0.1264438943894389,0.0332174231332357,300000000,1.0,0.1553217821782178,0.0339952415812591,0.0530746705710102,1,False,0
0,ep_c6c08698565259ae4a2e,33,2,0.0901402640264026,0.0341782576866764,300000000,1.0,0.1491336633663366,0.0350475841874084,0.0530746705710102,1,False,0
0,ep_c6c08698565259ae4a2e,34,2,0.0719884488448844,0.0340409956076134,300000000,1.0,0.1538778877887788,0.034407027818448,0.0530746705710102,1,False,0
0,ep_c6c08698565259ae4a2e,35,2,0.1101485148514851,0.0338122254758418,300000000,1.0,0.1501650165016501,0.0341782576866764,0.0530746705710102,1,False,0
0,ep_c6c08698565259ae4a2e,36,3,0.1134488448844884,0.0335377013177159,300000000,1.0,0.1996699669966996,0.0342240117130307,0.0530746705710102,1,False,0
0,ep_c6c08698565259ae4a2e,37,3,0.1078795379537953,0.0321650805270863,300000000,1.0,0.1419141914191419,0.0330344070278184,0.0530746705710102,1,False,0
0,ep_c6c08698565259ae4a2e,38,3,0.1322194719471947,0.0305179355783308,300000000,1.0,0.1542904290429043,0.031112737920937,0.0530746705710102,1,False,0
0,ep_c6c08698565259ae4a2e,39,3,0.1268564356435643,0.0317532942898975,300000000,1.0,0.1532590759075907,0.0318905563689604,0.0530746705710102,1,False,0
0,ep_c6c08698565259ae4a2e,40,3,0.123556105610561,0.0305179355783308,300000000,1.0,0.1705858085808581,0.0321650805270863,0.0530746705710102,1,False,0
0,ep_c6c08698565259ae4a2e,41,3,0.1367574257425742,0.030106149341142,300000000,1.0,0.1829620462046204,0.0305636896046852,0.0530746705710102,1,False,0
0,ep_c6c08698565259ae4a2e,42,3,0.0867367986798679,0.0301976573938506,300000000,1.0,0.1967821782178218,0.0305636896046852,0.0530746705710102,1,False,0
0,ep_c6c08698565259ae4a2e,43,3,0.0996287128712871,0.029968887262079,300000000,1.0,0.1792491749174917,0.0301976573938506,0.0530746705710102,1,False,0
0,ep_c6c08698565259ae4a2e,44,3,0.1379950495049505,0.0293283308931185,300000000,1.0,0.1547029702970297,0.0296486090775988,0.0530746705710102,1,False,0
0,ep_c6c08698565259ae4a2e,45,3,0.1328382838283828,0.0289165446559297,300000000,1.0,0.1676980198019802,0.0291910688140556,0.0530746705710102,1,False,0
0,ep_c6c08698565259ae4a2e,46,3,0.1109735973597359,0.0286877745241581,300000000,1.0,0.1662541254125412,0.0288707906295754,0.0530746705710102,1,False,0
0,ep_c6c08698565259ae4a2e,47,3,0.121493399339934,0.0283217423133235,300000000,1.0,0.1551155115511551,0.0285962664714494,0.0530746705710102,1,False,0
0,ep_c6c08698565259ae4a2e,48,4,0.1194306930693069,0.0281387262079062,300000000,1.0,0.1598597359735973,0.0286877745241581,0.0530746705710102,1,False,0
0,ep_c6c08698565259ae4a2e,49,4,0.1309818481848184,0.0284590043923865,300000000,1.0,0.1443894389438944,0.029099560761347,0.0530746705710102,1,False,0
0,ep_c6c08698565259ae4a2e,50,4,0.1291254125412541,0.0286877745241581,300000000,1.0,0.2027640264026402,0.0291453147877013,0.0530746705710102,1,False,0
0,ep_c6c08698565259ae4a2e,51,4,0.1117986798679868,0.028962298682284,300000000,1.0,0.1792491749174917,0.0291910688140556,0.0530746705710102,1,False,0
0,ep_c6c08698565259ae4a2e,52,4,0.1225247524752475,0.0291453147877013,300000000,1.0,0.198019801980198,0.0296486090775988,0.0530746705710102,1,False,0
0,ep_c6c08698565259ae4a2e,53,4,0.1266501650165016,0.0293740849194729,300000000,1.0,0.2211221122112211,0.0296943631039531,0.0530746705710102,1,False,0
0,ep_c6c08698565259ae4a2e,54,4,0.1287128712871287,0.0293283308931185,300000000,1.0,0.1982260726072607,0.0296943631039531,0.0530746705710102,1,False,0
0,ep_c6c08698565259ae4a2e,55,4,0.1367574257425742,0.0293740849194729,300000000,1.0,0.2223597359735973,0.0297858711566617,0.0530746705710102,1,False,0
0,ep_c6c08698565259ae4a2e,56,4,0.1388201320132013,0.0291453147877013,300000000,1.0,0.219059405940594,0.0294655929721815,0.0530746705710102,1,False,0
0,ep_c6c08698565259ae4a2e,57,4,0.1456270627062706,0.0290538067349926,300000000,1.0,0.1963696369636963,0.0294198389458272,0.0530746705710102,1,False,0
0,ep_c6c08698565259ae4a2e,58,4,0.1089108910891089,0.0287792825768667,300000000,1.0,0.1893564356435643,0.0291453147877013,0.0530746705710102,1,False,0
0,ep_c6c08698565259ae4a2e,59,4,0.1359323432343234,0.0287792825768667,300000000,1.0,0.2002887788778878,0.0290538067349926,0.0530746705710102,1,False,0
0,ep_c6c08698565259ae4a2e,60,5,0.1361386138613861,0.0285047584187408,300000000,1.0,0.179042904290429,0.0288707906295754,0.0530746705710102,1,False,0
0,ep_c6c08698565259ae4a2e,61,5,0.1303630363036303,0.0280472181551976,300000000,1.0,0.1503712871287128,0.0281387262079062,0.0530746705710102,1,False,0
0,ep_c6c08698565259ae4a2e,62,5,0.1247937293729373,0.0263085651537335,300000000,1.0,0.1377887788778878,0.0280472181551976,0.0530746705710102,1,False,0
0,ep_c6c08698565259ae4a2e,63,5,0.1311881188118812,0.0255307467057101,300000000,1.0,0.1660478547854785,0.025668008784773,0.0530746705710102,1,False,0
0,ep_c6c08698565259ae4a2e,64,5,0.1301567656765676,0.0256222547584187,300000000,1.0,0.1714108910891089,0.0258510248901903,0.0530746705710102,1,False,0
0,ep_c6c08698565259ae4a2e,65,5,0.1386138613861386,0.025668008784773,300000000,1.0,0.1951320132013201,0.0262628111273792,0.0530746705710102,1,False,0
0,ep_c6c08698565259ae4a2e,66,5,0.1262376237623762,0.0260340409956076,300000000,1.0,0.1922442244224422,0.0264915812591508,0.0530746705710102,1,False,0
0,ep_c6c08698565259ae4a2e,67,5,0.1456270627062706,0.028962298682284,300000000,1.0,0.2075082508250825,0.0344985358711566,0.0530746705710102,1,False,0
0,ep_c6c08698565259ae4a2e,68,5,0.1324257425742574,0.0335834553440702,300000000,1.0,0.1850247524752475,0.034407027818448,0.0530746705710102,1,False,0
0,ep_c6c08698565259ae4a2e,69,5,0.1483085808580858,0.0334461932650073,300000000,1.0,0.2027640264026402,0.0339037335285505,0.0530746705710102,1,False,0
0,ep_c6c08698565259ae4a2e,70,5,0.146039603960396,0.0335377013177159,300000000,1.0,0.1829620462046204,0.0345442898975109,0.0530746705710102,1,False,0
0,ep_c6c08698565259ae4a2e,71,5,0.1299504950495049,0.0335377013177159,300000000,1.0,0.1577970297029703,0.0344527818448023,0.0530746705710102,1,False,0
0,ep_c6c08698565259ae4a2e,72,6,0.1382013201320132,0.0339494875549048,300000000,1.0,0.1883250825082508,0.0344985358711566,0.0530746705710102,1,False,0
0,ep_c6c08698565259ae4a2e,73,6,0.1330445544554455,0.0317990483162518,300000000,1.0,0.1489273927392739,0.0337664714494875,0.0530746705710102,1,False,0
0,ep_c6c08698565259ae4a2e,74,6,0.1198432343234323,0.0315702781844802,300000000,1.0,0.1652227722772277,0.0316160322108345,0.0530746705710102,1,False,0
0,ep_c6c08698565259ae4a2e,75,6,0.1338696369636963,0.0317532942898975,300000000,1.0,0.1844059405940594,0.032119326500732,0.0530746705710102,1,False,0
0,ep_c6c08698565259ae4a2e,76,6,0.0851897689768976,0.0311584919472913,300000000,1.0,0.153052805280528,0.0320735724743777,0.0530746705710102,1,False,0
0,ep_c6c08698565259ae4a2e,77,6,0.1009694719471947,0.0302891654465592,300000000,1.0,0.1536716171617161,0.0307009516837481,0.0530746705710102,1,False,0
0,ep_c6c08698565259ae4a2e,78,6,0.1117986798679868,0.0305179355783308,300000000,1.0,0.1538778877887788,0.0310669838945827,0.0530746705710102,1,False,0
0,ep_c6c08698565259ae4a2e,79,6,0.1153052805280528,0.0303349194729136,300000000,1.0,0.1606848184818481,0.0305636896046852,0.0530746705710102,1,False,0
0,ep_c6c08698565259ae4a2e,80,6,0.1443894389438944,0.030106149341142,300000000,1.0,0.1778052805280528,0.0307924597364568,0.0530746705710102,1,False,0
0,ep_c6c08698565259ae4a2e,81,6,0.1382013201320132,0.0299231332357247,300000000,1.0,0.1784240924092409,0.0305636896046852,0.0530746705710102,1,False,0
0,ep_c6c08698565259ae4a2e,82,6,0.1258250825082508,0.0298773792093704,300000000,1.0,0.1514026402640264,0.0305636896046852,0.0530746705710102,1,False,0
0,ep_c6c08698565259ae4a2e,83,6,0.1008663366336633,0.0297858711566617,300000000,1.0,0.1868811881188118,0.0301976573938506,0.0530746705710102,1,False,0
0,ep_c6c08698565259ae4a2e,84,7,0.1384075907590759,0.0307467057101024,300000000,1.0,0.1808993399339934,0.0315702781844802,0.0530746705710102,1,False,0
0,ep_c6c08698565259ae4a2e,85,7,0.1150990099009901,0.0311584919472913,300000000,1.0,0.163572607260726,0.0315245241581259,0.0530746705710102,1,False,0
0,ep_c6c08698565259ae4a2e,86,7,0.1204620462046204,0.0311584919472913,300000000,1.0,0.1662541254125412,0.0313415080527086,0.0530746705710102,1,False,0
0,ep_c6c08698565259ae4a2e,87,7,0.1307755775577557,0.0309297218155197,300000000,1.0,0.1602722772277227,0.0310669838945827,0.0530746705710102,1,False,0
0,ep_c6c08698565259ae4a2e,88,7,0.1056105610561056,0.0306094436310395,300000000,1.0,0.1604785478547855,0.0307924597364568,0.0530746705710102,1,False,0
0,ep_c6c08698565259ae4a2e,89,7,0.1219059405940594,0.0304264275256222,300000000,1.0,0.1872937293729372,0.0309297218155197,0.0530746705710102,1,False,0
0,ep_c6c08698565259ae4a2e,90,7,0.134075907590759,0.0282759882869692,300000000,1.0,0.1714108910891089,0.0284132503660322,0.0530746705710102,1,False,0
0,ep_c6c08698565259ae4a2e,91,7,0.1283003300330033,0.0283674963396778,300000000,1.0,0.153052805280528,0.0284590043923865,0.0530746705710102,1,False,0
0,ep_c6c08698565259ae4a2e,92,7,0.1142739273927392,0.0282302342606149,300000000,1.0,0.2013201320132013,0.0286877745241581,0.0530746705710102,1,False,0
0,ep_c6c08698565259ae4a2e,93,7,0.1359323432343234,0.0278642020497803,300000000,1.0,0.1695544554455445,0.0281844802342606,0.0530746705710102,1,False,0
0,ep_c6c08698565259ae4a2e,94,7,0.1078795379537953,0.0280929721815519,300000000,1.0,0.1689356435643564,0.0293283308931185,0.0530746705710102,1,False,0
0,ep_c6c08698565259ae4a2e,95,7,0.1254125412541254,0.0285047584187408,300000000,1.0,0.1778052805280528,0.0292368228404099,0.0530746705710102,1,False,0
0,ep_c6c08698565259ae4a2e,96,8,0.1311881188118812,0.0283674963396778,300000000,1.0,0.1881188118811881,0.0292825768667642,0.0530746705710102,1,False,0
0,ep_c6c08698565259ae4a2e,97,8,0.1237623762376237,0.0274066617862371,300000000,1.0,0.2068894389438944,0.027955710102489,0.0530746705710102,1,False,0
0,ep_c6c08698565259ae4a2e,98,8,0.0984942244224422,0.0271321376281112,300000000,1.0,0.1577970297029703,0.0273151537335285,0.0530746705710102,1,False,0
0,ep_c6c08698565259ae4a2e,99,8,0.1159240924092409,0.0268576134699853,300000000,1.0,0.1687293729372937,0.0270406295754026,0.0530746705710102,1,False,0
0,ep_c6c08698565259ae4a2e,100,8,0.1299504950495049,0.026674597364568,300000000,1.0,0.1714108910891089,0.0269033674963396,0.0530746705710102,1,False,0
0,ep_c6c08698565259ae4a2e,101,8,0.1268564356435643,0.0264915812591508,300000000,1.0,0.2231848184818481,0.0273609077598828,0.0530746705710102,1,False,0
0,ep_c6c08698565259ae4a2e,102,8,0.1074669966996699,0.0259425329428989,300000000,1.0,0.1633663366336633,0.0264458272327964,0.0530746705710102,1,False,0
0,ep_c6c08698565259ae4a2e,103,8,0.0807549504950495,0.0260340409956076,300000000,1.0,0.1433580858085808,0.0263085651537335,0.0530746705710102,1,False,0
0,ep_c6c08698565259ae4a2e,104,8,0.0840552805280528,0.0325768667642752,300000000,1.0,0.165016501650165,0.0380673499267935,0.0530746705710102,1,False,0
0,ep_c6c08698565259ae4a2e,105,8,0.0546617161716171,0.0376098096632503,300000000,1.0,0.1437706270627062,0.0378843338213762,0.0530746705710102,1,False,0
0,ep_c6c08698565259ae4a2e,106,8,0.0968440594059406,0.0376098096632503,300000000,1.0,0.1637788778877887,0.0379300878477306,0.0530746705710102,1,False,0
0,ep_c6c08698565259ae4a2e,107,8,0.1412953795379538,0.0379300878477306,300000000,1.0,0.2110148514851485,0.0385248901903367,0.0530746705710102,1,False,0
0,ep_c6c08698565259ae4a2e,108,9,0.1212871287128712,0.0380215959004392,300000000,1.0,0.1676980198019802,0.0384333821376281,0.0530746705710102,1,False,0
0,ep_c6c08698565259ae4a2e,109,9,0.1274752475247524,0.0381588579795022,300000000,1.0,0.1691419141914191,0.0384333821376281,0.0530746705710102,1,False,0
0,ep_c6c08698565259ae4a2e,110,9,0.1351072607260726,0.0386621522693997,300000000,1.0,0.1629537953795379,0.0388909224011713,0.0530746705710102,1,False,0
0,ep_c6c08698565259ae4a2e,111,9,0.1132425742574257,0.0372895314787701,300000000,1.0,0.1621287128712871,0.0387994143484626,0.0530746705710102,1,False,0
0,ep_c6c08698565259ae4a2e,112,9,0.135519801980198,0.0363744509516837,300000000,1.0,0.2019389438943894,0.0364659590043923,0.0530746705710102,1,False,0
0,ep_c6c08698565259ae4a2e,113,9,0.1022070957095709,0.0364659590043923,300000000,1.0,0.1538778877887788,0.036557467057101,0.0530746705710102,1,False,0
0,ep_c6c08698565259ae4a2e,114,9,0.1289191419141914,0.0353678623718887,300000000,1.0,0.1522277227722772,0.0363744509516837,0.0530746705710102,1,False,0
0,ep_c6c08698565259ae4a2e,115,9,0.0950907590759076,0.0369692532942899,300000000,1.0,0.1621287128712871,0.0381131039531478,0.0530746705710102,1,False,0
0,ep_c6c08698565259ae4a2e,116,9,0.0865305280528052,0.0382046120058565,300000000,1.0,0.1623349834983498,0.0383418740849194,0.0530746705710102,1,False,0
0,ep_c6c08698565259ae4a2e,117,9,0.1053011551155115,0.0367404831625183,300000000,1.0,0.1474834983498349,0.0383876281112737,0.0530746705710102,1,False,0
0,ep_c6c08698565259ae4a2e,118,9,0.1223184818481848,0.036557467057101,300000000,1.0,0.1646039603960396,0.0368319912152269,0.0530746705710102,1,False,0
0,ep_c6c08698565259ae4a2e,119,9,0.1412953795379538,0.0366489751098096,300000000,1.0,0.1918316831683168,0.0368319912152269,0.0530746705710102,1,False,0
0,ep_c6c08698565259ae4a2e,120,10,0.1239686468646864,0.0343612737920937,300000000,1.0,0.1806930693069307,0.0367862371888726,0.0530746705710102,1,False,0
0,ep_c6c08698565259ae4a2e,121,10,0.1330445544554455,0.0339952415812591,300000000,1.0,0.1619224422442244,0.034407027818448,0.0530746705710102,1,False,0
0,ep_c6c08698565259ae4a2e,122,10,0.1105610561056105,0.0341325036603221,300000000,1.0,0.163572607260726,0.0343155197657393,0.0530746705710102,1,False,0
0,ep_c6c08698565259ae4a2e,123,10,0.1318069306930693,0.0338579795021961,300000000,1.0,0.1672854785478547,0.0343155197657393,0.0530746705710102,1,False,0
0,ep_c6c08698565259ae4a2e,124,10,0.1161303630363036,0.0322108345534407,300000000,1.0,0.1656353135313531,0.0323023426061493,0.0530746705710102,1,False,0
0,ep_c6c08698565259ae4a2e,125,10,0.1309818481848184,0.0316617862371888,300000000,1.0,0.1623349834983498,0.0323023426061493,0.0530746705710102,1,False,0
0,ep_c6c08698565259ae4a2e,126,10,0.1138613861386138,0.0302434114202049,300000000,1.0,0.1557343234323432,0.0302891654465592,0.0530746705710102,1,False,0
0,ep_c6c08698565259ae4a2e,127,10,0.0898308580858085,0.0316617862371888,300000000,1.0,0.1509900990099009,0.0336749633967789,0.0530746705710102,1,False,0
0,ep_c6c08698565259ae4a2e,128,10,0.0728135313531353,0.0332174231332357,300000000,1.0,0.1433580858085808,0.0336749633967789,0.0530746705710102,1,False,0
0,ep_c6c08698565259ae4a2e,129,10,0.1109735973597359,0.0325768667642752,300000000,1.0,0.1610973597359736,0.0328513909224011,0.0530746705710102,1,False,0
0,ep_c6c08698565259ae4a2e,130,10,0.130569306930693,0.0320278184480234,300000000,1.0,0.1569719471947194,0.0323023426061493,0.0530746705710102,1,False,0
0,ep_c6c08698565259ae4a2e,131,10,0.1398514851485148,0.0318905563689604,300000000,1.0,0.1769801980198019,0.0324396046852123,0.0530746705710102,1,False,0
0,ep_c6c08698565259ae4a2e,132,11,0.1334570957095709,0.0314787701317716,300000000,1.0,0.1621287128712871,0.0318905563689604,0.0530746705710102,1,False,0
0,ep_c6c08698565259ae4a2e,133,11,0.1216996699669967,0.0314787701317716,300000000,1.0,0.1547029702970297,0.0319363103953147,0.0530746705710102,1,False,0
0,ep_c6c08698565259ae4a2e,134,11,0.0734323432343234,0.0316160322108345,300000000,1.0,0.1955445544554455,0.0320735724743777,0.0530746705710102,1,False,0
0,ep_c6c08698565259ae4a2e,135,11,0.1177805280528052,0.0329428989751098,300000000,1.0,0.1662541254125412,0.0334461932650073,0.0530746705710102,1,False,0
0,ep_c6c08698565259ae4a2e,136,11,0.1359323432343234,0.0333089311859443,300000000,1.0,0.1918316831683168,0.0335377013177159,0.0530746705710102,1,False,0
0,ep_c6c08698565259ae4a2e,137,11,0.1303630363036303,0.0334919472913616,300000000,1.0,0.1664603960396039,0.0339494875549048,0.0530746705710102,1,False,0
0,ep_c6c08698565259ae4a2e,138,11,0.1258250825082508,0.0329428989751098,300000000,1.0,0.16006600660066,0.0330801610541727,0.0530746705710102,1,False,0
0,ep_c6c08698565259ae4a2e,139,11,0.1283003300330033,0.0323023426061493,300000000,1.0,0.1485148514851485,0.0327598828696925,0.0530746705710102,1,False,0
0,ep_c6c08698565259ae4a2e,140,11,0.0648721122112211,0.0320735724743777,300000000,1.0,0.1476897689768977,0.0326226207906295,0.0530746705710102,1,False,0
0,ep_c6c08698565259ae4a2e,141,11,0.1260313531353135,0.0324853587115666,300000000,1.0,0.1617161716171617,0.0326683748169839,0.0530746705710102,1,False,0
0,ep_c6c08698565259ae4a2e,142,11,0.1107673267326732,0.0323480966325036,300000000,1.0,0.156559405940594,0.0325311127379209,0.0530746705710102,1,False,0
0,ep_c6c08698565259ae4a2e,143,11,0.1363448844884488,0.0324396046852123,300000000,1.0,0.2052392739273927,0.0332174231332357,0.0530746705710102,1,False,0
0,ep_c6c08698565259ae4a2e,144,12,0.121493399339934,0.0328971449487554,300000000,1.0,0.1988448844884488,0.0336749633967789,0.0530746705710102,1,False,0
0,ep_c6c08698565259ae4a2e,145,12,0.1293316831683168,0.0310669838945827,300000000,1.0,0.1421204620462046,0.0324853587115666,0.0530746705710102,1,False,0
0,ep_c6c08698565259ae4a2e,146,12,0.1264438943894389,0.0298773792093704,300000000,1.0,0.1433580858085808,0.0299231332357247,0.0530746705710102,1,False,0
0,ep_c6c08698565259ae4a2e,147,12,0.1252062706270627,0.0300603953147877,300000000,1.0,0.1487211221122112,0.0307467057101024,0.0530746705710102,1,False,0
0,ep_c6c08698565259ae4a2e,148,12,0.1030321782178217,0.0286877745241581,300000000,1.0,0.1699669966996699,0.0307467057101024,0.0530746705710102,1,False,0
0,ep_c6c08698565259ae4a2e,149,12,0.1365511551155115,0.0286420204978038,300000000,1.0,0.1454207920792079,0.0287335285505124,0.0530746705710102,1,False,0
0,ep_c6c08698565259ae4a2e,150,12,0.1021039603960396,0.0286877745241581,300000000,1.0,0.1557343234323432,0.028825036603221,0.0530746705710102,1,False,0
0,ep_c6c08698565259ae4a2e,151,12,0.1070544554455445,0.0285505124450951,300000000,1.0,0.1549092409240924,0.028825036603221,0.0530746705710102,1,False,0
0,ep_c6c08698565259ae4a2e,152,12,0.1082920792079207,0.0271778916544655,300000000,1.0,0.1499587458745874,0.0285962664714494,0.0530746705710102,1,False,0
0,ep_c6c08698565259ae4a2e,153,12,0.0865305280528052,0.0269948755490483,300000000,1.0,0.146039603960396,0.0271321376281112,0.0530746705710102,1,False,0
0,ep_c6c08698565259ae4a2e,154,12,0.1124174917491749,0.0267661054172767,300000000,1.0,0.1503712871287128,0.0270863836017569,0.0530746705710102,1,False,0
0,ep_c6c08698565259ae4a2e,155,12,0.1122112211221122,0.0264915812591508,300000000,1.0,0.1450082508250825,0.026674597364568,0.0530746705710102,1,False,0
0,ep_c6c08698565259ae4a2e,156,13,0.1097359735973597,0.0261713030746705,300000000,1.0,0.1520214521452145,0.0264000732064421,0.0530746705710102,1,False,0
0,ep_c6c08698565259ae4a2e,157,13,0.1064356435643564,0.0257137628111273,300000000,1.0,0.1462458745874587,0.0260797950219619,0.0530746705710102,1,False,0
0,ep_c6c08698565259ae4a2e,158,13,0.101072607260726,0.0262628111273792,300000000,1.0,0.1406765676567656,0.0264000732064421,0.0530746705710102,1,False,0
0,ep_c6c08698565259ae4a2e,159,13,0.0771452145214521,0.0261255490483162,300000000,1.0,0.1916254125412541,0.0268576134699853,0.0530746705710102,1,False,0
0,ep_c6c08698565259ae4a2e,160,13,0.0926155115511551,0.0260340409956076,300000000,1.0,0.1718234323432343,0.0266288433382137,0.0530746705710102,1,False,0
0,ep_c6c08698565259ae4a2e,161,13,0.1036509900990099,0.0254392386530014,300000000,1.0,0.1493399339933993,0.0255765007320644,0.0530746705710102,1,False,0
0,ep_c6c08698565259ae4a2e,162,13,0.1276815181518152,0.0253934846266471,300000000,1.0,0.1654290429042904,0.0257595168374816,0.0530746705710102,1,False,0
0,ep_c6c08698565259ae4a2e,163,13,0.1289191419141914,0.0314330161054172,300000000,1.0,0.1540841584158415,0.0325768667642752,0.0530746705710102,1,False,0
0,ep_c6c08698565259ae4a2e,164,13,0.1332508250825082,0.0313415080527086,300000000,1.0,0.1808993399339934,0.0318448023426061,0.0530746705710102,1,False,0
0,ep_c6c08698565259ae4a2e,165,13,0.1412953795379538,0.0319820644216691,300000000,1.0,0.1681105610561056,0.0322108345534407,0.0530746705710102,1,False,0
0,ep_c6c08698565259ae4a2e,166,13,0.1363448844884488,0.0318905563689604,300000000,1.0,0.1567656765676567,0.0320735724743777,0.0530746705710102,1,False,0
0,ep_c6c08698565259ae4a2e,167,13,0.1404702970297029,0.0321650805270863,300000000,1.0,0.1699669966996699,0.0323023426061493,0.0530746705710102,1,False,0
0,ep_c6c08698565259ae4a2e,168,14,0.1373762376237624,0.0323023426061493,300000000,1.0,0.1718234323432343,0.0325768667642752,0.0530746705710102,1,False,0
0,ep_c6c08698565259ae4a2e,169,14,0.1297442244224422,0.0318905563689604,300000000,1.0,0.1712046204620462,0.032119326500732,0.0530746705710102,1,False,0
0,ep_c6c08698565259ae4a2e,170,14,0.1266501650165016,0.0315245241581259,300000000,1.0,0.1676980198019802,0.0320278184480234,0.0530746705710102,1,False,0
0,ep_c6c08698565259ae4a2e,171,14,0.1287128712871287,0.0303806734992679,300000000,1.0,0.1786303630363036,0.0314787701317716,0.0530746705710102,1,False,0
0,ep_c6c08698565259ae4a2e,172,14,0.1404702970297029,0.03125,300000000,1.0,0.2064768976897689,0.0318905563689604,0.0530746705710102,1,False,0
0,ep_c6c08698565259ae4a2e,173,14,0.1470709570957095,0.0299231332357247,300000000,1.0,0.2044141914191419,0.0301976573938506,0.0530746705710102,1,False,0
0,ep_c6c08698565259ae4a2e,174,14,0.1142739273927392,0.0301519033674963,300000000,1.0,0.1553217821782178,0.0302891654465592,0.0530746705710102,1,False,0
0,ep_c6c08698565259ae4a2e,175,14,0.1210808580858085,0.030106149341142,300000000,1.0,0.1549092409240924,0.0303349194729136,0.0530746705710102,1,False,0
0,ep_c6c08698565259ae4a2e,176,14,0.1245874587458745,0.0297401171303074,300000000,1.0,0.1538778877887788,0.029968887262079,0.0530746705710102,1,False,0
0,ep_c6c08698565259ae4a2e,177,14,0.1367574257425742,0.0297401171303074,300000000,1.0,0.1575907590759075,0.0301519033674963,0.0530746705710102,1,False,0
0,ep_c6c08698565259ae4a2e,178,14,0.106023102310231,0.0303349194729136,300000000,1.0,0.1511963696369637,0.0313415080527086,0.0530746705710102,1,False,0
0,ep_c6c08698565259ae4a2e,179,14,0.1175742574257425,0.0308382137628111,300000000,1.0,0.1536716171617161,0.031112737920937,0.0530746705710102,1,False,0
0,ep_c6c08698565259ae4a2e,180,15,0.1274752475247524,0.0294655929721815,300000000,1.0,0.168523102310231,0.0307009516837481,0.0530746705710102,1,False,0
0,ep_c6c08698565259ae4a2e,181,15,0.1150990099009901,0.0287792825768667,300000000,1.0,0.1443894389438944,0.0291453147877013,0.0530746705710102,1,False,0
0,ep_c6c08698565259ae4a2e,182,15,0.0832301980198019,0.0290538067349926,300000000,1.0,0.1646039603960396,0.0292368228404099,0.0530746705710102,1,False,0
0,ep_c6c08698565259ae4a2e,183,15,0.1150990099009901,0.0287335285505124,300000000,1.0,0.1821369636963696,0.0290538067349926,0.0530746705710102,1,False,0
0,ep_c6c08698565259ae4a2e,184,15,0.1412953795379538,0.0285505124450951,300000000,1.0,0.1811056105610561,0.0294655929721815,0.0530746705710102,1,False,0
0,ep_c6c08698565259ae4a2e,185,15,0.1406765676567656,0.0270863836017569,300000000,1.0,0.1850247524752475,0.0273151537335285,0.0530746705710102,1,False,0
0,ep_c6c08698565259ae4a2e,186,15,0.1309818481848184,0.026674597364568,300000000,1.0,0.1557343234323432,0.0270406295754026,0.0530746705710102,1,False,0
0,ep_c6c08698565259ae4a2e,187,15,0.1272689768976897,0.0276811859443631,300000000,1.0,0.16006600660066,0.0307924597364568,0.0530746705710102,1,False,0
0,ep_c6c08698565259ae4a2e,188,15,0.1324257425742574,0.0305636896046852,300000000,1.0,0.1522277227722772,0.0307009516837481,0.0530746705710102,1,False,0
0,ep_c6c08698565259ae4a2e,189,15,0.1283003300330033,0.0304721815519765,300000000,1.0,0.1613036303630363,0.0306094436310395,0.0530746705710102,1,False,0
0,ep_c6c08698565259ae4a2e,190,15,0.1359323432343234,0.0302434114202049,300000000,1.0,0.1637788778877887,0.0303806734992679,0.0530746705710102,1,False,0
0,ep_c6c08698565259ae4a2e,191,15,0.1361386138613861,0.0301519033674963,300000000,1.0,0.1596534653465346,0.0303806734992679,0.0530746705710102,1,False,0
0,ep_c6c08698565259ae4a2e,192,16,0.134075907590759,0.0304721815519765,300000000,1.0,0.1641914191419141,0.0309297218155197,0.0530746705710102,1,False,0
0,ep_c6c08698565259ae4a2e,193,16,0.1322194719471947,0.0305179355783308,300000000,1.0,0.1631600660066006,0.0310212298682284,0.0530746705710102,1,False,0
0,ep_c6c08698565259ae4a2e,194,16,0.125,0.0315702781844802,300000000,1.0,0.1951320132013201,0.0326683748169839,0.0530746705710102,1,False,0
0,ep_c6c08698565259ae4a2e,195,16,0.132013201320132,0.0309297218155197,300000000,1.0,0.1536716171617161,0.0310212298682284,0.0530746705710102,1,False,0
0,ep_c6c08698565259ae4a2e,196,16,0.1266501650165016,0.0306551976573938,300000000,1.0,0.1557343234323432,0.0308839677891654,0.0530746705710102,1,False,0
0,ep_c6c08698565259ae4a2e,197,16,0.1435643564356435,0.0299231332357247,300000000,1.0,0.1961633663366336,0.0301976573938506,0.0530746705710102,1,False,0
0,ep_c6c08698565259ae4a2e,198,16,0.1196369636963696,0.0283674963396778,300000000,1.0,0.1660478547854785,0.0300146412884333,0.0530746705710102,1,False,0
0,ep_c6c08698565259ae4a2e,199,16,0.1344884488448844,0.0271778916544655,300000000,1.0,0.1594471947194719,0.0272693997071742,0.0530746705710102,1,False,0
0,ep_c6c08698565259ae4a2e,200,16,0.1202557755775577,0.0272236456808199,300000000,1.0,0.1658415841584158,0.0272693997071742,0.0530746705710102,1,False,0
0,ep_c6c08698565259ae4a2e,201,16,0.1396452145214521,0.0270406295754026,300000000,1.0,0.1697607260726072,0.0272693997071742,0.0530746705710102,1,False,0
0,ep_c6c08698565259ae4a2e,202,16,0.1283003300330033,0.0285962664714494,300000000,1.0,0.1730610561056105,0.0336292093704245,0.0530746705710102,1,False,0
0,ep_c6c08698565259ae4a2e,203,16,0.1365511551155115,0.0334461932650073,300000000,1.0,0.146039603960396,0.0339494875549048,0.0530746705710102,1,False,0
0,ep_c6c08698565259ae4a2e,204,17,0.1404702970297029,0.0329886530014641,300000000,1.0,0.172029702970297,0.0335377013177159,0.0530746705710102,1,False,0
0,ep_c6c08698565259ae4a2e,205,17,0.1371699669966996,0.0325311127379209,300000000,1.0,0.1625412541254125,0.0330344070278184,0.0530746705710102,1,False,0
0,ep_c6c08698565259ae4a2e,206,17,0.1326320132013201,0.0327598828696925,300000000,1.0,0.1485148514851485,0.0330344070278184,0.0530746705710102,1,False,0
0,ep_c6c08698565259ae4a2e,207,17,0.1276815181518152,0.0346357979502196,300000000,1.0,0.1732673267326732,0.0368777452415812,0.0530746705710102,1,False,0
0,ep_c6c08698565259ae4a2e,208,17,0.1017945544554455,0.0357796486090776,300000000,1.0,0.1497524752475247,0.0360999267935578,0.0530746705710102,1,False,0
0,ep_c6c08698565259ae4a2e,209,17,0.0971534653465346,0.0379758418740849,300000000,1.0,0.1835808580858085,0.0404923133235724,0.0530746705710102,1,False,0
0,ep_c6c08698565259ae4a2e,210,17,0.1289191419141914,0.0357796486090776,300000000,1.0,0.156559405940594,0.0366489751098096,0.0530746705710102,1,False,0
0,ep_c6c08698565259ae4a2e,211,17,0.1243811881188118,0.0358254026354319,300000000,1.0,0.1689356435643564,0.036557467057101,0.0530746705710102,1,False,0
0,ep_c6c08698565259ae4a2e,212,17,0.1324257425742574,0.0356881405563689,300000000,1.0,0.1613036303630363,0.0357338945827232,0.0530746705710102,1,False,0
0,ep_c6c08698565259ae4a2e,213,17,0.1258250825082508,0.0350933382137628,300000000,1.0,0.1695544554455445,0.0355051244509516,0.0530746705710102,1,False,0
0,ep_c6c08698565259ae4a2e,214,17,0.1183993399339934,0.0345442898975109,300000000,1.0,0.149546204620462,0.0347730600292825,0.0530746705710102,1,False,0
0,ep_c6c08698565259ae4a2e,215,17,0.1295379537953795,0.0340409956076134,300000000,1.0,0.1610973597359736,0.034269765739385,0.0530746705710102,1,False,0
0,ep_c6c08698565259ae4a2e,216,18,0.125,0.0320278184480234,300000000,1.0,0.1716171617161716,0.0336749633967789,0.0530746705710102,1,False,0
0,ep_c6c08698565259ae4a2e,217,18,0.1392326732673267,0.0307009516837481,300000000,1.0,0.1769801980198019,0.0309297218155197,0.0530746705710102,1,False,0
0,ep_c6c08698565259ae4a2e,218,18,0.1412953795379538,0.0312042459736456,300000000,1.0,0.1769801980198019,0.0316617862371888,0.0530746705710102,1,False,0
0,ep_c6c08698565259ae4a2e,219,18,0.1252062706270627,0.030975475841874,300000000,1.0,0.1687293729372937,0.0313415080527086,0.0530746705710102,1,False,0
0,ep_c6c08698565259ae4a2e,220,18,0.1336633663366336,0.0303806734992679,300000000,1.0,0.1780115511551155,0.0306094436310395,0.0530746705710102,1,False,0
0,ep_c6c08698565259ae4a2e,221,18,0.1318069306930693,0.0296486090775988,300000000,1.0,0.1586221122112211,0.0301976573938506,0.0530746705710102,1,False,0
0,ep_c6c08698565259ae4a2e,222,18,0.1237623762376237,0.0300146412884333,300000000,1.0,0.180486798679868,0.0307467057101024,0.0530746705710102,1,False,0
0,ep_c6c08698565259ae4a2e,223,18,0.1429455445544554,0.0308382137628111,300000000,1.0,0.1912128712871287,0.0315245241581259,0.0530746705710102,1,False,0
0,ep_c6c08698565259ae4a2e,224,18,0.1313943894389438,0.0298316251830161,300000000,1.0,0.1718234323432343,0.0303349194729136,0.0530746705710102,1,False,0
0,ep_c6c08698565259ae4a2e,225,18,0.1280940594059406,0.0273151537335285,300000000,1.0,0.1421204620462046,0.0292825768667642,0.0530746705710102,1,False,0
0,ep_c6c08698565259ae4a2e,226,18,0.1309818481848184,0.0267203513909224,300000000,1.0,0.1613036303630363,0.0270863836017569,0.0530746705710102,1,False,0
0,ep_c6c08698565259ae4a2e,227,18,0.1297442244224422,0.026674597364568,300000000,1.0,0.1408828382838284,0.026811859443631,0.0530746705710102,1,False,0
0,ep_c6c08698565259ae4a2e,228,19,0.1330445544554455,0.0262170571010248,300000000,1.0,0.149546204620462,0.0263543191800878,0.0530746705710102,1,False,0
0,ep_c6c08698565259ae4a2e,229,19,0.1278877887788778,0.0260340409956076,300000000,1.0,0.156559405940594,0.0263543191800878,0.0530746705710102,1,False,0
0,ep_c6c08698565259ae4a2e,230,19,0.116542904290429,0.025805270863836,300000000,1.0,0.1514026402640264,0.0260797950219619,0.0530746705710102,1,False,0
0,ep_c6c08698565259ae4a2e,231,19,0.1099422442244224,0.025668008784773,300000000,1.0,0.1423267326732673,0.0259882869692532,0.0530746705710102,1,False,0
0,ep_c6c08698565259ae4a2e,232,19,0.1274752475247524,0.0253019765739385,300000000,1.0,0.1441831683168316,0.0255307467057101,0.0530746705710102,1,False,0
0,ep_c6c08698565259ae4a2e,233,19,0.1050948844884488,0.0256222547584187,300000000,1.0,0.1526402640264026,0.0261713030746705,0.0530746705710102,1,False,0
0,ep_c6c08698565259ae4a2e,234,19,0.1237623762376237,0.025668008784773,300000000,1.0,0.1740924092409241,0.0259882869692532,0.0530746705710102,1,False,0
0,ep_c6c08698565259ae4a2e,235,19,0.1103547854785478,0.026811859443631,300000000,1.0,0.1549092409240924,0.0287792825768667,0.0530746705710102,1,False,0
0,ep_c6c08698565259ae4a2e,236,19,0.1388201320132013,0.027955710102489,300000000,1.0,0.2060643564356435,0.0283217423133235,0.0530746705710102,1,False,0
0,ep_c6c08698565259ae4a2e,237,19,0.1322194719471947,0.0273609077598828,300000000,1.0,0.1606848184818481,0.0275896778916544,0.0530746705710102,1,False,0
0,ep_c6c08698565259ae4a2e,238,19,0.1309818481848184,0.0269033674963396,300000000,1.0,0.1594471947194719,0.0271778916544655,0.0530746705710102,1,False,0
0,ep_c6c08698565259ae4a2e,239,19,0.1206683168316831,0.0264915812591508,300000000,1.0,0.1398514851485148,0.0267203513909224,0.0530746705710102,1,False,0
0,ep_c6c08698565259ae4a2e,240,20,0.1272689768976897,0.0271321376281112,300000000,1.0,0.1439768976897689,0.0273609077598828,0.0530746705710102,1,False,0
0,ep_c6c08698565259ae4a2e,241,20,0.1353135313531353,0.0273151537335285,300000000,1.0,0.1561468646864686,0.0274524158125915,0.0530746705710102,1,False,0
0,ep_c6c08698565259ae4a2e,242,20,0.1307755775577557,0.0271778916544655,300000000,1.0,0.1701732673267326,0.0273151537335285,0.0530746705710102,1,False,0
0,ep_c6c08698565259ae4a2e,243,20,0.132013201320132,0.0271321376281112,300000000,1.0,0.1652227722772277,0.0275439238653001,0.0530746705710102,1,False,0
0,ep_c6c08698565259ae4a2e,244,20,0.1318069306930693,0.0284590043923865,300000000,1.0,0.1745049504950495,0.0300146412884333,0.0530746705710102,1,False,0
0,ep_c6c08698565259ae4a2e,245,20,0.1280940594059406,0.0290538067349926,300000000,1.0,0.1349009900990099,0.0295113469985358,0.0530746705710102,1,False,0
0,ep_c6c08698565259ae4a2e,246,20,0.1316006600660066,0.0290538067349926,300000000,1.0,0.1433580858085808,0.0294198389458272,0.0530746705710102,1,False,0
0,ep_c6c08698565259ae4a2e,247,20,0.1303630363036303,0.0291453147877013,300000000,1.0,0.1571782178217821,0.0294198389458272,0.0530746705710102,1,False,0
0,ep_c6c08698565259ae4a2e,248,20,0.1351072607260726,0.0293740849194729,300000000,1.0,0.1476897689768977,0.0295571010248901,0.0530746705710102,1,False,0
0,ep_c6c08698565259ae4a2e,249,20,0.1274752475247524,0.0291453147877013,300000000,1.0,0.135519801980198,0.0293283308931185,0.0530746705710102,1,False,0
0,ep_c6c08698565259ae4a2e,250,20,0.1297442244224422,0.028825036603221,300000000,1.0,0.1526402640264026,0.0290080527086383,0.0530746705710102,1,False,0
0,ep_c6c08698565259ae4a2e,251,20,0.1291254125412541,0.0285962664714494,300000000,1.0,0.1487211221122112,0.0286877745241581,0.0530746705710102,1,False,0
0,ep_c6c08698565259ae4a2e,252,21,0.128506600660066,0.0289165446559297,300000000,1.0,0.1582095709570957,0.0291453147877013,0.0530746705710102,1,False,0
0,ep_c6c08698565259ae4a2e,253,21,0.1241749174917491,0.0296028550512445,300000000,1.0,0.1736798679867986,0.029968887262079,0.0530746705710102,1,False,0
0,ep_c6c08698565259ae4a2e,254,21,0.1245874587458745,0.0297401171303074,300000000,1.0,0.1448019801980198,0.0300146412884333,0.0530746705710102,1,False,0
0,ep_c6c08698565259ae4a2e,255,21,0.1291254125412541,0.0291453147877013,300000000,1.0,0.1569719471947194,0.0294198389458272,0.0530746705710102,1,False,0
0,ep_c6c08698565259ae4a2e,256,21,0.1264438943894389,0.0293283308931185,300000000,1.0,0.1547029702970297,0.0298316251830161,0.0530746705710102,1,False,0
0,ep_c6c08698565259ae4a2e,257,21,0.1278877887788778,0.0292825768667642,300000000,1.0,0.1433580858085808,0.0295571010248901,0.0530746705710102,1,False,0
0,ep_c6c08698565259ae4a2e,258,21,0.128506600660066,0.0288707906295754,300000000,1.0,0.1538778877887788,0.0290538067349926,0.0530746705710102,1,False,0
0,ep_c6c08698565259ae4a2e,259,21,0.1291254125412541,0.0285962664714494,300000000,1.0,0.1505775577557755,0.0287792825768667,0.0530746705710102,1,False,0
0,ep_c6c08698565259ae4a2e,260,21,0.128506600660066,0.0284132503660322,300000000,1.0,0.1466584158415841,0.0286877745241581,0.0530746705710102,1,False,0
0,ep_c6c08698565259ae4a2e,261,21,0.1346947194719472,0.029099560761347,300000000,1.0,0.1542904290429043,0.0298316251830161,0.0530746705710102,1,False,0
0,ep_c6c08698565259ae4a2e,262,21,0.137582508250825,0.0312042459736456,300000000,1.0,0.1594471947194719,0.0319820644216691,0.0530746705710102,1,False,0
0,ep_c6c08698565259ae4a2e,263,21,0.1388201320132013,0.0312957540263543,300000000,1.0,0.1681105610561056,0.0320278184480234,0.0530746705710102,1,False,0
0,ep_c6c08698565259ae4a2e,264,22,0.1336633663366336,0.0297858711566617,300000000,1.0,0.1648102310231023,0.0299231332357247,0.0530746705710102,1,False,0
0,ep_c6c08698565259ae4a2e,265,22,0.0997318481848184,0.0298773792093704,300000000,1.0,0.1697607260726072,0.0299231332357247,0.0530746705710102,1,False,0
0,ep_c6c08698565259ae4a2e,266,22,0.1004537953795379,0.0293740849194729,300000000,1.0,0.1520214521452145,0.029968887262079,0.0530746705710102,1,False,0
0,ep_c6c08698565259ae4a2e,267,22,0.1334570957095709,0.0270406295754026,300000000,1.0,0.1726485148514851,0.0289165446559297,0.0530746705710102,1,False,0
0,ep_c6c08698565259ae4a2e,268,22,0.1349009900990099,0.0264915812591508,300000000,1.0,0.1584158415841584,0.0265830893118594,0.0530746705710102,1,False,0
0,ep_c6c08698565259ae4a2e,269,22,0.1342821782178218,0.0264458272327964,300000000,1.0,0.172029702970297,0.026674597364568,0.0530746705710102,1,False,0
0,ep_c6c08698565259ae4a2e,270,22,0.1303630363036303,0.0263543191800878,300000000,1.0,0.1518151815181518,0.0267661054172767,0.0530746705710102,1,False,0
0,ep_c6c08698565259ae4a2e,271,22,0.1287128712871287,0.0261255490483162,300000000,1.0,0.1524339933993399,0.0264458272327964,0.0530746705710102,1,False,0
0,ep_c6c08698565259ae4a2e,272,22,0.1406765676567656,0.026674597364568,300000000,1.0,0.1831683168316831,0.0273609077598828,0.0530746705710102,1,False,0
0,ep_c6c08698565259ae4a2e,273,22,0.1431518151815181,0.0276811859443631,300000000,1.0,0.1881188118811881,0.0286877745241581,0.0530746705710102,1,False,0
0,ep_c6c08698565259ae4a2e,274,22,0.1437706270627062,0.0286420204978038,300000000,1.0,0.1971947194719472,0.030106149341142,0.0530746705710102,1,False,0
0,ep_c6c08698565259ae4a2e,275,22,0.1377887788778878,0.0303806734992679,300000000,1.0,0.1897689768976897,0.0308839677891654,0.0530746705710102,1,False,0
0,ep_c6c08698565259ae4a2e,276,23,0.116542904290429,0.0320278184480234,300000000,1.0,0.1745049504950495,0.0328056368960468,0.0530746705710102,1,False,0
0,ep_c6c08698565259ae4a2e,277,23,0.1142739273927392,0.03125,300000000,1.0,0.146039603960396,0.0317532942898975,0.0530746705710102,1,False,0
0,ep_c6c08698565259ae4a2e,278,23,0.1262376237623762,0.0300603953147877,300000000,1.0,0.1478960396039604,0.0305636896046852,0.0530746705710102,1,False,0
0,ep_c6c08698565259ae4a2e,279,23,0.1287128712871287,0.0291453147877013,300000000,1.0,0.1423267326732673,0.0296486090775988,0.0530746705710102,1,False,0
0,ep_c6c08698565259ae4a2e,280,23,0.1289191419141914,0.0281844802342606,300000000,1.0,0.1489273927392739,0.0285505124450951,0.0530746705710102,1,False,0
0,ep_c6c08698565259ae4a2e,281,23,0.1276815181518152,0.0280014641288433,300000000,1.0,0.1864686468646864,0.0285962664714494,0.0530746705710102,1,False,0
0,ep_c6c08698565259ae4a2e,282,23,0.0981848184818481,0.0294655929721815,300000000,1.0,0.1712046204620462,0.0351848462664714,0.0530746705710102,1,False,0
0,ep_c6c08698565259ae4a2e,283,23,0.0930280528052805,0.0344985358711566,300000000,1.0,0.1848184818481848,0.0350933382137628,0.0530746705710102,1,False,0
0,ep_c6c08698565259ae4a2e,284,23,0.1099422442244224,0.0348645680819912,300000000,1.0,0.1990511551155115,0.035550878477306,0.0530746705710102,1,False,0
0,ep_c6c08698565259ae4a2e,285,23,0.1351072607260726,0.0346815519765739,300000000,1.0,0.1780115511551155,0.0353678623718887,0.0530746705710102,1,False,0
0,ep_c6c08698565259ae4a2e,286,23,0.1322194719471947,0.0339952415812591,300000000,1.0,0.1631600660066006,0.0343155197657393,0.0530746705710102,1,False,0
0,ep_c6c08698565259ae4a2e,287,23,0.1202557755775577,0.0341782576866764,300000000,1.0,0.1613036303630363,0.0344985358711566,0.0530746705710102,1,False,0
0,ep_ccfb8a0f25631004759a,215,17,0.0029764851485148,0.0021841828330893,50000000,0.1666666666666666,0.0149546204620462,0.0044152635431918,0.0047131222547584,3,False,0
0,ep_ccfb8a0f25631004759a,216,18,0.0087965129520764,0.0086237570156173,300000000,1.0,0.0547648514851485,0.0119875549048316,0.0310596441861883,5,False,0
0,ep_ccfb8a0f25631004759a,217,18,0.0106681771692794,0.0108504529648609,300000000,1.0,0.0816831683168316,0.0116443997071742,0.0578410200097608,3,False,0
0,ep_ccfb8a0f25631004759a,218,18,0.0019144492574257,0.0069431734992679,300000000,1.0,0.0171720297029703,0.0114728221083455,0.0590226939970717,1,False,0
0,ep_ccfb8a0f25631004759a,219,18,0.0039449257425742,0.006314055636896,300000000,1.0,0.0441419141914191,0.0092308748169838,0.0590226939970717,1,False,0
0,ep_ccfb8a0f25631004759a,220,18,0.2578382838283828,0.0350018301610541,300000000,1.0,0.4141914191419142,0.0445186676427525,0.0590226939970717,1,False,0
0,ep_ccfb8a0f25631004759a,221,18,0.3234323432343234,0.0441793252806246,300000000,1.0,0.4191419141914191,0.0450677159590043,0.0853693875061005,2,False,0
0,ep_ccfb8a0f25631004759a,222,18,0.3543729372937294,0.0561859443631039,300000000,1.0,0.4133663366336633,0.0742130307467057,0.1222547584187408,1,False,0
0,ep_ccfb8a0f25631004759a,223,18,0.3085808580858086,0.0751281112737921,300000000,1.0,0.4207920792079208,0.0761346998535871,0.1222547584187408,1,False,0
0,ep_ccfb8a0f25631004759a,224,18,0.0377475247524752,0.0277269399707174,300000000,1.0,0.2990924092409241,0.0776903367496339,0.1222547584187408,1,False,0
0,ep_ccfb8a0f25631004759a,225,18,0.0795173267326732,0.0191251830161054,300000000,1.0,0.4047029702970297,0.0630490483162518,0.1222547584187408,1,False,0
0,ep_ccfb8a0f25631004759a,226,18,0.0621905940594059,0.0506954612005856,81731723,0.2724390766666666,0.2058580858085808,0.0883967789165446,0.1222547584187408,1,False,0
0,ep_cd6fc3cb9e87f5e3b9c4,0,0,0.1021039603960396,0.1023060029282576,300000000,1.0,0.158003300330033,0.1037701317715959,0.1248169838945827,1,False,0
0,ep_cd6fc3cb9e87f5e3b9c4,1,0,0.091996699669967,0.1019399707174231,300000000,1.0,0.1497524752475247,0.1028550512445095,0.1248169838945827,1,False,0
0,ep_cd6fc3cb9e87f5e3b9c4,2,0,0.1003506600660066,0.1023060029282576,300000000,1.0,0.1458333333333333,0.103221083455344,0.1248169838945827,1,False,0
0,ep_cd6fc3cb9e87f5e3b9c4,3,0,0.1229372937293729,0.1024890190336749,300000000,1.0,0.1868811881188118,0.1035871156661786,0.1248169838945827,1,False,0
0,ep_cd6fc3cb9e87f5e3b9c4,4,0,0.1241749174917491,0.1026720351390922,300000000,1.0,0.198019801980198,0.1035871156661786,0.1248169838945827,1,False,0
0,ep_cd6fc3cb9e87f5e3b9c4,5,0,0.1212871287128712,0.1026720351390922,300000000,1.0,0.1798679867986798,0.1035871156661786,0.1248169838945827,1,False,0
0,ep_cd6fc3cb9e87f5e3b9c4,6,0,0.1225247524752475,0.1024890190336749,300000000,1.0,0.2153465346534653,0.1035871156661786,0.1248169838945827,1,False,0
0,ep_cd6fc3cb9e87f5e3b9c4,7,0,0.1245874587458745,0.1028550512445095,300000000,1.0,0.1829620462046204,0.1037701317715959,0.1248169838945827,1,False,0
0,ep_cd6fc3cb9e87f5e3b9c4,8,0,0.1173679867986798,0.1023060029282576,300000000,1.0,0.161509900990099,0.1035871156661786,0.1248169838945827,1,False,0
0,ep_cd6fc3cb9e87f5e3b9c4,9,0,0.1087046204620462,0.1021229868228404,300000000,1.0,0.1955445544554455,0.1035871156661786,0.1248169838945827,1,False,0
0,ep_cd6fc3cb9e87f5e3b9c4,10,0,0.0899339933993399,0.1010248901903367,300000000,1.0,0.1472772277227722,0.1019399707174231,0.1248169838945827,1,False,0
0,ep_cd6fc3cb9e87f5e3b9c4,11,0,0.0858085808580858,0.1026720351390922,300000000,1.0,0.1386138613861386,0.1037701317715959,0.1248169838945827,1,False,0
0,ep_cd6fc3cb9e87f5e3b9c4,12,1,0.0944719471947194,0.1026720351390922,300000000,1.0,0.1654290429042904,0.1037701317715959,0.1248169838945827,1,False,0
0,ep_cd6fc3cb9e87f5e3b9c4,13,1,0.1076732673267326,0.1026720351390922,300000000,1.0,0.1932755775577557,0.1037701317715959,0.1248169838945827,1,False,0
0,ep_cd6fc3cb9e87f5e3b9c4,14,1,0.1040635313531353,0.1024890190336749,300000000,1.0,0.1821369636963696,0.1037701317715959,0.1248169838945827,1,False,0
0,ep_cd6fc3cb9e87f5e3b9c4,15,1,0.1055074257425742,0.1024890190336749,300000000,1.0,0.1654290429042904,0.1037701317715959,0.1248169838945827,1,False,0
0,ep_cd6fc3cb9e87f5e3b9c4,16,1,0.1097359735973597,0.1017569546120058,300000000,1.0,0.163572607260726,0.1023060029282576,0.1248169838945827,1,False,0
0,ep_cd6fc3cb9e87f5e3b9c4,17,1,0.1082920792079207,0.1030380673499267,300000000,1.0,0.1736798679867986,0.1037701317715959,0.1248169838945827,1,False,0
0,ep_cd6fc3cb9e87f5e3b9c4,18,1,0.1142739273927392,0.1019399707174231,300000000,1.0,0.1881188118811881,0.1037701317715959,0.1248169838945827,1,False,0
0,ep_cd6fc3cb9e87f5e3b9c4,19,1,0.1202557755775577,0.1023060029282576,300000000,1.0,0.1833745874587458,0.103221083455344,0.1248169838945827,1,False,0
0,ep_cd6fc3cb9e87f5e3b9c4,20,1,0.1268564356435643,0.1028550512445095,300000000,1.0,0.2083333333333333,0.1037701317715959,0.1248169838945827,1,False,0
0,ep_cd6fc3cb9e87f5e3b9c4,21,1,0.1283003300330033,0.1028550512445095,300000000,1.0,0.193069306930693,0.1037701317715959,0.1248169838945827,1,False,0
0,ep_cd6fc3cb9e87f5e3b9c4,22,1,0.1254125412541254,0.1021229868228404,300000000,1.0,0.2097772277227722,0.1024890190336749,0.1248169838945827,1,False,0
0,ep_cd6fc3cb9e87f5e3b9c4,23,1,0.116542904290429,0.1023060029282576,300000000,1.0,0.1833745874587458,0.1030380673499267,0.1248169838945827,1,False,0
0,ep_cd6fc3cb9e87f5e3b9c4,24,2,0.1101485148514851,0.1021229868228404,300000000,1.0,0.1786303630363036,0.1028550512445095,0.1248169838945827,1,False,0
0,ep_cd6fc3cb9e87f5e3b9c4,25,2,0.1153052805280528,0.1019399707174231,300000000,1.0,0.168523102310231,0.1030380673499267,0.1248169838945827,1,False,0
0,ep_cd6fc3cb9e87f5e3b9c4,26,2,0.1163366336633663,0.1028550512445095,300000000,1.0,0.1856435643564356,0.1035871156661786,0.1248169838945827,1,False,0
0,ep_cd6fc3cb9e87f5e3b9c4,27,2,0.1004537953795379,0.1019399707174231,300000000,1.0,0.1594471947194719,0.1035871156661786,0.1248169838945827,1,False,0
0,ep_cd6fc3cb9e87f5e3b9c4,28,2,0.1136551155115511,0.1019399707174231,300000000,1.0,0.1633663366336633,0.1030380673499267,0.1248169838945827,1,False,0
0,ep_cd6fc3cb9e87f5e3b9c4,29,2,0.1033415841584158,0.1017569546120058,300000000,1.0,0.1596534653465346,0.1035871156661786,0.1248169838945827,1,False,0
0,ep_cd6fc3cb9e87f5e3b9c4,30,2,0.1064356435643564,0.1021229868228404,300000000,1.0,0.1775990099009901,0.1035871156661786,0.1248169838945827,1,False,0
0,ep_cd6fc3cb9e87f5e3b9c4,31,2,0.0996287128712871,0.1015739385065885,300000000,1.0,0.1693481848184818,0.1024890190336749,0.1248169838945827,1,False,0
0,ep_cd6fc3cb9e87f5e3b9c4,32,2,0.1307755775577557,0.1028550512445095,300000000,1.0,0.1792491749174917,0.1037701317715959,0.1248169838945827,1,False,0
0,ep_cd6fc3cb9e87f5e3b9c4,33,2,0.1132425742574257,0.1021229868228404,300000000,1.0,0.163572607260726,0.1035871156661786,0.1248169838945827,1,False,0
0,ep_cd6fc3cb9e87f5e3b9c4,34,2,0.1011757425742574,0.1026720351390922,300000000,1.0,0.1916254125412541,0.1037701317715959,0.1248169838945827,1,False,0
0,ep_cd6fc3cb9e87f5e3b9c4,35,2,0.1101485148514851,0.1024890190336749,300000000,1.0,0.1658415841584158,0.1035871156661786,0.1248169838945827,1,False,0
0,ep_cd6fc3cb9e87f5e3b9c4,36,3,0.1109735973597359,0.1028550512445095,300000000,1.0,0.1691419141914191,0.1035871156661786,0.1248169838945827,1,False,0
0,ep_cd6fc3cb9e87f5e3b9c4,37,3,0.1053011551155115,0.1023060029282576,300000000,1.0,0.1730610561056105,0.1035871156661786,0.1248169838945827,1,False,0
0,ep_cd6fc3cb9e87f5e3b9c4,38,3,0.1013820132013201,0.1028550512445095,300000000,1.0,0.1941006600660066,0.1039531478770131,0.1248169838945827,1,False,0
0,ep_cd6fc3cb9e87f5e3b9c4,39,3,0.0956064356435643,0.1026720351390922,300000000,1.0,0.1662541254125412,0.1037701317715959,0.1248169838945827,1,False,0
0,ep_cd6fc3cb9e87f5e3b9c4,40,3,0.0914810231023102,0.1017569546120058,300000000,1.0,0.1458333333333333,0.1028550512445095,0.1248169838945827,1,False,0
0,ep_cd6fc3cb9e87f5e3b9c4,41,3,0.1050948844884488,0.1026720351390922,300000000,1.0,0.1996699669966996,0.1037701317715959,0.1248169838945827,1,False,0
0,ep_cd6fc3cb9e87f5e3b9c4,42,3,0.1078795379537953,0.1026720351390922,300000000,1.0,0.1800742574257425,0.1035871156661786,0.1248169838945827,1,False,0
0,ep_cd6fc3cb9e87f5e3b9c4,43,3,0.1070544554455445,0.1024890190336749,300000000,1.0,0.1551155115511551,0.1035871156661786,0.1248169838945827,1,False,0
0,ep_cd6fc3cb9e87f5e3b9c4,44,3,0.0909653465346534,0.1026720351390922,300000000,1.0,0.1629537953795379,0.1037701317715959,0.1248169838945827,1,False,0
0,ep_cd6fc3cb9e87f5e3b9c4,45,3,0.1105610561056105,0.1026720351390922,300000000,1.0,0.1606848184818481,0.1035871156661786,0.1248169838945827,1,False,0
0,ep_cd6fc3cb9e87f5e3b9c4,46,3,0.1035478547854785,0.1019399707174231,300000000,1.0,0.1707920792079208,0.1028550512445095,0.1248169838945827,1,False,0
0,ep_cd6fc3cb9e87f5e3b9c4,47,3,0.1041666666666666,0.1024890190336749,300000000,1.0,0.149546204620462,0.1035871156661786,0.1248169838945827,1,False,0
0,ep_cd6fc3cb9e87f5e3b9c4,48,4,0.106023102310231,0.1023060029282576,300000000,1.0,0.1753300330033003,0.1035871156661786,0.1248169838945827,1,False,0
0,ep_cd6fc3cb9e87f5e3b9c4,49,4,0.1004537953795379,0.1023060029282576,300000000,1.0,0.1788366336633663,0.1034040995607613,0.1248169838945827,1,False,0
0,ep_cd6fc3cb9e87f5e3b9c4,50,4,0.1229372937293729,0.1028550512445095,300000000,1.0,0.2141089108910891,0.1035871156661786,0.1248169838945827,1,False,0
0,ep_cd6fc3cb9e87f5e3b9c4,51,4,0.1026196369636963,0.1026720351390922,300000000,1.0,0.1792491749174917,0.1035871156661786,0.1248169838945827,1,False,0
0,ep_cd6fc3cb9e87f5e3b9c4,52,4,0.0981848184818481,0.1019399707174231,300000000,1.0,0.1408828382838284,0.1034040995607613,0.1248169838945827,1,False,0
0,ep_cd6fc3cb9e87f5e3b9c4,53,4,0.1338696369636963,0.1030380673499267,300000000,1.0,0.193069306930693,0.1037701317715959,0.1248169838945827,1,False,0
0,ep_cd6fc3cb9e87f5e3b9c4,54,4,0.1268564356435643,0.1026720351390922,300000000,1.0,0.2161716171617161,0.1037701317715959,0.1248169838945827,1,False,0
0,ep_cd6fc3cb9e87f5e3b9c4,55,4,0.1239686468646864,0.1028550512445095,300000000,1.0,0.2108085808580858,0.1037701317715959,0.1248169838945827,1,False,0
0,ep_cd6fc3cb9e87f5e3b9c4,56,4,0.1353135313531353,0.1026720351390922,300000000,1.0,0.1963696369636963,0.1037701317715959,0.1248169838945827,1,False,0
0,ep_cd6fc3cb9e87f5e3b9c4,57,4,0.1256188118811881,0.1028550512445095,300000000,1.0,0.1982260726072607,0.1037701317715959,0.1248169838945827,1,False,0
0,ep_cd6fc3cb9e87f5e3b9c4,58,4,0.1328382838283828,0.1026720351390922,300000000,1.0,0.2054455445544554,0.1035871156661786,0.1248169838945827,1,False,0
0,ep_cd6fc3cb9e87f5e3b9c4,59,4,0.1311881188118812,0.1026720351390922,300000000,1.0,0.1893564356435643,0.1037701317715959,0.1248169838945827,1,False,0
0,ep_cd6fc3cb9e87f5e3b9c4,60,5,0.1322194719471947,0.1024890190336749,300000000,1.0,0.2013201320132013,0.1037701317715959,0.1248169838945827,1,False,0
0,ep_cd6fc3cb9e87f5e3b9c4,61,5,0.130569306930693,0.1024890190336749,300000000,1.0,0.1951320132013201,0.1037701317715959,0.1248169838945827,1,False,0
0,ep_cd6fc3cb9e87f5e3b9c4,62,5,0.1161303630363036,0.1028550512445095,300000000,1.0,0.1959570957095709,0.1037701317715959,0.1248169838945827,1,False,0
0,ep_cd6fc3cb9e87f5e3b9c4,63,5,0.1192244224422442,0.1026720351390922,300000000,1.0,0.1674917491749175,0.1037701317715959,0.1248169838945827,1,False,0
0,ep_cd6fc3cb9e87f5e3b9c4,64,5,0.1309818481848184,0.1026720351390922,300000000,1.0,0.1976072607260726,0.1037701317715959,0.1248169838945827,1,False,0
0,ep_cd6fc3cb9e87f5e3b9c4,65,5,0.1287128712871287,0.1026720351390922,300000000,1.0,0.1745049504950495,0.1035871156661786,0.1248169838945827,1,False,0
0,ep_cd6fc3cb9e87f5e3b9c4,66,5,0.1349009900990099,0.1026720351390922,300000000,1.0,0.2029702970297029,0.1035871156661786,0.1248169838945827,1,False,0
0,ep_cd6fc3cb9e87f5e3b9c4,67,5,0.1239686468646864,0.1026720351390922,300000000,1.0,0.2070957095709571,0.1035871156661786,0.1248169838945827,1,False,0
0,ep_cd6fc3cb9e87f5e3b9c4,68,5,0.1289191419141914,0.1026720351390922,300000000,1.0,0.186056105610561,0.1035871156661786,0.1248169838945827,1,False,0
0,ep_cd6fc3cb9e87f5e3b9c4,69,5,0.130569306930693,0.1024890190336749,300000000,1.0,0.1864686468646864,0.1037701317715959,0.1248169838945827,1,False,0
0,ep_cd6fc3cb9e87f5e3b9c4,70,5,0.14253300330033,0.1024890190336749,300000000,1.0,0.2211221122112211,0.1037701317715959,0.1248169838945827,1,False,0
0,ep_cd6fc3cb9e87f5e3b9c4,71,5,0.0968440594059406,0.1015739385065885,300000000,1.0,0.1883250825082508,0.1024890190336749,0.1248169838945827,1,False,0
0,ep_cd6fc3cb9e87f5e3b9c4,72,6,0.1136551155115511,0.1024890190336749,300000000,1.0,0.1573844884488449,0.1037701317715959,0.1248169838945827,1,False,0
0,ep_cd6fc3cb9e87f5e3b9c4,73,6,0.1109735973597359,0.1024890190336749,300000000,1.0,0.1821369636963696,0.1035871156661786,0.1248169838945827,1,False,0
0,ep_cd6fc3cb9e87f5e3b9c4,74,6,0.1175742574257425,0.1028550512445095,300000000,1.0,0.1852310231023102,0.1037701317715959,0.1248169838945827,1,False,0
0,ep_cd6fc3cb9e87f5e3b9c4,75,6,0.1227310231023102,0.1026720351390922,300000000,1.0,0.1813118811881188,0.1037701317715959,0.1248169838945827,1,False,0
0,ep_cd6fc3cb9e87f5e3b9c4,76,6,0.1103547854785478,0.1024890190336749,300000000,1.0,0.1726485148514851,0.1035871156661786,0.1248169838945827,1,False,0
0,ep_cd6fc3cb9e87f5e3b9c4,77,6,0.1117986798679868,0.1023060029282576,300000000,1.0,0.1643976897689769,0.1037701317715959,0.1248169838945827,1,False,0
0,ep_cd6fc3cb9e87f5e3b9c4,78,6,0.1132425742574257,0.1026720351390922,300000000,1.0,0.2048267326732673,0.1037701317715959,0.1248169838945827,1,False,0
0,ep_cd6fc3cb9e87f5e3b9c4,79,6,0.1159240924092409,0.1026720351390922,300000000,1.0,0.1792491749174917,0.1037701317715959,0.1248169838945827,1,False,0
0,ep_cd6fc3cb9e87f5e3b9c4,80,6,0.1072607260726072,0.1024890190336749,300000000,1.0,0.1827557755775577,0.1037701317715959,0.1248169838945827,1,False,0
0,ep_cd6fc3cb9e87f5e3b9c4,81,6,0.1167491749174917,0.1026720351390922,300000000,1.0,0.1903877887788778,0.1037701317715959,0.1248169838945827,1,False,0
0,ep_cd6fc3cb9e87f5e3b9c4,82,6,0.1177805280528052,0.1024890190336749,300000000,1.0,0.1959570957095709,0.1037701317715959,0.1248169838945827,1,False,0
0,ep_cd6fc3cb9e87f5e3b9c4,83,6,0.1225247524752475,0.1024890190336749,300000000,1.0,0.2198844884488449,0.1035871156661786,0.1248169838945827,1,False,0
0,ep_cd6fc3cb9e87f5e3b9c4,84,7,0.1082920792079207,0.1023060029282576,300000000,1.0,0.1629537953795379,0.1035871156661786,0.1248169838945827,1,False,0
0,ep_cd6fc3cb9e87f5e3b9c4,85,7,0.1099422442244224,0.1026720351390922,300000000,1.0,0.1747112211221122,0.1035871156661786,0.1248169838945827,1,False,0
0,ep_cd6fc3cb9e87f5e3b9c4,86,7,0.100763201320132,0.1023060029282576,300000000,1.0,0.1443894389438944,0.1035871156661786,0.1248169838945827,1,False,0
0,ep_cd6fc3cb9e87f5e3b9c4,87,7,0.1202557755775577,0.1024890190336749,300000000,1.0,0.2438118811881188,0.1034040995607613,0.1248169838945827,1,False,0
0,ep_cd6fc3cb9e87f5e3b9c4,88,7,0.1353135313531353,0.1026720351390922,300000000,1.0,0.2169966996699669,0.1035871156661786,0.1248169838945827,1,False,0
0,ep_cd6fc3cb9e87f5e3b9c4,89,7,0.1221122112211221,0.1028550512445095,300000000,1.0,0.2064768976897689,0.1035871156661786,0.1248169838945827,1,False,0
0,ep_cd6fc3cb9e87f5e3b9c4,90,7,0.1216996699669967,0.1026720351390922,300000000,1.0,0.2149339933993399,0.1035871156661786,0.1248169838945827,1,False,0
0,ep_cd6fc3cb9e87f5e3b9c4,91,7,0.1157178217821782,0.1028550512445095,300000000,1.0,0.1691419141914191,0.1035871156661786,0.1248169838945827,1,False,0
0,ep_cd6fc3cb9e87f5e3b9c4,92,7,0.0971534653465346,0.0995607613469985,300000000,1.0,0.2396864686468647,0.1039531478770131,0.1248169838945827,1,False,0
0,ep_cd6fc3cb9e87f5e3b9c4,93,7,0.1018976897689769,0.0846449487554904,300000000,1.0,0.1854372937293729,0.0923316251830161,0.1248169838945827,1,False,0
0,ep_cd6fc3cb9e87f5e3b9c4,94,7,0.121493399339934,0.0986456808199121,300000000,1.0,0.1868811881188118,0.1024890190336749,0.1248169838945827,1,False,0
0,ep_cd6fc3cb9e87f5e3b9c4,95,7,0.1219059405940594,0.1019399707174231,300000000,1.0,0.1714108910891089,0.1026720351390922,0.1248169838945827,1,False,0
0,ep_cd6fc3cb9e87f5e3b9c4,96,8,0.1221122112211221,0.1023060029282576,300000000,1.0,0.1757425742574257,0.103221083455344,0.1248169838945827,1,False,0
0,ep_cd6fc3cb9e87f5e3b9c4,97,8,0.1239686468646864,0.1023060029282576,300000000,1.0,0.1953382838283828,0.103221083455344,0.1248169838945827,1,False,0
0,ep_cd6fc3cb9e87f5e3b9c4,98,8,0.1198432343234323,0.1024890190336749,300000000,1.0,0.1736798679867986,0.1035871156661786,0.1248169838945827,1,False,0
0,ep_cd6fc3cb9e87f5e3b9c4,99,8,0.1227310231023102,0.1026720351390922,300000000,1.0,0.200082508250825,0.1035871156661786,0.1248169838945827,1,False,0
0,ep_cd6fc3cb9e87f5e3b9c4,100,8,0.1283003300330033,0.1026720351390922,300000000,1.0,0.1967821782178218,0.1035871156661786,0.1248169838945827,1,False,0
0,ep_cd6fc3cb9e87f5e3b9c4,101,8,0.1208745874587458,0.1024890190336749,300000000,1.0,0.1831683168316831,0.1035871156661786,0.1248169838945827,1,False,0
0,ep_cd6fc3cb9e87f5e3b9c4,102,8,0.1148927392739273,0.1024890190336749,300000000,1.0,0.2048267326732673,0.1035871156661786,0.1248169838945827,1,False,0
0,ep_cd6fc3cb9e87f5e3b9c4,103,8,0.1245874587458745,0.1026720351390922,300000000,1.0,0.1695544554455445,0.1035871156661786,0.1248169838945827,1,False,0
0,ep_cd6fc3cb9e87f5e3b9c4,104,8,0.1198432343234323,0.1026720351390922,300000000,1.0,0.1932755775577557,0.1035871156661786,0.1248169838945827,1,False,0
0,ep_cd6fc3cb9e87f5e3b9c4,105,8,0.1212871287128712,0.1024890190336749,300000000,1.0,0.203589108910891,0.1035871156661786,0.1248169838945827,1,False,0
0,ep_cd6fc3cb9e87f5e3b9c4,106,8,0.1219059405940594,0.1026720351390922,300000000,1.0,0.1938943894389438,0.1035871156661786,0.1248169838945827,1,False,0
0,ep_cd6fc3cb9e87f5e3b9c4,107,8,0.1287128712871287,0.1026720351390922,300000000,1.0,0.1775990099009901,0.1035871156661786,0.1248169838945827,1,False,0
0,ep_cd6fc3cb9e87f5e3b9c4,108,9,0.1148927392739273,0.1024890190336749,300000000,1.0,0.1716171617161716,0.1035871156661786,0.1248169838945827,1,False,0
0,ep_cd6fc3cb9e87f5e3b9c4,109,9,0.0980816831683168,0.1021229868228404,300000000,1.0,0.1908003300330033,0.103221083455344,0.1248169838945827,1,False,0
0,ep_cd6fc3cb9e87f5e3b9c4,110,9,0.0961221122112211,0.1024890190336749,300000000,1.0,0.1844059405940594,0.1035871156661786,0.1248169838945827,1,False,0
0,ep_cd6fc3cb9e87f5e3b9c4,111,9,0.0927186468646864,0.1019399707174231,300000000,1.0,0.1509900990099009,0.1023060029282576,0.1248169838945827,1,False,0
0,ep_cd6fc3cb9e87f5e3b9c4,112,9,0.0909653465346534,0.1019399707174231,300000000,1.0,0.1452145214521452,0.103221083455344,0.1248169838945827,1,False,0
0,ep_cd6fc3cb9e87f5e3b9c4,113,9,0.0971534653465346,0.1030380673499267,300000000,1.0,0.1633663366336633,0.1035871156661786,0.1248169838945827,1,False,0
0,ep_cd6fc3cb9e87f5e3b9c4,114,9,0.0891089108910891,0.1023060029282576,300000000,1.0,0.1318069306930693,0.1034040995607613,0.1248169838945827,1,False,0
0,ep_cd6fc3cb9e87f5e3b9c4,115,9,0.0878712871287128,0.1021229868228404,300000000,1.0,0.1361386138613861,0.1034040995607613,0.1248169838945827,1,False,0
0,ep_cd6fc3cb9e87f5e3b9c4,116,9,0.0994224422442244,0.1026720351390922,300000000,1.0,0.1695544554455445,0.1035871156661786,0.1248169838945827,1,False,0
0,ep_cd6fc3cb9e87f5e3b9c4,117,9,0.0960189768976897,0.1021229868228404,300000000,1.0,0.1846122112211221,0.1026720351390922,0.1248169838945827,1,False,0
0,ep_cd6fc3cb9e87f5e3b9c4,118,9,0.1008663366336633,0.1028550512445095,300000000,1.0,0.1464521452145214,0.1035871156661786,0.1248169838945827,1,False,0
0,ep_cd6fc3cb9e87f5e3b9c4,119,9,0.0943688118811881,0.1023060029282576,300000000,1.0,0.1511963696369637,0.1037701317715959,0.1248169838945827,1,False,0
0,ep_cd6fc3cb9e87f5e3b9c4,120,10,0.0985973597359736,0.1026720351390922,300000000,1.0,0.1901815181518152,0.1035871156661786,0.1248169838945827,1,False,0
0,ep_cd6fc3cb9e87f5e3b9c4,121,10,0.0854991749174917,0.1019399707174231,300000000,1.0,0.1394389438943894,0.1030380673499267,0.1248169838945827,1,False,0
0,ep_cd6fc3cb9e87f5e3b9c4,122,10,0.1064356435643564,0.1026720351390922,300000000,1.0,0.1501650165016501,0.1037701317715959,0.1248169838945827,1,False,0
0,ep_cd6fc3cb9e87f5e3b9c4,123,10,0.1056105610561056,0.1021229868228404,300000000,1.0,0.1563531353135313,0.1028550512445095,0.1248169838945827,1,False,0
0,ep_cd6fc3cb9e87f5e3b9c4,124,10,0.104579207920792,0.1024890190336749,300000000,1.0,0.1788366336633663,0.1035871156661786,0.1248169838945827,1,False,0
0,ep_cd6fc3cb9e87f5e3b9c4,125,10,0.1072607260726072,0.1026720351390922,300000000,1.0,0.1619224422442244,0.1035871156661786,0.1248169838945827,1,False,0
0,ep_cd6fc3cb9e87f5e3b9c4,126,10,0.1087046204620462,0.1028550512445095,300000000,1.0,0.1757425742574257,0.1035871156661786,0.1248169838945827,1,False,0
0,ep_cd6fc3cb9e87f5e3b9c4,127,10,0.1004537953795379,0.1024890190336749,300000000,1.0,0.1592409240924092,0.1034040995607613,0.1248169838945827,1,False,0
0,ep_cd6fc3cb9e87f5e3b9c4,128,10,0.0966377887788778,0.1026720351390922,300000000,1.0,0.1419141914191419,0.1035871156661786,0.1248169838945827,1,False,0
0,ep_cd6fc3cb9e87f5e3b9c4,129,10,0.099009900990099,0.1017569546120058,300000000,1.0,0.1433580858085808,0.1023060029282576,0.1248169838945827,1,False,0
0,ep_cd6fc3cb9e87f5e3b9c4,130,10,0.1219059405940594,0.1024890190336749,300000000,1.0,0.1672854785478547,0.1035871156661786,0.1248169838945827,1,False,0
0,ep_cd6fc3cb9e87f5e3b9c4,131,10,0.0920998349834983,0.1019399707174231,300000000,1.0,0.1487211221122112,0.1034040995607613,0.1248169838945827,1,False,0
0,ep_cd6fc3cb9e87f5e3b9c4,132,11,0.0936468646864686,0.1026720351390922,300000000,1.0,0.1289191419141914,0.1034040995607613,0.1248169838945827,1,False,0
0,ep_cd6fc3cb9e87f5e3b9c4,133,11,0.0978754125412541,0.1028550512445095,300000000,1.0,0.1431518151815181,0.1035871156661786,0.1248169838945827,1,False,0
0,ep_cd6fc3cb9e87f5e3b9c4,134,11,0.099319306930693,0.1024890190336749,300000000,1.0,0.1542904290429043,0.1037701317715959,0.1248169838945827,1,False,0
0,ep_cd6fc3cb9e87f5e3b9c4,135,11,0.0960189768976897,0.1023060029282576,300000000,1.0,0.1367574257425742,0.1034040995607613,0.1248169838945827,1,False,0
0,ep_cd6fc3cb9e87f5e3b9c4,136,11,0.0779702970297029,0.1017569546120058,300000000,1.0,0.1452145214521452,0.1026720351390922,0.1248169838945827,1,False,0
0,ep_cd6fc3cb9e87f5e3b9c4,137,11,0.0918935643564356,0.1021229868228404,300000000,1.0,0.1406765676567656,0.1034040995607613,0.1248169838945827,1,False,0
0,ep_cd6fc3cb9e87f5e3b9c4,138,11,0.0745668316831683,0.1017569546120058,300000000,1.0,0.137582508250825,0.1023060029282576,0.1248169838945827,1,False,0
0,ep_cd6fc3cb9e87f5e3b9c4,139,11,0.1008663366336633,0.1024890190336749,300000000,1.0,0.1584158415841584,0.103221083455344,0.1248169838945827,1,False,0
0,ep_cd6fc3cb9e87f5e3b9c4,140,11,0.108085808580858,0.1028550512445095,300000000,1.0,0.1643976897689769,0.1035871156661786,0.1248169838945827,1,False,0
0,ep_cd6fc3cb9e87f5e3b9c4,141,11,0.104269801980198,0.1019399707174231,300000000,1.0,0.1458333333333333,0.1035871156661786,0.1248169838945827,1,False,0
0,ep_cd6fc3cb9e87f5e3b9c4,142,11,0.1058168316831683,0.1021229868228404,300000000,1.0,0.1538778877887788,0.1034040995607613,0.1248169838945827,1,False,0
0,ep_cd6fc3cb9e87f5e3b9c4,143,11,0.1056105610561056,0.1024890190336749,300000000,1.0,0.1573844884488449,0.1034040995607613,0.1248169838945827,1,False,0
0,ep_cd6fc3cb9e87f5e3b9c4,144,12,0.1109735973597359,0.1028550512445095,300000000,1.0,0.1687293729372937,0.1035871156661786,0.1248169838945827,1,False,0
0,ep_cd6fc3cb9e87f5e3b9c4,145,12,0.1066419141914191,0.1023060029282576,300000000,1.0,0.1866749174917491,0.1035871156661786,0.1248169838945827,1,False,0
0,ep_cd6fc3cb9e87f5e3b9c4,146,12,0.0898308580858085,0.1026720351390922,300000000,1.0,0.1619224422442244,0.1035871156661786,0.1248169838945827,1,False,0
0,ep_cd6fc3cb9e87f5e3b9c4,147,12,0.109529702970297,0.1023060029282576,300000000,1.0,0.1883250825082508,0.1035871156661786,0.1248169838945827,1,False,0
0,ep_cd6fc3cb9e87f5e3b9c4,148,12,0.1033415841584158,0.1019399707174231,300000000,1.0,0.1753300330033003,0.1034040995607613,0.1248169838945827,1,False,0
0,ep_cd6fc3cb9e87f5e3b9c4,149,12,0.0734323432343234,0.1019399707174231,300000000,1.0,0.1462458745874587,0.1026720351390922,0.1248169838945827,1,False,0
0,ep_cd6fc3cb9e87f5e3b9c4,150,12,0.113036303630363,0.1028550512445095,300000000,1.0,0.172029702970297,0.1035871156661786,0.1248169838945827,1,False,0
0,ep_cd6fc3cb9e87f5e3b9c4,151,12,0.1021039603960396,0.0955344070278184,300000000,1.0,0.1862623762376237,0.1035871156661786,0.1248169838945827,1,False,0
0,ep_cd6fc3cb9e87f5e3b9c4,152,12,0.1014851485148514,0.1001098096632503,300000000,1.0,0.1532590759075907,0.1035871156661786,0.1248169838945827,1,False,0
0,ep_cd6fc3cb9e87f5e3b9c4,153,12,0.0987004950495049,0.1013909224011713,300000000,1.0,0.1468646864686468,0.1035871156661786,0.1248169838945827,1,False,0
0,ep_cd6fc3cb9e87f5e3b9c4,154,12,0.1036509900990099,0.1021229868228404,300000000,1.0,0.1553217821782178,0.1035871156661786,0.1248169838945827,1,False,0
0,ep_cd6fc3cb9e87f5e3b9c4,155,12,0.0973597359735973,0.1017569546120058,300000000,1.0,0.1563531353135313,0.1035871156661786,0.1248169838945827,1,False,0
0,ep_cd6fc3cb9e87f5e3b9c4,156,13,0.0916872937293729,0.1023060029282576,300000000,1.0,0.161509900990099,0.1035871156661786,0.1248169838945827,1,False,0
0,ep_cd6fc3cb9e87f5e3b9c4,157,13,0.0725041254125412,0.1023060029282576,300000000,1.0,0.1516089108910891,0.1030380673499267,0.1248169838945827,1,False,0
0,ep_cd6fc3cb9e87f5e3b9c4,158,13,0.1138613861386138,0.1015739385065885,300000000,1.0,0.1742986798679868,0.1037701317715959,0.1248169838945827,1,False,0
0,ep_cd6fc3cb9e87f5e3b9c4,159,13,0.1082920792079207,0.1008418740849194,300000000,1.0,0.1406765676567656,0.1023060029282576,0.1248169838945827,1,False,0
0,ep_cd6fc3cb9e87f5e3b9c4,160,13,0.1177805280528052,0.1021229868228404,300000000,1.0,0.1761551155115511,0.1037701317715959,0.1248169838945827,1,False,0
0,ep_cd6fc3cb9e87f5e3b9c4,161,13,0.1117986798679868,0.0980966325036603,300000000,1.0,0.1775990099009901,0.1035871156661786,0.1248169838945827,1,False,0
0,ep_cd6fc3cb9e87f5e3b9c4,162,13,0.1001443894389439,0.094619326500732,300000000,1.0,0.1703795379537953,0.1026720351390922,0.1248169838945827,1,False,0
0,ep_cd6fc3cb9e87f5e3b9c4,163,13,0.1111798679867986,0.1001098096632503,300000000,1.0,0.1808993399339934,0.103221083455344,0.1248169838945827,1,False,0
0,ep_cd6fc3cb9e87f5e3b9c4,164,13,0.1003506600660066,0.1004758418740849,300000000,1.0,0.1544966996699669,0.1030380673499267,0.1248169838945827,1,False,0
0,ep_cd6fc3cb9e87f5e3b9c4,165,13,0.0962252475247524,0.1017569546120058,300000000,1.0,0.1369636963696369,0.1035871156661786,0.1248169838945827,1,False,0
0,ep_cd6fc3cb9e87f5e3b9c4,166,13,0.1171617161716171,0.1019399707174231,300000000,1.0,0.1732673267326732,0.1037701317715959,0.1248169838945827,1,False,0
0,ep_cd6fc3cb9e87f5e3b9c4,167,13,0.1120049504950495,0.1019399707174231,300000000,1.0,0.1658415841584158,0.1035871156661786,0.1248169838945827,1,False,0
0,ep_cd6fc3cb9e87f5e3b9c4,168,14,0.1126237623762376,0.1023060029282576,300000000,1.0,0.163572607260726,0.1035871156661786,0.1248169838945827,1,False,0
0,ep_cd6fc3cb9e87f5e3b9c4,169,14,0.1099422442244224,0.1015739385065885,300000000,1.0,0.1732673267326732,0.1037701317715959,0.1248169838945827,1,False,0
0,ep_cd6fc3cb9e87f5e3b9c4,170,14,0.1171617161716171,0.1021229868228404,300000000,1.0,0.1646039603960396,0.1037701317715959,0.1248169838945827,1,False,0
0,ep_cd6fc3cb9e87f5e3b9c4,171,14,0.1155115511551155,0.1019399707174231,300000000,1.0,0.180486798679868,0.1037701317715959,0.1248169838945827,1,False,0
0,ep_cd6fc3cb9e87f5e3b9c4,172,14,0.1272689768976897,0.1019399707174231,300000000,1.0,0.1749174917491749,0.1037701317715959,0.1248169838945827,1,False,0
0,ep_cd6fc3cb9e87f5e3b9c4,173,14,0.127062706270627,0.1017569546120058,300000000,1.0,0.1899752475247524,0.1037701317715959,0.1248169838945827,1,False,0
0,ep_cd6fc3cb9e87f5e3b9c4,174,14,0.1237623762376237,0.1008418740849194,300000000,1.0,0.1868811881188118,0.1037701317715959,0.1248169838945827,1,False,0
0,ep_cd6fc3cb9e87f5e3b9c4,175,14,0.1188118811881188,0.1008418740849194,300000000,1.0,0.168523102310231,0.1035871156661786,0.1248169838945827,1,False,0
0,ep_cd6fc3cb9e87f5e3b9c4,176,14,0.120049504950495,0.1017569546120058,300000000,1.0,0.179042904290429,0.1035871156661786,0.1248169838945827,1,False,0
0,ep_cd6fc3cb9e87f5e3b9c4,177,14,0.1210808580858085,0.101207906295754,300000000,1.0,0.1914191419141914,0.1037701317715959,0.1248169838945827,1,False,0
0,ep_cd6fc3cb9e87f5e3b9c4,178,14,0.1109735973597359,0.1015739385065885,300000000,1.0,0.1835808580858085,0.1037701317715959,0.1248169838945827,1,False,0
0,ep_cd6fc3cb9e87f5e3b9c4,179,14,0.1072607260726072,0.1019399707174231,300000000,1.0,0.1914191419141914,0.1035871156661786,0.1248169838945827,1,False,0
0,ep_cd6fc3cb9e87f5e3b9c4,180,15,0.09756600660066,0.1019399707174231,300000000,1.0,0.156559405940594,0.1035871156661786,0.1248169838945827,1,False,0
0,ep_cd6fc3cb9e87f5e3b9c4,181,15,0.106023102310231,0.1019399707174231,300000000,1.0,0.1662541254125412,0.1035871156661786,0.1248169838945827,1,False,0
0,ep_cd6fc3cb9e87f5e3b9c4,182,15,0.1047854785478547,0.1017569546120058,300000000,1.0,0.1571782178217821,0.1037701317715959,0.1248169838945827,1,False,0
0,ep_cd6fc3cb9e87f5e3b9c4,183,15,0.0987004950495049,0.1006588579795021,300000000,1.0,0.16006600660066,0.1035871156661786,0.1248169838945827,1,False,0
0,ep_cd6fc3cb9e87f5e3b9c4,184,15,0.1041666666666666,0.1013909224011713,300000000,1.0,0.1604785478547855,0.1035871156661786,0.1248169838945827,1,False,0
0,ep_cd6fc3cb9e87f5e3b9c4,185,15,0.109529702970297,0.1021229868228404,300000000,1.0,0.1887376237623762,0.1035871156661786,0.1248169838945827,1,False,0
0,ep_cd6fc3cb9e87f5e3b9c4,186,15,0.106023102310231,0.1008418740849194,300000000,1.0,0.1988448844884488,0.1034040995607613,0.1248169838945827,1,False,0
0,ep_cd6fc3cb9e87f5e3b9c4,187,15,0.1204620462046204,0.1021229868228404,300000000,1.0,0.1759488448844884,0.1037701317715959,0.1248169838945827,1,False,0
0,ep_cd6fc3cb9e87f5e3b9c4,188,15,0.0996287128712871,0.1006588579795021,300000000,1.0,0.1474834983498349,0.1037701317715959,0.1248169838945827,1,False,0
0,ep_cd6fc3cb9e87f5e3b9c4,189,15,0.106023102310231,0.1013909224011713,300000000,1.0,0.1633663366336633,0.1037701317715959,0.1248169838945827,1,False,0
0,ep_cd6fc3cb9e87f5e3b9c4,190,15,0.0943688118811881,0.1001098096632503,300000000,1.0,0.1511963696369637,0.1035871156661786,0.1248169838945827,1,False,0
0,ep_cd6fc3cb9e87f5e3b9c4,191,15,0.0960189768976897,0.1013909224011713,300000000,1.0,0.1596534653465346,0.1035871156661786,0.1248169838945827,1,False,0
0,ep_cd6fc3cb9e87f5e3b9c4,192,16,0.1026196369636963,0.1019399707174231,300000000,1.0,0.1476897689768977,0.1035871156661786,0.1248169838945827,1,False,0
0,ep_cd6fc3cb9e87f5e3b9c4,193,16,0.0934405940594059,0.1013909224011713,300000000,1.0,0.1551155115511551,0.1035871156661786,0.1248169838945827,1,False,0
0,ep_cd6fc3cb9e87f5e3b9c4,194,16,0.1020008250825082,0.1017569546120058,300000000,1.0,0.1751237623762376,0.1037701317715959,0.1248169838945827,1,False,0
0,ep_cd6fc3cb9e87f5e3b9c4,195,16,0.1009694719471947,0.101207906295754,300000000,1.0,0.1813118811881188,0.1035871156661786,0.1248169838945827,1,False,0
0,ep_cd6fc3cb9e87f5e3b9c4,196,16,0.1053011551155115,0.1019399707174231,300000000,1.0,0.1893564356435643,0.1035871156661786,0.1248169838945827,1,False,0
0,ep_cd6fc3cb9e87f5e3b9c4,197,16,0.0981848184818481,0.1021229868228404,300000000,1.0,0.1478960396039604,0.1035871156661786,0.1248169838945827,1,False,0
0,ep_cd6fc3cb9e87f5e3b9c4,198,16,0.1015882838283828,0.1019399707174231,300000000,1.0,0.1666666666666666,0.1035871156661786,0.1248169838945827,1,False,0
0,ep_cd6fc3cb9e87f5e3b9c4,199,16,0.1144801980198019,0.1021229868228404,300000000,1.0,0.2089521452145214,0.1039531478770131,0.1248169838945827,1,False,0
0,ep_cd6fc3cb9e87f5e3b9c4,200,16,0.0950907590759076,0.1013909224011713,300000000,1.0,0.1419141914191419,0.1035871156661786,0.1248169838945827,1,False,0
0,ep_cd6fc3cb9e87f5e3b9c4,201,16,0.1014851485148514,0.1021229868228404,300000000,1.0,0.1726485148514851,0.1035871156661786,0.1248169838945827,1,False,0
0,ep_cd6fc3cb9e87f5e3b9c4,202,16,0.1018976897689769,0.1019399707174231,300000000,1.0,0.1670792079207921,0.1035871156661786,0.1248169838945827,1,False,0
0,ep_cd6fc3cb9e87f5e3b9c4,203,16,0.0998349834983498,0.1021229868228404,300000000,1.0,0.1547029702970297,0.1035871156661786,0.1248169838945827,1,False,0
0,ep_cd6fc3cb9e87f5e3b9c4,204,17,0.109529702970297,0.1015739385065885,300000000,1.0,0.196575907590759,0.1037701317715959,0.1248169838945827,1,False,0
0,ep_cd6fc3cb9e87f5e3b9c4,205,17,0.0949876237623762,0.1006588579795021,300000000,1.0,0.1745049504950495,0.1039531478770131,0.1248169838945827,1,False,0
0,ep_cd6fc3cb9e87f5e3b9c4,206,17,0.0950907590759076,0.1021229868228404,300000000,1.0,0.1800742574257425,0.1035871156661786,0.1248169838945827,1,False,0
0,ep_cd6fc3cb9e87f5e3b9c4,207,17,0.0944719471947194,0.1008418740849194,300000000,1.0,0.1522277227722772,0.1037701317715959,0.1248169838945827,1,False,0
0,ep_cd6fc3cb9e87f5e3b9c4,208,17,0.0931311881188118,0.1017569546120058,300000000,1.0,0.153052805280528,0.1035871156661786,0.1248169838945827,1,False,0
0,ep_cd6fc3cb9e87f5e3b9c4,209,17,0.0845709570957095,0.1006588579795021,300000000,1.0,0.149546204620462,0.1023060029282576,0.1248169838945827,1,False,0
0,ep_cd6fc3cb9e87f5e3b9c4,210,17,0.108085808580858,0.1017569546120058,300000000,1.0,0.1439768976897689,0.1035871156661786,0.1248169838945827,1,False,0
0,ep_cd6fc3cb9e87f5e3b9c4,211,17,0.0976691419141914,0.1023060029282576,300000000,1.0,0.1505775577557755,0.1037701317715959,0.1248169838945827,1,False,0
0,ep_cd6fc3cb9e87f5e3b9c4,212,17,0.0918935643564356,0.1017569546120058,300000000,1.0,0.1646039603960396,0.1037701317715959,0.1248169838945827,1,False,0
0,ep_cd6fc3cb9e87f5e3b9c4,213,17,0.0646658415841584,0.1017569546120058,300000000,1.0,0.1709983498349835,0.1034040995607613,0.1248169838945827,1,False,0
0,ep_cd6fc3cb9e87f5e3b9c4,214,17,0.1044760726072607,0.1006588579795021,300000000,1.0,0.1808993399339934,0.1037701317715959,0.1248169838945827,1,False,0
0,ep_cd6fc3cb9e87f5e3b9c4,215,17,0.1070544554455445,0.1017569546120058,300000000,1.0,0.1538778877887788,0.1035871156661786,0.1248169838945827,1,False,0
0,ep_cd6fc3cb9e87f5e3b9c4,216,18,0.1161303630363036,0.1024890190336749,300000000,1.0,0.168523102310231,0.1037701317715959,0.1248169838945827,1,False,0
0,ep_cd6fc3cb9e87f5e3b9c4,217,18,0.1097359735973597,0.1023060029282576,300000000,1.0,0.1672854785478547,0.1037701317715959,0.1248169838945827,1,False,0
0,ep_cd6fc3cb9e87f5e3b9c4,218,18,0.1161303630363036,0.1026720351390922,300000000,1.0,0.1899752475247524,0.1037701317715959,0.1248169838945827,1,False,0
0,ep_cd6fc3cb9e87f5e3b9c4,219,18,0.1084983498349834,0.1024890190336749,300000000,1.0,0.172029702970297,0.1035871156661786,0.1248169838945827,1,False,0
0,ep_cd6fc3cb9e87f5e3b9c4,220,18,0.1072607260726072,0.101207906295754,300000000,1.0,0.182549504950495,0.1034040995607613,0.1248169838945827,1,False,0
0,ep_cd6fc3cb9e87f5e3b9c4,221,18,0.1070544554455445,0.1021229868228404,300000000,1.0,0.1722359735973597,0.1035871156661786,0.1248169838945827,1,False,0
0,ep_cd6fc3cb9e87f5e3b9c4,222,18,0.1022070957095709,0.1021229868228404,300000000,1.0,0.16006600660066,0.1035871156661786,0.1248169838945827,1,False,0
0,ep_cd6fc3cb9e87f5e3b9c4,223,18,0.1047854785478547,0.1024890190336749,300000000,1.0,0.1518151815181518,0.1037701317715959,0.1248169838945827,1,False,0
0,ep_cd6fc3cb9e87f5e3b9c4,224,18,0.1049917491749174,0.1024890190336749,300000000,1.0,0.1664603960396039,0.1037701317715959,0.1248169838945827,1,False,0
0,ep_cd6fc3cb9e87f5e3b9c4,225,18,0.108085808580858,0.1024890190336749,300000000,1.0,0.161509900990099,0.1037701317715959,0.1248169838945827,1,False,0
0,ep_cd6fc3cb9e87f5e3b9c4,226,18,0.0998349834983498,0.1021229868228404,300000000,1.0,0.1483085808580858,0.1030380673499267,0.1248169838945827,1,False,0
0,ep_cd6fc3cb9e87f5e3b9c4,227,18,0.1070544554455445,0.1021229868228404,300000000,1.0,0.1421204620462046,0.1035871156661786,0.1248169838945827,1,False,0
0,ep_cd6fc3cb9e87f5e3b9c4,228,19,0.1138613861386138,0.1024890190336749,300000000,1.0,0.1670792079207921,0.1035871156661786,0.1248169838945827,1,False,0
0,ep_cd6fc3cb9e87f5e3b9c4,229,19,0.1039603960396039,0.1024890190336749,300000000,1.0,0.1553217821782178,0.1035871156661786,0.1248169838945827,1,False,0
0,ep_cd6fc3cb9e87f5e3b9c4,230,19,0.1053011551155115,0.1021229868228404,300000000,1.0,0.163572607260726,0.1035871156661786,0.1248169838945827,1,False,0
0,ep_cd6fc3cb9e87f5e3b9c4,231,19,0.1136551155115511,0.1023060029282576,300000000,1.0,0.182549504950495,0.1035871156661786,0.1248169838945827,1,False,0
0,ep_cd6fc3cb9e87f5e3b9c4,232,19,0.0980816831683168,0.1019399707174231,300000000,1.0,0.1555280528052805,0.1035871156661786,0.1248169838945827,1,False,0
0,ep_cd6fc3cb9e87f5e3b9c4,233,19,0.1107673267326732,0.1024890190336749,300000000,1.0,0.1654290429042904,0.1035871156661786,0.1248169838945827,1,False,0
0,ep_cd6fc3cb9e87f5e3b9c4,234,19,0.0872524752475247,0.1021229868228404,300000000,1.0,0.1429455445544554,0.1034040995607613,0.1248169838945827,1,False,0
0,ep_cd6fc3cb9e87f5e3b9c4,235,19,0.100763201320132,0.1019399707174231,300000000,1.0,0.1604785478547855,0.1035871156661786,0.1248169838945827,1,False,0
0,ep_cd6fc3cb9e87f5e3b9c4,236,19,0.1017945544554455,0.1026720351390922,300000000,1.0,0.1384075907590759,0.1035871156661786,0.1248169838945827,1,False,0
0,ep_cd6fc3cb9e87f5e3b9c4,237,19,0.099319306930693,0.1013909224011713,300000000,1.0,0.165016501650165,0.1035871156661786,0.1248169838945827,1,False,0
0,ep_cd6fc3cb9e87f5e3b9c4,238,19,0.0805486798679868,0.1021229868228404,300000000,1.0,0.1382013201320132,0.1034040995607613,0.1248169838945827,1,False,0
0,ep_cd6fc3cb9e87f5e3b9c4,239,19,0.0842615511551155,0.1017569546120058,300000000,1.0,0.1072607260726072,0.1021229868228404,0.1248169838945827,1,False,0
0,ep_cd6fc3cb9e87f5e3b9c4,240,20,0.0897277227722772,0.1017569546120058,300000000,1.0,0.127062706270627,0.1026720351390922,0.1248169838945827,1,False,0
0,ep_cd6fc3cb9e87f5e3b9c4,241,20,0.0857054455445544,0.1021229868228404,300000000,1.0,0.1291254125412541,0.1034040995607613,0.1248169838945827,1,False,0
0,ep_cd6fc3cb9e87f5e3b9c4,242,20,0.1072607260726072,0.1028550512445095,300000000,1.0,0.1961633663366336,0.1035871156661786,0.1248169838945827,1,False,0
0,ep_cd6fc3cb9e87f5e3b9c4,243,20,0.0942656765676567,0.1021229868228404,300000000,1.0,0.1870874587458746,0.1035871156661786,0.1248169838945827,1,False,0
0,ep_cd6fc3cb9e87f5e3b9c4,244,20,0.097256600660066,0.1019399707174231,300000000,1.0,0.1524339933993399,0.1035871156661786,0.1248169838945827,1,False,0
0,ep_cd6fc3cb9e87f5e3b9c4,245,20,0.0980816831683168,0.1017569546120058,300000000,1.0,0.1342821782178218,0.1035871156661786,0.1248169838945827,1,False,0
0,ep_cd6fc3cb9e87f5e3b9c4,246,20,0.1023102310231023,0.1028550512445095,300000000,1.0,0.1559405940594059,0.1037701317715959,0.1248169838945827,1,False,0
0,ep_cd6fc3cb9e87f5e3b9c4,247,20,0.0814768976897689,0.1021229868228404,300000000,1.0,0.1567656765676567,0.1035871156661786,0.1248169838945827,1,False,0
0,ep_cd6fc3cb9e87f5e3b9c4,248,20,0.0788985148514851,0.1021229868228404,300000000,1.0,0.14253300330033,0.1035871156661786,0.1248169838945827,1,False,0
0,ep_cd6fc3cb9e87f5e3b9c4,249,20,0.0949876237623762,0.1028550512445095,300000000,1.0,0.1957508250825082,0.1037701317715959,0.1248169838945827,1,False,0
0,ep_cd6fc3cb9e87f5e3b9c4,250,20,0.0967409240924092,0.1023060029282576,300000000,1.0,0.2004950495049505,0.1035871156661786,0.1248169838945827,1,False,0
0,ep_cd6fc3cb9e87f5e3b9c4,251,20,0.1091171617161716,0.1028550512445095,300000000,1.0,0.1654290429042904,0.1037701317715959,0.1248169838945827,1,False,0
0,ep_cd6fc3cb9e87f5e3b9c4,252,21,0.1047854785478547,0.1026720351390922,300000000,1.0,0.1643976897689769,0.1037701317715959,0.1248169838945827,1,False,0
0,ep_cd6fc3cb9e87f5e3b9c4,253,21,0.0935437293729373,0.1023060029282576,300000000,1.0,0.1557343234323432,0.1035871156661786,0.1248169838945827,1,False,0
0,ep_cd6fc3cb9e87f5e3b9c4,254,21,0.0752887788778877,0.1021229868228404,300000000,1.0,0.1526402640264026,0.1035871156661786,0.1248169838945827,1,False,0
0,ep_cd6fc3cb9e87f5e3b9c4,255,21,0.0899339933993399,0.1023060029282576,300000000,1.0,0.1819306930693069,0.1037701317715959,0.1248169838945827,1,False,0
0,ep_cd6fc3cb9e87f5e3b9c4,256,21,0.0980816831683168,0.1019399707174231,300000000,1.0,0.180486798679868,0.1030380673499267,0.1248169838945827,1,False,0
0,ep_cd6fc3cb9e87f5e3b9c4,257,21,0.1022070957095709,0.1026720351390922,300000000,1.0,0.1759488448844884,0.1037701317715959,0.1248169838945827,1,False,0
0,ep_cd6fc3cb9e87f5e3b9c4,258,21,0.0913778877887788,0.1024890190336749,300000000,1.0,0.1412953795379538,0.1037701317715959,0.1248169838945827,1,False,0
0,ep_cd6fc3cb9e87f5e3b9c4,259,21,0.1009694719471947,0.1023060029282576,300000000,1.0,0.1936881188118812,0.1037701317715959,0.1248169838945827,1,False,0
0,ep_cd6fc3cb9e87f5e3b9c4,260,21,0.1155115511551155,0.1026720351390922,300000000,1.0,0.2116336633663366,0.1037701317715959,0.1248169838945827,1,False,0
0,ep_cd6fc3cb9e87f5e3b9c4,261,21,0.0976691419141914,0.1024890190336749,300000000,1.0,0.1889438943894389,0.1037701317715959,0.1248169838945827,1,False,0
0,ep_cd6fc3cb9e87f5e3b9c4,262,21,0.1194306930693069,0.1017569546120058,300000000,1.0,0.179042904290429,0.1034040995607613,0.1248169838945827,1,False,0
0,ep_cd6fc3cb9e87f5e3b9c4,263,21,0.1054042904290429,0.1024890190336749,300000000,1.0,0.1697607260726072,0.1037701317715959,0.1248169838945827,1,False,0
0,ep_cd6fc3cb9e87f5e3b9c4,264,22,0.1074669966996699,0.1023060029282576,300000000,1.0,0.1891501650165016,0.1037701317715959,0.1248169838945827,1,False,0
0,ep_cd6fc3cb9e87f5e3b9c4,265,22,0.1041666666666666,0.1023060029282576,300000000,1.0,0.149546204620462,0.1034040995607613,0.1248169838945827,1,False,0
0,ep_cd6fc3cb9e87f5e3b9c4,266,22,0.0832301980198019,0.1021229868228404,300000000,1.0,0.1854372937293729,0.1034040995607613,0.1248169838945827,1,False,0
0,ep_cd6fc3cb9e87f5e3b9c4,267,22,0.1113861386138613,0.1028550512445095,300000000,1.0,0.1819306930693069,0.1037701317715959,0.1248169838945827,1,False,0
0,ep_cd6fc3cb9e87f5e3b9c4,268,22,0.0957095709570957,0.1023060029282576,300000000,1.0,0.1656353135313531,0.1035871156661786,0.1248169838945827,1,False,0
0,ep_cd6fc3cb9e87f5e3b9c4,269,22,0.1192244224422442,0.1026720351390922,300000000,1.0,0.1728547854785478,0.1037701317715959,0.1248169838945827,1,False,0
0,ep_cd6fc3cb9e87f5e3b9c4,270,22,0.1029290429042904,0.1024890190336749,300000000,1.0,0.1672854785478547,0.1037701317715959,0.1248169838945827,1,False,0
0,ep_cd6fc3cb9e87f5e3b9c4,271,22,0.1033415841584158,0.1021229868228404,300000000,1.0,0.1549092409240924,0.1037701317715959,0.1248169838945827,1,False,0
0,ep_cd6fc3cb9e87f5e3b9c4,272,22,0.0989067656765676,0.1023060029282576,300000000,1.0,0.1445957095709571,0.1035871156661786,0.1248169838945827,1,False,0
0,ep_cd6fc3cb9e87f5e3b9c4,273,22,0.1053011551155115,0.1026720351390922,300000000,1.0,0.1524339933993399,0.1037701317715959,0.1248169838945827,1,False,0
0,ep_cd6fc3cb9e87f5e3b9c4,274,22,0.0932343234323432,0.1024890190336749,300000000,1.0,0.1448019801980198,0.1035871156661786,0.1248169838945827,1,False,0
0,ep_cd6fc3cb9e87f5e3b9c4,275,22,0.1031353135313531,0.1023060029282576,300000000,1.0,0.1936881188118812,0.1037701317715959,0.1248169838945827,1,False,0
0,ep_cd6fc3cb9e87f5e3b9c4,276,23,0.1072607260726072,0.1024890190336749,300000000,1.0,0.1765676567656765,0.1035871156661786,0.1248169838945827,1,False,0
0,ep_cd6fc3cb9e87f5e3b9c4,277,23,0.0939562706270627,0.1021229868228404,300000000,1.0,0.1489273927392739,0.103221083455344,0.1248169838945827,1,False,0
0,ep_cd6fc3cb9e87f5e3b9c4,278,23,0.0849834983498349,0.1019399707174231,300000000,1.0,0.1386138613861386,0.1030380673499267,0.1248169838945827,1,False,0
0,ep_cd6fc3cb9e87f5e3b9c4,279,23,0.0936468646864686,0.1028550512445095,300000000,1.0,0.1361386138613861,0.1037701317715959,0.1248169838945827,1,False,0
0,ep_cd6fc3cb9e87f5e3b9c4,280,23,0.1003506600660066,0.1019399707174231,300000000,1.0,0.1507838283828383,0.1024890190336749,0.1248169838945827,1,False,0
0,ep_cd6fc3cb9e87f5e3b9c4,281,23,0.0974628712871287,0.1023060029282576,300000000,1.0,0.1540841584158415,0.1037701317715959,0.1248169838945827,1,False,0
0,ep_cd6fc3cb9e87f5e3b9c4,282,23,0.0984942244224422,0.1023060029282576,300000000,1.0,0.1544966996699669,0.1037701317715959,0.1248169838945827,1,False,0
0,ep_cd6fc3cb9e87f5e3b9c4,283,23,0.1078795379537953,0.1023060029282576,300000000,1.0,0.1703795379537953,0.1035871156661786,0.1248169838945827,1,False,0
0,ep_cd6fc3cb9e87f5e3b9c4,284,23,0.1103547854785478,0.1021229868228404,300000000,1.0,0.1586221122112211,0.1030380673499267,0.1248169838945827,1,False,0
0,ep_cd6fc3cb9e87f5e3b9c4,285,23,0.1105610561056105,0.1028550512445095,300000000,1.0,0.1788366336633663,0.1039531478770131,0.1248169838945827,1,False,0
0,ep_cd6fc3cb9e87f5e3b9c4,286,23,0.116542904290429,0.1024890190336749,300000000,1.0,0.1771864686468647,0.1035871156661786,0.1248169838945827,1,False,0
0,ep_cd6fc3cb9e87f5e3b9c4,287,23,0.1192244224422442,0.1023060029282576,300000000,1.0,0.2077145214521452,0.1037701317715959,0.1248169838945827,1,False,0
0,ep_d31caf8fd9a3714da1a2,276,23,0.1226806113839209,0.0264902208913568,79456166,0.2648538866666666,0.2636138613861386,0.0567349926793557,0.1172913030007168,4,True,1456166
0,ep_d31caf8fd9a3714da1a2,277,23,0.1338696369636963,0.0672584187408491,300000000,1.0,0.1765676567656765,0.079428989751098,0.1171303074670571,1,False,0
0,ep_d31caf8fd9a3714da1a2,278,23,0.1608910891089109,0.0735724743777452,300000000,1.0,0.2087458745874587,0.0789714494875549,0.1171303074670571,1,False,0
0,ep_d31caf8fd9a3714da1a2,279,23,0.1637788778877887,0.0773243045387994,300000000,1.0,0.2182343234323432,0.0841874084919473,0.1171303074670571,1,False,0
0,ep_d31caf8fd9a3714da1a2,280,23,0.1415016501650165,0.0820827232796486,300000000,1.0,0.1978135313531353,0.0877562225475841,0.1171303074670571,1,False,0
0,ep_d31caf8fd9a3714da1a2,281,23,0.1526402640264026,0.0858345534407027,300000000,1.0,0.2037953795379538,0.0931551976573938,0.1171303074670571,1,False,0
0,ep_d31caf8fd9a3714da1a2,282,23,0.1452145214521452,0.0889458272327964,300000000,1.0,0.1916254125412541,0.0929721815519765,0.1171303074670571,1,False,0
0,ep_d31caf8fd9a3714da1a2,283,23,0.139026402640264,0.0925146412884333,300000000,1.0,0.1897689768976897,0.1030380673499267,0.1171303074670571,1,False,0
0,ep_d31caf8fd9a3714da1a2,284,23,0.1196369636963696,0.0977306002928257,300000000,1.0,0.1592409240924092,0.1023060029282576,0.1171303074670571,1,False,0
0,ep_d31caf8fd9a3714da1a2,285,23,0.1229372937293729,0.0944363103953147,300000000,1.0,0.1602722772277227,0.1008418740849194,0.1171303074670571,1,False,0
0,ep_d31caf8fd9a3714da1a2,286,23,0.1501650165016501,0.095900439238653,300000000,1.0,0.196575907590759,0.1035871156661786,0.1171303074670571,1,False,0
0,ep_d31caf8fd9a3714da1a2,287,23,0.1318069306930693,0.0993777452415812,300000000,1.0,0.1753300330033003,0.1056002928257686,0.1171303074670571,1,False,0
0,ep_d57d7f4656422c641ee5,215,17,0.0122036997255425,0.0046453671796175,193000000,0.6433333333333333,0.0683787128712871,0.0121248169838945,0.0052180629784022,2,False,0
0,ep_d57d7f4656422c641ee5,216,18,0.0130621304317931,0.0125450295876037,300000000,1.0,0.0908622112211221,0.0137262079062957,0.0296080405075646,5,False,0
0,ep_d57d7f4656422c641ee5,217,18,0.001137942407522,0.0119400469741337,300000000,1.0,0.0057562396864686,0.0134059297218155,0.0580115300146412,3,False,0
0,ep_d57d7f4656422c641ee5,218,18,0.0018918884075907,0.0062111090775988,300000000,1.0,0.019286303630363,0.0109466508052708,0.0590226939970717,1,False,0
0,ep_d57d7f4656422c641ee5,219,18,0.0036419657590759,0.0066572108345534,300000000,1.0,0.0348597359735973,0.0094825219619326,0.0590226939970717,1,False,0
0,ep_d57d7f4656422c641ee5,220,18,0.2904290429042904,0.0404923133235724,300000000,1.0,0.4063531353135313,0.0478587115666178,0.0590226939970717,1,False,0
0,ep_d57d7f4656422c641ee5,221,18,0.2905321782178218,0.046303074670571,300000000,1.0,0.4162541254125412,0.0468063689604685,0.0838869570522206,2,False,0
0,ep_d57d7f4656422c641ee5,222,18,0.2863036303630363,0.0615849194729136,300000000,1.0,0.4129537953795379,0.0853770131771596,0.1222547584187408,1,False,0
0,ep_d57d7f4656422c641ee5,223,18,0.3655115511551155,0.095900439238653,300000000,1.0,0.4265676567656766,0.1070644216691068,0.1222547584187408,1,False,0
0,ep_d57d7f4656422c641ee5,224,18,0.0197761963696369,0.0357338945827232,300000000,1.0,0.2169966996699669,0.0984626647144948,0.1222547584187408,1,False,0
0,ep_d57d7f4656422c641ee5,225,18,0.0720915841584158,0.0237920937042459,300000000,1.0,0.3052805280528052,0.0816251830161054,0.1222547584187408,1,False,0
0,ep_d57d7f4656422c641ee5,226,18,0.0239789603960396,0.0504209370424597,81731652,0.27243884,0.1974009900990099,0.0818997071742313,0.1222547584187408,1,False,0
0,ep_d82c51c9583f3cf5c0c7,0,0,0.4686468646864686,0.5168374816983895,300000000,1.0,0.5214521452145214,0.5922401171303074,0.5988286969253295,1,False,0
0,ep_d82c51c9583f3cf5c0c7,1,0,0.4331683168316831,0.4158125915080527,300000000,1.0,0.4958745874587458,0.4472913616398243,0.5988286969253295,1,False,0
0,ep_d82c51c9583f3cf5c0c7,2,0,0.4282178217821782,0.5,300000000,1.0,0.4958745874587458,0.5556368960468521,0.5988286969253295,1,False,0
0,ep_d82c51c9583f3cf5c0c7,3,0,0.4612211221122112,0.5256222547584187,300000000,1.0,0.4983498349834983,0.5658857979502196,0.5988286969253295,1,False,0
0,ep_d82c51c9583f3cf5c0c7,4,0,0.448019801980198,0.4904831625183016,300000000,1.0,0.4933993399339934,0.5607613469985359,0.5988286969253295,1,False,0
0,ep_d82c51c9583f3cf5c0c7,5,0,0.4203795379537954,0.4267935578330893,300000000,1.0,0.5057755775577558,0.5087847730600292,0.5988286969253295,1,False,0
0,ep_d82c51c9583f3cf5c0c7,6,0,0.4636963696369637,0.4846266471449487,300000000,1.0,0.5214521452145214,0.5475841874084919,0.5988286969253295,1,False,0
0,ep_d82c51c9583f3cf5c0c7,7,0,0.4554455445544554,0.5300146412884333,300000000,1.0,0.509075907590759,0.5922401171303074,0.5988286969253295,1,False,0
0,ep_d82c51c9583f3cf5c0c7,8,0,0.4240924092409241,0.4831625183016105,300000000,1.0,0.4843234323432343,0.5300146412884333,0.5988286969253295,1,False,0
0,ep_d82c51c9583f3cf5c0c7,9,0,0.4199669966996699,0.513909224011713,300000000,1.0,0.5074257425742574,0.5841874084919473,0.5988286969253295,1,False,0
0,ep_d82c51c9583f3cf5c0c7,10,0,0.4133663366336633,0.4941434846266471,300000000,1.0,0.4909240924092409,0.5666178623718887,0.5988286969253295,1,False,0
0,ep_d82c51c9583f3cf5c0c7,11,0,0.4422442244224422,0.5461200585651538,300000000,1.0,0.4834983498349835,0.5937042459736457,0.5988286969253295,1,False,0
0,ep_d82c51c9583f3cf5c0c7,12,1,0.4282178217821782,0.4531478770131771,300000000,1.0,0.4942244224422442,0.5204978038067349,0.5988286969253295,1,False,0
0,ep_d82c51c9583f3cf5c0c7,13,1,0.3816006600660066,0.4414348462664714,300000000,1.0,0.514026402640264,0.5431918008784773,0.5988286969253295,1,False,0
0,ep_d82c51c9583f3cf5c0c7,14,1,0.3510726072607261,0.4582723279648609,300000000,1.0,0.5008250825082509,0.5505124450951684,0.5988286969253295,1,False,0
0,ep_d82c51c9583f3cf5c0c7,15,1,0.3457095709570957,0.424597364568082,300000000,1.0,0.509075907590759,0.5,0.5988286969253295,1,False,0
0,ep_d82c51c9583f3cf5c0c7,16,1,0.4249174917491749,0.4743777452415813,300000000,1.0,0.5148514851485149,0.5578330893118595,0.5988286969253295,1,False,0
0,ep_d82c51c9583f3cf5c0c7,17,1,0.4306930693069307,0.4341142020497804,300000000,1.0,0.514026402640264,0.5102489019033675,0.5988286969253295,1,False,0
0,ep_d82c51c9583f3cf5c0c7,18,1,0.3622112211221122,0.4055636896046852,300000000,1.0,0.4711221122112211,0.5153733528550513,0.5988286969253295,1,False,0
0,ep_d82c51c9583f3cf5c0c7,19,1,0.3853135313531353,0.4062957540263543,300000000,1.0,0.495049504950495,0.4787701317715959,0.5988286969253295,1,False,0
0,ep_d82c51c9583f3cf5c0c7,20,1,0.429042904290429,0.4553440702781844,300000000,1.0,0.4702970297029702,0.5175695461200586,0.5988286969253295,1,False,0
0,ep_d82c51c9583f3cf5c0c7,21,1,0.4488448844884488,0.479502196193265,300000000,1.0,0.514026402640264,0.5658857979502196,0.5988286969253295,1,False,0
0,ep_d82c51c9583f3cf5c0c7,22,1,0.3976897689768977,0.4297218155197657,300000000,1.0,0.504950495049505,0.4846266471449487,0.5988286969253295,1,False,0
0,ep_d82c51c9583f3cf5c0c7,23,1,0.4356435643564356,0.5314787701317716,300000000,1.0,0.5115511551155115,0.582723279648609,0.5988286969253295,1,False,0
0,ep_d82c51c9583f3cf5c0c7,24,2,0.4108910891089108,0.472913616398243,300000000,1.0,0.5041254125412541,0.5446559297218155,0.5988286969253295,1,False,0
0,ep_d82c51c9583f3cf5c0c7,25,2,0.4018151815181518,0.4707174231332357,300000000,1.0,0.5041254125412541,0.5219619326500732,0.5988286969253295,1,False,0
0,ep_d82c51c9583f3cf5c0c7,26,2,0.4059405940594059,0.3938506588579795,300000000,1.0,0.5066006600660066,0.4802342606149341,0.5988286969253295,1,False,0
0,ep_d82c51c9583f3cf5c0c7,27,2,0.3448844884488449,0.4077598828696925,300000000,1.0,0.462046204620462,0.4436310395314787,0.5988286969253295,1,False,0
0,ep_d82c51c9583f3cf5c0c7,28,2,0.4042904290429043,0.513909224011713,300000000,1.0,0.4496699669966996,0.5468521229868228,0.5988286969253295,1,False,0
0,ep_d82c51c9583f3cf5c0c7,29,2,0.4034653465346535,0.5065885797950219,300000000,1.0,0.4570957095709571,0.5366032210834554,0.5988286969253295,1,False,0
0,ep_d82c51c9583f3cf5c0c7,30,2,0.3386963696369637,0.4202049780380673,300000000,1.0,0.4372937293729373,0.5219619326500732,0.5988286969253295,1,False,0
0,ep_d82c51c9583f3cf5c0c7,31,2,0.2731023102310231,0.3828696925329429,300000000,1.0,0.4038778877887788,0.4480234260614934,0.5988286969253295,1,False,0
0,ep_d82c51c9583f3cf5c0c7,32,2,0.3023927392739274,0.3865300146412884,300000000,1.0,0.4001650165016501,0.4663250366032211,0.5988286969253295,1,False,0
0,ep_d82c51c9583f3cf5c0c7,33,2,0.3853135313531353,0.5248901903367497,300000000,1.0,0.4661716171617162,0.5673499267935578,0.5988286969253295,1,False,0
0,ep_d82c51c9583f3cf5c0c7,34,2,0.3283828382838283,0.4472913616398243,300000000,1.0,0.448019801980198,0.5373352855051244,0.5988286969253295,1,False,0
0,ep_d82c51c9583f3cf5c0c7,35,2,0.2941419141914191,0.4648609077598828,300000000,1.0,0.4162541254125412,0.5219619326500732,0.5988286969253295,1,False,0
0,ep_d82c51c9583f3cf5c0c7,36,3,0.3972772277227723,0.4956076134699854,300000000,1.0,0.514026402640264,0.5592972181551976,0.5988286969253295,1,False,0
0,ep_d82c51c9583f3cf5c0c7,37,3,0.4504950495049505,0.5292825768667643,300000000,1.0,0.5165016501650165,0.5805270863836017,0.5988286969253295,1,False,0
0,ep_d82c51c9583f3cf5c0c7,38,3,0.3948019801980198,0.445095168374817,300000000,1.0,0.4735973597359736,0.513177159590044,0.5988286969253295,1,False,0
0,ep_d82c51c9583f3cf5c0c7,39,3,0.3213696369636963,0.4436310395314787,300000000,1.0,0.4471947194719472,0.5124450951683748,0.5988286969253295,1,False,0
0,ep_d82c51c9583f3cf5c0c7,40,3,0.3155940594059406,0.410688140556369,300000000,1.0,0.4414191419141914,0.4626647144948755,0.5988286969253295,1,False,0
0,ep_d82c51c9583f3cf5c0c7,41,3,0.3675742574257425,0.4253294289897511,300000000,1.0,0.4381188118811881,0.4743777452415813,0.5988286969253295,1,False,0
0,ep_d82c51c9583f3cf5c0c7,42,3,0.2966171617161716,0.3982430453879941,300000000,1.0,0.4348184818481848,0.4546120058565154,0.5988286969253295,1,False,0
0,ep_d82c51c9583f3cf5c0c7,43,3,0.2615511551155115,0.3872620790629575,300000000,1.0,0.4397689768976898,0.4297218155197657,0.5988286969253295,1,False,0
0,ep_d82c51c9583f3cf5c0c7,44,3,0.2698019801980198,0.370424597364568,300000000,1.0,0.3754125412541254,0.4260614934114202,0.5988286969253295,1,False,0
0,ep_d82c51c9583f3cf5c0c7,45,3,0.3902640264026402,0.410688140556369,300000000,1.0,0.4554455445544554,0.4948755490483162,0.5988286969253295,1,False,0
0,ep_d82c51c9583f3cf5c0c7,46,3,0.3939768976897689,0.4414348462664714,300000000,1.0,0.4966996699669967,0.5256222547584187,0.5988286969253295,1,False,0
0,ep_d82c51c9583f3cf5c0c7,47,3,0.3428217821782178,0.4348462664714494,300000000,1.0,0.4298679867986799,0.4919472913616398,0.5988286969253295,1,False,0
0,ep_d82c51c9583f3cf5c0c7,48,4,0.2788778877887788,0.4253294289897511,300000000,1.0,0.4397689768976898,0.4633967789165447,0.5988286969253295,1,False,0
0,ep_d82c51c9583f3cf5c0c7,49,4,0.360973597359736,0.4633967789165447,300000000,1.0,0.4727722772277227,0.5344070278184481,0.5988286969253295,1,False,0
0,ep_d82c51c9583f3cf5c0c7,50,4,0.2957920792079208,0.3967789165446559,300000000,1.0,0.5024752475247525,0.4787701317715959,0.5988286969253295,1,False,0
0,ep_d82c51c9583f3cf5c0c7,51,4,0.2945544554455445,0.4253294289897511,300000000,1.0,0.422029702970297,0.513177159590044,0.5988286969253295,1,False,0
0,ep_d82c51c9583f3cf5c0c7,52,4,0.3902640264026402,0.5109809663250366,300000000,1.0,0.4422442244224422,0.5651537335285505,0.5988286969253295,1,False,0
0,ep_d82c51c9583f3cf5c0c7,53,4,0.4570957095709571,0.568814055636896,300000000,1.0,0.5057755775577558,0.5900439238653001,0.5988286969253295,1,False,0
0,ep_d82c51c9583f3cf5c0c7,54,4,0.429042904290429,0.5461200585651538,300000000,1.0,0.5082508250825083,0.5915080527086384,0.5988286969253295,1,False,0
0,ep_d82c51c9583f3cf5c0c7,55,4,0.3593234323432343,0.4597364568081991,300000000,1.0,0.4702970297029702,0.5351390922401171,0.5988286969253295,1,False,0
0,ep_d82c51c9583f3cf5c0c7,56,4,0.4430693069306931,0.4926793557833089,300000000,1.0,0.5024752475247525,0.5300146412884333,0.5988286969253295,1,False,0
0,ep_d82c51c9583f3cf5c0c7,57,4,0.4422442244224422,0.4546120058565154,300000000,1.0,0.5156765676567657,0.493411420204978,0.5988286969253295,1,False,0
0,ep_d82c51c9583f3cf5c0c7,58,4,0.3816006600660066,0.3879941434846266,300000000,1.0,0.4892739273927393,0.4289897510980966,0.5988286969253295,1,False,0
0,ep_d82c51c9583f3cf5c0c7,59,4,0.3250825082508251,0.3894582723279648,300000000,1.0,0.4187293729372937,0.45900439238653,0.5988286969253295,1,False,0
0,ep_d82c51c9583f3cf5c0c7,60,5,0.3168316831683168,0.3953147877013177,300000000,1.0,0.4438943894389439,0.4348462664714494,0.5988286969253295,1,False,0
0,ep_d82c51c9583f3cf5c0c7,61,5,0.4212046204620462,0.479502196193265,300000000,1.0,0.485973597359736,0.554904831625183,0.5988286969253295,1,False,0
0,ep_d82c51c9583f3cf5c0c7,62,5,0.4298679867986799,0.4853587115666178,300000000,1.0,0.4917491749174917,0.5344070278184481,0.5988286969253295,1,False,0
0,ep_d82c51c9583f3cf5c0c7,63,5,0.452970297029703,0.5629575402635432,300000000,1.0,0.5016501650165016,0.5915080527086384,0.5988286969253295,1,False,0
0,ep_d82c51c9583f3cf5c0c7,64,5,0.4430693069306931,0.5153733528550513,300000000,1.0,0.5041254125412541,0.5922401171303074,0.5988286969253295,1,False,0
0,ep_d82c51c9583f3cf5c0c7,65,5,0.4339933993399339,0.5183016105417276,300000000,1.0,0.4867986798679868,0.5922401171303074,0.5988286969253295,1,False,0
0,ep_d82c51c9583f3cf5c0c7,66,5,0.3956270627062706,0.4868228404099561,300000000,1.0,0.5041254125412541,0.5702781844802343,0.5988286969253295,1,False,0
0,ep_d82c51c9583f3cf5c0c7,67,5,0.3432343234323432,0.3953147877013177,300000000,1.0,0.4661716171617162,0.4699853587115666,0.5988286969253295,1,False,0
0,ep_d82c51c9583f3cf5c0c7,68,5,0.382013201320132,0.4231332357247437,300000000,1.0,0.5024752475247525,0.4721815519765739,0.5988286969253295,1,False,0
0,ep_d82c51c9583f3cf5c0c7,69,5,0.389026402640264,0.438506588579795,300000000,1.0,0.4818481848184818,0.4831625183016105,0.5988286969253295,1,False,0
0,ep_d82c51c9583f3cf5c0c7,70,5,0.3902640264026402,0.4721815519765739,300000000,1.0,0.4942244224422442,0.5285505124450952,0.5988286969253295,1,False,0
0,ep_d82c51c9583f3cf5c0c7,71,5,0.3646864686468646,0.4875549048316251,300000000,1.0,0.4389438943894389,0.5527086383601757,0.5988286969253295,1,False,0
0,ep_d82c51c9583f3cf5c0c7,72,6,0.4203795379537954,0.4824304538799414,300000000,1.0,0.4801980198019802,0.5571010248901903,0.5988286969253295,1,False,0
0,ep_d82c51c9583f3cf5c0c7,73,6,0.400990099009901,0.3828696925329429,300000000,1.0,0.4826732673267326,0.45900439238653,0.5988286969253295,1,False,0
0,ep_d82c51c9583f3cf5c0c7,74,6,0.4232673267326732,0.4509516837481698,300000000,1.0,0.5033003300330033,0.4846266471449487,0.5988286969253295,1,False,0
0,ep_d82c51c9583f3cf5c0c7,75,6,0.3683993399339934,0.4275256222547584,300000000,1.0,0.4777227722772277,0.4692532942898975,0.5988286969253295,1,False,0
0,ep_d82c51c9583f3cf5c0c7,76,6,0.3716996699669967,0.4216691068814056,300000000,1.0,0.485973597359736,0.4919472913616398,0.5988286969253295,1,False,0
0,ep_d82c51c9583f3cf5c0c7,77,6,0.3584983498349835,0.4289897510980966,300000000,1.0,0.4232673267326732,0.4692532942898975,0.5988286969253295,1,False,0
0,ep_d82c51c9583f3cf5c0c7,78,6,0.3754125412541254,0.465592972181552,300000000,1.0,0.4315181518151815,0.5102489019033675,0.5988286969253295,1,False,0
0,ep_d82c51c9583f3cf5c0c7,79,6,0.3485973597359736,0.41800878477306,300000000,1.0,0.452970297029703,0.4912152269399707,0.5988286969253295,1,False,0
0,ep_d82c51c9583f3cf5c0c7,80,6,0.3655115511551155,0.4494875549048316,300000000,1.0,0.408003300330033,0.4941434846266471,0.5988286969253295,1,False,0
0,ep_d82c51c9583f3cf5c0c7,81,6,0.3432343234323432,0.4077598828696925,300000000,1.0,0.4199669966996699,0.4633967789165447,0.5988286969253295,1,False,0
0,ep_d82c51c9583f3cf5c0c7,82,6,0.4174917491749175,0.390190336749634,300000000,1.0,0.4884488448844885,0.4509516837481698,0.5988286969253295,1,False,0
0,ep_d82c51c9583f3cf5c0c7,83,6,0.3923267326732673,0.4780380673499268,300000000,1.0,0.485973597359736,0.5146412884333821,0.5988286969253295,1,False,0
0,ep_d82c51c9583f3cf5c0c7,84,7,0.3469471947194719,0.4751098096632504,300000000,1.0,0.4323432343234323,0.5226939970717424,0.5988286969253295,1,False,0
0,ep_d82c51c9583f3cf5c0c7,85,7,0.4203795379537954,0.4985358711566618,300000000,1.0,0.481023102310231,0.5519765739385066,0.5988286969253295,1,False,0
0,ep_d82c51c9583f3cf5c0c7,86,7,0.3816006600660066,0.4912152269399707,300000000,1.0,0.4537953795379538,0.5856515373352855,0.5988286969253295,1,False,0
0,ep_d82c51c9583f3cf5c0c7,87,7,0.4273927392739274,0.5366032210834554,300000000,1.0,0.4983498349834983,0.5922401171303074,0.5988286969253295,1,False,0
0,ep_d82c51c9583f3cf5c0c7,88,7,0.4364686468646864,0.4458272327964861,300000000,1.0,0.4801980198019802,0.5424597364568082,0.5988286969253295,1,False,0
0,ep_d82c51c9583f3cf5c0c7,89,7,0.400990099009901,0.4919472913616398,300000000,1.0,0.4925742574257425,0.5446559297218155,0.5988286969253295,1,False,0
0,ep_d82c51c9583f3cf5c0c7,90,7,0.3766501650165016,0.4648609077598828,300000000,1.0,0.4372937293729373,0.5219619326500732,0.5988286969253295,1,False,0
0,ep_d82c51c9583f3cf5c0c7,91,7,0.4117161716171617,0.4465592972181552,300000000,1.0,0.4892739273927393,0.4948755490483162,0.5988286969253295,1,False,0
0,ep_d82c51c9583f3cf5c0c7,92,7,0.4356435643564356,0.465592972181552,300000000,1.0,0.5041254125412541,0.5226939970717424,0.5988286969253295,1,False,0
0,ep_d82c51c9583f3cf5c0c7,93,7,0.4331683168316831,0.486090775988287,300000000,1.0,0.5214521452145214,0.5446559297218155,0.5988286969253295,1,False,0
0,ep_d82c51c9583f3cf5c0c7,94,7,0.3597359735973597,0.445095168374817,300000000,1.0,0.4661716171617162,0.4780380673499268,0.5988286969253295,1,False,0
0,ep_d82c51c9583f3cf5c0c7,95,7,0.4026402640264026,0.5007320644216691,300000000,1.0,0.4851485148514851,0.5527086383601757,0.5988286969253295,1,False,0
0,ep_d82c51c9583f3cf5c0c7,96,8,0.4282178217821782,0.4780380673499268,300000000,1.0,0.4909240924092409,0.5732064421669106,0.5988286969253295,1,False,0
0,ep_d82c51c9583f3cf5c0c7,97,8,0.4298679867986799,0.465592972181552,300000000,1.0,0.5,0.5505124450951684,0.5988286969253295,1,False,0
0,ep_d82c51c9583f3cf5c0c7,98,8,0.4546204620462046,0.4707174231332357,300000000,1.0,0.4884488448844885,0.5578330893118595,0.5988286969253295,1,False,0
0,ep_d82c51c9583f3cf5c0c7,99,8,0.4372937293729373,0.4414348462664714,300000000,1.0,0.4933993399339934,0.5812591508052709,0.5988286969253295,1,False,0
0,ep_d82c51c9583f3cf5c0c7,100,8,0.4463696369636963,0.4575402635431918,300000000,1.0,0.4991749174917492,0.5029282576866764,0.5988286969253295,1,False,0
0,ep_d82c51c9583f3cf5c0c7,101,8,0.3956270627062706,0.4224011713030747,300000000,1.0,0.4851485148514851,0.5043923865300146,0.5988286969253295,1,False,0
0,ep_d82c51c9583f3cf5c0c7,102,8,0.4694719471947194,0.5563689604685212,300000000,1.0,0.5288778877887789,0.5907759882869692,0.5988286969253295,1,False,0
0,ep_d82c51c9583f3cf5c0c7,103,8,0.4199669966996699,0.4773060029282577,300000000,1.0,0.5198019801980198,0.5915080527086384,0.5988286969253295,1,False,0
0,ep_d82c51c9583f3cf5c0c7,104,8,0.4265676567656766,0.4868228404099561,300000000,1.0,0.4760726072607261,0.5226939970717424,0.5988286969253295,1,False,0
0,ep_d82c51c9583f3cf5c0c7,105,8,0.4207920792079208,0.4736456808199121,300000000,1.0,0.4983498349834983,0.5446559297218155,0.5988286969253295,1,False,0
0,ep_d82c51c9583f3cf5c0c7,106,8,0.4331683168316831,0.4202049780380673,300000000,1.0,0.4818481848184818,0.4882869692532943,0.5988286969253295,1,False,0
0,ep_d82c51c9583f3cf5c0c7,107,8,0.4055280528052805,0.4399707174231332,300000000,1.0,0.4678217821782178,0.5168374816983895,0.5988286969253295,1,False,0
0,ep_d82c51c9583f3cf5c0c7,108,9,0.4389438943894389,0.4948755490483162,300000000,1.0,0.4983498349834983,0.5739385065885798,0.5988286969253295,1,False,0
0,ep_d82c51c9583f3cf5c0c7,109,9,0.4364686468646864,0.5065885797950219,300000000,1.0,0.4909240924092409,0.5717423133235725,0.5988286969253295,1,False,0
0,ep_d82c51c9583f3cf5c0c7,110,9,0.4405940594059406,0.4297218155197657,300000000,1.0,0.5255775577557755,0.4641288433382137,0.5988286969253295,1,False,0
0,ep_d82c51c9583f3cf5c0c7,111,9,0.4137788778877888,0.4187408491947291,300000000,1.0,0.4900990099009901,0.513177159590044,0.5988286969253295,1,False,0
0,ep_d82c51c9583f3cf5c0c7,112,9,0.4331683168316831,0.4516837481698389,300000000,1.0,0.5,0.4868228404099561,0.5988286969253295,1,False,0
0,ep_d82c51c9583f3cf5c0c7,113,9,0.4104785478547855,0.4377745241581259,300000000,1.0,0.4991749174917492,0.4904831625183016,0.5988286969253295,1,False,0
0,ep_d82c51c9583f3cf5c0c7,114,9,0.4051155115511551,0.3997071742313323,300000000,1.0,0.4909240924092409,0.4736456808199121,0.5988286969253295,1,False,0
0,ep_d82c51c9583f3cf5c0c7,115,9,0.4306930693069307,0.4597364568081991,300000000,1.0,0.4917491749174917,0.5087847730600292,0.5988286969253295,1,False,0
0,ep_d82c51c9583f3cf5c0c7,116,9,0.4071782178217821,0.5014641288433382,300000000,1.0,0.4892739273927393,0.58199121522694,0.5988286969253295,1,False,0
0,ep_d82c51c9583f3cf5c0c7,117,9,0.3894389438943894,0.4560761346998536,300000000,1.0,0.4777227722772277,0.5490483162518301,0.5988286969253295,1,False,0
0,ep_d82c51c9583f3cf5c0c7,118,9,0.417079207920792,0.4224011713030747,300000000,1.0,0.5074257425742574,0.486090775988287,0.5988286969253295,1,False,0
0,ep_d82c51c9583f3cf5c0c7,119,9,0.4422442244224422,0.4487554904831625,300000000,1.0,0.4892739273927393,0.5080527086383602,0.5988286969253295,1,False,0
0,ep_d82c51c9583f3cf5c0c7,120,10,0.4113036303630363,0.5043923865300146,300000000,1.0,0.5156765676567657,0.5578330893118595,0.5988286969253295,1,False,0
0,ep_d82c51c9583f3cf5c0c7,121,10,0.4603960396039604,0.527818448023426,300000000,1.0,0.5173267326732673,0.5871156661786238,0.5988286969253295,1,False,0
0,ep_d82c51c9583f3cf5c0c7,122,10,0.3617986798679868,0.3814055636896047,300000000,1.0,0.4471947194719472,0.5117130307467057,0.5988286969253295,1,False,0
0,ep_d82c51c9583f3cf5c0c7,123,10,0.4282178217821782,0.4392386530014641,300000000,1.0,0.4975247524752475,0.4882869692532943,0.5988286969253295,1,False,0
0,ep_d82c51c9583f3cf5c0c7,124,10,0.4038778877887788,0.4751098096632504,300000000,1.0,0.4801980198019802,0.5402635431918009,0.5988286969253295,1,False,0
0,ep_d82c51c9583f3cf5c0c7,125,10,0.3915016501650165,0.4231332357247437,300000000,1.0,0.5115511551155115,0.5080527086383602,0.5988286969253295,1,False,0
0,ep_d82c51c9583f3cf5c0c7,126,10,0.4331683168316831,0.4919472913616398,300000000,1.0,0.5107260726072608,0.5285505124450952,0.5988286969253295,1,False,0
0,ep_d82c51c9583f3cf5c0c7,127,10,0.4471947194719472,0.4941434846266471,300000000,1.0,0.5107260726072608,0.5395314787701317,0.5988286969253295,1,False,0
0,ep_d82c51c9583f3cf5c0c7,128,10,0.4240924092409241,0.4553440702781844,300000000,1.0,0.4900990099009901,0.5607613469985359,0.5988286969253295,1,False,0
0,ep_d82c51c9583f3cf5c0c7,129,10,0.4183168316831683,0.4333821376281113,300000000,1.0,0.5066006600660066,0.4743777452415813,0.5988286969253295,1,False,0
0,ep_d82c51c9583f3cf5c0c7,130,10,0.4166666666666667,0.4355783308931186,300000000,1.0,0.5024752475247525,0.5102489019033675,0.5988286969253295,1,False,0
0,ep_d82c51c9583f3cf5c0c7,131,10,0.403052805280528,0.4158125915080527,300000000,1.0,0.466996699669967,0.452415812591508,0.5988286969253295,1,False,0
0,ep_d82c51c9583f3cf5c0c7,132,11,0.4447194719471947,0.4187408491947291,300000000,1.0,0.4917491749174917,0.4597364568081991,0.5988286969253295,1,False,0
0,ep_d82c51c9583f3cf5c0c7,133,11,0.4612211221122112,0.4985358711566618,300000000,1.0,0.5387788778877888,0.5468521229868228,0.5988286969253295,1,False,0
0,ep_d82c51c9583f3cf5c0c7,134,11,0.4735973597359736,0.5117130307467057,300000000,1.0,0.5,0.5607613469985359,0.5988286969253295,1,False,0
0,ep_d82c51c9583f3cf5c0c7,135,11,0.4653465346534653,0.5585651537335286,300000000,1.0,0.5115511551155115,0.5900439238653001,0.5988286969253295,1,False,0
0,ep_d82c51c9583f3cf5c0c7,136,11,0.4108910891089108,0.4560761346998536,300000000,1.0,0.4851485148514851,0.5644216691068814,0.5988286969253295,1,False,0
0,ep_d82c51c9583f3cf5c0c7,137,11,0.4179042904290429,0.4619326500732064,300000000,1.0,0.504950495049505,0.527818448023426,0.5988286969253295,1,False,0
0,ep_d82c51c9583f3cf5c0c7,138,11,0.4364686468646864,0.4480234260614934,300000000,1.0,0.5057755775577558,0.4904831625183016,0.5988286969253295,1,False,0
0,ep_d82c51c9583f3cf5c0c7,139,11,0.4059405940594059,0.3931185944363104,300000000,1.0,0.5033003300330033,0.4692532942898975,0.5988286969253295,1,False,0
0,ep_d82c51c9583f3cf5c0c7,140,11,0.429042904290429,0.4407027818448023,300000000,1.0,0.495049504950495,0.5036603221083455,0.5988286969253295,1,False,0
0,ep_d82c51c9583f3cf5c0c7,141,11,0.4389438943894389,0.4670571010248902,300000000,1.0,0.5099009900990099,0.5746705710102489,0.5988286969253295,1,False,0
0,ep_d82c51c9583f3cf5c0c7,142,11,0.4042904290429043,0.4597364568081991,300000000,1.0,0.5264026402640264,0.5746705710102489,0.5988286969253295,1,False,0
0,ep_d82c51c9583f3cf5c0c7,143,11,0.3997524752475248,0.3953147877013177,300000000,1.0,0.4834983498349835,0.4436310395314787,0.5988286969253295,1,False,0
0,ep_d82c51c9583f3cf5c0c7,144,12,0.400990099009901,0.4216691068814056,300000000,1.0,0.4612211221122112,0.4714494875549048,0.5988286969253295,1,False,0
0,ep_d82c51c9583f3cf5c0c7,145,12,0.4315181518151815,0.411420204978038,300000000,1.0,0.5074257425742574,0.4824304538799414,0.5988286969253295,1,False,0
0,ep_d82c51c9583f3cf5c0c7,146,12,0.4430693069306931,0.4341142020497804,300000000,1.0,0.5107260726072608,0.5021961932650073,0.5988286969253295,1,False,0
0,ep_d82c51c9583f3cf5c0c7,147,12,0.4471947194719472,0.4472913616398243,300000000,1.0,0.4975247524752475,0.5161054172767203,0.5988286969253295,1,False,0
0,ep_d82c51c9583f3cf5c0c7,148,12,0.4298679867986799,0.431918008784773,300000000,1.0,0.4942244224422442,0.5102489019033675,0.5988286969253295,1,False,0
0,ep_d82c51c9583f3cf5c0c7,149,12,0.4298679867986799,0.4326500732064421,300000000,1.0,0.5024752475247525,0.4926793557833089,0.5988286969253295,1,False,0
0,ep_d82c51c9583f3cf5c0c7,150,12,0.4282178217821782,0.4538799414348463,300000000,1.0,0.4768976897689769,0.5102489019033675,0.5988286969253295,1,False,0
0,ep_d82c51c9583f3cf5c0c7,151,12,0.4315181518151815,0.4260614934114202,300000000,1.0,0.4975247524752475,0.4773060029282577,0.5988286969253295,1,False,0
0,ep_d82c51c9583f3cf5c0c7,152,12,0.3906765676567656,0.3953147877013177,300000000,1.0,0.4777227722772277,0.4487554904831625,0.5988286969253295,1,False,0
0,ep_d82c51c9583f3cf5c0c7,153,12,0.3869636963696369,0.4348462664714494,300000000,1.0,0.4595709570957095,0.4890190336749634,0.5988286969253295,1,False,0
0,ep_d82c51c9583f3cf5c0c7,154,12,0.3976897689768977,0.4363103953147877,300000000,1.0,0.5008250825082509,0.4765739385065886,0.5988286969253295,1,False,0
0,ep_d82c51c9583f3cf5c0c7,155,12,0.448019801980198,0.4202049780380673,300000000,1.0,0.4991749174917492,0.4765739385065886,0.5988286969253295,1,False,0
0,ep_d82c51c9583f3cf5c0c7,156,13,0.4364686468646864,0.4282576866764275,300000000,1.0,0.4983498349834983,0.4780380673499268,0.5988286969253295,1,False,0
0,ep_d82c51c9583f3cf5c0c7,157,13,0.4612211221122112,0.4787701317715959,300000000,1.0,0.5148514851485149,0.5505124450951684,0.5988286969253295,1,False,0
0,ep_d82c51c9583f3cf5c0c7,158,13,0.4595709570957095,0.513177159590044,300000000,1.0,0.5148514851485149,0.5702781844802343,0.5988286969253295,1,False,0
0,ep_d82c51c9583f3cf5c0c7,159,13,0.4240924092409241,0.465592972181552,300000000,1.0,0.5198019801980198,0.5395314787701317,0.5988286969253295,1,False,0
0,ep_d82c51c9583f3cf5c0c7,160,13,0.422029702970297,0.4209370424597364,300000000,1.0,0.4777227722772277,0.4773060029282577,0.5988286969253295,1,False,0
0,ep_d82c51c9583f3cf5c0c7,161,13,0.3915016501650165,0.4553440702781844,300000000,1.0,0.4958745874587458,0.4948755490483162,0.5988286969253295,1,False,0
0,ep_d82c51c9583f3cf5c0c7,162,13,0.3972772277227723,0.4926793557833089,300000000,1.0,0.485973597359736,0.5387994143484627,0.5988286969253295,1,False,0
0,ep_d82c51c9583f3cf5c0c7,163,13,0.4603960396039604,0.4077598828696925,300000000,1.0,0.504950495049505,0.4773060029282577,0.5988286969253295,1,False,0
0,ep_d82c51c9583f3cf5c0c7,164,13,0.4088283828382838,0.41800878477306,300000000,1.0,0.4801980198019802,0.4882869692532943,0.5988286969253295,1,False,0
0,ep_d82c51c9583f3cf5c0c7,165,13,0.4323432343234323,0.4685212298682284,300000000,1.0,0.4867986798679868,0.5043923865300146,0.5988286969253295,1,False,0
0,ep_d82c51c9583f3cf5c0c7,166,13,0.429042904290429,0.4392386530014641,300000000,1.0,0.5016501650165016,0.4978038067349927,0.5988286969253295,1,False,0
0,ep_d82c51c9583f3cf5c0c7,167,13,0.4414191419141914,0.4304538799414348,300000000,1.0,0.5057755775577558,0.4846266471449487,0.5988286969253295,1,False,0
0,ep_d82c51c9583f3cf5c0c7,168,14,0.403052805280528,0.4136163982430454,300000000,1.0,0.4975247524752475,0.5021961932650073,0.5988286969253295,1,False,0
0,ep_d82c51c9583f3cf5c0c7,169,14,0.4570957095709571,0.5,300000000,1.0,0.5173267326732673,0.5204978038067349,0.5988286969253295,1,False,0
0,ep_d82c51c9583f3cf5c0c7,170,14,0.3824257425742574,0.4224011713030747,300000000,1.0,0.4818481848184818,0.5497803806734992,0.5988286969253295,1,False,0
0,ep_d82c51c9583f3cf5c0c7,171,14,0.408003300330033,0.4011713030746706,300000000,1.0,0.4867986798679868,0.4641288433382137,0.5988286969253295,1,False,0
0,ep_d82c51c9583f3cf5c0c7,172,14,0.3910891089108911,0.3967789165446559,300000000,1.0,0.4900990099009901,0.4582723279648609,0.5988286969253295,1,False,0
0,ep_d82c51c9583f3cf5c0c7,173,14,0.3894389438943894,0.4297218155197657,300000000,1.0,0.4645214521452145,0.4736456808199121,0.5988286969253295,1,False,0
0,ep_d82c51c9583f3cf5c0c7,174,14,0.4207920792079208,0.3879941434846266,300000000,1.0,0.5115511551155115,0.4267935578330893,0.5988286969253295,1,False,0
0,ep_d82c51c9583f3cf5c0c7,175,14,0.4265676567656766,0.4202049780380673,300000000,1.0,0.5214521452145214,0.4531478770131771,0.5988286969253295,1,False,0
0,ep_d82c51c9583f3cf5c0c7,176,14,0.4348184818481848,0.4575402635431918,300000000,1.0,0.5165016501650165,0.5402635431918009,0.5988286969253295,1,False,0
0,ep_d82c51c9583f3cf5c0c7,177,14,0.41006600660066,0.4348462664714494,300000000,1.0,0.4942244224422442,0.5629575402635432,0.5988286969253295,1,False,0
0,ep_d82c51c9583f3cf5c0c7,178,14,0.4137788778877888,0.4407027818448023,300000000,1.0,0.5123762376237624,0.5190336749633968,0.5988286969253295,1,False,0
0,ep_d82c51c9583f3cf5c0c7,179,14,0.4240924092409241,0.4633967789165447,300000000,1.0,0.5016501650165016,0.5292825768667643,0.5988286969253295,1,False,0
0,ep_d82c51c9583f3cf5c0c7,180,15,0.4372937293729373,0.438506588579795,300000000,1.0,0.4958745874587458,0.4941434846266471,0.5988286969253295,1,False,0
0,ep_d82c51c9583f3cf5c0c7,181,15,0.4224422442244224,0.4084919472913616,300000000,1.0,0.4909240924092409,0.4494875549048316,0.5988286969253295,1,False,0
0,ep_d82c51c9583f3cf5c0c7,182,15,0.4356435643564356,0.5,300000000,1.0,0.5107260726072608,0.5446559297218155,0.5988286969253295,1,False,0
0,ep_d82c51c9583f3cf5c0c7,183,15,0.4735973597359736,0.5519765739385066,300000000,1.0,0.820957095709571,0.5922401171303074,0.5988286969253295,1,False,0
0,ep_d82c51c9583f3cf5c0c7,184,15,0.5495049504950495,0.5387994143484627,300000000,1.0,0.8927392739273927,0.5922401171303074,0.5988286969253295,1,False,0
0,ep_d82c51c9583f3cf5c0c7,185,15,0.5313531353135313,0.4824304538799414,300000000,1.0,0.7326732673267327,0.5292825768667643,0.5988286969253295,1,False,0
0,ep_d82c51c9583f3cf5c0c7,186,15,0.5148514851485149,0.4765739385065886,300000000,1.0,0.6889438943894389,0.5585651537335286,0.5988286969253295,1,False,0
0,ep_d82c51c9583f3cf5c0c7,187,15,0.3840759075907591,0.3649341142020498,300000000,1.0,0.5742574257425742,0.4231332357247437,0.5988286969253295,1,False,0
0,ep_d82c51c9583f3cf5c0c7,188,15,0.5066006600660066,0.4560761346998536,300000000,1.0,0.7301980198019802,0.4963396778916544,0.5988286969253295,1,False,0
0,ep_d82c51c9583f3cf5c0c7,189,15,0.4686468646864686,0.4150805270863836,300000000,1.0,0.8110561056105611,0.4619326500732064,0.5988286969253295,1,False,0
0,ep_d82c51c9583f3cf5c0c7,190,15,0.5198019801980198,0.3894582723279648,300000000,1.0,0.7021452145214522,0.4546120058565154,0.5988286969253295,1,False,0
0,ep_d82c51c9583f3cf5c0c7,191,15,0.5066006600660066,0.4648609077598828,300000000,1.0,0.8259075907590759,0.5907759882869692,0.5988286969253295,1,False,0
0,ep_d82c51c9583f3cf5c0c7,192,16,0.3622112211221122,0.5021961932650073,300000000,1.0,0.5,0.5797950219619327,0.5988286969253295,1,False,0
0,ep_d82c51c9583f3cf5c0c7,193,16,0.4488448844884488,0.4377745241581259,300000000,1.0,0.6856435643564357,0.4831625183016105,0.5988286969253295,1,False,0
0,ep_d82c51c9583f3cf5c0c7,194,16,0.5222772277227723,0.4619326500732064,300000000,1.0,0.8201320132013201,0.4926793557833089,0.5988286969253295,1,False,0
0,ep_d82c51c9583f3cf5c0c7,195,16,0.466996699669967,0.4465592972181552,300000000,1.0,0.7376237623762376,0.5146412884333821,0.5988286969253295,1,False,0
0,ep_d82c51c9583f3cf5c0c7,196,16,0.4414191419141914,0.4677891654465593,300000000,1.0,0.7615511551155115,0.575402635431918,0.5988286969253295,1,False,0
0,ep_d82c51c9583f3cf5c0c7,197,16,0.4801980198019802,0.5058565153733529,300000000,1.0,0.6798679867986799,0.5907759882869692,0.5988286969253295,1,False,0
0,ep_d82c51c9583f3cf5c0c7,198,16,0.4579207920792079,0.4443631039531479,300000000,1.0,0.764026402640264,0.486090775988287,0.5988286969253295,1,False,0
0,ep_d82c51c9583f3cf5c0c7,199,16,0.4975247524752475,0.4326500732064421,300000000,1.0,0.8028052805280528,0.4838945827232797,0.5988286969253295,1,False,0
0,ep_d82c51c9583f3cf5c0c7,200,16,0.4686468646864686,0.4011713030746706,300000000,1.0,0.716996699669967,0.4802342606149341,0.5988286969253295,1,False,0
0,ep_d82c51c9583f3cf5c0c7,201,16,0.4826732673267326,0.5080527086383602,300000000,1.0,0.6757425742574258,0.5614934114202049,0.5988286969253295,1,False,0
0,ep_d82c51c9583f3cf5c0c7,202,16,0.4603960396039604,0.4751098096632504,300000000,1.0,0.6658415841584159,0.513177159590044,0.5988286969253295,1,False,0
0,ep_d82c51c9583f3cf5c0c7,203,16,0.4067656765676568,0.465592972181552,300000000,1.0,0.4933993399339934,0.5021961932650073,0.5988286969253295,1,False,0
0,ep_d82c51c9583f3cf5c0c7,204,17,0.3844884488448845,0.4326500732064421,300000000,1.0,0.4884488448844885,0.4838945827232797,0.5988286969253295,1,False,0
0,ep_d82c51c9583f3cf5c0c7,205,17,0.3671617161716171,0.4011713030746706,300000000,1.0,0.509075907590759,0.4546120058565154,0.5988286969253295,1,False,0
0,ep_d82c51c9583f3cf5c0c7,206,17,0.4801980198019802,0.4377745241581259,300000000,1.0,0.7334983498349835,0.5505124450951684,0.5988286969253295,1,False,0
0,ep_d82c51c9583f3cf5c0c7,207,17,0.5156765676567657,0.4575402635431918,300000000,1.0,0.7433993399339934,0.5190336749633968,0.5988286969253295,1,False,0
0,ep_d82c51c9583f3cf5c0c7,208,17,0.5156765676567657,0.5344070278184481,300000000,1.0,0.7698019801980198,0.5900439238653001,0.5988286969253295,1,False,0
0,ep_d82c51c9583f3cf5c0c7,209,17,0.5123762376237624,0.4597364568081991,300000000,1.0,0.8366336633663366,0.5322108345534406,0.5988286969253295,1,False,0
0,ep_d82c51c9583f3cf5c0c7,210,17,0.4801980198019802,0.4758418740849194,300000000,1.0,0.7260726072607261,0.5366032210834554,0.5988286969253295,1,False,0
0,ep_d82c51c9583f3cf5c0c7,211,17,0.5016501650165016,0.5146412884333821,300000000,1.0,0.8465346534653465,0.5915080527086384,0.5988286969253295,1,False,0
0,ep_d82c51c9583f3cf5c0c7,212,17,0.4496699669966996,0.4853587115666178,300000000,1.0,0.650990099009901,0.5885797950219619,0.5988286969253295,1,False,0
0,ep_d82c51c9583f3cf5c0c7,213,17,0.5156765676567657,0.4304538799414348,300000000,1.0,0.7755775577557755,0.513177159590044,0.5988286969253295,1,False,0
0,ep_d82c51c9583f3cf5c0c7,214,17,0.4455445544554455,0.4692532942898975,300000000,1.0,0.7475247524752475,0.5783308931185944,0.5988286969253295,1,False,0
0,ep_d82c51c9583f3cf5c0c7,215,17,0.4983498349834983,0.4582723279648609,300000000,1.0,0.7145214521452146,0.5300146412884333,0.5988286969253295,1,False,0
0,ep_d82c51c9583f3cf5c0c7,216,18,0.4513201320132013,0.45900439238653,300000000,1.0,0.7095709570957096,0.5629575402635432,0.5988286969253295,1,False,0
0,ep_d82c51c9583f3cf5c0c7,217,18,0.4991749174917492,0.4538799414348463,300000000,1.0,0.7136963696369637,0.54099560761347,0.5988286969253295,1,False,0
0,ep_d82c51c9583f3cf5c0c7,218,18,0.4422442244224422,0.5241581259150805,300000000,1.0,0.7805280528052805,0.5673499267935578,0.5988286969253295,1,False,0
0,ep_d82c51c9583f3cf5c0c7,219,18,0.3741749174917492,0.5578330893118595,300000000,1.0,0.7103960396039604,0.5922401171303074,0.5988286969253295,1,False,0
0,ep_d82c51c9583f3cf5c0c7,220,18,0.4711221122112211,0.4685212298682284,300000000,1.0,0.7029702970297029,0.5197657393850659,0.5988286969253295,1,False,0
0,ep_d82c51c9583f3cf5c0c7,221,18,0.5511551155115512,0.4377745241581259,300000000,1.0,0.7887788778877888,0.5146412884333821,0.5988286969253295,1,False,0
0,ep_d82c51c9583f3cf5c0c7,222,18,0.5396039603960396,0.4626647144948755,300000000,1.0,0.768976897689769,0.5190336749633968,0.5988286969253295,1,False,0
0,ep_d82c51c9583f3cf5c0c7,223,18,0.5206270627062707,0.4692532942898975,300000000,1.0,0.7054455445544554,0.5175695461200586,0.5988286969253295,1,False,0
0,ep_d82c51c9583f3cf5c0c7,224,18,0.4991749174917492,0.4494875549048316,300000000,1.0,0.7582508250825083,0.4992679355783309,0.5988286969253295,1,False,0
0,ep_d82c51c9583f3cf5c0c7,225,18,0.495049504950495,0.45900439238653,300000000,1.0,0.7524752475247525,0.5424597364568082,0.5988286969253295,1,False,0
0,ep_d82c51c9583f3cf5c0c7,226,18,0.5057755775577558,0.4502196193265007,300000000,1.0,0.7698019801980198,0.5073206442166911,0.5988286969253295,1,False,0
0,ep_d82c51c9583f3cf5c0c7,227,18,0.4405940594059406,0.4048316251830161,300000000,1.0,0.6476897689768977,0.4648609077598828,0.5988286969253295,1,False,0
0,ep_d82c51c9583f3cf5c0c7,228,19,0.4628712871287129,0.479502196193265,300000000,1.0,0.6740924092409241,0.5248901903367497,0.5988286969253295,1,False,0
0,ep_d82c51c9583f3cf5c0c7,229,19,0.4397689768976898,0.4502196193265007,300000000,1.0,0.8127062706270627,0.5541727672035139,0.5988286969253295,1,False,0
0,ep_d82c51c9583f3cf5c0c7,230,19,0.4133663366336633,0.4165446559297218,300000000,1.0,0.726897689768977,0.4670571010248902,0.5988286969253295,1,False,0
0,ep_d82c51c9583f3cf5c0c7,231,19,0.4038778877887788,0.4070278184480234,300000000,1.0,0.4735973597359736,0.4546120058565154,0.5988286969253295,1,False,0
0,ep_d82c51c9583f3cf5c0c7,232,19,0.4273927392739274,0.4743777452415813,300000000,1.0,0.5123762376237624,0.5563689604685212,0.5988286969253295,1,False,0
0,ep_d82c51c9583f3cf5c0c7,233,19,0.4405940594059406,0.5043923865300146,300000000,1.0,0.5033003300330033,0.5373352855051244,0.5988286969253295,1,False,0
0,ep_d82c51c9583f3cf5c0c7,234,19,0.4273927392739274,0.445095168374817,300000000,1.0,0.5024752475247525,0.513909224011713,0.5988286969253295,1,False,0
0,ep_d82c51c9583f3cf5c0c7,235,19,0.4356435643564356,0.4370424597364568,300000000,1.0,0.5033003300330033,0.472913616398243,0.5988286969253295,1,False,0
0,ep_d82c51c9583f3cf5c0c7,236,19,0.4430693069306931,0.4714494875549048,300000000,1.0,0.5041254125412541,0.5446559297218155,0.5988286969253295,1,False,0
0,ep_d82c51c9583f3cf5c0c7,237,19,0.4158415841584158,0.4553440702781844,300000000,1.0,0.4933993399339934,0.5153733528550513,0.5988286969253295,1,False,0
0,ep_d82c51c9583f3cf5c0c7,238,19,0.4405940594059406,0.5043923865300146,300000000,1.0,0.5107260726072608,0.5629575402635432,0.5988286969253295,1,False,0
0,ep_d82c51c9583f3cf5c0c7,239,19,0.4174917491749175,0.4890190336749634,300000000,1.0,0.4983498349834983,0.5402635431918009,0.5988286969253295,1,False,0
0,ep_d82c51c9583f3cf5c0c7,240,20,0.4162541254125412,0.4780380673499268,300000000,1.0,0.5173267326732673,0.5351390922401171,0.5988286969253295,1,False,0
0,ep_d82c51c9583f3cf5c0c7,241,20,0.4249174917491749,0.431918008784773,300000000,1.0,0.5148514851485149,0.4853587115666178,0.5988286969253295,1,False,0
0,ep_d82c51c9583f3cf5c0c7,242,20,0.4356435643564356,0.431185944363104,300000000,1.0,0.5016501650165016,0.486090775988287,0.5988286969253295,1,False,0
0,ep_d82c51c9583f3cf5c0c7,243,20,0.3943894389438944,0.4143484626647145,300000000,1.0,0.4867986798679868,0.4612005856515373,0.5988286969253295,1,False,0
0,ep_d82c51c9583f3cf5c0c7,244,20,0.3894389438943894,0.3953147877013177,300000000,1.0,0.4909240924092409,0.4699853587115666,0.5988286969253295,1,False,0
0,ep_d82c51c9583f3cf5c0c7,245,20,0.422029702970297,0.4472913616398243,300000000,1.0,0.4958745874587458,0.4816983894582723,0.5988286969253295,1,False,0
0,ep_d82c51c9583f3cf5c0c7,246,20,0.4323432343234323,0.4736456808199121,300000000,1.0,0.5206270627062707,0.5161054172767203,0.5988286969253295,1,False,0
0,ep_d82c51c9583f3cf5c0c7,247,20,0.4042904290429043,0.4202049780380673,300000000,1.0,0.5082508250825083,0.4685212298682284,0.5988286969253295,1,False,0
0,ep_d82c51c9583f3cf5c0c7,248,20,0.3906765676567656,0.4846266471449487,300000000,1.0,0.4546204620462046,0.5387994143484627,0.5988286969253295,1,False,0
0,ep_d82c51c9583f3cf5c0c7,249,20,0.4047029702970297,0.4436310395314787,300000000,1.0,0.4975247524752475,0.5175695461200586,0.5988286969253295,1,False,0
0,ep_d82c51c9583f3cf5c0c7,250,20,0.4059405940594059,0.431185944363104,300000000,1.0,0.4876237623762376,0.4882869692532943,0.5988286969253295,1,False,0
0,ep_d82c51c9583f3cf5c0c7,251,20,0.4092409240924092,0.431918008784773,300000000,1.0,0.495049504950495,0.4912152269399707,0.5988286969253295,1,False,0
0,ep_d82c51c9583f3cf5c0c7,252,21,0.4339933993399339,0.4516837481698389,300000000,1.0,0.5099009900990099,0.5,0.5988286969253295,1,False,0
0,ep_d82c51c9583f3cf5c0c7,253,21,0.4306930693069307,0.5095168374816984,300000000,1.0,0.5008250825082509,0.5600292825768668,0.5988286969253295,1,False,0
0,ep_d82c51c9583f3cf5c0c7,254,21,0.4496699669966996,0.5168374816983895,300000000,1.0,0.504950495049505,0.5922401171303074,0.5988286969253295,1,False,0
0,ep_d82c51c9583f3cf5c0c7,255,21,0.3873762376237624,0.493411420204978,300000000,1.0,0.4867986798679868,0.5366032210834554,0.5988286969253295,1,False,0
0,ep_d82c51c9583f3cf5c0c7,258,21,0.0013230326938943,0.0003545937042459,24051607,0.0801720233333333,0.0002304429661716,0.0019016517203513,0.5790629575402635,1,False,0
0,ep_dbb30e22e6d8cf68718f,0,0,0.1272689768976897,0.1019399707174231,300000000,1.0,0.1889438943894389,0.1034040995607613,0.1248169838945827,1,False,0
0,ep_dbb30e22e6d8cf68718f,1,0,0.1363448844884488,0.1023060029282576,300000000,1.0,0.2227722772277227,0.1034040995607613,0.1248169838945827,1,False,0
0,ep_dbb30e22e6d8cf68718f,2,0,0.1177805280528052,0.1019399707174231,300000000,1.0,0.2054455445544554,0.1034040995607613,0.1248169838945827,1,False,0
0,ep_dbb30e22e6d8cf68718f,3,0,0.1179867986798679,0.101207906295754,300000000,1.0,0.1864686468646864,0.1026720351390922,0.1248169838945827,1,False,0
0,ep_dbb30e22e6d8cf68718f,4,0,0.139026402640264,0.1024890190336749,300000000,1.0,0.2211221122112211,0.1037701317715959,0.1248169838945827,1,False,0
0,ep_dbb30e22e6d8cf68718f,5,0,0.0987004950495049,0.0962664714494875,300000000,1.0,0.1938943894389438,0.1024890190336749,0.1248169838945827,1,False,0
0,ep_dbb30e22e6d8cf68718f,6,0,0.1030321782178217,0.1015739385065885,300000000,1.0,0.1641914191419141,0.1034040995607613,0.1248169838945827,1,False,0
0,ep_dbb30e22e6d8cf68718f,7,0,0.0951938943894389,0.1023060029282576,300000000,1.0,0.1592409240924092,0.1037701317715959,0.1248169838945827,1,False,0
0,ep_dbb30e22e6d8cf68718f,8,0,0.1082920792079207,0.1019399707174231,300000000,1.0,0.1850247524752475,0.1035871156661786,0.1248169838945827,1,False,0
0,ep_dbb30e22e6d8cf68718f,9,0,0.1219059405940594,0.1021229868228404,300000000,1.0,0.1891501650165016,0.1034040995607613,0.1248169838945827,1,False,0
0,ep_dbb30e22e6d8cf68718f,10,0,0.1033415841584158,0.1021229868228404,300000000,1.0,0.1714108910891089,0.1039531478770131,0.1248169838945827,1,False,0
0,ep_dbb30e22e6d8cf68718f,11,0,0.1017945544554455,0.1021229868228404,300000000,1.0,0.1714108910891089,0.1037701317715959,0.1248169838945827,1,False,0
0,ep_dbb30e22e6d8cf68718f,12,1,0.1124174917491749,0.1028550512445095,300000000,1.0,0.208539603960396,0.1037701317715959,0.1248169838945827,1,False,0
0,ep_dbb30e22e6d8cf68718f,13,1,0.090552805280528,0.1026720351390922,300000000,1.0,0.1598597359735973,0.1037701317715959,0.1248169838945827,1,False,0
0,ep_dbb30e22e6d8cf68718f,14,1,0.0933374587458745,0.1021229868228404,300000000,1.0,0.1592409240924092,0.1037701317715959,0.1248169838945827,1,False,0
0,ep_dbb30e22e6d8cf68718f,15,1,0.0951938943894389,0.1021229868228404,300000000,1.0,0.1606848184818481,0.1037701317715959,0.1248169838945827,1,False,0
0,ep_dbb30e22e6d8cf68718f,16,1,0.0960189768976897,0.1023060029282576,300000000,1.0,0.1767739273927392,0.1039531478770131,0.1248169838945827,1,False,0
0,ep_dbb30e22e6d8cf68718f,17,1,0.1053011551155115,0.1024890190336749,300000000,1.0,0.1841996699669967,0.1039531478770131,0.1248169838945827,1,False,0
0,ep_dbb30e22e6d8cf68718f,18,1,0.1157178217821782,0.1024890190336749,300000000,1.0,0.1912128712871287,0.1037701317715959,0.1248169838945827,1,False,0
0,ep_dbb30e22e6d8cf68718f,19,1,0.1142739273927392,0.1024890190336749,300000000,1.0,0.1893564356435643,0.1039531478770131,0.1248169838945827,1,False,0
0,ep_dbb30e22e6d8cf68718f,20,1,0.1316006600660066,0.1026720351390922,300000000,1.0,0.201526402640264,0.1037701317715959,0.1248169838945827,1,False,0
0,ep_dbb30e22e6d8cf68718f,21,1,0.1377887788778878,0.1024890190336749,300000000,1.0,0.2149339933993399,0.1037701317715959,0.1248169838945827,1,False,0
0,ep_dbb30e22e6d8cf68718f,22,1,0.1210808580858085,0.1019399707174231,300000000,1.0,0.1982260726072607,0.1037701317715959,0.1248169838945827,1,False,0
0,ep_dbb30e22e6d8cf68718f,23,1,0.1051980198019802,0.1024890190336749,300000000,1.0,0.1808993399339934,0.1034040995607613,0.1248169838945827,1,False,0
0,ep_dbb30e22e6d8cf68718f,24,2,0.0950907590759076,0.1021229868228404,300000000,1.0,0.1656353135313531,0.103221083455344,0.1248169838945827,1,False,0
0,ep_dbb30e22e6d8cf68718f,25,2,0.1111798679867986,0.1023060029282576,300000000,1.0,0.1823432343234323,0.1030380673499267,0.1248169838945827,1,False,0
0,ep_dbb30e22e6d8cf68718f,26,2,0.1159240924092409,0.1024890190336749,300000000,1.0,0.1718234323432343,0.103221083455344,0.1248169838945827,1,False,0
0,ep_dbb30e22e6d8cf68718f,27,2,0.0997318481848184,0.1021229868228404,300000000,1.0,0.191006600660066,0.1035871156661786,0.1248169838945827,1,False,0
0,ep_dbb30e22e6d8cf68718f,28,2,0.0998349834983498,0.1023060029282576,300000000,1.0,0.1553217821782178,0.1039531478770131,0.1248169838945827,1,False,0
0,ep_dbb30e22e6d8cf68718f,29,2,0.0928217821782178,0.1028550512445095,300000000,1.0,0.1520214521452145,0.1037701317715959,0.1248169838945827,1,False,0
0,ep_dbb30e22e6d8cf68718f,30,2,0.1050948844884488,0.1024890190336749,300000000,1.0,0.1848184818481848,0.1035871156661786,0.1248169838945827,1,False,0
0,ep_dbb30e22e6d8cf68718f,31,2,0.0981848184818481,0.1024890190336749,300000000,1.0,0.1592409240924092,0.1037701317715959,0.1248169838945827,1,False,0
0,ep_dbb30e22e6d8cf68718f,32,2,0.0949876237623762,0.1019399707174231,300000000,1.0,0.1771864686468647,0.1037701317715959,0.1248169838945827,1,False,0
0,ep_dbb30e22e6d8cf68718f,33,2,0.1009694719471947,0.1019399707174231,300000000,1.0,0.1648102310231023,0.1035871156661786,0.1248169838945827,1,False,0
0,ep_dbb30e22e6d8cf68718f,34,2,0.1020008250825082,0.1024890190336749,300000000,1.0,0.165016501650165,0.1037701317715959,0.1248169838945827,1,False,0
0,ep_dbb30e22e6d8cf68718f,35,2,0.1099422442244224,0.1026720351390922,300000000,1.0,0.1936881188118812,0.1037701317715959,0.1248169838945827,1,False,0
0,ep_dbb30e22e6d8cf68718f,36,3,0.1044760726072607,0.1024890190336749,300000000,1.0,0.1613036303630363,0.1037701317715959,0.1248169838945827,1,False,0
0,ep_dbb30e22e6d8cf68718f,37,3,0.1001443894389439,0.1019399707174231,300000000,1.0,0.1596534653465346,0.1037701317715959,0.1248169838945827,1,False,0
0,ep_dbb30e22e6d8cf68718f,38,3,0.0978754125412541,0.1026720351390922,300000000,1.0,0.163572607260726,0.1037701317715959,0.1248169838945827,1,False,0
0,ep_dbb30e22e6d8cf68718f,39,3,0.1101485148514851,0.1021229868228404,300000000,1.0,0.2007013201320132,0.1037701317715959,0.1248169838945827,1,False,0
0,ep_dbb30e22e6d8cf68718f,40,3,0.0985973597359736,0.1019399707174231,300000000,1.0,0.1555280528052805,0.1039531478770131,0.1248169838945827,1,False,0
0,ep_dbb30e22e6d8cf68718f,41,3,0.0982879537953795,0.1013909224011713,300000000,1.0,0.179042904290429,0.1028550512445095,0.1248169838945827,1,False,0
0,ep_dbb30e22e6d8cf68718f,42,3,0.1058168316831683,0.1019399707174231,300000000,1.0,0.1823432343234323,0.1037701317715959,0.1248169838945827,1,False,0
0,ep_dbb30e22e6d8cf68718f,43,3,0.1087046204620462,0.1021229868228404,300000000,1.0,0.1714108910891089,0.1035871156661786,0.1248169838945827,1,False,0
0,ep_dbb30e22e6d8cf68718f,44,3,0.1055074257425742,0.1021229868228404,300000000,1.0,0.1974009900990099,0.1035871156661786,0.1248169838945827,1,False,0
0,ep_dbb30e22e6d8cf68718f,45,3,0.1122112211221122,0.1024890190336749,300000000,1.0,0.1794554455445544,0.1037701317715959,0.1248169838945827,1,False,0
0,ep_dbb30e22e6d8cf68718f,46,3,0.1216996699669967,0.1028550512445095,300000000,1.0,0.2277227722772277,0.1037701317715959,0.1248169838945827,1,False,0
0,ep_dbb30e22e6d8cf68718f,47,3,0.1313943894389438,0.1026720351390922,300000000,1.0,0.1984323432343234,0.1037701317715959,0.1248169838945827,1,False,0
0,ep_dbb30e22e6d8cf68718f,48,4,0.1252062706270627,0.1024890190336749,300000000,1.0,0.1959570957095709,0.1034040995607613,0.1248169838945827,1,False,0
0,ep_dbb30e22e6d8cf68718f,49,4,0.1087046204620462,0.1017569546120058,300000000,1.0,0.1912128712871287,0.1037701317715959,0.1248169838945827,1,False,0
0,ep_dbb30e22e6d8cf68718f,50,4,0.1183993399339934,0.1023060029282576,300000000,1.0,0.1757425742574257,0.1037701317715959,0.1248169838945827,1,False,0
0,ep_dbb30e22e6d8cf68718f,51,4,0.1111798679867986,0.1024890190336749,300000000,1.0,0.1802805280528052,0.1039531478770131,0.1248169838945827,1,False,0
0,ep_dbb30e22e6d8cf68718f,52,4,0.1111798679867986,0.1026720351390922,300000000,1.0,0.1817244224422442,0.1037701317715959,0.1248169838945827,1,False,0
0,ep_dbb30e22e6d8cf68718f,53,4,0.1225247524752475,0.1028550512445095,300000000,1.0,0.1852310231023102,0.1039531478770131,0.1248169838945827,1,False,0
0,ep_dbb30e22e6d8cf68718f,54,4,0.1241749174917491,0.1026720351390922,300000000,1.0,0.1782178217821782,0.1037701317715959,0.1248169838945827,1,False,0
0,ep_dbb30e22e6d8cf68718f,55,4,0.1258250825082508,0.1026720351390922,300000000,1.0,0.1934818481848184,0.1037701317715959,0.1248169838945827,1,False,0
0,ep_dbb30e22e6d8cf68718f,56,4,0.1303630363036303,0.1026720351390922,300000000,1.0,0.2235973597359736,0.1037701317715959,0.1248169838945827,1,False,0
0,ep_dbb30e22e6d8cf68718f,57,4,0.1359323432343234,0.1026720351390922,300000000,1.0,0.2322607260726072,0.1037701317715959,0.1248169838945827,1,False,0
0,ep_dbb30e22e6d8cf68718f,58,4,0.1167491749174917,0.1021229868228404,300000000,1.0,0.1971947194719472,0.1037701317715959,0.1248169838945827,1,False,0
0,ep_dbb30e22e6d8cf68718f,59,4,0.1064356435643564,0.1026720351390922,300000000,1.0,0.2062706270627062,0.1037701317715959,0.1248169838945827,1,False,0
0,ep_dbb30e22e6d8cf68718f,60,5,0.1155115511551155,0.1026720351390922,300000000,1.0,0.2077145214521452,0.1037701317715959,0.1248169838945827,1,False,0
0,ep_dbb30e22e6d8cf68718f,61,5,0.1283003300330033,0.1026720351390922,300000000,1.0,0.212046204620462,0.1035871156661786,0.1248169838945827,1,False,0
0,ep_dbb30e22e6d8cf68718f,62,5,0.1266501650165016,0.1026720351390922,300000000,1.0,0.2070957095709571,0.1037701317715959,0.1248169838945827,1,False,0
0,ep_dbb30e22e6d8cf68718f,63,5,0.1202557755775577,0.1023060029282576,300000000,1.0,0.2056518151815181,0.1035871156661786,0.1248169838945827,1,False,0
0,ep_dbb30e22e6d8cf68718f,64,5,0.1219059405940594,0.1028550512445095,300000000,1.0,0.1974009900990099,0.1037701317715959,0.1248169838945827,1,False,0
0,ep_dbb30e22e6d8cf68718f,65,5,0.1204620462046204,0.1026720351390922,300000000,1.0,0.2124587458745874,0.1037701317715959,0.1248169838945827,1,False,0
0,ep_dbb30e22e6d8cf68718f,66,5,0.1272689768976897,0.1030380673499267,300000000,1.0,0.2101897689768977,0.1037701317715959,0.1248169838945827,1,False,0
0,ep_dbb30e22e6d8cf68718f,67,5,0.1427392739273927,0.1028550512445095,300000000,1.0,0.2215346534653465,0.1037701317715959,0.1248169838945827,1,False,0
0,ep_dbb30e22e6d8cf68718f,68,5,0.1093234323432343,0.1002928257686676,300000000,1.0,0.172029702970297,0.1037701317715959,0.1248169838945827,1,False,0
0,ep_dbb30e22e6d8cf68718f,69,5,0.0969471947194719,0.1015739385065885,300000000,1.0,0.161509900990099,0.1023060029282576,0.1248169838945827,1,False,0
0,ep_dbb30e22e6d8cf68718f,70,5,0.1287128712871287,0.1028550512445095,300000000,1.0,0.2058580858085808,0.1039531478770131,0.1248169838945827,1,False,0
0,ep_dbb30e22e6d8cf68718f,71,5,0.1163366336633663,0.1026720351390922,300000000,1.0,0.182549504950495,0.1037701317715959,0.1248169838945827,1,False,0
0,ep_dbb30e22e6d8cf68718f,72,6,0.1229372937293729,0.1028550512445095,300000000,1.0,0.2079207920792079,0.1037701317715959,0.1248169838945827,1,False,0
0,ep_dbb30e22e6d8cf68718f,73,6,0.1202557755775577,0.1024890190336749,300000000,1.0,0.1875,0.1039531478770131,0.1248169838945827,1,False,0
0,ep_dbb30e22e6d8cf68718f,74,6,0.1332508250825082,0.1026720351390922,300000000,1.0,0.191006600660066,0.1037701317715959,0.1248169838945827,1,False,0
0,ep_dbb30e22e6d8cf68718f,75,6,0.1295379537953795,0.1026720351390922,300000000,1.0,0.2044141914191419,0.1035871156661786,0.1248169838945827,1,False,0
0,ep_dbb30e22e6d8cf68718f,76,6,0.1301567656765676,0.1030380673499267,300000000,1.0,0.2483498349834983,0.1039531478770131,0.1248169838945827,1,False,0
0,ep_dbb30e22e6d8cf68718f,77,6,0.095812706270627,0.1013909224011713,300000000,1.0,0.1522277227722772,0.1034040995607613,0.1248169838945827,1,False,0
0,ep_dbb30e22e6d8cf68718f,78,6,0.1050948844884488,0.1024890190336749,300000000,1.0,0.1516089108910891,0.1034040995607613,0.1248169838945827,1,False,0
0,ep_dbb30e22e6d8cf68718f,79,6,0.1037541254125412,0.1024890190336749,300000000,1.0,0.1866749174917491,0.1037701317715959,0.1248169838945827,1,False,0
0,ep_dbb30e22e6d8cf68718f,80,6,0.102516501650165,0.1026720351390922,300000000,1.0,0.1769801980198019,0.1037701317715959,0.1248169838945827,1,False,0
0,ep_dbb30e22e6d8cf68718f,81,6,0.1016914191419142,0.1024890190336749,300000000,1.0,0.1771864686468647,0.1037701317715959,0.1248169838945827,1,False,0
0,ep_dbb30e22e6d8cf68718f,82,6,0.1091171617161716,0.1021229868228404,300000000,1.0,0.1761551155115511,0.1034040995607613,0.1248169838945827,1,False,0
0,ep_dbb30e22e6d8cf68718f,83,6,0.1225247524752475,0.1024890190336749,300000000,1.0,0.2231848184818481,0.1037701317715959,0.1248169838945827,1,False,0
0,ep_dbb30e22e6d8cf68718f,84,7,0.1316006600660066,0.1030380673499267,300000000,1.0,0.193069306930693,0.1037701317715959,0.1248169838945827,1,False,0
0,ep_dbb30e22e6d8cf68718f,85,7,0.1132425742574257,0.1024890190336749,300000000,1.0,0.2058580858085808,0.1037701317715959,0.1248169838945827,1,False,0
0,ep_dbb30e22e6d8cf68718f,86,7,0.1018976897689769,0.1021229868228404,300000000,1.0,0.2004950495049505,0.1034040995607613,0.1248169838945827,1,False,0
0,ep_dbb30e22e6d8cf68718f,87,7,0.1113861386138613,0.1023060029282576,300000000,1.0,0.1872937293729372,0.103221083455344,0.1248169838945827,1,False,0
0,ep_dbb30e22e6d8cf68718f,88,7,0.1144801980198019,0.1026720351390922,300000000,1.0,0.2351485148514851,0.103221083455344,0.1248169838945827,1,False,0
0,ep_dbb30e22e6d8cf68718f,89,7,0.1231435643564356,0.1023060029282576,300000000,1.0,0.1813118811881188,0.1037701317715959,0.1248169838945827,1,False,0
0,ep_dbb30e22e6d8cf68718f,90,7,0.120049504950495,0.1026720351390922,300000000,1.0,0.1751237623762376,0.1037701317715959,0.1248169838945827,1,False,0
0,ep_dbb30e22e6d8cf68718f,91,7,0.1212871287128712,0.1028550512445095,300000000,1.0,0.1938943894389438,0.1037701317715959,0.1248169838945827,1,False,0
0,ep_dbb30e22e6d8cf68718f,92,7,0.1177805280528052,0.1026720351390922,300000000,1.0,0.1769801980198019,0.1037701317715959,0.1248169838945827,1,False,0
0,ep_dbb30e22e6d8cf68718f,93,7,0.1219059405940594,0.1023060029282576,300000000,1.0,0.1823432343234323,0.1037701317715959,0.1248169838945827,1,False,0
0,ep_dbb30e22e6d8cf68718f,94,7,0.1169554455445544,0.1023060029282576,300000000,1.0,0.1934818481848184,0.1035871156661786,0.1248169838945827,1,False,0
0,ep_dbb30e22e6d8cf68718f,95,7,0.1297442244224422,0.1028550512445095,300000000,1.0,0.252062706270627,0.1037701317715959,0.1248169838945827,1,False,0
0,ep_dbb30e22e6d8cf68718f,96,8,0.1221122112211221,0.1024890190336749,300000000,1.0,0.2099834983498349,0.1039531478770131,0.1248169838945827,1,False,0
0,ep_dbb30e22e6d8cf68718f,97,8,0.1223184818481848,0.1028550512445095,300000000,1.0,0.2044141914191419,0.1037701317715959,0.1248169838945827,1,False,0
0,ep_dbb30e22e6d8cf68718f,98,8,0.1173679867986798,0.1024890190336749,300000000,1.0,0.1749174917491749,0.1037701317715959,0.1248169838945827,1,False,0
0,ep_dbb30e22e6d8cf68718f,99,8,0.1066419141914191,0.1026720351390922,300000000,1.0,0.1701732673267326,0.1035871156661786,0.1248169838945827,1,False,0
0,ep_dbb30e22e6d8cf68718f,100,8,0.1082920792079207,0.1024890190336749,300000000,1.0,0.1934818481848184,0.1037701317715959,0.1248169838945827,1,False,0
0,ep_dbb30e22e6d8cf68718f,101,8,0.1163366336633663,0.1028550512445095,300000000,1.0,0.2161716171617161,0.1039531478770131,0.1248169838945827,1,False,0
0,ep_dbb30e22e6d8cf68718f,102,8,0.1241749174917491,0.1028550512445095,300000000,1.0,0.1951320132013201,0.1037701317715959,0.1248169838945827,1,False,0
0,ep_dbb30e22e6d8cf68718f,103,8,0.1124174917491749,0.1023060029282576,300000000,1.0,0.1918316831683168,0.1039531478770131,0.1248169838945827,1,False,0
0,ep_dbb30e22e6d8cf68718f,104,8,0.1058168316831683,0.1023060029282576,300000000,1.0,0.1773927392739274,0.1035871156661786,0.1248169838945827,1,False,0
0,ep_dbb30e22e6d8cf68718f,105,8,0.1032384488448844,0.1021229868228404,300000000,1.0,0.172029702970297,0.1024890190336749,0.1248169838945827,1,False,0
0,ep_dbb30e22e6d8cf68718f,106,8,0.1074669966996699,0.1021229868228404,300000000,1.0,0.2334983498349835,0.103221083455344,0.1248169838945827,1,False,0
0,ep_dbb30e22e6d8cf68718f,107,8,0.1074669966996699,0.1028550512445095,300000000,1.0,0.1553217821782178,0.1035871156661786,0.1248169838945827,1,False,0
0,ep_dbb30e22e6d8cf68718f,108,9,0.108085808580858,0.1026720351390922,300000000,1.0,0.212046204620462,0.1037701317715959,0.1248169838945827,1,False,0
0,ep_dbb30e22e6d8cf68718f,109,9,0.1111798679867986,0.1030380673499267,300000000,1.0,0.1714108910891089,0.1037701317715959,0.1248169838945827,1,False,0
0,ep_dbb30e22e6d8cf68718f,110,9,0.1039603960396039,0.1028550512445095,300000000,1.0,0.1569719471947194,0.1037701317715959,0.1248169838945827,1,False,0
0,ep_dbb30e22e6d8cf68718f,111,9,0.1034447194719472,0.1024890190336749,300000000,1.0,0.1693481848184818,0.1035871156661786,0.1248169838945827,1,False,0
0,ep_dbb30e22e6d8cf68718f,112,9,0.0935437293729373,0.1019399707174231,300000000,1.0,0.1567656765676567,0.1026720351390922,0.1248169838945827,1,False,0
0,ep_dbb30e22e6d8cf68718f,113,9,0.0893151815181518,0.1021229868228404,300000000,1.0,0.1448019801980198,0.1035871156661786,0.1248169838945827,1,False,0
0,ep_dbb30e22e6d8cf68718f,114,9,0.0917904290429042,0.1023060029282576,300000000,1.0,0.1586221122112211,0.1034040995607613,0.1248169838945827,1,False,0
0,ep_dbb30e22e6d8cf68718f,115,9,0.1023102310231023,0.1030380673499267,300000000,1.0,0.1858498349834983,0.1039531478770131,0.1248169838945827,1,False,0
0,ep_dbb30e22e6d8cf68718f,116,9,0.1070544554455445,0.1023060029282576,300000000,1.0,0.1588283828382838,0.1037701317715959,0.1248169838945827,1,False,0
0,ep_dbb30e22e6d8cf68718f,117,9,0.1004537953795379,0.1024890190336749,300000000,1.0,0.2007013201320132,0.1039531478770131,0.1248169838945827,1,False,0
0,ep_dbb30e22e6d8cf68718f,118,9,0.0901402640264026,0.1017569546120058,300000000,1.0,0.1648102310231023,0.1021229868228404,0.1248169838945827,1,False,0
0,ep_dbb30e22e6d8cf68718f,119,9,0.1041666666666666,0.1026720351390922,300000000,1.0,0.1926567656765676,0.1035871156661786,0.1248169838945827,1,False,0
0,ep_dbb30e22e6d8cf68718f,120,10,0.106023102310231,0.1026720351390922,300000000,1.0,0.1992574257425742,0.1037701317715959,0.1248169838945827,1,False,0
0,ep_dbb30e22e6d8cf68718f,121,10,0.0941625412541254,0.1030380673499267,300000000,1.0,0.1679042904290429,0.1037701317715959,0.1248169838945827,1,False,0
0,ep_dbb30e22e6d8cf68718f,122,10,0.0967409240924092,0.1024890190336749,300000000,1.0,0.1732673267326732,0.1039531478770131,0.1248169838945827,1,False,0
0,ep_dbb30e22e6d8cf68718f,123,10,0.0966377887788778,0.1023060029282576,300000000,1.0,0.1658415841584158,0.1037701317715959,0.1248169838945827,1,False,0
0,ep_dbb30e22e6d8cf68718f,124,10,0.1031353135313531,0.1023060029282576,300000000,1.0,0.1619224422442244,0.1034040995607613,0.1248169838945827,1,False,0
0,ep_dbb30e22e6d8cf68718f,125,10,0.0981848184818481,0.1024890190336749,300000000,1.0,0.1458333333333333,0.1037701317715959,0.1248169838945827,1,False,0
0,ep_dbb30e22e6d8cf68718f,126,10,0.1055074257425742,0.1023060029282576,300000000,1.0,0.1633663366336633,0.1034040995607613,0.1248169838945827,1,False,0
0,ep_dbb30e22e6d8cf68718f,127,10,0.095812706270627,0.1024890190336749,300000000,1.0,0.1697607260726072,0.1037701317715959,0.1248169838945827,1,False,0
0,ep_dbb30e22e6d8cf68718f,128,10,0.092306105610561,0.1019399707174231,300000000,1.0,0.1734735973597359,0.1030380673499267,0.1248169838945827,1,False,0
0,ep_dbb30e22e6d8cf68718f,129,10,0.0804455445544554,0.1023060029282576,300000000,1.0,0.1233498349834983,0.1034040995607613,0.1248169838945827,1,False,0
0,ep_dbb30e22e6d8cf68718f,130,10,0.106023102310231,0.1026720351390922,300000000,1.0,0.1875,0.1035871156661786,0.1248169838945827,1,False,0
0,ep_dbb30e22e6d8cf68718f,131,10,0.1120049504950495,0.1026720351390922,300000000,1.0,0.1918316831683168,0.1039531478770131,0.1248169838945827,1,False,0
0,ep_dbb30e22e6d8cf68718f,132,11,0.0992161716171617,0.1023060029282576,300000000,1.0,0.1848184818481848,0.1039531478770131,0.1248169838945827,1,False,0
0,ep_dbb30e22e6d8cf68718f,133,11,0.0988036303630363,0.1024890190336749,300000000,1.0,0.1718234323432343,0.1037701317715959,0.1248169838945827,1,False,0
0,ep_dbb30e22e6d8cf68718f,134,11,0.0898308580858085,0.1024890190336749,300000000,1.0,0.1648102310231023,0.1037701317715959,0.1248169838945827,1,False,0
0,ep_dbb30e22e6d8cf68718f,135,11,0.0925123762376237,0.1024890190336749,300000000,1.0,0.1408828382838284,0.1039531478770131,0.1248169838945827,1,False,0
0,ep_dbb30e22e6d8cf68718f,136,11,0.0930280528052805,0.1021229868228404,300000000,1.0,0.1862623762376237,0.1034040995607613,0.1248169838945827,1,False,0
0,ep_dbb30e22e6d8cf68718f,137,11,0.1011757425742574,0.1028550512445095,300000000,1.0,0.1773927392739274,0.1035871156661786,0.1248169838945827,1,False,0
0,ep_dbb30e22e6d8cf68718f,138,11,0.0763201320132013,0.1023060029282576,300000000,1.0,0.1514026402640264,0.1037701317715959,0.1248169838945827,1,False,0
0,ep_dbb30e22e6d8cf68718f,139,11,0.1022070957095709,0.1017569546120058,300000000,1.0,0.1912128712871287,0.103221083455344,0.1248169838945827,1,False,0
0,ep_dbb30e22e6d8cf68718f,140,11,0.1155115511551155,0.1028550512445095,300000000,1.0,0.2124587458745874,0.1039531478770131,0.1248169838945827,1,False,0
0,ep_dbb30e22e6d8cf68718f,141,11,0.0944719471947194,0.099926793557833,300000000,1.0,0.1641914191419141,0.1019399707174231,0.1248169838945827,1,False,0
0,ep_dbb30e22e6d8cf68718f,142,11,0.108085808580858,0.1026720351390922,300000000,1.0,0.1821369636963696,0.1037701317715959,0.1248169838945827,1,False,0
0,ep_dbb30e22e6d8cf68718f,143,11,0.0939562706270627,0.0991947291361639,300000000,1.0,0.1996699669966996,0.1039531478770131,0.1248169838945827,1,False,0
0,ep_dbb30e22e6d8cf68718f,144,12,0.0998349834983498,0.1015739385065885,300000000,1.0,0.1577970297029703,0.1024890190336749,0.1248169838945827,1,False,0
0,ep_dbb30e22e6d8cf68718f,145,12,0.0998349834983498,0.1026720351390922,300000000,1.0,0.1604785478547855,0.1035871156661786,0.1248169838945827,1,False,0
0,ep_dbb30e22e6d8cf68718f,146,12,0.0872524752475247,0.1024890190336749,300000000,1.0,0.1656353135313531,0.1034040995607613,0.1248169838945827,1,False,0
0,ep_dbb30e22e6d8cf68718f,147,12,0.1036509900990099,0.1021229868228404,300000000,1.0,0.1844059405940594,0.103221083455344,0.1248169838945827,1,False,0
0,ep_dbb30e22e6d8cf68718f,148,12,0.0959158415841584,0.1024890190336749,300000000,1.0,0.1742986798679868,0.103221083455344,0.1248169838945827,1,False,0
0,ep_dbb30e22e6d8cf68718f,149,12,0.0938531353135313,0.1017569546120058,300000000,1.0,0.1763613861386138,0.1030380673499267,0.1248169838945827,1,False,0
0,ep_dbb30e22e6d8cf68718f,150,12,0.0982879537953795,0.1019399707174231,300000000,1.0,0.1691419141914191,0.1028550512445095,0.1248169838945827,1,False,0
0,ep_dbb30e22e6d8cf68718f,151,12,0.1136551155115511,0.1034040995607613,300000000,1.0,0.1751237623762376,0.1037701317715959,0.1248169838945827,1,False,0
0,ep_dbb30e22e6d8cf68718f,152,12,0.099009900990099,0.1021229868228404,300000000,1.0,0.1610973597359736,0.1037701317715959,0.1248169838945827,1,False,0
0,ep_dbb30e22e6d8cf68718f,153,12,0.0938531353135313,0.1017569546120058,300000000,1.0,0.1852310231023102,0.1028550512445095,0.1248169838945827,1,False,0
0,ep_dbb30e22e6d8cf68718f,154,12,0.1044760726072607,0.1026720351390922,300000000,1.0,0.2058580858085808,0.1035871156661786,0.1248169838945827,1,False,0
0,ep_dbb30e22e6d8cf68718f,155,12,0.1146864686468646,0.1028550512445095,300000000,1.0,0.1829620462046204,0.1037701317715959,0.1248169838945827,1,False,0
0,ep_dbb30e22e6d8cf68718f,156,13,0.1049917491749174,0.1030380673499267,300000000,1.0,0.1941006600660066,0.1037701317715959,0.1248169838945827,1,False,0
0,ep_dbb30e22e6d8cf68718f,157,13,0.0859117161716171,0.1030380673499267,300000000,1.0,0.1472772277227722,0.1037701317715959,0.1248169838945827,1,False,0
0,ep_dbb30e22e6d8cf68718f,158,13,0.111592409240924,0.1024890190336749,300000000,1.0,0.2002887788778878,0.1037701317715959,0.1248169838945827,1,False,0
0,ep_dbb30e22e6d8cf68718f,159,13,0.0980816831683168,0.1019399707174231,300000000,1.0,0.1870874587458746,0.1028550512445095,0.1248169838945827,1,False,0
0,ep_dbb30e22e6d8cf68718f,160,13,0.0994224422442244,0.1026720351390922,300000000,1.0,0.1666666666666666,0.1035871156661786,0.1248169838945827,1,False,0
0,ep_dbb30e22e6d8cf68718f,161,13,0.1058168316831683,0.103221083455344,300000000,1.0,0.1714108910891089,0.1039531478770131,0.1248169838945827,1,False,0
0,ep_dbb30e22e6d8cf68718f,162,13,0.095503300330033,0.1013909224011713,300000000,1.0,0.1540841584158415,0.1023060029282576,0.1248169838945827,1,False,0
0,ep_dbb30e22e6d8cf68718f,163,13,0.1091171617161716,0.1028550512445095,300000000,1.0,0.194513201320132,0.1035871156661786,0.1248169838945827,1,False,0
0,ep_dbb30e22e6d8cf68718f,164,13,0.1023102310231023,0.1030380673499267,300000000,1.0,0.1813118811881188,0.1037701317715959,0.1248169838945827,1,False,0
0,ep_dbb30e22e6d8cf68718f,165,13,0.1048886138613861,0.1024890190336749,300000000,1.0,0.1738861386138613,0.1037701317715959,0.1248169838945827,1,False,0
0,ep_dbb30e22e6d8cf68718f,166,13,0.1058168316831683,0.1028550512445095,300000000,1.0,0.2376237623762376,0.1037701317715959,0.1248169838945827,1,False,0
0,ep_dbb30e22e6d8cf68718f,167,13,0.1144801980198019,0.1028550512445095,300000000,1.0,0.1866749174917491,0.1037701317715959,0.1248169838945827,1,False,0
0,ep_dbb30e22e6d8cf68718f,168,14,0.116542904290429,0.1026720351390922,300000000,1.0,0.1889438943894389,0.1037701317715959,0.1248169838945827,1,False,0
0,ep_dbb30e22e6d8cf68718f,169,14,0.0989067656765676,0.1026720351390922,300000000,1.0,0.1652227722772277,0.1037701317715959,0.1248169838945827,1,False,0
0,ep_dbb30e22e6d8cf68718f,170,14,0.1024133663366336,0.1028550512445095,300000000,1.0,0.1893564356435643,0.1039531478770131,0.1248169838945827,1,False,0
0,ep_dbb30e22e6d8cf68718f,171,14,0.1034447194719472,0.1024890190336749,300000000,1.0,0.1730610561056105,0.1035871156661786,0.1248169838945827,1,False,0
0,ep_dbb30e22e6d8cf68718f,172,14,0.1223184818481848,0.103221083455344,300000000,1.0,0.1881188118811881,0.1037701317715959,0.1248169838945827,1,False,0
0,ep_dbb30e22e6d8cf68718f,173,14,0.1082920792079207,0.1023060029282576,300000000,1.0,0.1844059405940594,0.1039531478770131,0.1248169838945827,1,False,0
0,ep_dbb30e22e6d8cf68718f,174,14,0.1117986798679868,0.1030380673499267,300000000,1.0,0.1891501650165016,0.1037701317715959,0.1248169838945827,1,False,0
0,ep_dbb30e22e6d8cf68718f,175,14,0.1056105610561056,0.1024890190336749,300000000,1.0,0.180486798679868,0.1037701317715959,0.1248169838945827,1,False,0
0,ep_dbb30e22e6d8cf68718f,176,14,0.1038572607260726,0.1028550512445095,300000000,1.0,0.1662541254125412,0.1039531478770131,0.1248169838945827,1,False,0
0,ep_dbb30e22e6d8cf68718f,177,14,0.0981848184818481,0.1028550512445095,300000000,1.0,0.1938943894389438,0.1037701317715959,0.1248169838945827,1,False,0
0,ep_dbb30e22e6d8cf68718f,178,14,0.109529702970297,0.1026720351390922,300000000,1.0,0.1833745874587458,0.1037701317715959,0.1248169838945827,1,False,0
0,ep_dbb30e22e6d8cf68718f,179,14,0.1023102310231023,0.1030380673499267,300000000,1.0,0.1658415841584158,0.1037701317715959,0.1248169838945827,1,False,0
0,ep_dbb30e22e6d8cf68718f,180,15,0.0984942244224422,0.1026720351390922,300000000,1.0,0.1549092409240924,0.1037701317715959,0.1248169838945827,1,False,0
0,ep_dbb30e22e6d8cf68718f,181,15,0.0988036303630363,0.1026720351390922,300000000,1.0,0.1753300330033003,0.1037701317715959,0.1248169838945827,1,False,0
0,ep_dbb30e22e6d8cf68718f,182,15,0.108085808580858,0.1030380673499267,300000000,1.0,0.1697607260726072,0.1037701317715959,0.1248169838945827,1,False,0
0,ep_dbb30e22e6d8cf68718f,183,15,0.1134488448844884,0.1024890190336749,300000000,1.0,0.1662541254125412,0.1039531478770131,0.1248169838945827,1,False,0
0,ep_dbb30e22e6d8cf68718f,184,15,0.1268564356435643,0.1023060029282576,300000000,1.0,0.2446369636963696,0.1037701317715959,0.1248169838945827,1,False,0
0,ep_dbb30e22e6d8cf68718f,185,15,0.0901402640264026,0.0948023426061493,300000000,1.0,0.1905940594059406,0.1024890190336749,0.1248169838945827,1,False,0
0,ep_dbb30e22e6d8cf68718f,186,15,0.1046823432343234,0.1024890190336749,300000000,1.0,0.1841996699669967,0.1034040995607613,0.1248169838945827,1,False,0
0,ep_dbb30e22e6d8cf68718f,187,15,0.0994224422442244,0.1017569546120058,300000000,1.0,0.1584158415841584,0.1030380673499267,0.1248169838945827,1,False,0
0,ep_dbb30e22e6d8cf68718f,188,15,0.1048886138613861,0.1021229868228404,300000000,1.0,0.1573844884488449,0.103221083455344,0.1248169838945827,1,False,0
0,ep_dbb30e22e6d8cf68718f,189,15,0.1000412541254125,0.1024890190336749,300000000,1.0,0.1487211221122112,0.1030380673499267,0.1248169838945827,1,False,0
0,ep_dbb30e22e6d8cf68718f,190,15,0.0917904290429042,0.1024890190336749,300000000,1.0,0.1670792079207921,0.1035871156661786,0.1248169838945827,1,False,0
0,ep_dbb30e22e6d8cf68718f,191,15,0.0998349834983498,0.1024890190336749,300000000,1.0,0.1474834983498349,0.1037701317715959,0.1248169838945827,1,False,0
0,ep_dbb30e22e6d8cf68718f,192,16,0.1064356435643564,0.1024890190336749,300000000,1.0,0.1815181518151815,0.1037701317715959,0.1248169838945827,1,False,0
0,ep_dbb30e22e6d8cf68718f,193,16,0.1001443894389439,0.1024890190336749,300000000,1.0,0.1761551155115511,0.1037701317715959,0.1248169838945827,1,False,0
0,ep_dbb30e22e6d8cf68718f,194,16,0.1233498349834983,0.1028550512445095,300000000,1.0,0.1924504950495049,0.1037701317715959,0.1248169838945827,1,False,0
0,ep_dbb30e22e6d8cf68718f,195,16,0.1153052805280528,0.1010248901903367,300000000,1.0,0.2161716171617161,0.1034040995607613,0.1248169838945827,1,False,0
0,ep_dbb30e22e6d8cf68718f,196,16,0.0939562706270627,0.1013909224011713,300000000,1.0,0.1598597359735973,0.1021229868228404,0.1248169838945827,1,False,0
0,ep_dbb30e22e6d8cf68718f,197,16,0.0949876237623762,0.1023060029282576,300000000,1.0,0.1862623762376237,0.1037701317715959,0.1248169838945827,1,False,0
0,ep_dbb30e22e6d8cf68718f,198,16,0.1097359735973597,0.1030380673499267,300000000,1.0,0.1984323432343234,0.1037701317715959,0.1248169838945827,1,False,0
0,ep_dbb30e22e6d8cf68718f,199,16,0.1082920792079207,0.1024890190336749,300000000,1.0,0.1817244224422442,0.1037701317715959,0.1248169838945827,1,False,0
0,ep_dbb30e22e6d8cf68718f,200,16,0.095503300330033,0.1024890190336749,300000000,1.0,0.1924504950495049,0.1037701317715959,0.1248169838945827,1,False,0
0,ep_dbb30e22e6d8cf68718f,201,16,0.1032384488448844,0.1023060029282576,300000000,1.0,0.1588283828382838,0.1037701317715959,0.1248169838945827,1,False,0
0,ep_dbb30e22e6d8cf68718f,202,16,0.1058168316831683,0.1023060029282576,300000000,1.0,0.1712046204620462,0.1037701317715959,0.1248169838945827,1,False,0
0,ep_dbb30e22e6d8cf68718f,203,16,0.0947813531353135,0.1023060029282576,300000000,1.0,0.1417079207920792,0.1037701317715959,0.1248169838945827,1,False,0
0,ep_dbb30e22e6d8cf68718f,204,17,0.1012788778877887,0.1026720351390922,300000000,1.0,0.1701732673267326,0.1037701317715959,0.1248169838945827,1,False,0
0,ep_dbb30e22e6d8cf68718f,205,17,0.0878712871287128,0.1021229868228404,300000000,1.0,0.1511963696369637,0.1028550512445095,0.1248169838945827,1,False,0
0,ep_dbb30e22e6d8cf68718f,206,17,0.0911716171617161,0.1024890190336749,300000000,1.0,0.1563531353135313,0.1037701317715959,0.1248169838945827,1,False,0
0,ep_dbb30e22e6d8cf68718f,207,17,0.09756600660066,0.1024890190336749,300000000,1.0,0.1594471947194719,0.1037701317715959,0.1248169838945827,1,False,0
0,ep_dbb30e22e6d8cf68718f,208,17,0.0907590759075907,0.1021229868228404,300000000,1.0,0.1386138613861386,0.1034040995607613,0.1248169838945827,1,False,0
0,ep_dbb30e22e6d8cf68718f,209,17,0.0889026402640264,0.1026720351390922,300000000,1.0,0.1815181518151815,0.1035871156661786,0.1248169838945827,1,False,0
0,ep_dbb30e22e6d8cf68718f,210,17,0.0994224422442244,0.103221083455344,300000000,1.0,0.2093646864686468,0.1037701317715959,0.1248169838945827,1,False,0
0,ep_dbb30e22e6d8cf68718f,211,17,0.0871493399339934,0.1028550512445095,300000000,1.0,0.1466584158415841,0.1037701317715959,0.1248169838945827,1,False,0
0,ep_dbb30e22e6d8cf68718f,212,17,0.0884900990099009,0.1026720351390922,300000000,1.0,0.1573844884488449,0.1037701317715959,0.1248169838945827,1,False,0
0,ep_dbb30e22e6d8cf68718f,213,17,0.0620874587458745,0.1021229868228404,300000000,1.0,0.1421204620462046,0.1023060029282576,0.1248169838945827,1,False,0
0,ep_dbb30e22e6d8cf68718f,214,17,0.1070544554455445,0.1024890190336749,300000000,1.0,0.1660478547854785,0.1037701317715959,0.1248169838945827,1,False,0
0,ep_dbb30e22e6d8cf68718f,215,17,0.1093234323432343,0.0942532942898975,300000000,1.0,0.1934818481848184,0.1023060029282576,0.1248169838945827,1,False,0
0,ep_dbb30e22e6d8cf68718f,216,18,0.0860148514851485,0.093612737920937,300000000,1.0,0.1367574257425742,0.1019399707174231,0.1248169838945827,1,False,0
0,ep_dbb30e22e6d8cf68718f,217,18,0.0928217821782178,0.1026720351390922,300000000,1.0,0.1252062706270627,0.1034040995607613,0.1248169838945827,1,False,0
0,ep_dbb30e22e6d8cf68718f,218,18,0.0910684818481848,0.0993777452415812,300000000,1.0,0.1466584158415841,0.1034040995607613,0.1248169838945827,1,False,0
0,ep_dbb30e22e6d8cf68718f,219,18,0.1011757425742574,0.1024890190336749,300000000,1.0,0.1582095709570957,0.1034040995607613,0.1248169838945827,1,False,0
0,ep_dbb30e22e6d8cf68718f,220,18,0.0996287128712871,0.1006588579795021,300000000,1.0,0.1738861386138613,0.1024890190336749,0.1248169838945827,1,False,0
0,ep_dbb30e22e6d8cf68718f,221,18,0.0981848184818481,0.1021229868228404,300000000,1.0,0.1621287128712871,0.103221083455344,0.1248169838945827,1,False,0
0,ep_dbb30e22e6d8cf68718f,222,18,0.0989067656765676,0.1010248901903367,300000000,1.0,0.1912128712871287,0.103221083455344,0.1248169838945827,1,False,0
0,ep_dbb30e22e6d8cf68718f,223,18,0.1103547854785478,0.1024890190336749,300000000,1.0,0.1740924092409241,0.1037701317715959,0.1248169838945827,1,False,0
0,ep_dbb30e22e6d8cf68718f,224,18,0.1177805280528052,0.1013909224011713,300000000,1.0,0.1679042904290429,0.1039531478770131,0.1248169838945827,1,False,0
0,ep_dbb30e22e6d8cf68718f,225,18,0.1186056105610561,0.1026720351390922,300000000,1.0,0.1792491749174917,0.1037701317715959,0.1248169838945827,1,False,0
0,ep_dbb30e22e6d8cf68718f,226,18,0.0985973597359736,0.1023060029282576,300000000,1.0,0.1604785478547855,0.1034040995607613,0.1248169838945827,1,False,0
0,ep_dbb30e22e6d8cf68718f,227,18,0.1227310231023102,0.1023060029282576,300000000,1.0,0.1817244224422442,0.1037701317715959,0.1248169838945827,1,False,0
0,ep_dbb30e22e6d8cf68718f,228,19,0.1198432343234323,0.1023060029282576,300000000,1.0,0.1718234323432343,0.1037701317715959,0.1248169838945827,1,False,0
0,ep_dbb30e22e6d8cf68718f,229,19,0.0908622112211221,0.1017569546120058,300000000,1.0,0.1421204620462046,0.1035871156661786,0.1248169838945827,1,False,0
0,ep_dbb30e22e6d8cf68718f,230,19,0.1219059405940594,0.1023060029282576,300000000,1.0,0.198019801980198,0.1039531478770131,0.1248169838945827,1,False,0
0,ep_dbb30e22e6d8cf68718f,231,19,0.1087046204620462,0.0993777452415812,300000000,1.0,0.2145214521452145,0.1037701317715959,0.1248169838945827,1,False,0
0,ep_dbb30e22e6d8cf68718f,232,19,0.0932343234323432,0.091325036603221,300000000,1.0,0.1672854785478547,0.097913616398243,0.1248169838945827,1,False,0
0,ep_dbb30e22e6d8cf68718f,233,19,0.1022070957095709,0.1001098096632503,300000000,1.0,0.1398514851485148,0.1019399707174231,0.1248169838945827,1,False,0
0,ep_dbb30e22e6d8cf68718f,234,19,0.0796204620462046,0.1013909224011713,300000000,1.0,0.1256188118811881,0.1024890190336749,0.1248169838945827,1,False,0
0,ep_dbb30e22e6d8cf68718f,235,19,0.0926155115511551,0.1015739385065885,300000000,1.0,0.1553217821782178,0.1024890190336749,0.1248169838945827,1,False,0
0,ep_dbb30e22e6d8cf68718f,236,19,0.0957095709570957,0.1006588579795021,300000000,1.0,0.1689356435643564,0.1023060029282576,0.1248169838945827,1,False,0
0,ep_dbb30e22e6d8cf68718f,237,19,0.1030321782178217,0.1019399707174231,300000000,1.0,0.1652227722772277,0.1035871156661786,0.1248169838945827,1,False,0
0,ep_dbb30e22e6d8cf68718f,238,19,0.0833333333333333,0.1001098096632503,300000000,1.0,0.1567656765676567,0.1030380673499267,0.1248169838945827,1,False,0
0,ep_dbb30e22e6d8cf68718f,239,19,0.0924092409240924,0.1023060029282576,300000000,1.0,0.1456270627062706,0.1035871156661786,0.1248169838945827,1,False,0
0,ep_dbb30e22e6d8cf68718f,240,20,0.106023102310231,0.1023060029282576,300000000,1.0,0.1703795379537953,0.1039531478770131,0.1248169838945827,1,False,0
0,ep_dbb30e22e6d8cf68718f,241,20,0.0814768976897689,0.1002928257686676,300000000,1.0,0.146039603960396,0.1024890190336749,0.1248169838945827,1,False,0
0,ep_dbb30e22e6d8cf68718f,242,20,0.1047854785478547,0.1024890190336749,300000000,1.0,0.1875,0.1037701317715959,0.1248169838945827,1,False,0
0,ep_dbb30e22e6d8cf68718f,243,20,0.1196369636963696,0.1021229868228404,300000000,1.0,0.1924504950495049,0.1037701317715959,0.1248169838945827,1,False,0
0,ep_dbb30e22e6d8cf68718f,244,20,0.1144801980198019,0.1028550512445095,300000000,1.0,0.1740924092409241,0.1039531478770131,0.1248169838945827,1,False,0
0,ep_dbb30e22e6d8cf68718f,245,20,0.1272689768976897,0.1021229868228404,300000000,1.0,0.1974009900990099,0.1039531478770131,0.1248169838945827,1,False,0
0,ep_dbb30e22e6d8cf68718f,246,20,0.1066419141914191,0.1023060029282576,300000000,1.0,0.179042904290429,0.1037701317715959,0.1248169838945827,1,False,0
0,ep_dbb30e22e6d8cf68718f,247,20,0.1048886138613861,0.1024890190336749,300000000,1.0,0.1808993399339934,0.1037701317715959,0.1248169838945827,1,False,0
0,ep_dbb30e22e6d8cf68718f,248,20,0.0945750825082508,0.1021229868228404,300000000,1.0,0.1448019801980198,0.1037701317715959,0.1248169838945827,1,False,0
0,ep_dbb30e22e6d8cf68718f,249,20,0.1011757425742574,0.1024890190336749,300000000,1.0,0.1613036303630363,0.1037701317715959,0.1248169838945827,1,False,0
0,ep_dbb30e22e6d8cf68718f,250,20,0.1029290429042904,0.1023060029282576,300000000,1.0,0.201526402640264,0.1037701317715959,0.1248169838945827,1,False,0
0,ep_dbb30e22e6d8cf68718f,251,20,0.109529702970297,0.1019399707174231,300000000,1.0,0.1922442244224422,0.1037701317715959,0.1248169838945827,1,False,0
0,ep_dbb30e22e6d8cf68718f,252,21,0.0980816831683168,0.1019399707174231,300000000,1.0,0.1577970297029703,0.1037701317715959,0.1248169838945827,1,False,0
0,ep_dbb30e22e6d8cf68718f,253,21,0.1132425742574257,0.1023060029282576,300000000,1.0,0.2007013201320132,0.1039531478770131,0.1248169838945827,1,False,0
0,ep_dbb30e22e6d8cf68718f,254,21,0.0867367986798679,0.1023060029282576,300000000,1.0,0.1458333333333333,0.1037701317715959,0.1248169838945827,1,False,0
0,ep_dbb30e22e6d8cf68718f,255,21,0.1120049504950495,0.101207906295754,300000000,1.0,0.2112211221122112,0.1039531478770131,0.1248169838945827,1,False,0
0,ep_dbb30e22e6d8cf68718f,256,21,0.09756600660066,0.0995607613469985,300000000,1.0,0.1775990099009901,0.103221083455344,0.1248169838945827,1,False,0
0,ep_dbb30e22e6d8cf68718f,257,21,0.0853960396039604,0.0984626647144948,300000000,1.0,0.1293316831683168,0.1023060029282576,0.1248169838945827,1,False,0
0,ep_dbb30e22e6d8cf68718f,258,21,0.09375,0.1017569546120058,300000000,1.0,0.1728547854785478,0.1037701317715959,0.1248169838945827,1,False,0
0,ep_dbb30e22e6d8cf68718f,259,21,0.1001443894389439,0.1021229868228404,300000000,1.0,0.1493399339933993,0.1037701317715959,0.1248169838945827,1,False,0
0,ep_dbb30e22e6d8cf68718f,260,21,0.1208745874587458,0.1019399707174231,300000000,1.0,0.2056518151815181,0.1037701317715959,0.1248169838945827,1,False,0
0,ep_dbb30e22e6d8cf68718f,261,21,0.0933374587458745,0.1019399707174231,300000000,1.0,0.1660478547854785,0.1035871156661786,0.1248169838945827,1,False,0
0,ep_dbb30e22e6d8cf68718f,262,21,0.1336633663366336,0.1023060029282576,300000000,1.0,0.2186468646864686,0.1039531478770131,0.1248169838945827,1,False,0
0,ep_dbb30e22e6d8cf68718f,263,21,0.1047854785478547,0.099926793557833,300000000,1.0,0.146039603960396,0.1023060029282576,0.1248169838945827,1,False,0
0,ep_dbb30e22e6d8cf68718f,264,22,0.1105610561056105,0.1010248901903367,300000000,1.0,0.1604785478547855,0.1037701317715959,0.1248169838945827,1,False,0
0,ep_dbb30e22e6d8cf68718f,265,22,0.1012788778877887,0.1024890190336749,300000000,1.0,0.1503712871287128,0.1037701317715959,0.1248169838945827,1,False,0
0,ep_dbb30e22e6d8cf68718f,266,22,0.0739480198019802,0.1004758418740849,300000000,1.0,0.1313943894389438,0.1039531478770131,0.1248169838945827,1,False,0
0,ep_dbb30e22e6d8cf68718f,267,22,0.0917904290429042,0.1019399707174231,300000000,1.0,0.1441831683168316,0.1039531478770131,0.1248169838945827,1,False,0
0,ep_dbb30e22e6d8cf68718f,268,22,0.0988036303630363,0.1010248901903367,300000000,1.0,0.1466584158415841,0.1034040995607613,0.1248169838945827,1,False,0
0,ep_dbb30e22e6d8cf68718f,269,22,0.0970503300330033,0.1017569546120058,300000000,1.0,0.1404702970297029,0.1037701317715959,0.1248169838945827,1,False,0
0,ep_dbb30e22e6d8cf68718f,270,22,0.1013820132013201,0.1015739385065885,300000000,1.0,0.1536716171617161,0.1037701317715959,0.1248169838945827,1,False,0
0,ep_dbb30e22e6d8cf68718f,271,22,0.0867367986798679,0.101207906295754,300000000,1.0,0.1433580858085808,0.1037701317715959,0.1248169838945827,1,False,0
0,ep_dbb30e22e6d8cf68718f,272,22,0.1212871287128712,0.1021229868228404,300000000,1.0,0.1986386138613861,0.1037701317715959,0.1248169838945827,1,False,0
0,ep_dbb30e22e6d8cf68718f,273,22,0.1210808580858085,0.1021229868228404,300000000,1.0,0.1936881188118812,0.1039531478770131,0.1248169838945827,1,False,0
0,ep_dbb30e22e6d8cf68718f,274,22,0.0885932343234323,0.1015739385065885,300000000,1.0,0.1577970297029703,0.1037701317715959,0.1248169838945827,1,False,0
0,ep_dbb30e22e6d8cf68718f,275,22,0.0992161716171617,0.1021229868228404,300000000,1.0,0.1662541254125412,0.1037701317715959,0.1248169838945827,1,False,0
0,ep_dbb30e22e6d8cf68718f,276,23,0.1227310231023102,0.1021229868228404,300000000,1.0,0.196575907590759,0.1037701317715959,0.1248169838945827,1,False,0
0,ep_dbb30e22e6d8cf68718f,277,23,0.1111798679867986,0.1026720351390922,300000000,1.0,0.1844059405940594,0.1037701317715959,0.1248169838945827,1,False,0
0,ep_dbb30e22e6d8cf68718f,278,23,0.0920998349834983,0.1010248901903367,300000000,1.0,0.1701732673267326,0.1039531478770131,0.1248169838945827,1,False,0
0,ep_dbb30e22e6d8cf68718f,279,23,0.1194306930693069,0.099926793557833,300000000,1.0,0.2388613861386138,0.1037701317715959,0.1248169838945827,1,False,0
0,ep_dbb30e22e6d8cf68718f,280,23,0.0893151815181518,0.099926793557833,300000000,1.0,0.1503712871287128,0.1024890190336749,0.1248169838945827,1,False,0
0,ep_dbb30e22e6d8cf68718f,281,23,0.0998349834983498,0.0997437774524158,300000000,1.0,0.1608910891089109,0.1023060029282576,0.1248169838945827,1,False,0
0,ep_dbb30e22e6d8cf68718f,282,23,0.1138613861386138,0.1023060029282576,300000000,1.0,0.1808993399339934,0.1037701317715959,0.1248169838945827,1,False,0
0,ep_dbb30e22e6d8cf68718f,283,23,0.1084983498349834,0.0942532942898975,300000000,1.0,0.2388613861386138,0.1043191800878477,0.1248169838945827,1,False,0
0,ep_dbb30e22e6d8cf68718f,284,23,0.0964315181518151,0.0927891654465593,300000000,1.0,0.1666666666666666,0.0977306002928257,0.1248169838945827,1,False,0
0,ep_dbb30e22e6d8cf68718f,285,23,0.102516501650165,0.1010248901903367,300000000,1.0,0.1582095709570957,0.103221083455344,0.1248169838945827,1,False,0
0,ep_dbb30e22e6d8cf68718f,286,23,0.0998349834983498,0.1004758418740849,300000000,1.0,0.1483085808580858,0.1035871156661786,0.1248169838945827,1,False,0
0,ep_dbb30e22e6d8cf68718f,287,23,0.0983910891089109,0.1008418740849194,300000000,1.0,0.1623349834983498,0.103221083455344,0.1248169838945827,1,False,0
0,ep_e423a4239f2ca65f2510,84,7,0.0015905399133663,0.0003917688506588,5000000,0.0166666666666666,0.0039384797854785,0.0008578879941434,0.0345442898975109,1,False,0
0,ep_e423a4239f2ca65f2510,85,7,0.2528877887788779,0.0197428623718887,300000000,1.0,0.4026402640264026,0.0215272693997071,0.0345442898975109,1,False,0
0,ep_e423a4239f2ca65f2510,86,7,0.2838283828382838,0.021801793557833,300000000,1.0,0.4174917491749175,0.0229227672035139,0.0345442898975109,1,False,0
0,ep_e423a4239f2ca65f2510,87,7,0.283003300330033,0.0231972913616398,300000000,1.0,0.4195544554455445,0.0238836017569546,0.0345442898975109,1,False,0
0,ep_e423a4239f2ca65f2510,88,7,0.2867161716171617,0.0236090775988286,300000000,1.0,0.4179042904290429,0.0238836017569546,0.0345442898975109,1,False,0
0,ep_e423a4239f2ca65f2510,89,7,0.2916666666666667,0.0238378477306002,300000000,1.0,0.4232673267326732,0.0240208638360175,0.0345442898975109,1,False,0
0,ep_e423a4239f2ca65f2510,90,7,0.292079207920792,0.0239293557833089,300000000,1.0,0.4129537953795379,0.0242038799414348,0.0345442898975109,1,False,0
0,ep_e423a4239f2ca65f2510,91,7,0.2949669966996699,0.0238836017569546,300000000,1.0,0.4108910891089108,0.0242038799414348,0.0345442898975109,1,False,0
0,ep_e423a4239f2ca65f2510,92,7,0.2896039603960396,0.0245699121522694,300000000,1.0,0.4273927392739274,0.0253019765739385,0.0345442898975109,1,False,0
0,ep_e423a4239f2ca65f2510,93,7,0.2896039603960396,0.0252562225475841,300000000,1.0,0.4257425742574257,0.0255307467057101,0.0345442898975109,1,False,0
0,ep_e423a4239f2ca65f2510,94,7,0.2669141914191419,0.0248444363103953,300000000,1.0,0.4207920792079208,0.0255765007320644,0.0345442898975109,1,False,0
0,ep_e423a4239f2ca65f2510,95,7,0.2439455983293428,0.0233456961538987,76855488,0.25618496,0.4191419141914191,0.0249816983894582,0.0345442898975109,3,False,0
0,ep_eb8222d09ecc3c3ef25a,0,0,0.1161303630363036,0.099926793557833,300000000,1.0,0.2136963696369637,0.103221083455344,0.1248169838945827,1,False,0
0,ep_eb8222d09ecc3c3ef25a,1,0,0.0995255775577557,0.101207906295754,300000000,1.0,0.16006600660066,0.1026720351390922,0.1248169838945827,1,False,0
0,ep_eb8222d09ecc3c3ef25a,2,0,0.1183993399339934,0.1023060029282576,300000000,1.0,0.1889438943894389,0.1035871156661786,0.1248169838945827,1,False,0
0,ep_eb8222d09ecc3c3ef25a,3,0,0.1334570957095709,0.1021229868228404,300000000,1.0,0.2062706270627062,0.1035871156661786,0.1248169838945827,1,False,0
0,ep_eb8222d09ecc3c3ef25a,4,0,0.128506600660066,0.1021229868228404,300000000,1.0,0.1912128712871287,0.1035871156661786,0.1248169838945827,1,False,0
0,ep_eb8222d09ecc3c3ef25a,5,0,0.1124174917491749,0.1017569546120058,300000000,1.0,0.180486798679868,0.1035871156661786,0.1248169838945827,1,False,0
0,ep_eb8222d09ecc3c3ef25a,6,0,0.1157178217821782,0.1023060029282576,300000000,1.0,0.1707920792079208,0.1035871156661786,0.1248169838945827,1,False,0
0,ep_eb8222d09ecc3c3ef25a,7,0,0.09756600660066,0.1017569546120058,300000000,1.0,0.1914191419141914,0.1037701317715959,0.1248169838945827,1,False,0
0,ep_eb8222d09ecc3c3ef25a,8,0,0.0924092409240924,0.1024890190336749,300000000,1.0,0.1549092409240924,0.1034040995607613,0.1248169838945827,1,False,0
0,ep_eb8222d09ecc3c3ef25a,9,0,0.0901402640264026,0.1019399707174231,300000000,1.0,0.1359323432343234,0.103221083455344,0.1248169838945827,1,False,0
0,ep_eb8222d09ecc3c3ef25a,10,0,0.0865305280528052,0.1019399707174231,300000000,1.0,0.1307755775577557,0.103221083455344,0.1248169838945827,1,False,0
0,ep_eb8222d09ecc3c3ef25a,11,0,0.0872524752475247,0.1021229868228404,300000000,1.0,0.1256188118811881,0.103221083455344,0.1248169838945827,1,False,0
0,ep_eb8222d09ecc3c3ef25a,12,1,0.0878712871287128,0.1021229868228404,300000000,1.0,0.1276815181518152,0.103221083455344,0.1248169838945827,1,False,0
0,ep_eb8222d09ecc3c3ef25a,13,1,0.0927186468646864,0.1021229868228404,300000000,1.0,0.1464521452145214,0.103221083455344,0.1248169838945827,1,False,0
0,ep_eb8222d09ecc3c3ef25a,14,1,0.0861179867986798,0.1019399707174231,300000000,1.0,0.1287128712871287,0.1034040995607613,0.1248169838945827,1,False,0
0,ep_eb8222d09ecc3c3ef25a,15,1,0.090243399339934,0.1024890190336749,300000000,1.0,0.1293316831683168,0.1035871156661786,0.1248169838945827,1,False,0
0,ep_eb8222d09ecc3c3ef25a,16,1,0.0896245874587458,0.1023060029282576,300000000,1.0,0.1427392739273927,0.1037701317715959,0.1248169838945827,1,False,0
0,ep_eb8222d09ecc3c3ef25a,17,1,0.0918935643564356,0.1024890190336749,300000000,1.0,0.1450082508250825,0.1035871156661786,0.1248169838945827,1,False,0
0,ep_eb8222d09ecc3c3ef25a,18,1,0.0918935643564356,0.1023060029282576,300000000,1.0,0.1643976897689769,0.1037701317715959,0.1248169838945827,1,False,0
0,ep_eb8222d09ecc3c3ef25a,19,1,0.1012788778877887,0.1026720351390922,300000000,1.0,0.163572607260726,0.1037701317715959,0.1248169838945827,1,False,0
0,ep_eb8222d09ecc3c3ef25a,20,1,0.1272689768976897,0.1028550512445095,300000000,1.0,0.180486798679868,0.1037701317715959,0.1248169838945827,1,False,0
0,ep_eb8222d09ecc3c3ef25a,21,1,0.1231435643564356,0.1024890190336749,300000000,1.0,0.1903877887788778,0.1030380673499267,0.1248169838945827,1,False,0
0,ep_eb8222d09ecc3c3ef25a,22,1,0.1268564356435643,0.1023060029282576,300000000,1.0,0.1891501650165016,0.1030380673499267,0.1248169838945827,1,False,0
0,ep_eb8222d09ecc3c3ef25a,23,1,0.111592409240924,0.1019399707174231,300000000,1.0,0.1866749174917491,0.1035871156661786,0.1248169838945827,1,False,0
0,ep_eb8222d09ecc3c3ef25a,24,2,0.1272689768976897,0.1024890190336749,300000000,1.0,0.1854372937293729,0.1037701317715959,0.1248169838945827,1,False,0
0,ep_eb8222d09ecc3c3ef25a,25,2,0.1198432343234323,0.1013909224011713,300000000,1.0,0.1753300330033003,0.1037701317715959,0.1248169838945827,1,False,0
0,ep_eb8222d09ecc3c3ef25a,26,2,0.0811674917491749,0.1023060029282576,300000000,1.0,0.1208745874587458,0.1035871156661786,0.1248169838945827,1,False,0
0,ep_eb8222d09ecc3c3ef25a,27,2,0.0849834983498349,0.1021229868228404,300000000,1.0,0.1485148514851485,0.103221083455344,0.1248169838945827,1,False,0
0,ep_eb8222d09ecc3c3ef25a,28,2,0.0931311881188118,0.1023060029282576,300000000,1.0,0.1365511551155115,0.103221083455344,0.1248169838945827,1,False,0
0,ep_eb8222d09ecc3c3ef25a,29,2,0.0971534653465346,0.1021229868228404,300000000,1.0,0.1672854785478547,0.1030380673499267,0.1248169838945827,1,False,0
0,ep_eb8222d09ecc3c3ef25a,30,2,0.1175742574257425,0.1021229868228404,300000000,1.0,0.1827557755775577,0.1030380673499267,0.1248169838945827,1,False,0
0,ep_eb8222d09ecc3c3ef25a,31,2,0.1078795379537953,0.1019399707174231,300000000,1.0,0.1625412541254125,0.1030380673499267,0.1248169838945827,1,False,0
0,ep_eb8222d09ecc3c3ef25a,32,2,0.1113861386138613,0.1023060029282576,300000000,1.0,0.1627475247524752,0.103221083455344,0.1248169838945827,1,False,0
0,ep_eb8222d09ecc3c3ef25a,33,2,0.1058168316831683,0.1023060029282576,300000000,1.0,0.1978135313531353,0.103221083455344,0.1248169838945827,1,False,0
0,ep_eb8222d09ecc3c3ef25a,34,2,0.1171617161716171,0.1023060029282576,300000000,1.0,0.1976072607260726,0.103221083455344,0.1248169838945827,1,False,0
0,ep_eb8222d09ecc3c3ef25a,35,2,0.1254125412541254,0.099926793557833,300000000,1.0,0.179042904290429,0.1030380673499267,0.1248169838945827,1,False,0
0,ep_eb8222d09ecc3c3ef25a,36,3,0.1005569306930693,0.1008418740849194,300000000,1.0,0.1346947194719472,0.1024890190336749,0.1248169838945827,1,False,0
0,ep_eb8222d09ecc3c3ef25a,37,3,0.0974628712871287,0.1015739385065885,300000000,1.0,0.1660478547854785,0.1026720351390922,0.1248169838945827,1,False,0
0,ep_eb8222d09ecc3c3ef25a,38,3,0.094059405940594,0.1013909224011713,300000000,1.0,0.1511963696369637,0.1026720351390922,0.1248169838945827,1,False,0
0,ep_eb8222d09ecc3c3ef25a,39,3,0.0957095709570957,0.1021229868228404,300000000,1.0,0.1598597359735973,0.1035871156661786,0.1248169838945827,1,False,0
0,ep_eb8222d09ecc3c3ef25a,40,3,0.1039603960396039,0.1023060029282576,300000000,1.0,0.1431518151815181,0.1034040995607613,0.1248169838945827,1,False,0
0,ep_eb8222d09ecc3c3ef25a,41,3,0.1014851485148514,0.1019399707174231,300000000,1.0,0.1476897689768977,0.1034040995607613,0.1248169838945827,1,False,0
0,ep_eb8222d09ecc3c3ef25a,42,3,0.1078795379537953,0.1024890190336749,300000000,1.0,0.1509900990099009,0.1034040995607613,0.1248169838945827,1,False,0
0,ep_eb8222d09ecc3c3ef25a,43,3,0.1066419141914191,0.1026720351390922,300000000,1.0,0.1569719471947194,0.1035871156661786,0.1248169838945827,1,False,0
0,ep_eb8222d09ecc3c3ef25a,44,3,0.0900371287128712,0.1024890190336749,300000000,1.0,0.1714108910891089,0.1037701317715959,0.1248169838945827,1,False,0
0,ep_eb8222d09ecc3c3ef25a,45,3,0.0985973597359736,0.1023060029282576,300000000,1.0,0.1683168316831683,0.1035871156661786,0.1248169838945827,1,False,0
0,ep_eb8222d09ecc3c3ef25a,46,3,0.0918935643564356,0.1024890190336749,300000000,1.0,0.1437706270627062,0.1035871156661786,0.1248169838945827,1,False,0
0,ep_eb8222d09ecc3c3ef25a,47,3,0.1111798679867986,0.1024890190336749,300000000,1.0,0.1751237623762376,0.1037701317715959,0.1248169838945827,1,False,0
0,ep_eb8222d09ecc3c3ef25a,48,4,0.0991130363036303,0.1024890190336749,300000000,1.0,0.1468646864686468,0.1034040995607613,0.1248169838945827,1,False,0
0,ep_eb8222d09ecc3c3ef25a,49,4,0.090552805280528,0.1026720351390922,300000000,1.0,0.1452145214521452,0.1035871156661786,0.1248169838945827,1,False,0
0,ep_eb8222d09ecc3c3ef25a,50,4,0.1015882838283828,0.1028550512445095,300000000,1.0,0.1489273927392739,0.1037701317715959,0.1248169838945827,1,False,0
0,ep_eb8222d09ecc3c3ef25a,51,4,0.0883869636963696,0.1026720351390922,300000000,1.0,0.1450082508250825,0.1035871156661786,0.1248169838945827,1,False,0
0,ep_eb8222d09ecc3c3ef25a,52,4,0.1157178217821782,0.1026720351390922,300000000,1.0,0.1672854785478547,0.103221083455344,0.1248169838945827,1,False,0
0,ep_eb8222d09ecc3c3ef25a,53,4,0.1134488448844884,0.1021229868228404,300000000,1.0,0.1938943894389438,0.103221083455344,0.1248169838945827,1,False,0
0,ep_eb8222d09ecc3c3ef25a,54,4,0.1150990099009901,0.1024890190336749,300000000,1.0,0.1724422442244224,0.103221083455344,0.1248169838945827,1,False,0
0,ep_eb8222d09ecc3c3ef25a,55,4,0.1216996699669967,0.1026720351390922,300000000,1.0,0.1961633663366336,0.1035871156661786,0.1248169838945827,1,False,0
0,ep_eb8222d09ecc3c3ef25a,56,4,0.1188118811881188,0.1030380673499267,300000000,1.0,0.2207095709570957,0.1037701317715959,0.1248169838945827,1,False,0
0,ep_eb8222d09ecc3c3ef25a,57,4,0.121493399339934,0.1026720351390922,300000000,1.0,0.1767739273927392,0.1037701317715959,0.1248169838945827,1,False,0
0,ep_eb8222d09ecc3c3ef25a,58,4,0.1291254125412541,0.1030380673499267,300000000,1.0,0.2027640264026402,0.1037701317715959,0.1248169838945827,1,False,0
0,ep_eb8222d09ecc3c3ef25a,59,4,0.1194306930693069,0.1028550512445095,300000000,1.0,0.1879125412541254,0.1035871156661786,0.1248169838945827,1,False,0
0,ep_eb8222d09ecc3c3ef25a,60,5,0.104579207920792,0.1026720351390922,300000000,1.0,0.1730610561056105,0.1037701317715959,0.1248169838945827,1,False,0
0,ep_eb8222d09ecc3c3ef25a,61,5,0.0980816831683168,0.1026720351390922,300000000,1.0,0.1493399339933993,0.1037701317715959,0.1248169838945827,1,False,0
0,ep_eb8222d09ecc3c3ef25a,62,5,0.0991130363036303,0.1024890190336749,300000000,1.0,0.1363448844884488,0.1035871156661786,0.1248169838945827,1,False,0
0,ep_eb8222d09ecc3c3ef25a,63,5,0.1272689768976897,0.1028550512445095,300000000,1.0,0.2011138613861386,0.1037701317715959,0.1248169838945827,1,False,0
0,ep_eb8222d09ecc3c3ef25a,64,5,0.1136551155115511,0.1028550512445095,300000000,1.0,0.1683168316831683,0.1037701317715959,0.1248169838945827,1,False,0
0,ep_eb8222d09ecc3c3ef25a,65,5,0.1219059405940594,0.1028550512445095,300000000,1.0,0.1885313531353135,0.1037701317715959,0.1248169838945827,1,False,0
0,ep_eb8222d09ecc3c3ef25a,66,5,0.1183993399339934,0.1028550512445095,300000000,1.0,0.2145214521452145,0.1037701317715959,0.1248169838945827,1,False,0
0,ep_eb8222d09ecc3c3ef25a,67,5,0.1074669966996699,0.1030380673499267,300000000,1.0,0.226072607260726,0.1039531478770131,0.1248169838945827,1,False,0
0,ep_eb8222d09ecc3c3ef25a,68,5,0.1171617161716171,0.1028550512445095,300000000,1.0,0.2031765676567656,0.1037701317715959,0.1248169838945827,1,False,0
0,ep_eb8222d09ecc3c3ef25a,69,5,0.1223184818481848,0.1026720351390922,300000000,1.0,0.1870874587458746,0.1037701317715959,0.1248169838945827,1,False,0
0,ep_eb8222d09ecc3c3ef25a,70,5,0.1297442244224422,0.1028550512445095,300000000,1.0,0.1862623762376237,0.1037701317715959,0.1248169838945827,1,False,0
0,ep_eb8222d09ecc3c3ef25a,71,5,0.1336633663366336,0.1028550512445095,300000000,1.0,0.1996699669966996,0.1037701317715959,0.1248169838945827,1,False,0
0,ep_eb8222d09ecc3c3ef25a,72,6,0.1252062706270627,0.1028550512445095,300000000,1.0,0.1811056105610561,0.1037701317715959,0.1248169838945827,1,False,0
0,ep_eb8222d09ecc3c3ef25a,73,6,0.1192244224422442,0.1028550512445095,300000000,1.0,0.1559405940594059,0.1037701317715959,0.1248169838945827,1,False,0
0,ep_eb8222d09ecc3c3ef25a,74,6,0.1159240924092409,0.1028550512445095,300000000,1.0,0.1988448844884488,0.1037701317715959,0.1248169838945827,1,False,0
0,ep_eb8222d09ecc3c3ef25a,75,6,0.1132425742574257,0.1028550512445095,300000000,1.0,0.1994636963696369,0.1037701317715959,0.1248169838945827,1,False,0
0,ep_eb8222d09ecc3c3ef25a,76,6,0.1087046204620462,0.1026720351390922,300000000,1.0,0.1918316831683168,0.1035871156661786,0.1248169838945827,1,False,0
0,ep_eb8222d09ecc3c3ef25a,77,6,0.1153052805280528,0.1028550512445095,300000000,1.0,0.1862623762376237,0.1035871156661786,0.1248169838945827,1,False,0
0,ep_eb8222d09ecc3c3ef25a,78,6,0.1070544554455445,0.1026720351390922,300000000,1.0,0.1693481848184818,0.1037701317715959,0.1248169838945827,1,False,0
0,ep_eb8222d09ecc3c3ef25a,79,6,0.113036303630363,0.1026720351390922,300000000,1.0,0.1864686468646864,0.1037701317715959,0.1248169838945827,1,False,0
0,ep_eb8222d09ecc3c3ef25a,80,6,0.1128300330033003,0.1026720351390922,300000000,1.0,0.1596534653465346,0.1037701317715959,0.1248169838945827,1,False,0
0,ep_eb8222d09ecc3c3ef25a,81,6,0.1204620462046204,0.1026720351390922,300000000,1.0,0.2029702970297029,0.1037701317715959,0.1248169838945827,1,False,0
0,ep_eb8222d09ecc3c3ef25a,82,6,0.1264438943894389,0.1028550512445095,300000000,1.0,0.208539603960396,0.1039531478770131,0.1248169838945827,1,False,0
0,ep_eb8222d09ecc3c3ef25a,83,6,0.1278877887788778,0.1028550512445095,300000000,1.0,0.2207095709570957,0.1037701317715959,0.1248169838945827,1,False,0
0,ep_eb8222d09ecc3c3ef25a,84,7,0.1229372937293729,0.1028550512445095,300000000,1.0,0.1914191419141914,0.1037701317715959,0.1248169838945827,1,False,0
0,ep_eb8222d09ecc3c3ef25a,85,7,0.1210808580858085,0.1028550512445095,300000000,1.0,0.1784240924092409,0.1037701317715959,0.1248169838945827,1,False,0
0,ep_eb8222d09ecc3c3ef25a,86,7,0.128506600660066,0.1028550512445095,300000000,1.0,0.2079207920792079,0.1037701317715959,0.1248169838945827,1,False,0
0,ep_eb8222d09ecc3c3ef25a,87,7,0.1084983498349834,0.1028550512445095,300000000,1.0,0.1619224422442244,0.1037701317715959,0.1248169838945827,1,False,0
0,ep_eb8222d09ecc3c3ef25a,88,7,0.1078795379537953,0.1028550512445095,300000000,1.0,0.1575907590759075,0.1037701317715959,0.1248169838945827,1,False,0
0,ep_eb8222d09ecc3c3ef25a,89,7,0.1066419141914191,0.1024890190336749,300000000,1.0,0.1643976897689769,0.1037701317715959,0.1248169838945827,1,False,0
0,ep_eb8222d09ecc3c3ef25a,90,7,0.1076732673267326,0.1026720351390922,300000000,1.0,0.1821369636963696,0.1037701317715959,0.1248169838945827,1,False,0
0,ep_eb8222d09ecc3c3ef25a,91,7,0.1186056105610561,0.1030380673499267,300000000,1.0,0.1714108910891089,0.1037701317715959,0.1248169838945827,1,False,0
0,ep_eb8222d09ecc3c3ef25a,92,7,0.109529702970297,0.1028550512445095,300000000,1.0,0.182549504950495,0.1035871156661786,0.1248169838945827,1,False,0
0,ep_eb8222d09ecc3c3ef25a,93,7,0.1034447194719472,0.1026720351390922,300000000,1.0,0.1827557755775577,0.1035871156661786,0.1248169838945827,1,False,0
0,ep_eb8222d09ecc3c3ef25a,94,7,0.1132425742574257,0.1026720351390922,300000000,1.0,0.2009075907590759,0.1037701317715959,0.1248169838945827,1,False,0
0,ep_eb8222d09ecc3c3ef25a,95,7,0.1188118811881188,0.1028550512445095,300000000,1.0,0.1668729372937293,0.1037701317715959,0.1248169838945827,1,False,0
0,ep_eb8222d09ecc3c3ef25a,96,8,0.1076732673267326,0.1026720351390922,300000000,1.0,0.1590346534653465,0.1035871156661786,0.1248169838945827,1,False,0
0,ep_eb8222d09ecc3c3ef25a,97,8,0.1062293729372937,0.1028550512445095,300000000,1.0,0.1536716171617161,0.1037701317715959,0.1248169838945827,1,False,0
0,ep_eb8222d09ecc3c3ef25a,98,8,0.1120049504950495,0.1030380673499267,300000000,1.0,0.1747112211221122,0.1037701317715959,0.1248169838945827,1,False,0
0,ep_eb8222d09ecc3c3ef25a,99,8,0.1113861386138613,0.1026720351390922,300000000,1.0,0.1666666666666666,0.1037701317715959,0.1248169838945827,1,False,0
0,ep_eb8222d09ecc3c3ef25a,100,8,0.1206683168316831,0.1030380673499267,300000000,1.0,0.1808993399339934,0.1039531478770131,0.1248169838945827,1,False,0
0,ep_eb8222d09ecc3c3ef25a,101,8,0.1109735973597359,0.1028550512445095,300000000,1.0,0.1881188118811881,0.1037701317715959,0.1248169838945827,1,False,0
0,ep_eb8222d09ecc3c3ef25a,102,8,0.1082920792079207,0.1028550512445095,300000000,1.0,0.180486798679868,0.1037701317715959,0.1248169838945827,1,False,0
0,ep_eb8222d09ecc3c3ef25a,103,8,0.1070544554455445,0.1028550512445095,300000000,1.0,0.1672854785478547,0.1037701317715959,0.1248169838945827,1,False,0
0,ep_eb8222d09ecc3c3ef25a,104,8,0.1047854785478547,0.1024890190336749,300000000,1.0,0.1643976897689769,0.1037701317715959,0.1248169838945827,1,False,0
0,ep_eb8222d09ecc3c3ef25a,105,8,0.0976691419141914,0.1023060029282576,300000000,1.0,0.1551155115511551,0.1028550512445095,0.1248169838945827,1,False,0
0,ep_eb8222d09ecc3c3ef25a,106,8,0.1026196369636963,0.1026720351390922,300000000,1.0,0.1584158415841584,0.1035871156661786,0.1248169838945827,1,False,0
0,ep_eb8222d09ecc3c3ef25a,107,8,0.0999381188118812,0.1026720351390922,300000000,1.0,0.1679042904290429,0.1035871156661786,0.1248169838945827,1,False,0
0,ep_eb8222d09ecc3c3ef25a,108,9,0.102825907590759,0.1026720351390922,300000000,1.0,0.1660478547854785,0.1035871156661786,0.1248169838945827,1,False,0
0,ep_eb8222d09ecc3c3ef25a,109,9,0.09756600660066,0.1028550512445095,300000000,1.0,0.1681105610561056,0.1037701317715959,0.1248169838945827,1,False,0
0,ep_eb8222d09ecc3c3ef25a,110,9,0.0871493399339934,0.1026720351390922,300000000,1.0,0.1245874587458745,0.1037701317715959,0.1248169838945827,1,False,0
0,ep_eb8222d09ecc3c3ef25a,111,9,0.0875618811881188,0.1026720351390922,300000000,1.0,0.1404702970297029,0.1037701317715959,0.1248169838945827,1,False,0
0,ep_eb8222d09ecc3c3ef25a,112,9,0.0927186468646864,0.1026720351390922,300000000,1.0,0.1439768976897689,0.1037701317715959,0.1248169838945827,1,False,0
0,ep_eb8222d09ecc3c3ef25a,113,9,0.0854991749174917,0.1021229868228404,300000000,1.0,0.1419141914191419,0.1035871156661786,0.1248169838945827,1,False,0
0,ep_eb8222d09ecc3c3ef25a,114,9,0.0968440594059406,0.1024890190336749,300000000,1.0,0.1606848184818481,0.1035871156661786,0.1248169838945827,1,False,0
0,ep_eb8222d09ecc3c3ef25a,115,9,0.1031353135313531,0.1026720351390922,300000000,1.0,0.1456270627062706,0.1035871156661786,0.1248169838945827,1,False,0
0,ep_eb8222d09ecc3c3ef25a,116,9,0.1058168316831683,0.1028550512445095,300000000,1.0,0.1617161716171617,0.1037701317715959,0.1248169838945827,1,False,0
0,ep_eb8222d09ecc3c3ef25a,117,9,0.0997318481848184,0.1030380673499267,300000000,1.0,0.1827557755775577,0.1037701317715959,0.1248169838945827,1,False,0
0,ep_eb8222d09ecc3c3ef25a,118,9,0.0987004950495049,0.1028550512445095,300000000,1.0,0.1553217821782178,0.1037701317715959,0.1248169838945827,1,False,0
0,ep_eb8222d09ecc3c3ef25a,119,9,0.0925123762376237,0.1024890190336749,300000000,1.0,0.1854372937293729,0.1035871156661786,0.1248169838945827,1,False,0
0,ep_eb8222d09ecc3c3ef25a,120,10,0.0909653465346534,0.1023060029282576,300000000,1.0,0.1773927392739274,0.1035871156661786,0.1248169838945827,1,False,0
0,ep_eb8222d09ecc3c3ef25a,121,10,0.0911716171617161,0.1026720351390922,300000000,1.0,0.1553217821782178,0.1037701317715959,0.1248169838945827,1,False,0
0,ep_eb8222d09ecc3c3ef25a,122,10,0.0895214521452145,0.1026720351390922,300000000,1.0,0.1359323432343234,0.1037701317715959,0.1248169838945827,1,False,0
0,ep_eb8222d09ecc3c3ef25a,123,10,0.0941625412541254,0.1030380673499267,300000000,1.0,0.1577970297029703,0.1037701317715959,0.1248169838945827,1,False,0
0,ep_eb8222d09ecc3c3ef25a,124,10,0.0951938943894389,0.1026720351390922,300000000,1.0,0.1394389438943894,0.1037701317715959,0.1248169838945827,1,False,0
0,ep_eb8222d09ecc3c3ef25a,125,10,0.0832301980198019,0.1023060029282576,300000000,1.0,0.1318069306930693,0.1035871156661786,0.1248169838945827,1,False,0
0,ep_eb8222d09ecc3c3ef25a,126,10,0.0900371287128712,0.1026720351390922,300000000,1.0,0.1505775577557755,0.1037701317715959,0.1248169838945827,1,False,0
0,ep_eb8222d09ecc3c3ef25a,127,10,0.081786303630363,0.1026720351390922,300000000,1.0,0.1186056105610561,0.1035871156661786,0.1248169838945827,1,False,0
0,ep_eb8222d09ecc3c3ef25a,128,10,0.1000412541254125,0.1026720351390922,300000000,1.0,0.1602722772277227,0.1037701317715959,0.1248169838945827,1,False,0
0,ep_eb8222d09ecc3c3ef25a,129,10,0.0819925742574257,0.1023060029282576,300000000,1.0,0.1544966996699669,0.1035871156661786,0.1248169838945827,1,False,0
0,ep_eb8222d09ecc3c3ef25a,130,10,0.0971534653465346,0.1026720351390922,300000000,1.0,0.1559405940594059,0.1035871156661786,0.1248169838945827,1,False,0
0,ep_eb8222d09ecc3c3ef25a,131,10,0.0881806930693069,0.1024890190336749,300000000,1.0,0.1456270627062706,0.1034040995607613,0.1248169838945827,1,False,0
0,ep_eb8222d09ecc3c3ef25a,132,11,0.0900371287128712,0.1026720351390922,300000000,1.0,0.1536716171617161,0.1035871156661786,0.1248169838945827,1,False,0
0,ep_eb8222d09ecc3c3ef25a,133,11,0.0900371287128712,0.1028550512445095,300000000,1.0,0.1289191419141914,0.1035871156661786,0.1248169838945827,1,False,0
0,ep_eb8222d09ecc3c3ef25a,134,11,0.0900371287128712,0.1026720351390922,300000000,1.0,0.1489273927392739,0.1037701317715959,0.1248169838945827,1,False,0
0,ep_eb8222d09ecc3c3ef25a,135,11,0.0881806930693069,0.1028550512445095,300000000,1.0,0.1357260726072607,0.1035871156661786,0.1248169838945827,1,False,0
0,ep_eb8222d09ecc3c3ef25a,136,11,0.0843646864686468,0.1026720351390922,300000000,1.0,0.1499587458745874,0.1035871156661786,0.1248169838945827,1,False,0
0,ep_eb8222d09ecc3c3ef25a,137,11,0.099319306930693,0.1028550512445095,300000000,1.0,0.1509900990099009,0.1037701317715959,0.1248169838945827,1,False,0
0,ep_eb8222d09ecc3c3ef25a,138,11,0.0673473597359736,0.1021229868228404,300000000,1.0,0.1216996699669967,0.1030380673499267,0.1248169838945827,1,False,0
0,ep_eb8222d09ecc3c3ef25a,139,11,0.0989067656765676,0.1026720351390922,300000000,1.0,0.1584158415841584,0.1037701317715959,0.1248169838945827,1,False,0
0,ep_eb8222d09ecc3c3ef25a,140,11,0.1024133663366336,0.1023060029282576,300000000,1.0,0.1703795379537953,0.1034040995607613,0.1248169838945827,1,False,0
0,ep_eb8222d09ecc3c3ef25a,141,11,0.1198432343234323,0.1026720351390922,300000000,1.0,0.1716171617161716,0.1034040995607613,0.1248169838945827,1,False,0
0,ep_eb8222d09ecc3c3ef25a,142,11,0.1283003300330033,0.103221083455344,300000000,1.0,0.1808993399339934,0.1037701317715959,0.1248169838945827,1,False,0
0,ep_eb8222d09ecc3c3ef25a,143,11,0.1126237623762376,0.1021229868228404,300000000,1.0,0.2211221122112211,0.1037701317715959,0.1248169838945827,1,False,0
0,ep_eb8222d09ecc3c3ef25a,144,12,0.0926155115511551,0.1024890190336749,300000000,1.0,0.1716171617161716,0.103221083455344,0.1248169838945827,1,False,0
0,ep_eb8222d09ecc3c3ef25a,145,12,0.0959158415841584,0.1026720351390922,300000000,1.0,0.1868811881188118,0.1035871156661786,0.1248169838945827,1,False,0
0,ep_eb8222d09ecc3c3ef25a,146,12,0.0662128712871287,0.1010248901903367,300000000,1.0,0.1734735973597359,0.1024890190336749,0.1248169838945827,1,False,0
0,ep_eb8222d09ecc3c3ef25a,147,12,0.0931311881188118,0.0971815519765739,300000000,1.0,0.1481023102310231,0.1019399707174231,0.1248169838945827,1,False,0
0,ep_eb8222d09ecc3c3ef25a,148,12,0.1035478547854785,0.1026720351390922,300000000,1.0,0.1429455445544554,0.1035871156661786,0.1248169838945827,1,False,0
0,ep_eb8222d09ecc3c3ef25a,149,12,0.0945750825082508,0.1024890190336749,300000000,1.0,0.1891501650165016,0.1035871156661786,0.1248169838945827,1,False,0
0,ep_eb8222d09ecc3c3ef25a,150,12,0.1078795379537953,0.1023060029282576,300000000,1.0,0.2023514851485148,0.1037701317715959,0.1248169838945827,1,False,0
0,ep_eb8222d09ecc3c3ef25a,151,12,0.1124174917491749,0.1021229868228404,300000000,1.0,0.1699669966996699,0.1037701317715959,0.1248169838945827,1,False,0
0,ep_eb8222d09ecc3c3ef25a,152,12,0.1126237623762376,0.1028550512445095,300000000,1.0,0.2112211221122112,0.1037701317715959,0.1248169838945827,1,False,0
0,ep_eb8222d09ecc3c3ef25a,153,12,0.113036303630363,0.1024890190336749,300000000,1.0,0.1757425742574257,0.1035871156661786,0.1248169838945827,1,False,0
0,ep_eb8222d09ecc3c3ef25a,154,12,0.120049504950495,0.1028550512445095,300000000,1.0,0.1662541254125412,0.1037701317715959,0.1248169838945827,1,False,0
0,ep_eb8222d09ecc3c3ef25a,155,12,0.0977722772277227,0.1026720351390922,300000000,1.0,0.1445957095709571,0.1037701317715959,0.1248169838945827,1,False,0
0,ep_eb8222d09ecc3c3ef25a,156,13,0.0824051155115511,0.1026720351390922,300000000,1.0,0.1392326732673267,0.1037701317715959,0.1248169838945827,1,False,0
0,ep_eb8222d09ecc3c3ef25a,157,13,0.0760107260726072,0.1024890190336749,300000000,1.0,0.1610973597359736,0.1035871156661786,0.1248169838945827,1,False,0
0,ep_eb8222d09ecc3c3ef25a,158,13,0.102825907590759,0.1026720351390922,300000000,1.0,0.1691419141914191,0.1037701317715959,0.1248169838945827,1,False,0
0,ep_eb8222d09ecc3c3ef25a,159,13,0.1136551155115511,0.1026720351390922,300000000,1.0,0.1841996699669967,0.1037701317715959,0.1248169838945827,1,False,0
0,ep_eb8222d09ecc3c3ef25a,160,13,0.1053011551155115,0.1019399707174231,300000000,1.0,0.1963696369636963,0.1037701317715959,0.1248169838945827,1,False,0
0,ep_eb8222d09ecc3c3ef25a,161,13,0.1107673267326732,0.1030380673499267,300000000,1.0,0.16006600660066,0.1037701317715959,0.1248169838945827,1,False,0
0,ep_eb8222d09ecc3c3ef25a,162,13,0.097256600660066,0.1023060029282576,300000000,1.0,0.1553217821782178,0.1035871156661786,0.1248169838945827,1,False,0
0,ep_eb8222d09ecc3c3ef25a,163,13,0.1122112211221122,0.1030380673499267,300000000,1.0,0.1631600660066006,0.1037701317715959,0.1248169838945827,1,False,0
0,ep_eb8222d09ecc3c3ef25a,164,13,0.1163366336633663,0.1028550512445095,300000000,1.0,0.1709983498349835,0.1037701317715959,0.1248169838945827,1,False,0
0,ep_ef41f9e986fe26e2d03b,22,1,0.1002475247524752,0.0191023060029282,120000000,0.4,0.1452145214521452,0.041727672035139,0.4443631039531479,1,False,0
0,ep_ef41f9e986fe26e2d03b,23,1,0.0974628712871287,0.1160322108345534,300000000,1.0,0.1456270627062706,0.1608711566617862,0.4443631039531479,1,False,0
0,ep_ef41f9e986fe26e2d03b,24,2,0.0131884282178217,0.159407027818448,300000000,1.0,0.0187964108910891,0.1599560761346998,0.4443631039531479,1,False,0
0,ep_ef41f9e986fe26e2d03b,25,2,0.0006719910272277,0.1583089311859443,300000000,1.0,0.0030328228135313,0.1588579795021961,0.4443631039531479,1,False,0
0,ep_ef41f9e986fe26e2d03b,26,2,0.0005043961427392,0.1573938506588579,300000000,1.0,0.0018274288366336,0.1573938506588579,0.4443631039531479,1,False,0
0,ep_ef41f9e986fe26e2d03b,27,2,0.0003835344471947,0.1562957540263543,300000000,1.0,0.001642107570132,0.1570278184480234,0.4443631039531479,1,False,0
0,ep_ef41f9e986fe26e2d03b,28,2,0.0003738655115511,0.1551976573938506,300000000,1.0,0.0017468543729372,0.1557467057101025,0.4443631039531479,1,False,0
0,ep_ef41f9e986fe26e2d03b,29,2,0.0003593621080858,0.154099560761347,300000000,1.0,0.0015921514026402,0.1546486090775988,0.4443631039531479,1,False,0
0,ep_ef41f9e986fe26e2d03b,30,2,0.0003513046617161,0.1530014641288433,300000000,1.0,0.0016372731023102,0.1535505124450951,0.4443631039531479,1,False,0
0,ep_ef41f9e986fe26e2d03b,31,2,0.0003489841171617,0.1518777452415812,300000000,1.0,0.0010394105816831,0.1524524158125915,0.4443631039531479,2,False,0
0,ep_ef41f9e986fe26e2d03b,32,2,0.0003335782797029,0.1506222547584187,300000000,1.0,0.0015824824669966,0.1511713030746705,0.4443631039531479,1,False,0
0,ep_ef41f9e986fe26e2d03b,33,2,0.0003303553011551,0.149524158125915,300000000,1.0,0.0015921514026402,0.1500732064421669,0.4443631039531479,1,False,0
0,ep_ef41f9e986fe26e2d03b,34,2,0.000331966790429,0.1484260614934114,300000000,1.0,0.0014487288572607,0.1489751098096632,0.4443631039531479,1,False,0
0,ep_ef41f9e986fe26e2d03b,35,2,0.0009846199463696,0.1473279648609077,300000000,1.0,0.0154960808580858,0.1478770131771596,0.4443631039531479,1,False,0
0,ep_ef41f9e986fe26e2d03b,36,3,0.013072400990099,0.1482430453879941,300000000,1.0,0.0162438118811881,0.1504392386530014,0.4443631039531479,1,False,0
0,ep_ef41f9e986fe26e2d03b,37,3,0.0003722540222772,0.1497071742313323,300000000,1.0,0.0013504280115511,0.1502562225475842,0.4443631039531479,1,False,0
0,ep_ef41f9e986fe26e2d03b,38,3,0.0003448587046204,0.1486090775988287,300000000,1.0,0.0012360122731023,0.1491581259150805,0.4443631039531479,1,False,0
0,ep_ef41f9e986fe26e2d03b,39,3,0.000331966790429,0.147510980966325,300000000,1.0,0.0018145369224422,0.1480600292825768,0.4443631039531479,1,False,0
0,ep_ef41f9e986fe26e2d03b,40,3,0.0003255208333333,0.1464128843338213,300000000,1.0,0.0014729011963696,0.1469619326500732,0.4443631039531479,1,False,0
0,ep_ef41f9e986fe26e2d03b,41,3,0.0002981255156765,0.1453147877013177,300000000,1.0,0.001308529290429,0.1458638360175695,0.4443631039531479,1,False,0
0,ep_ef41f9e986fe26e2d03b,42,3,0.0003029599834983,0.144216691068814,300000000,1.0,0.0012698535478547,0.1447657393850658,0.4443631039531479,1,False,0
0,ep_ef41f9e986fe26e2d03b,43,3,0.0002981255156765,0.1431185944363104,300000000,1.0,0.0013600969471947,0.1436676427525622,0.4443631039531479,1,False,0
0,ep_ef41f9e986fe26e2d03b,44,3,0.0003126289191419,0.1420204978038067,300000000,1.0,0.0012730765264026,0.1425695461200585,0.4443631039531479,1,False,0
0,ep_ef41f9e986fe26e2d03b,45,3,0.0003126289191419,0.1411054172767203,300000000,1.0,0.0013278671617161,0.1416544655929721,0.4443631039531479,1,False,0
0,ep_ef41f9e986fe26e2d03b,46,3,0.0003077944513201,0.1400073206442167,300000000,1.0,0.0013713773721122,0.1405563689604685,0.4443631039531479,1,False,0
0,ep_ef41f9e986fe26e2d03b,47,3,0.0003061829620462,0.138909224011713,300000000,1.0,0.0014970735354785,0.1394582723279648,0.4443631039531479,1,False,0
0,ep_ef41f9e986fe26e2d03b,48,4,0.0002965140264026,0.1379941434846266,300000000,1.0,0.00137460035066,0.1383601756954612,0.4443631039531479,1,False,0
0,ep_ef41f9e986fe26e2d03b,49,4,0.0003029599834983,0.1368960468521229,300000000,1.0,0.0012827454620462,0.1374450951683748,0.4443631039531479,1,False,0
0,ep_ef41f9e986fe26e2d03b,50,4,0.0003142404084158,0.1357979502196193,300000000,1.0,0.0015502526815181,0.1363469985358711,0.4443631039531479,1,False,0
0,ep_ef41f9e986fe26e2d03b,51,4,0.000309405940594,0.1348828696925329,300000000,1.0,0.0015260803424092,0.1352489019033675,0.4443631039531479,1,False,0
0,ep_ef41f9e986fe26e2d03b,52,4,0.0003142404084158,0.1337847730600292,300000000,1.0,0.0014374484323432,0.1343338213762811,0.4443631039531479,1,False,0
0,ep_ef41f9e986fe26e2d03b,53,4,0.0003110174298679,0.1326866764275256,300000000,1.0,0.0014809586427392,0.1332357247437774,0.4443631039531479,1,False,0
0,ep_ef41f9e986fe26e2d03b,54,4,0.0003255208333333,0.1317715959004392,300000000,1.0,0.0014326139645214,0.132320644216691,0.4443631039531479,1,False,0
0,ep_ef41f9e986fe26e2d03b,55,4,0.0003174633869636,0.1306734992679356,300000000,1.0,0.0020304764851485,0.1312225475841874,0.4443631039531479,1,False,0
0,ep_ef41f9e986fe26e2d03b,56,4,0.0002755646658415,0.1299414348462664,112943777,0.3764792566666666,0.0007155012376237,0.1301244509516837,0.4443631039531479,1,False,0
0,ep_fb6c185489a7313f0fee,138,11,0.2194719471947194,0.0195369692532942,240000000,0.8,0.3712871287128713,0.0223279648609077,0.0345442898975109,1,False,0
0,ep_fb6c185489a7313f0fee,139,11,0.2718646864686468,0.0222364568081991,300000000,1.0,0.3877887788778877,0.0228770131771595,0.0345442898975109,1,False,0
0,ep_fb6c185489a7313f0fee,140,11,0.2673267326732673,0.0230600292825768,300000000,1.0,0.3906765676567656,0.02351756954612,0.0345442898975109,1,False,0
0,ep_fb6c185489a7313f0fee,141,11,0.2615511551155115,0.0234260614934114,300000000,1.0,0.3729372937293729,0.0237463396778916,0.0345442898975109,1,False,0
0,ep_fb6c185489a7313f0fee,142,11,0.2644389438943894,0.0237005856515373,300000000,1.0,0.3828382838283828,0.0239751098096632,0.0345442898975109,1,False,0
0,ep_fb6c185489a7313f0fee,143,11,0.2396864686468647,0.0237463396778916,300000000,1.0,0.3886138613861386,0.0241123718887262,0.0345442898975109,1,False,0
0,ep_fb6c185489a7313f0fee,144,12,0.2739273927392739,0.0239293557833089,300000000,1.0,0.4075907590759076,0.0242038799414348,0.0345442898975109,1,False,0
0,ep_fb6c185489a7313f0fee,145,12,0.2842409240924092,0.0239751098096632,300000000,1.0,0.4108910891089108,0.0242953879941434,0.0345442898975109,1,False,0
0,ep_fb6c185489a7313f0fee,146,12,0.2891914191419142,0.0240208638360175,300000000,1.0,0.4117161716171617,0.0243411420204978,0.0345442898975109,1,False,0
0,ep_fb6c185489a7313f0fee,147,12,0.2904290429042904,0.0241123718887262,300000000,1.0,0.4108910891089108,0.0244326500732064,0.0345442898975109,1,False,0
0,ep_fb6c185489a7313f0fee,148,12,0.2871287128712871,0.0242038799414348,300000000,1.0,0.4154290429042904,0.024524158125915,0.0345442898975109,1,False,0
0,ep_fb6c185489a7313f0fee,149,12,0.283003300330033,0.0242496339677891,300000000,1.0,0.4059405940594059,0.0245699121522694,0.0345442898975109,1,False,0
0,ep_fb6c185489a7313f0fee,150,12,0.2809405940594059,0.0242496339677891,300000000,1.0,0.3981023102310231,0.0247071742313323,0.0345442898975109,1,False,0
0,ep_fb6c185489a7313f0fee,151,12,0.2801155115511551,0.0242496339677891,300000000,1.0,0.4047029702970297,0.0245699121522694,0.0345442898975109,1,False,0
0,ep_fb6c185489a7313f0fee,152,12,0.2768151815181518,0.0243411420204978,300000000,1.0,0.4034653465346535,0.0246156661786237,0.0345442898975109,1,False,0
0,ep_fb6c185489a7313f0fee,153,12,0.2838283828382838,0.024524158125915,300000000,1.0,0.4121287128712871,0.0247071742313323,0.0345442898975109,1,False,0
0,ep_fb6c185489a7313f0fee,154,12,0.28506600660066,0.0245699121522694,300000000,1.0,0.4067656765676568,0.0247986822840409,0.0345442898975109,1,False,0
0,ep_fb6c185489a7313f0fee,155,12,0.2821782178217821,0.0245699121522694,300000000,1.0,0.403052805280528,0.0249816983894582,0.0345442898975109,1,False,0
0,ep_fb6c185489a7313f0fee,156,13,0.2846534653465346,0.0246156661786237,300000000,1.0,0.417079207920792,0.0248901903367496,0.0345442898975109,1,False,0
0,ep_fb6c185489a7313f0fee,157,13,0.2867161716171617,0.024661420204978,300000000,1.0,0.408003300330033,0.0249359443631039,0.0345442898975109,1,False,0
0,ep_fb6c185489a7313f0fee,158,13,0.2879537953795379,0.024661420204978,300000000,1.0,0.4059405940594059,0.0249816983894582,0.0345442898975109,1,False,0
0,ep_fb6c185489a7313f0fee,159,13,0.2528877887788779,0.0243868960468521,300000000,1.0,0.4042904290429043,0.0249816983894582,0.0345442898975109,1,False,0
0,ep_fb6c185489a7313f0fee,160,13,0.2966171617161716,0.0243868960468521,300000000,1.0,0.3939768976897689,0.024661420204978,0.0345442898975109,1,False,0
0,ep_fb6c185489a7313f0fee,161,13,0.2953795379537954,0.0243868960468521,300000000,1.0,0.4047029702970297,0.0247071742313323,0.0345442898975109,1,False,0
0,ep_fb6c185489a7313f0fee,162,13,0.2929042904290429,0.0243411420204978,300000000,1.0,0.4051155115511551,0.0246156661786237,0.0345442898975109,1,False,0
0,ep_fb6c185489a7313f0fee,163,13,0.2908415841584158,0.0242953879941434,300000000,1.0,0.4104785478547855,0.0245699121522694,0.0345442898975109,1,False,0
0,ep_fb6c185489a7313f0fee,164,13,0.2896039603960396,0.0242953879941434,300000000,1.0,0.4075907590759076,0.0245699121522694,0.0345442898975109,1,False,0
0,ep_fb6c185489a7313f0fee,165,13,0.2916666666666667,0.0242953879941434,300000000,1.0,0.4121287128712871,0.0246156661786237,0.0345442898975109,1,False,0
0,ep_fb6c185489a7313f0fee,166,13,0.2863036303630363,0.0242953879941434,300000000,1.0,0.4121287128712871,0.0245699121522694,0.0345442898975109,1,False,0
0,ep_fb6c185489a7313f0fee,167,13,0.28506600660066,0.0244784040995607,300000000,1.0,0.4216171617161716,0.0249359443631039,0.0345442898975109,1,False,0
0,ep_fb6c185489a7313f0fee,168,14,0.2871287128712871,0.0247986822840409,300000000,1.0,0.4191419141914191,0.0251189604685212,0.0345442898975109,1,False,0
0,ep_fb6c185489a7313f0fee,169,14,0.2871287128712871,0.0247529282576866,300000000,1.0,0.4232673267326732,0.0250732064421669,0.0345442898975109,1,False,0
0,ep_fb6c185489a7313f0fee,170,14,0.2883663366336633,0.0247071742313323,300000000,1.0,0.4125412541254125,0.0251189604685212,0.0345442898975109,1,False,0
0,ep_fb6c185489a7313f0fee,171,14,0.2731023102310231,0.0247071742313323,300000000,1.0,0.3894389438943894,0.0250274524158125,0.0345442898975109,1,False,0
0,ep_fb6c185489a7313f0fee,172,14,0.275990099009901,0.0247071742313323,300000000,1.0,0.3873762376237624,0.0250274524158125,0.0345442898975109,1,False,0
0,ep_fb6c185489a7313f0fee,173,14,0.2751650165016501,0.0247071742313323,300000000,1.0,0.3939768976897689,0.0250274524158125,0.0345442898975109,1,False,0
0,ep_fb6c185489a7313f0fee,174,14,0.2797029702970297,0.024661420204978,300000000,1.0,0.4113036303630363,0.0249816983894582,0.0345442898975109,1,False,0
0,ep_fb6c185489a7313f0fee,175,14,0.2409240924092409,0.0244784040995607,300000000,1.0,0.396039603960396,0.0249816983894582,0.0345442898975109,1,False,0
0,ep_fb6c185489a7313f0fee,176,14,0.2854785478547855,0.0244784040995607,300000000,1.0,0.4195544554455445,0.0251189604685212,0.0345442898975109,1,False,0
0,ep_fb6c185489a7313f0fee,177,14,0.1903877887788778,0.0242496339677891,300000000,1.0,0.4249174917491749,0.0252104685212298,0.0345442898975109,1,False,0
0,ep_fb6c185489a7313f0fee,178,14,0.2854785478547855,0.0247071742313323,300000000,1.0,0.4005775577557756,0.0249816983894582,0.0345442898975109,1,False,0
0,ep_fb6c185489a7313f0fee,179,14,0.2916666666666667,0.024661420204978,300000000,1.0,0.4067656765676568,0.0249816983894582,0.0345442898975109,1,False,0
0,ep_fb6c185489a7313f0fee,180,15,0.2784653465346535,0.024661420204978,300000000,1.0,0.4113036303630363,0.0251189604685212,0.0345442898975109,1,False,0
0,ep_fb6c185489a7313f0fee,181,15,0.2644389438943894,0.0246156661786237,300000000,1.0,0.3650990099009901,0.0249816983894582,0.0345442898975109,1,False,0
0,ep_fb6c185489a7313f0fee,182,15,0.2702145214521452,0.0246156661786237,300000000,1.0,0.3721122112211221,0.0248901903367496,0.0345442898975109,1,False,0
0,ep_fb6c185489a7313f0fee,183,15,0.2689768976897689,0.0246156661786237,300000000,1.0,0.3840759075907591,0.0248901903367496,0.0345442898975109,1,False,0
0,ep_fb6c185489a7313f0fee,184,15,0.2702145214521452,0.0246156661786237,300000000,1.0,0.3787128712871287,0.0248901903367496,0.0345442898975109,1,False,0
0,ep_fb6c185489a7313f0fee,185,15,0.2665016501650165,0.024661420204978,300000000,1.0,0.4005775577557756,0.0249816983894582,0.0345442898975109,1,False,0
0,ep_fb6c185489a7313f0fee,186,15,0.2669141914191419,0.0247071742313323,300000000,1.0,0.3692244224422442,0.0250732064421669,0.0345442898975109,1,False,0
0,ep_fb6c185489a7313f0fee,187,15,0.2801155115511551,0.0247071742313323,300000000,1.0,0.4141914191419142,0.0249359443631039,0.0345442898975109,1,False,0
0,ep_fb6c185489a7313f0fee,188,15,0.283003300330033,0.0247529282576866,300000000,1.0,0.4141914191419142,0.0251189604685212,0.0345442898975109,1,False,0
0,ep_fb6c185489a7313f0fee,189,15,0.2801155115511551,0.0247071742313323,300000000,1.0,0.4125412541254125,0.0249816983894582,0.0345442898975109,1,False,0
0,ep_fb6c185489a7313f0fee,190,15,0.2751650165016501,0.0247529282576866,300000000,1.0,0.422029702970297,0.0250732064421669,0.0345442898975109,1,False,0
0,ep_fb6c185489a7313f0fee,191,15,0.2805280528052805,0.0249359443631039,300000000,1.0,0.4212046204620462,0.0253019765739385,0.0345442898975109,1,False,0
0,ep_fb6c185489a7313f0fee,192,16,0.275990099009901,0.0248901903367496,300000000,1.0,0.4154290429042904,0.0251647144948755,0.0345442898975109,1,False,0
0,ep_fb6c185489a7313f0fee,193,16,0.257013201320132,0.0247071742313323,300000000,1.0,0.4063531353135313,0.0252104685212298,0.0345442898975109,1,False,0
0,ep_fb6c185489a7313f0fee,194,16,0.2739273927392739,0.0246156661786237,300000000,1.0,0.4174917491749175,0.0249359443631039,0.0345442898975109,1,False,0
0,ep_fb6c185489a7313f0fee,196,16,0.0,2.859626647144949e-06,1389766,0.0046325533333333,2.2560849834983497e-05,2.859626647144949e-06,0.0345442898975109,1,False,0
