workload_id,suspension_probability,completion_ratio
sp_00,0.2,0.9875000000000002
sp_01,0.2,0.9708333333333335
sp_02,0.2,0.9708333333333335
sp_03,0.2,0.9916666666666668
sp_04,0.2,0.9875000000000002
sp_05,0.2,0.9916666666666668
sp_06,0.2,0.9708333333333335
sp_07,0.2,0.9916666666666668
sp_08,0.2,0.9708333333333335
sp_09,0.2,0.9708333333333335
sp_10,0.2,0.9708333333333335
sp_11,0.2,0.9875000000000002
