scenario_id,vm_id,t5_day,t_hour,cpu_usage,mem_usage,coverage_us,coverage_ratio,max_cpu_usage,max_mem_usage,assigned_memory,overlap_source_row_count,overlap_conflict_flag,duplicated_timeline_us
0,ep_0156f659a4c08159e143,0,0,0.21405927835051525,0.4685450844894355,300000000,1.0,0.37213058419243966,0.4687141123416798,0.49,1,False,0
0,ep_0156f659a4c08159e143,1,0,0.2508934707903778,0.46837581237714576,300000000,1.0,0.4327491408934709,0.46837581237714576,0.49,1,False,0
0,ep_0156f659a4c08159e143,2,0,0.23531786941580765,0.46820629520917456,300000000,1.0,0.4053865979381442,0.4687141123416798,0.49,1,False,0
0,ep_0156f659a4c08159e143,3,0,0.21974226804123703,0.4685450844894355,300000000,1.0,0.35150343642611664,0.4687141123416798,0.49,1,False,0
0,ep_0156f659a4c08159e143,4,0,0.22942439862542938,0.46837581237714576,300000000,1.0,0.410438144329897,0.46837581237714576,0.49,1,False,0
0,ep_0156f659a4c08159e143,5,0,0.21595360824742255,0.46820629520917456,300000000,1.0,0.36834192439862556,0.46820629520917456,0.49,1,False,0
0,ep_0156f659a4c08159e143,6,0,0.21974226804123703,0.46820629520917456,300000000,1.0,0.38812714776632323,0.4687141123416798,0.49,1,False,0
0,ep_0156f659a4c08159e143,7,0,0.23826460481099634,0.4685450844894355,300000000,1.0,0.39612542955326474,0.4687141123416798,0.49,1,False,0
0,ep_0156f659a4c08159e143,8,0,0.23784364261168384,0.46837581237714576,300000000,1.0,0.41633161512027483,0.46837581237714576,0.49,1,False,0
0,ep_0156f659a4c08159e143,9,0,0.2146907216494846,0.46820629520917456,300000000,1.0,0.3552920962199312,0.4687141123416798,0.49,1,False,0
0,ep_0156f659a4c08159e143,10,0,0.22521477663230235,0.4685450844894355,300000000,1.0,0.373393470790378,0.4687141123416798,0.49,1,False,0
0,ep_0156f659a4c08159e143,11,0,0.21363831615120277,0.46837581237714576,300000000,1.0,0.3578178694158074,0.46837581237714576,0.49,1,False,0
0,ep_0156f659a4c08159e143,12,1,0.21532216494845358,0.46820629520917456,300000000,1.0,0.3540292096219929,0.46820629520917456,0.49,1,False,0
0,ep_0156f659a4c08159e143,13,1,0.24079037800687256,0.4685450844894355,300000000,1.0,0.41001718213058413,0.4687141123416798,0.49,1,False,0
0,ep_0156f659a4c08159e143,14,1,0.2437371134020617,0.46837581237714576,300000000,1.0,0.4445360824742269,0.46837581237714576,0.49,1,False,0
0,ep_0156f659a4c08159e143,15,1,0.21195446735395196,0.46820629520917456,300000000,1.0,0.3826546391752579,0.46820629520917456,0.49,1,False,0
0,ep_0156f659a4c08159e143,16,1,0.22942439862542938,0.4685450844894355,300000000,1.0,0.3856013745704466,0.4687141123416798,0.49,1,False,0
0,ep_0156f659a4c08159e143,17,1,0.21805841924398622,0.46837581237714576,300000000,1.0,0.3788659793814433,0.46837581237714576,0.49,1,False,0
0,ep_0156f659a4c08159e143,18,1,0.21237542955326444,0.46820629520917456,300000000,1.0,0.36455326460481113,0.46820629520917456,0.49,1,False,0
0,ep_0156f659a4c08159e143,19,1,0.24036941580756008,0.4685450844894355,300000000,1.0,0.4226460481099656,0.4687141123416798,0.49,1,False,0
0,ep_0156f659a4c08159e143,20,1,0.23700171821305843,0.46837581237714576,300000000,1.0,0.4319072164948454,0.46837581237714576,0.49,1,False,0
0,ep_0156f659a4c08159e143,21,1,0.22437285223367698,0.46820629520917456,300000000,1.0,0.39402061855670106,0.46820629520917456,0.49,1,False,0
0,ep_0156f659a4c08159e143,22,1,0.23742268041237094,0.4685450844894355,300000000,1.0,0.4251718213058418,0.4687141123416798,0.49,1,False,0
0,ep_0156f659a4c08159e143,23,1,0.21974226804123703,0.46837581237714576,300000000,1.0,0.38223367697594496,0.46837581237714576,0.49,1,False,0
0,ep_0156f659a4c08159e143,24,2,0.21890034364261163,0.46820629520917456,300000000,1.0,0.3637113402061857,0.46820629520917456,0.49,1,False,0
0,ep_0156f659a4c08159e143,25,2,0.2437371134020617,0.4685450844894355,300000000,1.0,0.4319072164948454,0.4687141123416798,0.49,1,False,0
0,ep_0156f659a4c08159e143,26,2,0.23826460481099634,0.46837581237714576,300000000,1.0,0.3957044673539518,0.46837581237714576,0.49,1,False,0
0,ep_0156f659a4c08159e143,27,2,0.20963917525773182,0.46820629520917456,300000000,1.0,0.36329037800687275,0.46820629520917456,0.49,1,False,0
0,ep_0156f659a4c08159e143,28,2,0.23700171821305843,0.4685450844894355,300000000,1.0,0.44116838487972493,0.4687141123416798,0.49,1,False,0
0,ep_0156f659a4c08159e143,29,2,0.21721649484536085,0.46837581237714576,300000000,1.0,0.35613402061855665,0.46837581237714576,0.49,1,False,0
0,ep_0156f659a4c08159e143,30,2,0.21679553264604792,0.46820629520917456,300000000,1.0,0.3834965635738833,0.46820629520917456,0.49,1,False,0
0,ep_0156f659a4c08159e143,31,2,0.24289518900343626,0.4685450844894355,300000000,1.0,0.41927835051546397,0.4687141123416798,0.49,1,False,0
0,ep_0156f659a4c08159e143,32,2,0.24163230240549838,0.46837581237714576,300000000,1.0,0.3948625429553264,0.46837581237714576,0.49,1,False,0
0,ep_0156f659a4c08159e143,33,2,0.22142611683848784,0.46820629520917456,300000000,1.0,0.40454467353951884,0.46820629520917456,0.49,1,False,0
0,ep_0156f659a4c08159e143,34,2,0.2424742268041238,0.4685450844894355,300000000,1.0,0.4041237113402063,0.4687141123416798,0.49,1,False,0
0,ep_0156f659a4c08159e143,35,2,0.22395189003436408,0.46837581237714576,300000000,1.0,0.3624484536082474,0.46837581237714576,0.49,1,False,0
0,ep_0156f659a4c08159e143,36,3,0.2260567010309278,0.46820629520917456,300000000,1.0,0.38223367697594496,0.46820629520917456,0.49,1,False,0
0,ep_0156f659a4c08159e143,37,3,0.2479467353951891,0.4685450844894355,300000000,1.0,0.45632302405498304,0.4687141123416798,0.49,1,False,0
0,ep_0156f659a4c08159e143,38,3,0.24121134020618545,0.46837581237714576,300000000,1.0,0.4285395189003434,0.4685450844894355,0.49,1,False,0
0,ep_0156f659a4c08159e143,39,3,0.22184707903780074,0.46820629520917456,300000000,1.0,0.3418213058419244,0.46837581237714576,0.49,1,False,0
0,ep_0156f659a4c08159e143,40,3,0.23615979381443306,0.46837581237714576,300000000,1.0,0.42138316151202726,0.4687141123416798,0.49,1,False,0
0,ep_0156f659a4c08159e143,41,3,0.22395189003436408,0.46837581237714576,300000000,1.0,0.37170962199312724,0.46837581237714576,0.49,1,False,0
0,ep_0156f659a4c08159e143,42,3,0.22353092783505157,0.46820629520917456,300000000,1.0,0.3595017182130582,0.46820629520917456,0.49,1,False,0
0,ep_0156f659a4c08159e143,43,3,0.2454209621993125,0.46837581237714576,300000000,1.0,0.4857903780068729,0.4687141123416798,0.49,1,False,0
0,ep_0156f659a4c08159e143,44,3,0.2441580756013746,0.46837581237714576,300000000,1.0,0.44621993127147774,0.46837581237714576,0.49,1,False,0
0,ep_0156f659a4c08159e143,45,3,0.21974226804123703,0.46820629520917456,300000000,1.0,0.41085910652920954,0.46820629520917456,0.49,1,False,0
0,ep_0156f659a4c08159e143,46,3,0.23110824742268019,0.46820629520917456,300000000,1.0,0.43948453608247406,0.46820629520917456,0.49,1,False,0
0,ep_0156f659a4c08159e143,47,3,0.228582474226804,0.46837581237714576,300000000,1.0,0.36665807560137437,0.4687141123416798,0.49,1,False,0
0,ep_0156f659a4c08159e143,48,4,0.22395189003436408,0.46837581237714576,300000000,1.0,0.3742353951890034,0.4685450844894355,0.49,1,False,0
0,ep_0156f659a4c08159e143,49,4,0.24331615120274916,0.46820629520917456,300000000,1.0,0.4386426116838487,0.46820629520917456,0.49,1,False,0
0,ep_0156f659a4c08159e143,50,4,0.2475257731958762,0.46837581237714576,300000000,1.0,0.4344329896907217,0.4687141123416798,0.49,1,False,0
0,ep_0156f659a4c08159e143,51,4,0.22479381443298946,0.46837581237714576,300000000,1.0,0.36286941580756027,0.46837581237714576,0.49,1,False,0
0,ep_0156f659a4c08159e143,52,4,0.24121134020618545,0.46820629520917456,300000000,1.0,0.42727663230240553,0.46837581237714576,0.49,1,False,0
0,ep_0156f659a4c08159e143,53,4,0.22100515463917494,0.46837581237714576,300000000,1.0,0.41885738831615105,0.4687141123416798,0.49,1,False,0
0,ep_0156f659a4c08159e143,54,4,0.21805841924398622,0.46837581237714576,300000000,1.0,0.39444158075601354,0.46837581237714576,0.49,1,False,0
0,ep_0156f659a4c08159e143,55,4,0.24836769759450159,0.46820629520917456,300000000,1.0,0.4150687285223369,0.46820629520917456,0.49,1,False,0
0,ep_0156f659a4c08159e143,56,4,0.2529982817869415,0.46837581237714576,300000000,1.0,0.41885738831615105,0.4687141123416798,0.49,1,False,0
0,ep_0156f659a4c08159e143,57,4,0.2302663230240548,0.46837581237714576,300000000,1.0,0.407070446735395,0.46837581237714576,0.49,1,False,0
0,ep_0156f659a4c08159e143,58,4,0.2454209621993125,0.46820629520917456,300000000,1.0,0.42559278350515467,0.46837581237714576,0.49,1,False,0
0,ep_0156f659a4c08159e143,59,4,0.2298453608247423,0.46837581237714576,300000000,1.0,0.41254295532646035,0.4687141123416798,0.49,1,False,0
0,ep_0156f659a4c08159e143,60,5,0.21932130584192414,0.46837581237714576,300000000,1.0,0.3624484536082474,0.4685450844894355,0.49,1,False,0
0,ep_0156f659a4c08159e143,61,5,0.24163230240549838,0.46820629520917456,300000000,1.0,0.41843642611683857,0.46837581237714576,0.49,1,False,0
0,ep_0156f659a4c08159e143,62,5,0.2441580756013746,0.46837581237714576,300000000,1.0,0.40117697594501717,0.4687141123416798,0.49,1,False,0
0,ep_0156f659a4c08159e143,63,5,0.22479381443298946,0.46837581237714576,300000000,1.0,0.3754982817869417,0.4685450844894355,0.49,1,False,0
0,ep_0156f659a4c08159e143,64,5,0.245,0.46837581237714576,300000000,1.0,0.42012027491408943,0.4687141123416798,0.49,1,False,0
0,ep_0156f659a4c08159e143,65,5,0.22395189003436408,0.46837581237714576,300000000,1.0,0.3885481099656357,0.4685450844894355,0.49,1,False,0
0,ep_0156f659a4c08159e143,66,5,0.22184707903780074,0.46820629520917456,300000000,1.0,0.3818127147766325,0.46837581237714576,0.49,1,False,0
0,ep_0156f659a4c08159e143,67,5,0.2454209621993125,0.46820629520917456,300000000,1.0,0.43780068728522326,0.46820629520917456,0.49,1,False,0
0,ep_0156f659a4c08159e143,68,5,0.24205326460481086,0.46837581237714576,300000000,1.0,0.3788659793814433,0.4687141123416798,0.49,1,False,0
0,ep_0156f659a4c08159e143,69,5,0.2256357388316149,0.46837581237714576,300000000,1.0,0.3784450171821304,0.4685450844894355,0.49,1,False,0
0,ep_0156f659a4c08159e143,70,5,0.23615979381443306,0.46820629520917456,300000000,1.0,0.4222250859106531,0.46837581237714576,0.49,1,False,0
0,ep_0156f659a4c08159e143,71,5,0.22268900343642617,0.46837581237714576,300000000,1.0,0.4037027491408934,0.4687141123416798,0.49,1,False,0
0,ep_0156f659a4c08159e143,72,6,0.21721649484536085,0.46837581237714576,300000000,1.0,0.38097079037800663,0.4685450844894355,0.49,1,False,0
0,ep_0156f659a4c08159e143,73,6,0.23994845360824715,0.46820629520917456,300000000,1.0,0.44537800687285234,0.46837581237714576,0.49,1,False,0
0,ep_0156f659a4c08159e143,74,6,0.24836769759450159,0.46837581237714576,300000000,1.0,0.42054123711340186,0.4687141123416798,0.49,1,False,0
0,ep_0156f659a4c08159e143,75,6,0.22479381443298946,0.46837581237714576,300000000,1.0,0.4285395189003434,0.4685450844894355,0.49,1,False,0
0,ep_0156f659a4c08159e143,76,6,0.23363402061855643,0.46820629520917456,300000000,1.0,0.43359106529209623,0.46837581237714576,0.49,1,False,0
0,ep_0156f659a4c08159e143,77,6,0.22184707903780074,0.46820629520917456,300000000,1.0,0.43359106529209623,0.46820629520917456,0.49,1,False,0
0,ep_0156f659a4c08159e143,78,6,0.21890034364261163,0.46837581237714576,300000000,1.0,0.38812714776632323,0.4687141123416798,0.49,1,False,0
0,ep_0156f659a4c08159e143,79,6,0.24163230240549838,0.46837581237714576,300000000,1.0,0.4613745704467354,0.4685450844894355,0.49,1,False,0
0,ep_0156f659a4c08159e143,80,6,0.2441580756013746,0.46820629520917456,300000000,1.0,0.41927835051546397,0.46837581237714576,0.49,1,False,0
0,ep_0156f659a4c08159e143,81,6,0.22942439862542938,0.46820629520917456,300000000,1.0,0.3927577319587627,0.46820629520917456,0.49,1,False,0
0,ep_0156f659a4c08159e143,82,6,0.24289518900343626,0.46837581237714576,300000000,1.0,0.4289604810996563,0.4687141123416798,0.49,1,False,0
0,ep_0156f659a4c08159e143,83,6,0.22353092783505157,0.46837581237714576,300000000,1.0,0.40159793814433004,0.4685450844894355,0.49,1,False,0
0,ep_0156f659a4c08159e143,84,7,0.22142611683848784,0.46820629520917456,300000000,1.0,0.43359106529209623,0.46837581237714576,0.49,1,False,0
0,ep_0156f659a4c08159e143,85,7,0.2437371134020617,0.46837581237714576,300000000,1.0,0.44790378006872855,0.4687141123416798,0.49,1,False,0
0,ep_0156f659a4c08159e143,86,7,0.25131443298969075,0.46837581237714576,300000000,1.0,0.43359106529209623,0.4685450844894355,0.49,1,False,0
0,ep_0156f659a4c08159e143,87,7,0.21805841924398622,0.46820629520917456,300000000,1.0,0.3784450171821304,0.46837581237714576,0.49,1,False,0
0,ep_0156f659a4c08159e143,88,7,0.23658075601374554,0.46820629520917456,300000000,1.0,0.41001718213058413,0.4687141123416798,0.49,1,False,0
0,ep_0156f659a4c08159e143,89,7,0.22437285223367698,0.46837581237714576,300000000,1.0,0.42138316151202726,0.4685450844894355,0.49,1,False,0
0,ep_0156f659a4c08159e143,90,7,0.22353092783505157,0.46820629520917456,300000000,1.0,0.41001718213058413,0.46837581237714576,0.49,1,False,0
0,ep_0156f659a4c08159e143,91,7,0.23910652920962175,0.46820629520917456,300000000,1.0,0.4218041237113402,0.46820629520917456,0.49,1,False,0
0,ep_0156f659a4c08159e143,92,7,0.2479467353951891,0.46820629520917456,300000000,1.0,0.3919158075601374,0.4687141123416798,0.49,1,False,0
0,ep_0156f659a4c08159e143,93,7,0.22731958762886564,0.46837581237714576,300000000,1.0,0.37170962199312724,0.4685450844894355,0.49,1,False,0
0,ep_0156f659a4c08159e143,94,7,0.23868556701030927,0.46820629520917456,300000000,1.0,0.4133848797250858,0.46837581237714576,0.49,1,False,0
0,ep_0156f659a4c08159e143,95,7,0.22731958762886564,0.46820629520917456,300000000,1.0,0.42138316151202726,0.46820629520917456,0.49,1,False,0
0,ep_0156f659a4c08159e143,96,8,0.22816151202749152,0.46820629520917456,300000000,1.0,0.4041237113402063,0.4687141123416798,0.49,1,False,0
0,ep_0156f659a4c08159e143,97,8,0.2441580756013746,0.46837581237714576,300000000,1.0,0.49,0.4685450844894355,0.49,1,False,0
0,ep_0156f659a4c08159e143,98,8,0.25173539518900323,0.46820629520917456,300000000,1.0,0.44874570446735396,0.46837581237714576,0.49,1,False,0
0,ep_0156f659a4c08159e143,99,8,0.2268986254295532,0.46820629520917456,300000000,1.0,0.41212199312714787,0.46820629520917456,0.49,1,False,0
0,ep_0156f659a4c08159e143,100,8,0.24121134020618545,0.46820629520917456,300000000,1.0,0.4386426116838487,0.4687141123416798,0.49,1,False,0
0,ep_0156f659a4c08159e143,101,8,0.22184707903780074,0.46837581237714576,300000000,1.0,0.373393470790378,0.4685450844894355,0.49,1,False,0
0,ep_0156f659a4c08159e143,102,8,0.21532216494845358,0.46820629520917456,300000000,1.0,0.37760309278350507,0.46837581237714576,0.49,1,False,0
0,ep_0156f659a4c08159e143,103,8,0.23742268041237094,0.46820629520917456,300000000,1.0,0.43359106529209623,0.46820629520917456,0.49,1,False,0
0,ep_0156f659a4c08159e143,104,8,0.24963058419243994,0.46820629520917456,300000000,1.0,0.4420103092783503,0.4685450844894355,0.49,1,False,0
0,ep_0156f659a4c08159e143,105,8,0.21321735395188987,0.46837581237714576,300000000,1.0,0.40917525773195873,0.4685450844894355,0.49,1,False,0
0,ep_0156f659a4c08159e143,106,8,0.22942439862542938,0.46820629520917456,300000000,1.0,0.3872852233676974,0.46820629520917456,0.49,1,False,0
0,ep_0156f659a4c08159e143,107,8,0.21890034364261163,0.46820629520917456,300000000,1.0,0.3885481099656357,0.46820629520917456,0.49,1,False,0
0,ep_0156f659a4c08159e143,108,9,0.22479381443298946,0.46820629520917456,300000000,1.0,0.3965463917525773,0.4685450844894355,0.49,1,False,0
0,ep_0156f659a4c08159e143,109,9,0.2441580756013746,0.46837581237714576,300000000,1.0,0.4495876288659793,0.4685450844894355,0.49,1,False,0
0,ep_0156f659a4c08159e143,110,9,0.2479467353951891,0.46820629520917456,300000000,1.0,0.4319072164948454,0.46837581237714576,0.49,1,False,0
0,ep_0156f659a4c08159e143,111,9,0.2264776632302403,0.46820629520917456,300000000,1.0,0.36202749140893487,0.46820629520917456,0.49,1,False,0
0,ep_0156f659a4c08159e143,112,9,0.23615979381443306,0.46820629520917456,300000000,1.0,0.42306701030927846,0.4685450844894355,0.49,1,False,0
0,ep_0156f659a4c08159e143,113,9,0.22353092783505157,0.46837581237714576,300000000,1.0,0.3834965635738833,0.4685450844894355,0.49,1,False,0
0,ep_0156f659a4c08159e143,114,9,0.22521477663230235,0.46820629520917456,300000000,1.0,0.37128865979381426,0.46837581237714576,0.49,1,False,0
0,ep_0156f659a4c08159e143,115,9,0.2454209621993125,0.46820629520917456,300000000,1.0,0.43359106529209623,0.46820629520917456,0.49,1,False,0
0,ep_0156f659a4c08159e143,116,9,0.24963058419243994,0.46820629520917456,300000000,1.0,0.4289604810996563,0.46820629520917456,0.49,1,False,0
0,ep_0156f659a4c08159e143,117,9,0.2290034364261169,0.46820629520917456,300000000,1.0,0.41548969072164943,0.4685450844894355,0.49,1,False,0
0,ep_0156f659a4c08159e143,118,9,0.23952749140893465,0.46837581237714576,300000000,1.0,0.4428522336769757,0.4685450844894355,0.49,1,False,0
0,ep_0156f659a4c08159e143,119,9,0.22142611683848784,0.46820629520917456,300000000,1.0,0.34308419243986266,0.46837581237714576,0.49,1,False,0
0,ep_0156f659a4c08159e143,120,10,0.2264776632302403,0.46820629520917456,300000000,1.0,0.3670790378006873,0.46820629520917456,0.49,1,False,0
0,ep_0156f659a4c08159e143,121,10,0.23868556701030927,0.46820629520917456,300000000,1.0,0.41759450171821316,0.46820629520917456,0.49,1,False,0
0,ep_0156f659a4c08159e143,122,10,0.2437371134020617,0.46837581237714576,300000000,1.0,0.44874570446735396,0.4685450844894355,0.49,1,False,0
0,ep_0156f659a4c08159e143,123,10,0.22058419243986246,0.46820629520917456,300000000,1.0,0.3595017182130582,0.46837581237714576,0.49,1,False,0
0,ep_0156f659a4c08159e143,124,10,0.24079037800687256,0.46820629520917456,300000000,1.0,0.4226460481099656,0.46820629520917456,0.49,1,False,0
0,ep_0156f659a4c08159e143,125,10,0.21847938144329873,0.46820629520917456,300000000,1.0,0.3704467353951889,0.46820629520917456,0.49,1,False,0
0,ep_0156f659a4c08159e143,126,10,0.21974226804123703,0.46837581237714576,300000000,1.0,0.37002577319587643,0.4685450844894355,0.49,1,False,0
0,ep_0156f659a4c08159e143,127,10,0.23952749140893465,0.46820629520917456,300000000,1.0,0.4824226804123709,0.46820629520917456,0.49,1,False,0
0,ep_0156f659a4c08159e143,128,10,0.245,0.46820629520917456,300000000,1.0,0.4403264604810995,0.46820629520917456,0.49,1,False,0
0,ep_0156f659a4c08159e143,129,10,0.2264776632302403,0.46837581237714576,300000000,1.0,0.39233676975945025,0.4685450844894355,0.49,1,False,0
0,ep_0156f659a4c08159e143,130,10,0.2344759450171818,0.46820629520917456,300000000,1.0,0.38307560137457036,0.46837581237714576,0.49,1,False,0
0,ep_0156f659a4c08159e143,131,10,0.21679553264604792,0.46820629520917456,300000000,1.0,0.3696048109965635,0.46820629520917456,0.49,1,False,0
0,ep_0156f659a4c08159e143,132,11,0.21111254295532655,0.46820629520917456,300000000,1.0,0.35992268041237113,0.46820629520917456,0.49,1,False,0
0,ep_0156f659a4c08159e143,133,11,0.23110824742268019,0.46837581237714576,300000000,1.0,0.46221649484536087,0.4685450844894355,0.49,1,False,0
0,ep_0156f659a4c08159e143,134,11,0.24121134020618545,0.46820629520917456,300000000,1.0,0.4445360824742269,0.46837581237714576,0.49,1,False,0
0,ep_0156f659a4c08159e143,135,11,0.21721649484536085,0.46820629520917456,300000000,1.0,0.3856013745704466,0.46820629520917456,0.49,1,False,0
0,ep_0156f659a4c08159e143,136,11,0.2290034364261169,0.46803653218584695,300000000,1.0,0.4150687285223369,0.46820629520917456,0.49,1,False,0
0,ep_0156f659a4c08159e143,137,11,0.21490120274914068,0.46803653218584695,300000000,1.0,0.38307560137457036,0.46820629520917456,0.49,1,False,0
0,ep_0156f659a4c08159e143,138,11,0.2134278350515463,0.46837581237714576,300000000,1.0,0.35613402061855665,0.4685450844894355,0.49,1,False,0
0,ep_0156f659a4c08159e143,139,11,0.23321305841924392,0.46820629520917456,300000000,1.0,0.45548109965635725,0.46837581237714576,0.49,1,False,0
0,ep_0156f659a4c08159e143,140,11,0.23742268041237094,0.46820629520917456,300000000,1.0,0.41001718213058413,0.46820629520917456,0.49,1,False,0
0,ep_0156f659a4c08159e143,141,11,0.21805841924398622,0.46803653218584695,300000000,1.0,0.398651202749141,0.46820629520917456,0.49,1,False,0
0,ep_0156f659a4c08159e143,142,11,0.22268900343642617,0.46803653218584695,300000000,1.0,0.4049656357388317,0.46820629520917456,0.49,1,False,0
0,ep_0156f659a4c08159e143,143,11,0.21763745704467333,0.46803653218584695,300000000,1.0,0.348556701030928,0.46820629520917456,0.49,1,False,0
0,ep_0156f659a4c08159e143,144,12,0.2102706185567007,0.46803653218584695,300000000,1.0,0.3590807560137457,0.46803653218584695,0.49,1,False,0
0,ep_0156f659a4c08159e143,145,12,0.23363402061855643,0.46803653218584695,300000000,1.0,0.41548969072164943,0.46803653218584695,0.49,1,False,0
0,ep_0156f659a4c08159e143,146,12,0.24584192439862537,0.46837581237714576,300000000,1.0,0.41843642611683857,0.4685450844894355,0.49,1,False,0
0,ep_0156f659a4c08159e143,147,12,0.21448024054982814,0.46820629520917456,300000000,1.0,0.3948625429553264,0.46837581237714576,0.49,1,False,0
0,ep_0156f659a4c08159e143,148,12,0.22226804123711327,0.46820629520917456,300000000,1.0,0.4150687285223369,0.46820629520917456,0.49,1,False,0
0,ep_0156f659a4c08159e143,149,12,0.2109020618556701,0.46803653218584695,300000000,1.0,0.3573969072164949,0.46820629520917456,0.49,1,False,0
0,ep_0156f659a4c08159e143,150,12,0.21006013745704472,0.46803653218584695,300000000,1.0,0.3586597938144328,0.46803653218584695,0.49,1,False,0
0,ep_0156f659a4c08159e143,151,12,0.23279209621993102,0.46837581237714576,300000000,1.0,0.41254295532646035,0.4685450844894355,0.49,1,False,0
0,ep_0156f659a4c08159e143,152,12,0.2323711340206185,0.46820629520917456,300000000,1.0,0.43780068728522326,0.46837581237714576,0.49,1,False,0
0,ep_0156f659a4c08159e143,153,12,0.20542955326460477,0.46803653218584695,300000000,1.0,0.3957044673539518,0.46820629520917456,0.49,1,False,0
0,ep_0156f659a4c08159e143,154,12,0.21847938144329873,0.46803653218584695,300000000,1.0,0.38097079037800663,0.46803653218584695,0.49,1,False,0
0,ep_0156f659a4c08159e143,155,12,0.2039561855670104,0.46803653218584695,300000000,1.0,0.348556701030928,0.46803653218584695,0.49,1,False,0
0,ep_0156f659a4c08159e143,156,13,0.20669243986254265,0.46837581237714576,300000000,1.0,0.36497422680412356,0.4685450844894355,0.49,1,False,0
0,ep_0156f659a4c08159e143,157,13,0.22437285223367698,0.46820629520917456,300000000,1.0,0.4824226804123709,0.46820629520917456,0.49,1,False,0
0,ep_0156f659a4c08159e143,158,13,0.2315292096219931,0.46803653218584695,300000000,1.0,0.38223367697594496,0.46820629520917456,0.49,1,False,0
0,ep_0156f659a4c08159e143,159,13,0.20690292096219912,0.46803653218584695,300000000,1.0,0.35445017182130584,0.46803653218584695,0.49,1,False,0
0,ep_0156f659a4c08159e143,160,13,0.212164948453608,0.46837581237714576,300000000,1.0,0.3729725085910651,0.4685450844894355,0.49,1,False,0
0,ep_0156f659a4c08159e143,161,13,0.2035352233676975,0.46820629520917456,300000000,1.0,0.3548711340206183,0.46820629520917456,0.49,1,False,0
0,ep_0156f659a4c08159e143,162,13,0.20332474226804104,0.46803653218584695,300000000,1.0,0.386443298969072,0.46820629520917456,0.49,1,False,0
0,ep_0156f659a4c08159e143,163,13,0.21595360824742255,0.46803653218584695,300000000,1.0,0.39233676975945025,0.46803653218584695,0.49,1,False,0
0,ep_0156f659a4c08159e143,164,13,0.2298453608247423,0.46803653218584695,300000000,1.0,0.39444158075601354,0.46803653218584695,0.49,1,False,0
0,ep_0156f659a4c08159e143,165,13,0.21490120274914068,0.46837581237714576,300000000,1.0,0.36329037800687275,0.4685450844894355,0.49,1,False,0
0,ep_0156f659a4c08159e143,166,13,0.22184707903780074,0.46820629520917456,300000000,1.0,0.42643470790378013,0.46837581237714576,0.49,1,False,0
0,ep_0156f659a4c08159e143,167,13,0.20753436426116845,0.46803653218584695,300000000,1.0,0.33592783505154655,0.46820629520917456,0.49,1,False,0
0,ep_0156f659a4c08159e143,168,14,0.20248281786941566,0.46803653218584695,300000000,1.0,0.3746563573883159,0.46803653218584695,0.49,1,False,0
0,ep_0156f659a4c08159e143,169,14,0.22310996563573865,0.46837581237714576,300000000,1.0,0.4386426116838487,0.4685450844894355,0.49,1,False,0
0,ep_0156f659a4c08159e143,170,14,0.22395189003436408,0.46820629520917456,300000000,1.0,0.4032817869415809,0.46837581237714576,0.49,1,False,0
0,ep_0156f659a4c08159e143,171,14,0.19722079037800677,0.46803653218584695,300000000,1.0,0.35655498281786957,0.46820629520917456,0.49,1,False,0
0,ep_0156f659a4c08159e143,172,14,0.20795532646048098,0.46803653218584695,300000000,1.0,0.3679209621993127,0.46803653218584695,0.49,1,False,0
0,ep_0156f659a4c08159e143,173,14,0.19490549828178702,0.46803653218584695,300000000,1.0,0.3679209621993127,0.46803653218584695,0.49,1,False,0
0,ep_0156f659a4c08159e143,174,14,0.1961683848797249,0.46837581237714576,300000000,1.0,0.3957044673539518,0.4685450844894355,0.49,1,False,0
0,ep_0156f659a4c08159e143,175,14,0.21932130584192414,0.46820629520917456,300000000,1.0,0.42054123711340186,0.46820629520917456,0.49,1,False,0
0,ep_0156f659a4c08159e143,176,14,0.23279209621993102,0.46803653218584695,300000000,1.0,0.4037027491408934,0.46820629520917456,0.49,1,False,0
0,ep_0156f659a4c08159e143,177,14,0.20332474226804104,0.46803653218584695,300000000,1.0,0.373393470790378,0.46803653218584695,0.49,1,False,0
0,ep_0156f659a4c08159e143,178,14,0.22058419243986246,0.46803653218584695,300000000,1.0,0.35992268041237113,0.46803653218584695,0.49,1,False,0
0,ep_0156f659a4c08159e143,179,14,0.20963917525773182,0.46837581237714576,300000000,1.0,0.3788659793814433,0.4685450844894355,0.49,1,False,0
0,ep_0156f659a4c08159e143,180,15,0.1953264604810995,0.46820629520917456,300000000,1.0,0.3910738831615119,0.46837581237714576,0.49,1,False,0
0,ep_0156f659a4c08159e143,181,15,0.2125859106529209,0.46803653218584695,300000000,1.0,0.4891580756013746,0.46820629520917456,0.49,1,False,0
0,ep_0156f659a4c08159e143,182,15,0.21932130584192414,0.46803653218584695,300000000,1.0,0.4289604810996563,0.46803653218584695,0.49,1,False,0
0,ep_0156f659a4c08159e143,183,15,0.20374570446735393,0.46803653218584695,300000000,1.0,0.3771821305841926,0.46803653218584695,0.49,1,False,0
0,ep_0156f659a4c08159e143,184,15,0.22058419243986246,0.46820629520917456,300000000,1.0,0.4243298969072164,0.4685450844894355,0.49,1,False,0
0,ep_0156f659a4c08159e143,185,15,0.20753436426116845,0.46820629520917456,300000000,1.0,0.35992268041237113,0.46837581237714576,0.49,1,False,0
0,ep_0156f659a4c08159e143,186,15,0.20585051546391728,0.46803653218584695,300000000,1.0,0.3860223367697595,0.46820629520917456,0.49,1,False,0
0,ep_0156f659a4c08159e143,187,15,0.21721649484536085,0.46803653218584695,300000000,1.0,0.4058075601374571,0.46803653218584695,0.49,1,False,0
0,ep_0156f659a4c08159e143,188,15,0.23658075601374554,0.46803653218584695,300000000,1.0,0.43948453608247406,0.46803653218584695,0.49,1,False,0
0,ep_0156f659a4c08159e143,189,15,0.2014304123711338,0.46803653218584695,300000000,1.0,0.4150687285223369,0.46803653218584695,0.49,1,False,0
0,ep_0156f659a4c08159e143,190,15,0.20816580756013742,0.46820629520917456,300000000,1.0,0.4133848797250858,0.4685450844894355,0.49,1,False,0
0,ep_0156f659a4c08159e143,191,15,0.19848367697594507,0.46820629520917456,300000000,1.0,0.3851804123711341,0.4685450844894355,0.49,1,False,0
0,ep_0156f659a4c08159e143,192,16,0.1993256013745705,0.46803653218584695,300000000,1.0,0.3552920962199312,0.46820629520917456,0.49,1,False,0
0,ep_0156f659a4c08159e143,193,16,0.21805841924398622,0.46803653218584695,300000000,1.0,0.464742268041237,0.46803653218584695,0.49,1,False,0
0,ep_0156f659a4c08159e143,194,16,0.2323711340206185,0.46803653218584695,300000000,1.0,0.4239089347079039,0.46803653218584695,0.49,1,False,0
0,ep_0156f659a4c08159e143,195,16,0.20416666666666644,0.46820629520917456,300000000,1.0,0.43611683848797245,0.4685450844894355,0.49,1,False,0
0,ep_0156f659a4c08159e143,196,16,0.20900773195876285,0.46820629520917456,300000000,1.0,0.4251718213058418,0.4685450844894355,0.49,1,False,0
0,ep_0156f659a4c08159e143,197,16,0.19343213058419223,0.46803653218584695,300000000,1.0,0.3771821305841926,0.46820629520917456,0.49,1,False,0
0,ep_0156f659a4c08159e143,198,16,0.19911512027491404,0.46803653218584695,300000000,1.0,0.3931786941580756,0.46803653218584695,0.49,1,False,0
0,ep_0156f659a4c08159e143,199,16,0.21006013745704472,0.46803653218584695,300000000,1.0,0.4748453608247423,0.46803653218584695,0.49,1,False,0
0,ep_0156f659a4c08159e143,200,16,0.22016323024054954,0.46803653218584695,300000000,1.0,0.42643470790378013,0.46803653218584695,0.49,1,False,0
0,ep_0156f659a4c08159e143,201,16,0.19469501718213053,0.46820629520917456,300000000,1.0,0.34939862542955336,0.4685450844894355,0.49,1,False,0
0,ep_0156f659a4c08159e143,202,16,0.20963917525773182,0.46820629520917456,300000000,1.0,0.428118556701031,0.46837581237714576,0.49,1,False,0
0,ep_0156f659a4c08159e143,203,16,0.19553694158075596,0.46803653218584695,300000000,1.0,0.3792869415807558,0.46820629520917456,0.49,1,False,0
0,ep_0156f659a4c08159e143,204,17,0.19132731958762894,0.46803653218584695,300000000,1.0,0.36623711340206183,0.46803653218584695,0.49,1,False,0
0,ep_0156f659a4c08159e143,205,17,0.19953608247422652,0.46803653218584695,300000000,1.0,0.37970790378006875,0.46803653218584695,0.49,1,False,0
0,ep_0156f659a4c08159e143,206,17,0.2138487972508588,0.46803653218584695,300000000,1.0,0.4243298969072164,0.46803653218584695,0.49,1,False,0
0,ep_0156f659a4c08159e143,207,17,0.1961683848797249,0.46820629520917456,300000000,1.0,0.3418213058419244,0.4685450844894355,0.49,1,False,0
0,ep_0156f659a4c08159e143,208,17,0.2039561855670104,0.46820629520917456,300000000,1.0,0.41885738831615105,0.4685450844894355,0.49,1,False,0
0,ep_0156f659a4c08159e143,209,17,0.20016752577319588,0.46803653218584695,300000000,1.0,0.3418213058419244,0.46820629520917456,0.49,1,False,0
0,ep_0156f659a4c08159e143,210,17,0.19679982817869388,0.46803653218584695,300000000,1.0,0.37507731958762885,0.46803653218584695,0.49,1,False,0
0,ep_0156f659a4c08159e143,211,17,0.21237542955326444,0.46803653218584695,300000000,1.0,0.49,0.46803653218584695,0.49,1,False,0
0,ep_0156f659a4c08159e143,212,17,0.23110824742268019,0.46803653218584695,300000000,1.0,0.4630584192439862,0.46803653218584695,0.49,1,False,0
0,ep_0156f659a4c08159e143,213,17,0.2052190721649483,0.46820629520917456,300000000,1.0,0.3801288659793812,0.4685450844894355,0.49,1,False,0
0,ep_0156f659a4c08159e143,214,17,0.2102706185567007,0.46820629520917456,300000000,1.0,0.3826546391752579,0.4685450844894355,0.49,1,False,0
0,ep_0156f659a4c08159e143,215,17,0.20100945017182129,0.46803653218584695,300000000,1.0,0.3472938144329896,0.46820629520917456,0.49,1,False,0
0,ep_0156f659a4c08159e143,216,18,0.19343213058419223,0.46803653218584695,300000000,1.0,0.38307560137457036,0.46803653218584695,0.49,1,False,0
0,ep_0156f659a4c08159e143,217,18,0.20564003436426123,0.46803653218584695,300000000,1.0,0.44706185567010315,0.46803653218584695,0.49,1,False,0
0,ep_0156f659a4c08159e143,218,18,0.22437285223367698,0.46803653218584695,300000000,1.0,0.39233676975945025,0.46803653218584695,0.49,1,False,0
0,ep_0156f659a4c08159e143,219,18,0.19406357388316162,0.46820629520917456,300000000,1.0,0.3948625429553264,0.4685450844894355,0.49,1,False,0
0,ep_0156f659a4c08159e143,220,18,0.2026932989690721,0.46820629520917456,300000000,1.0,0.37507731958762885,0.46837581237714576,0.49,1,False,0
0,ep_0156f659a4c08159e143,221,18,0.1961683848797249,0.46803653218584695,300000000,1.0,0.39444158075601354,0.46820629520917456,0.49,1,False,0
0,ep_0156f659a4c08159e143,222,18,0.1900644329896906,0.46803653218584695,300000000,1.0,0.386443298969072,0.46803653218584695,0.49,1,False,0
0,ep_0156f659a4c08159e143,223,18,0.20374570446735393,0.46803653218584695,300000000,1.0,0.44790378006872855,0.46803653218584695,0.49,1,False,0
0,ep_0156f659a4c08159e143,224,18,0.22058419243986246,0.46820629520917456,300000000,1.0,0.45127147766323017,0.4685450844894355,0.49,1,False,0
0,ep_0156f659a4c08159e143,225,18,0.18774914089347086,0.46820629520917456,300000000,1.0,0.37086769759450183,0.46837581237714576,0.49,1,False,0
0,ep_0156f659a4c08159e143,226,18,0.19069587628865958,0.46803653218584695,300000000,1.0,0.41843642611683857,0.46820629520917456,0.49,1,False,0
0,ep_0156f659a4c08159e143,227,18,0.18290807560137448,0.46803653218584695,300000000,1.0,0.37760309278350507,0.46803653218584695,0.49,1,False,0
0,ep_0156f659a4c08159e143,228,19,0.18101374570446724,0.46803653218584695,300000000,1.0,0.38223367697594496,0.46803653218584695,0.49,1,False,0
0,ep_0156f659a4c08159e143,229,19,0.19827319587628864,0.46803653218584695,300000000,1.0,0.48410652920962216,0.46803653218584695,0.49,1,False,0
0,ep_0156f659a4c08159e143,230,19,0.21763745704467333,0.46803653218584695,300000000,1.0,0.42727663230240553,0.4685450844894355,0.49,1,False,0
0,ep_0156f659a4c08159e143,231,19,0.1812242268041237,0.46820629520917456,300000000,1.0,0.34603092783505135,0.46837581237714576,0.49,1,False,0
0,ep_0156f659a4c08159e143,232,19,0.19343213058419223,0.46803653218584695,300000000,1.0,0.3839175257731958,0.46820629520917456,0.49,1,False,0
0,ep_0156f659a4c08159e143,233,19,0.18353951890034345,0.46803653218584695,300000000,1.0,0.33466494845360817,0.46803653218584695,0.49,1,False,0
0,ep_0156f659a4c08159e143,234,19,0.18459192439862532,0.46803653218584695,300000000,1.0,0.3771821305841926,0.46803653218584695,0.49,1,False,0
0,ep_0156f659a4c08159e143,235,19,0.20690292096219912,0.46803653218584695,300000000,1.0,0.4866323024054983,0.4685450844894355,0.49,1,False,0
0,ep_0156f659a4c08159e143,236,19,0.21763745704467333,0.46837581237714576,300000000,1.0,0.43359106529209623,0.4685450844894355,0.49,1,False,0
0,ep_0156f659a4c08159e143,237,19,0.19111683848797248,0.46820629520917456,300000000,1.0,0.3771821305841926,0.46820629520917456,0.49,1,False,0
0,ep_0156f659a4c08159e143,238,19,0.19511597938144307,0.46803653218584695,300000000,1.0,0.38097079037800663,0.46803653218584695,0.49,1,False,0
0,ep_0156f659a4c08159e143,239,19,0.18501288659793821,0.46803653218584695,300000000,1.0,0.33676975945017185,0.46803653218584695,0.49,1,False,0
0,ep_0156f659a4c08159e143,240,20,0.17785652920962206,0.46803653218584695,300000000,1.0,0.3725515463917526,0.46803653218584695,0.49,1,False,0
0,ep_0156f659a4c08159e143,241,20,0.19595790378006844,0.46803653218584695,300000000,1.0,0.48326460481099676,0.4685450844894355,0.49,1,False,0
0,ep_0156f659a4c08159e143,242,20,0.20837628865979388,0.46820629520917456,300000000,1.0,0.4079123711340208,0.4685450844894355,0.49,1,False,0
0,ep_0156f659a4c08159e143,243,20,0.17869845360824746,0.46803653218584695,300000000,1.0,0.36034364261168367,0.46820629520917456,0.49,1,False,0
0,ep_0156f659a4c08159e143,244,20,0.1900644329896906,0.46803653218584695,300000000,1.0,0.4041237113402063,0.46803653218584695,0.49,1,False,0
0,ep_0156f659a4c08159e143,245,20,0.19027491408934707,0.46803653218584695,300000000,1.0,0.36076460481099654,0.4685450844894355,0.49,1,False,0
0,ep_0156f659a4c08159e143,246,20,0.1892225085910652,0.46820629520917456,300000000,1.0,0.37507731958762885,0.4685450844894355,0.49,1,False,0
0,ep_0156f659a4c08159e143,247,20,0.1993256013745705,0.46803653218584695,300000000,1.0,0.4403264604810995,0.46820629520917456,0.49,1,False,0
0,ep_0156f659a4c08159e143,248,20,0.2047981099656358,0.46803653218584695,300000000,1.0,0.3902319587628865,0.46803653218584695,0.49,1,False,0
0,ep_0156f659a4c08159e143,249,20,0.18396048109965635,0.46803653218584695,300000000,1.0,0.33213917525773196,0.4685450844894355,0.49,1,False,0
0,ep_0156f659a4c08159e143,250,20,0.18964347079037772,0.46820629520917456,300000000,1.0,0.3931786941580756,0.4685450844894355,0.49,1,False,0
0,ep_0156f659a4c08159e143,251,20,0.18564432989690713,0.46803653218584695,300000000,1.0,0.36076460481099654,0.46820629520917456,0.49,1,False,0
0,ep_0156f659a4c08159e143,252,21,0.17301546391752567,0.46803653218584695,300000000,1.0,0.3679209621993127,0.46803653218584695,0.49,1,False,0
0,ep_0156f659a4c08159e143,253,21,0.18290807560137448,0.46803653218584695,300000000,1.0,0.36834192439862556,0.46803653218584695,0.49,1,False,0
0,ep_0156f659a4c08159e143,254,21,0.2043771477663229,0.46803653218584695,300000000,1.0,0.4327491408934709,0.46837581237714576,0.49,1,False,0
0,ep_0156f659a4c08159e143,255,21,0.17175257731958737,0.46837581237714576,300000000,1.0,0.36034364261168367,0.4685450844894355,0.49,1,False,0
0,ep_0156f659a4c08159e143,256,21,0.18038230240549827,0.46803653218584695,300000000,1.0,0.42054123711340186,0.46820629520917456,0.49,1,False,0
0,ep_0156f659a4c08159e143,257,21,0.17743556701030916,0.46803653218584695,300000000,1.0,0.38475945017182117,0.46803653218584695,0.49,1,False,0
0,ep_0156f659a4c08159e143,258,21,0.1751202749140894,0.46803653218584695,300000000,1.0,0.3902319587628865,0.46803653218584695,0.49,1,False,0
0,ep_0156f659a4c08159e143,259,21,0.1928006872852233,0.46837581237714576,300000000,1.0,0.45716494845360833,0.4685450844894355,0.49,1,False,0
0,ep_0156f659a4c08159e143,260,21,0.20542955326460477,0.46820629520917456,300000000,1.0,0.42601374570446726,0.46820629520917456,0.49,1,False,0
0,ep_0156f659a4c08159e143,261,21,0.1854338487972507,0.46803653218584695,300000000,1.0,0.3653951890034364,0.46803653218584695,0.49,1,False,0
0,ep_0156f659a4c08159e143,262,21,0.1871176975945015,0.46803653218584695,300000000,1.0,0.43359106529209623,0.46803653218584695,0.49,1,False,0
0,ep_0156f659a4c08159e143,263,21,0.1888015463917523,0.46803653218584695,300000000,1.0,0.4032817869415809,0.46803653218584695,0.49,1,False,0
0,ep_0156f659a4c08159e143,264,22,0.18374999999999989,0.46837581237714576,300000000,1.0,0.378024054982818,0.4685450844894355,0.49,1,False,0
0,ep_0156f659a4c08159e143,265,22,0.1974312714776632,0.46803653218584695,300000000,1.0,0.41170103092783494,0.46820629520917456,0.49,1,False,0
0,ep_0156f659a4c08159e143,266,22,0.20858676975944995,0.46803653218584695,300000000,1.0,0.41759450171821316,0.46803653218584695,0.49,1,False,0
0,ep_0156f659a4c08159e143,267,22,0.17869845360824746,0.46803653218584695,300000000,1.0,0.3914948453608248,0.46803653218584695,0.49,1,False,0
0,ep_0156f659a4c08159e143,268,22,0.18353951890034345,0.46803653218584695,300000000,1.0,0.42727663230240553,0.46803653218584695,0.49,1,False,0
0,ep_0156f659a4c08159e143,269,22,0.18417096219931278,0.46820629520917456,300000000,1.0,0.3839175257731958,0.4685450844894355,0.49,1,False,0
0,ep_0156f659a4c08159e143,270,22,0.17154209621993133,0.46803653218584695,300000000,1.0,0.3670790378006873,0.46820629520917456,0.49,1,False,0
0,ep_0156f659a4c08159e143,271,22,0.19048539518900315,0.46803653218584695,300000000,1.0,0.4537972508591064,0.46803653218584695,0.49,1,False,0
0,ep_0156f659a4c08159e143,272,22,0.20332474226804104,0.46803653218584695,300000000,1.0,0.3851804123711341,0.46803653218584695,0.49,1,False,0
0,ep_0156f659a4c08159e143,273,22,0.18017182130584183,0.46803653218584695,300000000,1.0,0.3914948453608248,0.46803653218584695,0.49,1,False,0
0,ep_0156f659a4c08159e143,274,22,0.1862757731958761,0.46820629520917456,300000000,1.0,0.37002577319587643,0.4685450844894355,0.49,1,False,0
0,ep_0156f659a4c08159e143,275,22,0.1871176975945015,0.46803653218584695,300000000,1.0,0.3653951890034364,0.46820629520917456,0.49,1,False,0
0,ep_0156f659a4c08159e143,276,23,0.17406786941580754,0.46803653218584695,300000000,1.0,0.3919158075601374,0.46803653218584695,0.49,1,False,0
0,ep_0156f659a4c08159e143,277,23,0.1953264604810995,0.46803653218584695,300000000,1.0,0.4681099656357387,0.46803653218584695,0.49,1,False,0
0,ep_0156f659a4c08159e143,278,23,0.2138487972508588,0.46820629520917456,300000000,1.0,0.43106529209622,0.4685450844894355,0.49,1,False,0
0,ep_0156f659a4c08159e143,279,23,0.17091065292096194,0.46820629520917456,300000000,1.0,0.3536082474226804,0.46820629520917456,0.49,1,False,0
0,ep_0156f659a4c08159e143,280,23,0.18564432989690713,0.46803653218584695,300000000,1.0,0.4037027491408934,0.46803653218584695,0.49,1,False,0
0,ep_0156f659a4c08159e143,281,23,0.18676198453608223,0.46803653218584695,300000000,1.0,0.4066494845360826,0.46803653218584695,0.49,3,False,0
0,ep_0156f659a4c08159e143,282,23,0.18101374570446724,0.46803653218584695,300000000,1.0,0.39444158075601354,0.46803653218584695,0.49,1,False,0
0,ep_0156f659a4c08159e143,283,23,0.19237972508591036,0.46803653218584695,300000000,1.0,0.4428522336769757,0.46803653218584695,0.49,1,False,0
0,ep_0156f659a4c08159e143,284,23,0.2134278350515463,0.46820629520917456,300000000,1.0,0.4495876288659793,0.4685450844894355,0.49,1,False,0
0,ep_0156f659a4c08159e143,285,23,0.18101374570446724,0.46820629520917456,300000000,1.0,0.3679209621993127,0.46820629520917456,0.49,1,False,0
0,ep_0156f659a4c08159e143,286,23,0.1928006872852233,0.46803653218584695,300000000,1.0,0.43527491408934704,0.46803653218584695,0.49,1,False,0
0,ep_0156f659a4c08159e143,287,23,0.18985395189003418,0.46803653218584695,300000000,1.0,0.3784450171821304,0.46803653218584695,0.49,1,False,0
0,ep_0b88be7a95f9bb2c39ba,66,5,0.27708629441624355,0.25084105960264874,218000000,0.7266666666666667,0.4701015228426396,0.29367549668874204,0.48999999999999994,1,False,0
0,ep_0b88be7a95f9bb2c39ba,67,5,0.3392690355329949,0.2806953642384106,300000000,1.0,0.47358375634517774,0.2884834437086089,0.48999999999999994,1,False,0
0,ep_0b88be7a95f9bb2c39ba,68,5,0.34175634517766496,0.2995165562913914,300000000,1.0,0.47756345177664977,0.3089271523178811,0.48999999999999994,1,False,0
0,ep_0b88be7a95f9bb2c39ba,69,5,0.3442436548223351,0.30698013245033084,300000000,1.0,0.48104568527918784,0.31152317880794766,0.48999999999999994,1,False,0
0,ep_0b88be7a95f9bb2c39ba,70,5,0.3487208121827412,0.31152317880794766,300000000,1.0,0.48104568527918784,0.3160662251655631,0.48999999999999994,1,False,0
0,ep_0b88be7a95f9bb2c39ba,71,5,0.35071065989847716,0.3141192052980128,300000000,1.0,0.48452791878172596,0.31736423841059563,0.48999999999999994,1,False,0
0,ep_0b88be7a95f9bb2c39ba,72,6,0.342751269035533,0.3163907284768219,300000000,1.0,0.4860203045685279,0.3215827814569537,0.48999999999999994,1,False,0
0,ep_0b88be7a95f9bb2c39ba,73,6,0.3512081218274112,0.32385430463576137,300000000,1.0,0.49,0.32677483443708677,0.48999999999999994,1,False,0
0,ep_0b88be7a95f9bb2c39ba,74,6,0.35170558375634525,0.3235298013245039,300000000,1.0,0.4830355329949239,0.3270993377483442,0.48999999999999994,1,False,0
0,ep_0b88be7a95f9bb2c39ba,75,6,0.35170558375634525,0.32385430463576137,300000000,1.0,0.4830355329949239,0.32774834437086053,0.48999999999999994,1,False,0
0,ep_0b88be7a95f9bb2c39ba,76,6,0.3512081218274112,0.3235298013245039,300000000,1.0,0.47756345177664977,0.32872185430463563,0.48999999999999994,1,False,0
0,ep_0b88be7a95f9bb2c39ba,77,6,0.3556852791878172,0.3235298013245039,300000000,1.0,0.47308629441624367,0.32742384105960304,0.48999999999999994,1,False,0
0,ep_0b88be7a95f9bb2c39ba,78,6,0.3591675126903554,0.32385430463576137,300000000,1.0,0.4696040609137056,0.32612582781456906,0.48999999999999994,1,False,0
0,ep_0b88be7a95f9bb2c39ba,79,6,0.35618274111675136,0.3235298013245039,300000000,1.0,0.48850761421319805,0.32774834437086053,0.48999999999999994,1,False,0
0,ep_0b88be7a95f9bb2c39ba,80,6,0.3163857868020305,0.3141192052980128,300000000,1.0,0.48552284263959394,0.3248278145695365,0.48999999999999994,1,False,0
0,ep_0b88be7a95f9bb2c39ba,81,6,0.34474111675126895,0.3157417218543042,300000000,1.0,0.48452791878172596,0.3186622516556296,0.48999999999999994,1,False,0
0,ep_0b88be7a95f9bb2c39ba,82,6,0.3497157360406092,0.31509271523178795,300000000,1.0,0.4830355329949239,0.31931125827814594,0.48999999999999994,1,False,0
0,ep_0b88be7a95f9bb2c39ba,83,6,0.35021319796954314,0.31703973509933825,300000000,1.0,0.48751269035533007,0.3212582781456948,0.48999999999999994,1,False,0
0,ep_0b88be7a95f9bb2c39ba,84,7,0.3405047724497566,0.30939354263763297,221929218,0.73976406,0.4805482233502539,0.3202847682119211,0.48999999999999994,3,False,0
0,ep_0c2e9f159438610d2d11,24,2,0.2554260089686098,0.030988467874794045,223000000,0.7433333333333333,0.48,0.06197693574958809,0.48,1,False,0
0,ep_0c2e9f159438610d2d11,25,2,0.2995515695067262,0.12336079077429975,300000000,1.0,0.4728251121076232,0.16171334431630965,0.48,1,False,0
0,ep_0c2e9f159438610d2d11,26,2,0.002124439461883123,0.160329489291598,300000000,1.0,0.00809417040358725,0.1609225700164744,0.48,1,False,0
0,ep_0c2e9f159438610d2d11,27,2,0.0016984304932735424,0.15914332784184507,300000000,1.0,0.007690582959640967,0.15993410214168033,0.48,1,False,0
0,ep_0c2e9f159438610d2d11,28,2,0.0015807174887891514,0.1577594728171334,300000000,1.0,0.005297085201793422,0.15815485996705098,0.48,1,False,0
0,ep_0c2e9f159438610d2d11,29,2,0.001406950672645477,0.15617792421746293,300000000,1.0,0.006053811659192531,0.157166392092257,0.48,1,False,0
0,ep_0c2e9f159438610d2d11,30,2,0.0012724215246636137,0.1551894563426688,300000000,1.0,0.005829596412555745,0.15538714991762767,0.48,1,False,0
0,ep_0c2e9f159438610d2d11,31,2,0.0010894992526156557,0.15360790774299835,300000000,1.0,0.00549327354260074,0.15360790774299835,0.48,2,False,0
0,ep_0c2e9f159438610d2d11,32,2,0.0014517937219727646,0.15242174629324542,300000000,1.0,0.006076233183856175,0.15360790774299835,0.48,1,False,0
0,ep_0c2e9f159438610d2d11,33,2,0.001502242152466224,0.15024711696869852,300000000,1.0,0.00626681614349767,0.151828665568369,0.48,1,False,0
0,ep_0c2e9f159438610d2d11,34,2,0.0014517937219727646,0.14530477759472804,300000000,1.0,0.007522421524663463,0.14530477759472804,0.48,1,False,0
0,ep_0c2e9f159438610d2d11,35,2,0.0013508968609865413,0.14530477759472804,300000000,1.0,0.0054091928251119884,0.14530477759472804,0.48,1,False,0
0,ep_0c2e9f159438610d2d11,36,3,0.0013340807174887213,0.14530477759472804,300000000,1.0,0.005201793721973022,0.14530477759472804,0.48,1,False,0
0,ep_0c2e9f159438610d2d11,37,3,0.001278026905829438,0.14530477759472804,300000000,1.0,0.007982062780269032,0.14530477759472804,0.48,1,False,0
0,ep_0c2e9f159438610d2d11,38,3,0.0012387892376679742,0.14530477759472804,300000000,1.0,0.0065134529147981,0.14530477759472804,0.48,1,False,0
0,ep_0c2e9f159438610d2d11,39,3,0.001261210762331618,0.14411861614497523,300000000,1.0,0.005554932735425848,0.14510708401976935,0.48,1,False,0
0,ep_0c2e9f159438610d2d11,40,3,0.001137892376681403,0.14253706754530476,300000000,1.0,0.006345291479820598,0.14253706754530476,0.48,1,False,0
0,ep_0c2e9f159438610d2d11,41,3,0.0011491031390133987,0.13285008237232285,300000000,1.0,0.030403587443945907,0.14253706754530476,0.48,1,False,0
0,ep_0c2e9f159438610d2d11,42,3,0.0007567264573987621,0.12968698517298183,300000000,1.0,0.0040246636771298075,0.12968698517298183,0.48,1,False,0
0,ep_0c2e9f159438610d2d11,43,3,0.0007399103139012901,0.12968698517298183,300000000,1.0,0.0035874439461882316,0.12968698517298183,0.48,1,False,0
0,ep_0c2e9f159438610d2d11,44,3,0.0008632286995515052,0.12968698517298183,48174322,0.1605810733333333,0.0018946188340805128,0.12968698517298183,0.48,1,False,0
0,ep_1563b2ca313c71a7361b,87,7,0.11458178703968024,0.030654233870966895,31000000,0.1033333333333333,0.3005088495575221,0.06908189655172402,0.47,2,False,0
0,ep_1563b2ca313c71a7361b,88,7,0.23370022123893797,0.07586853448275808,300000000,1.0,0.3187057522123894,0.08609913793103433,0.47,1,False,0
0,ep_1563b2ca313c71a7361b,89,7,0.23785951327433635,0.1128405172413786,300000000,1.0,0.34834070796460187,0.11972844827586201,0.47,1,False,0
0,ep_1563b2ca313c71a7361b,90,7,0.2246017699115045,0.11608189655172385,300000000,1.0,0.31038716814159295,0.11952586206896511,0.47,1,False,0
0,ep_1563b2ca313c71a7361b,91,7,0.18742809734513277,0.11668965517241368,300000000,1.0,0.3135066371681415,0.11972844827586201,0.47,1,False,0
0,ep_1563b2ca313c71a7361b,92,7,0.2719137168141592,0.11486637931034416,300000000,1.0,0.35821902654867266,0.12256465517241345,0.47,1,False,0
0,ep_1563b2ca313c71a7361b,93,7,0.2817920353982302,0.11263793103448257,300000000,1.0,0.4242477876106196,0.1142586206896552,0.47,1,False,0
0,ep_1563b2ca313c71a7361b,94,7,0.3181858407079647,0.12195689655172358,300000000,1.0,0.4679203539823009,0.12843965517241318,0.47,1,False,0
0,ep_1563b2ca313c71a7361b,95,7,0.34002212389380543,0.12519827586206883,300000000,1.0,0.4424446902654868,0.1588275862068965,0.47,1,False,0
0,ep_1563b2ca313c71a7361b,96,8,0.3093473451327434,0.15153448275862014,300000000,1.0,0.42632743362831865,0.1598405172413793,0.47,1,False,0
0,ep_1563b2ca313c71a7361b,97,8,0.3306637168141594,0.14059482758620653,300000000,1.0,0.4195685840707964,0.14221551724137915,0.47,1,False,0
0,ep_1563b2ca313c71a7361b,98,8,0.3358628318584071,0.13553017241379264,300000000,1.0,0.3956526548672566,0.14059482758620653,0.47,1,False,0
0,ep_1563b2ca313c71a7361b,99,8,0.31558628318584075,0.12479310344827589,300000000,1.0,0.381095132743363,0.12540086206896486,0.47,1,False,0
0,ep_1563b2ca313c71a7361b,100,8,0.32962389380530965,0.12236206896551655,300000000,1.0,0.44140486725663725,0.12540086206896486,0.47,1,False,0
0,ep_1563b2ca313c71a7361b,101,8,0.32390486725663725,0.11749999999999955,300000000,1.0,0.4180088495575221,0.11952586206896511,0.47,1,False,0
0,ep_1563b2ca313c71a7361b,102,8,0.3062278761061948,0.12783189655172422,300000000,1.0,0.39305309734513283,0.13816379310344803,0.47,1,False,0
0,ep_1563b2ca313c71a7361b,103,8,0.3301438053097344,0.13715086206896526,300000000,1.0,0.41073008849557524,0.14099999999999943,0.47,1,False,0
0,ep_1563b2ca313c71a7361b,104,8,0.3275442477876106,0.12398275862068914,300000000,1.0,0.39669247787610634,0.12519827586206883,0.47,1,False,0
0,ep_1563b2ca313c71a7361b,105,8,0.21992256637168137,0.12155172413793067,300000000,1.0,0.3654977876106196,0.1262112068965516,0.47,1,False,0
0,ep_1563b2ca313c71a7361b,106,8,0.32130530973451316,0.12317241379310327,300000000,1.0,0.44296460176991154,0.12479310344827589,0.47,1,False,0
0,ep_1563b2ca313c71a7361b,107,8,0.32494469026548684,0.11770258620689646,300000000,1.0,0.43412610619469033,0.12438793103448208,0.47,1,False,0
0,ep_1563b2ca313c71a7361b,108,9,0.28491150442477875,0.11851293103448234,300000000,1.0,0.40241150442477874,0.12681896551724145,0.47,1,False,0
0,ep_1563b2ca313c71a7361b,109,9,0.23681969026548683,0.12114655172413771,300000000,1.0,0.4268473451327434,0.12540086206896486,0.47,1,False,0
0,ep_1563b2ca313c71a7361b,110,9,0.30518805309734504,0.11993103448275805,300000000,1.0,0.3878539823008849,0.12540086206896486,0.47,1,False,0
0,ep_1563b2ca313c71a7361b,111,9,0.29323008849557525,0.11851293103448234,300000000,1.0,0.3894137168141592,0.1207413793103448,0.47,1,False,0
0,ep_1563b2ca313c71a7361b,112,9,0.2708738938053097,0.11628448275862074,300000000,1.0,0.38005530973451346,0.12013362068965493,0.47,1,False,0
0,ep_1563b2ca313c71a7361b,113,9,0.2812721238938052,0.11993103448275805,300000000,1.0,0.3987721238938054,0.13208620689655134,0.47,1,False,0
0,ep_1563b2ca313c71a7361b,114,9,0.23110066371681415,0.12641379310344764,300000000,1.0,0.3743362831858408,0.13856896551724096,0.47,1,False,0
0,ep_1563b2ca313c71a7361b,115,9,0.19288716814159293,0.15376293103448263,300000000,1.0,0.3680973451327434,0.1620689655172409,0.47,1,False,0
0,ep_1563b2ca313c71a7361b,116,9,0.2880309734513274,0.15761206896551683,300000000,1.0,0.36601769911504434,0.16267672413793072,0.47,1,False,0
0,ep_1563b2ca313c71a7361b,117,9,0.265674778761062,0.1574094827586208,300000000,1.0,0.3878539823008849,0.1596379310344824,0.47,1,False,0
0,ep_1563b2ca313c71a7361b,118,9,0.30778761061946913,0.14991379310344755,300000000,1.0,0.41384955752212377,0.1559913793103442,0.47,1,False,0
0,ep_1563b2ca313c71a7361b,119,9,0.3119469026548672,0.1456594827586204,300000000,1.0,0.3914933628318585,0.14768534482758597,0.47,1,False,0
0,ep_1563b2ca313c71a7361b,120,10,0.3088274336283186,0.1444439655172407,300000000,1.0,0.47,0.1493060344827586,0.47,1,False,0
0,ep_1563b2ca313c71a7361b,121,10,0.225641592920354,0.1440387931034478,300000000,1.0,0.3779756637168141,0.1466724137931032,0.47,1,False,0
0,ep_1563b2ca313c71a7361b,122,10,0.21420353982300872,0.1393793103448277,300000000,1.0,0.373816371681416,0.14059482758620653,0.47,1,False,0
0,ep_1563b2ca313c71a7361b,123,10,0.3067477876106196,0.1519396551724131,300000000,1.0,0.3868141592920354,0.1624741379310338,0.47,1,False,0
0,ep_1563b2ca313c71a7361b,124,10,0.3306637168141594,0.15639655172413802,300000000,1.0,0.39929203539823016,0.16125862068965502,0.47,1,False,0
0,ep_1563b2ca313c71a7361b,125,10,0.26515486725663723,0.15173706896551706,300000000,1.0,0.4029314159292035,0.15497844827586146,0.47,1,False,0
0,ep_1563b2ca313c71a7361b,126,10,0.26931415929203534,0.15923275862068945,300000000,1.0,0.3727765486725665,0.17057758620689603,0.47,1,False,0
0,ep_1563b2ca313c71a7361b,127,10,0.24825774336283182,0.1628793103448276,300000000,1.0,0.404491150442478,0.17098275862068896,0.47,1,False,0
0,ep_1563b2ca313c71a7361b,128,10,0.303108407079646,0.1523448275862069,300000000,1.0,0.4294469026548672,0.16146120689655105,0.47,1,False,0
0,ep_1563b2ca313c71a7361b,129,10,0.3192256637168141,0.15538362068965525,300000000,1.0,0.39617256637168136,0.15700431034482698,0.47,1,False,0
0,ep_1563b2ca313c71a7361b,130,10,0.32598451327433636,0.15092672413793032,300000000,1.0,0.3899336283185842,0.18030172413793086,0.47,1,False,0
0,ep_1563b2ca313c71a7361b,131,10,0.2921902654867257,0.18293534482758628,300000000,1.0,0.3602986725663717,0.18556896551724078,0.47,1,False,0
0,ep_1563b2ca313c71a7361b,132,11,0.3218252212389382,0.1764525862068967,300000000,1.0,0.39513274336283183,0.1823275862068964,0.47,1,False,0
0,ep_1563b2ca313c71a7361b,133,11,0.3228650442477877,0.1685517241379305,300000000,1.0,0.3956526548672566,0.1689568965517243,0.47,1,False,0
0,ep_1563b2ca313c71a7361b,134,11,0.32598451327433636,0.16125862068965502,300000000,1.0,0.4356858407079646,0.170375,0.47,1,False,0
0,ep_1563b2ca313c71a7361b,135,11,0.3285840707964601,0.15659913793103408,300000000,1.0,0.3722566371681417,0.16227155172413776,0.47,1,False,0
0,ep_1563b2ca313c71a7361b,136,11,0.3441814159292035,0.1531551724137928,300000000,1.0,0.43256637168141604,0.15903017241379255,0.47,1,False,0
0,ep_1563b2ca313c71a7361b,137,11,0.3421017699115044,0.15781465517241375,300000000,1.0,0.41228982300884953,0.16308189655172367,0.47,1,False,0
0,ep_1563b2ca313c71a7361b,138,11,0.31038716814159295,0.14910344827586167,300000000,1.0,0.3920132743362833,0.15112931034482724,0.47,1,False,0
0,ep_1563b2ca313c71a7361b,139,11,0.3197455752212389,0.14646982758620627,300000000,1.0,0.41696902654867257,0.15254741379310297,0.47,1,False,0
0,ep_1563b2ca313c71a7361b,140,11,0.30518805309734504,0.1529525862068959,300000000,1.0,0.3878539823008849,0.15477586206896543,0.47,1,False,0
0,ep_1563b2ca313c71a7361b,141,11,0.32962389380530965,0.1523448275862069,300000000,1.0,0.39357300884955754,0.15497844827586146,0.47,1,False,0
0,ep_1563b2ca313c71a7361b,142,11,0.324424778761062,0.15578879310344818,300000000,1.0,0.404491150442478,0.1620689655172409,0.47,1,False,0
0,ep_1563b2ca313c71a7361b,143,11,0.33482300884955757,0.15903017241379255,300000000,1.0,0.418528761061947,0.16166379310344794,0.47,1,False,0
0,ep_1563b2ca313c71a7361b,144,12,0.3291039823008849,0.15903017241379255,300000000,1.0,0.43724557522123886,0.16085344827586207,0.47,1,False,0
0,ep_1563b2ca313c71a7361b,145,12,0.34938053097345145,0.1529525862068959,300000000,1.0,0.4299668141592922,0.1584224137931036,0.47,1,False,0
0,ep_1563b2ca313c71a7361b,146,12,0.3415818584070797,0.1497112068965515,300000000,1.0,0.42216814159292054,0.15335775862068968,0.47,1,False,0
0,ep_1563b2ca313c71a7361b,147,12,0.3389823008849556,0.15153448275862014,300000000,1.0,0.4091703539823009,0.15578879310344818,0.47,1,False,0
0,ep_1563b2ca313c71a7361b,148,12,0.34106194690265496,0.1545732758620685,300000000,1.0,0.41592920353982304,0.15680172413793098,0.47,1,False,0
0,ep_1563b2ca313c71a7361b,149,12,0.3327433628318585,0.15173706896551706,300000000,1.0,0.37745575221238936,0.1529525862068959,0.47,1,False,0
0,ep_1563b2ca313c71a7361b,150,12,0.3306637168141594,0.1507241379310343,300000000,1.0,0.3836946902654868,0.1531551724137928,0.47,1,False,0
0,ep_1563b2ca313c71a7361b,151,12,0.3275442477876106,0.1519396551724131,300000000,1.0,0.36445796460177005,0.15437068965517248,0.47,1,False,0
0,ep_1563b2ca313c71a7361b,152,12,0.32234513274336274,0.14707758620689612,300000000,1.0,0.41125,0.15031896551724136,0.47,1,False,0
0,ep_1563b2ca313c71a7361b,153,12,0.3135066371681415,0.14890086206896477,300000000,1.0,0.3649778761061948,0.1531551724137928,0.47,1,False,0
0,ep_1563b2ca313c71a7361b,154,12,0.3088274336283186,0.14890086206896477,300000000,1.0,0.40813053097345137,0.1529525862068959,0.47,1,False,0
0,ep_1563b2ca313c71a7361b,155,12,0.2963495575221238,0.15437068965517248,300000000,1.0,0.41228982300884953,0.16531034482758614,0.47,1,False,0
0,ep_1563b2ca313c71a7361b,156,13,0.2565763274336283,0.16308189655172367,300000000,1.0,0.404491150442478,0.16632327586206888,0.47,1,False,0
0,ep_1563b2ca313c71a7361b,157,13,0.2797123893805309,0.15538362068965525,300000000,1.0,0.43516592920353986,0.16004310344827533,0.47,1,False,0
0,ep_1563b2ca313c71a7361b,158,13,0.2755530973451328,0.1493060344827586,300000000,1.0,0.3779756637168141,0.15031896551724136,0.47,1,False,0
0,ep_1563b2ca313c71a7361b,159,13,0.24149889380530967,0.14829310344827581,300000000,1.0,0.4226880530973453,0.15092672413793032,0.47,1,False,0
0,ep_1563b2ca313c71a7361b,160,13,0.2880309734513274,0.1432284482758619,300000000,1.0,0.38629424778761057,0.14829310344827581,0.47,1,False,0
0,ep_1563b2ca313c71a7361b,161,13,0.24390010316636604,0.14078097832016867,285399063,0.95133021,0.4596017699115045,0.14768534482758597,0.47,3,False,0
0,ep_22ec4975414d1c10cf90,226,18,0.32005780346820806,0.3576026490066224,260108800,0.8670293333333333,0.472533718689788,0.3634437086092718,0.48999999999999994,1,False,0
0,ep_22ec4975414d1c10cf90,227,18,0.3191136801541425,0.36474172185430437,300000000,1.0,0.48008670520231206,0.37123178807947005,0.48999999999999994,1,False,0
0,ep_22ec4975414d1c10cf90,228,19,0.3186416184971098,0.37123178807947005,300000000,1.0,0.47867052023121387,0.37901986754966976,0.48999999999999994,1,False,0
0,ep_22ec4975414d1c10cf90,229,19,0.3101445086705202,0.3738278145695367,300000000,1.0,0.49,0.378370860927152,0.48999999999999994,1,False,0
0,ep_22ec4975414d1c10cf90,230,19,0.3158092485549133,0.3718807947019864,300000000,1.0,0.4791425818882466,0.37966887417218603,0.48999999999999994,1,False,0
0,ep_22ec4975414d1c10cf90,231,19,0.31628131021194605,0.37317880794702035,300000000,1.0,0.4843352601156069,0.3777218543046358,0.48999999999999994,1,False,0
0,ep_22ec4975414d1c10cf90,232,19,0.32147398843930636,0.37123178807947005,300000000,1.0,0.4843352601156069,0.378370860927152,0.48999999999999994,1,False,0
0,ep_22ec4975414d1c10cf90,233,19,0.32052986512524084,0.3725298013245041,300000000,1.0,0.4720616570327552,0.378370860927152,0.48999999999999994,1,False,0
0,ep_22ec4975414d1c10cf90,234,19,0.29834296724470133,0.3634437086092718,300000000,1.0,0.46639691714836223,0.3757748344370869,0.48999999999999994,1,False,0
0,ep_22ec4975414d1c10cf90,235,19,0.31628131021194605,0.35954966887417267,300000000,1.0,0.47961464354527933,0.3653907284768207,0.48999999999999994,1,False,0
0,ep_22ec4975414d1c10cf90,236,19,0.3191136801541425,0.3576026490066224,300000000,1.0,0.4758381502890173,0.3640927152317881,0.48999999999999994,1,False,0
0,ep_22ec4975414d1c10cf90,237,19,0.3186416184971098,0.35890066225165645,300000000,1.0,0.474421965317919,0.36474172185430437,0.48999999999999994,1,False,0
0,ep_22ec4975414d1c10cf90,238,19,0.31816955684007703,0.3582516556291387,300000000,1.0,0.4635645472061657,0.3640927152317881,0.48999999999999994,1,False,0
0,ep_22ec4975414d1c10cf90,239,19,0.32147398843930636,0.3582516556291387,300000000,1.0,0.4720616570327552,0.3634437086092718,0.48999999999999994,1,False,0
0,ep_22ec4975414d1c10cf90,240,20,0.3238342967244701,0.3582516556291387,300000000,1.0,0.4635645472061657,0.36279470198675556,0.48999999999999994,1,False,0
0,ep_22ec4975414d1c10cf90,241,20,0.32194605009633903,0.3569536423841061,300000000,1.0,0.46970134874759156,0.3634437086092718,0.48999999999999994,1,False,0
0,ep_22ec4975414d1c10cf90,242,20,0.3195857418111754,0.3582516556291387,300000000,1.0,0.48905587668593453,0.3640927152317881,0.48999999999999994,1,False,0
0,ep_22ec4975414d1c10cf90,243,20,0.32005780346820806,0.3582516556291387,300000000,1.0,0.4791425818882466,0.3653907284768207,0.48999999999999994,1,False,0
0,ep_22ec4975414d1c10cf90,244,20,0.32005780346820806,0.3582516556291387,300000000,1.0,0.47631021194605,0.36279470198675556,0.48999999999999994,1,False,0
0,ep_22ec4975414d1c10cf90,245,20,0.3195857418111754,0.3582516556291387,300000000,1.0,0.47867052023121387,0.3653907284768207,0.48999999999999994,1,False,0
0,ep_22ec4975414d1c10cf90,246,20,0.31816955684007703,0.36279470198675556,300000000,1.0,0.48905587668593453,0.3679867549668872,0.48999999999999994,1,False,0
0,ep_22ec4975414d1c10cf90,247,20,0.32005780346820806,0.3634437086092718,300000000,1.0,0.4871676300578034,0.3699337748344375,0.48999999999999994,1,False,0
0,ep_22ec4975414d1c10cf90,248,20,0.3285549132947977,0.37058278145695384,300000000,1.0,0.48905587668593453,0.378370860927152,0.48999999999999994,1,False,0
0,ep_22ec4975414d1c10cf90,249,20,0.3299710982658958,0.3764238410596032,300000000,1.0,0.474421965317919,0.38356291390728514,0.48999999999999994,1,False,0
0,ep_22ec4975414d1c10cf90,250,20,0.2876184664217666,0.3660151728925643,268247159,0.8941571966666667,0.4791425818882466,0.3822649006622526,0.48999999999999994,3,True,1247159
0,ep_2622666398e4a6b7bf48,99,8,0.2869858870967742,0.26122516556291353,265000000,0.8833333333333333,0.4371471774193549,0.29367549668874204,0.48999999999999994,1,False,0
0,ep_2622666398e4a6b7bf48,100,8,0.3393447580645161,0.28913245033112517,300000000,1.0,0.45245967741935494,0.3014635761589403,0.48999999999999994,1,False,0
0,ep_2622666398e4a6b7bf48,101,8,0.3437903225806452,0.30276158940397424,300000000,1.0,0.4628326612903226,0.3144437086092717,0.48999999999999994,1,False,0
0,ep_2622666398e4a6b7bf48,102,8,0.33786290322580637,0.3209337748344374,300000000,1.0,0.4870362903225807,0.32612582781456906,0.48999999999999994,1,False,0
0,ep_2622666398e4a6b7bf48,103,8,0.3393447580645161,0.3270993377483442,300000000,1.0,0.4751814516129032,0.33164238410596103,0.48999999999999994,1,False,0
0,ep_2622666398e4a6b7bf48,104,8,0.34428427419354835,0.32774834437086053,300000000,1.0,0.47863911290322586,0.3313178807947022,0.48999999999999994,1,False,0
0,ep_2622666398e4a6b7bf48,105,8,0.33786290322580637,0.3296953642384108,300000000,1.0,0.47765120967741936,0.3335894039735099,0.48999999999999994,1,False,0
0,ep_2622666398e4a6b7bf48,106,8,0.34082661290322575,0.3296953642384108,300000000,1.0,0.49,0.3348874172185425,0.48999999999999994,1,False,0
0,ep_2622666398e4a6b7bf48,107,8,0.34280241935483874,0.3300198675496696,300000000,1.0,0.47567540322580654,0.33423841059602616,0.48999999999999994,1,False,0
0,ep_2622666398e4a6b7bf48,108,9,0.34428427419354835,0.33034437086092705,300000000,1.0,0.4830846774193549,0.33423841059602616,0.48999999999999994,1,False,0
0,ep_2622666398e4a6b7bf48,109,9,0.33440524193548393,0.3309933774834433,300000000,1.0,0.4850604838709678,0.3348874172185425,0.48999999999999994,1,False,0
0,ep_2622666398e4a6b7bf48,110,9,0.3393447580645161,0.3322913907284773,300000000,1.0,0.47765120967741936,0.33683443708609273,0.48999999999999994,1,False,0
0,ep_2622666398e4a6b7bf48,111,9,0.3437903225806452,0.3322913907284773,300000000,1.0,0.4865423387096774,0.33683443708609273,0.48999999999999994,1,False,0
0,ep_2622666398e4a6b7bf48,112,9,0.3097076612903225,0.3329403973509936,300000000,1.0,0.48753024193548383,0.3426754966887422,0.48999999999999994,1,False,0
0,ep_2622666398e4a6b7bf48,113,9,0.3288868801821072,0.32669407821956903,281244391,0.9374813033333332,0.4771572580645161,0.33618543046357646,0.48999999999999994,3,False,0
0,ep_27c14c34e9d530224762,49,4,0.0018988715277776685,0.008883278145694765,7000000,0.0233333333333333,0.007428385416666596,0.01703642384105853,0.48999999999999994,1,False,0
0,ep_27c14c34e9d530224762,50,4,0.30722222222222223,0.27388079470198606,300000000,1.0,0.441875,0.30178807947019914,0.48999999999999994,1,False,0
0,ep_27c14c34e9d530224762,51,4,0.31111111111111106,0.3095761589403974,300000000,1.0,0.45402777777777775,0.3329403973509936,0.48999999999999994,1,False,0
0,ep_27c14c34e9d530224762,52,4,0.3252083333333334,0.33618543046357646,300000000,1.0,0.48222222222222216,0.34462251655629106,0.48999999999999994,1,False,0
0,ep_27c14c34e9d530224762,53,4,0.32763888888888887,0.3420264900662259,300000000,1.0,0.4744444444444444,0.3472185430463575,0.48999999999999994,1,False,0
0,ep_27c14c34e9d530224762,54,4,0.3393055555555555,0.3452715231788087,300000000,1.0,0.4695833333333333,0.34851655629139155,0.48999999999999994,1,False,0
0,ep_27c14c34e9d530224762,55,4,0.33152777777777775,0.3452715231788087,300000000,1.0,0.4831944444444444,0.35111258278145674,0.48999999999999994,1,False,0
0,ep_27c14c34e9d530224762,56,4,0.3359027777777777,0.34592052980132504,300000000,1.0,0.48173611111111114,0.35111258278145674,0.48999999999999994,1,False,0
0,ep_27c14c34e9d530224762,57,4,0.35145833333333326,0.34592052980132504,300000000,1.0,0.48708333333333326,0.34981456953642415,0.48999999999999994,1,False,0
0,ep_27c14c34e9d530224762,58,4,0.3446527777777778,0.34592052980132504,300000000,1.0,0.49,0.34981456953642415,0.48999999999999994,1,False,0
0,ep_27c14c34e9d530224762,59,4,0.3446527777777778,0.34592052980132504,300000000,1.0,0.48708333333333326,0.34981456953642415,0.48999999999999994,1,False,0
0,ep_27c14c34e9d530224762,60,5,0.3451388888888889,0.34592052980132504,300000000,1.0,0.48854166666666665,0.35046357615894036,0.48999999999999994,1,False,0
0,ep_27c14c34e9d530224762,61,5,0.3067361111111111,0.3426754966887422,300000000,1.0,0.48708333333333326,0.34981456953642415,0.48999999999999994,1,False,0
0,ep_27c14c34e9d530224762,62,5,0.3180513879086265,0.3355892965903438,138735720,0.4624524,0.4865972222222222,0.3640927152317881,0.48999999999999994,3,False,0
0,ep_3953918cd0abe3e863ee,0,0,0.27043165467625885,0.47139662432266743,300000000,1.0,0.37769784172661874,0.47223243919074415,0.49,1,False,0
0,ep_3953918cd0abe3e863ee,1,0,0.2855395683453236,0.47122874798936465,300000000,1.0,0.4260431654676259,0.47223243919074415,0.49,1,False,0
0,ep_3953918cd0abe3e863ee,2,0,0.2956115107913667,0.47122874798936465,300000000,1.0,0.4023741007194244,0.47223243919074415,0.49,1,False,0
0,ep_3953918cd0abe3e863ee,3,0,0.28755395683453217,0.471564261855929,300000000,1.0,0.3912949640287768,0.47239889409258257,0.49,1,False,0
0,ep_3953918cd0abe3e863ee,4,0,0.28100719424460435,0.47139662432266743,300000000,1.0,0.39381294964028773,0.47223243919074415,0.49,1,False,0
0,ep_3953918cd0abe3e863ee,5,0,0.2689208633093524,0.47122874798936465,300000000,1.0,0.39633093525179847,0.47239889409258257,0.49,1,False,0
0,ep_3953918cd0abe3e863ee,6,0,0.29258992805755385,0.471564261855929,300000000,1.0,0.43359712230215824,0.47239889409258257,0.49,1,False,0
0,ep_3953918cd0abe3e863ee,7,0,0.28100719424460435,0.47139662432266743,300000000,1.0,0.3792086330935251,0.47239889409258257,0.49,1,False,0
0,ep_3953918cd0abe3e863ee,8,0,0.2543165467625898,0.47089227585179644,300000000,1.0,0.3792086330935251,0.47239889409258257,0.49,1,False,0
0,ep_3953918cd0abe3e863ee,9,0,0.2623741007194243,0.471564261855929,300000000,1.0,0.3862589928057554,0.47239889409258257,0.49,1,False,0
0,ep_3953918cd0abe3e863ee,10,0,0.2502877697841726,0.47122874798936465,300000000,1.0,0.35251798561151076,0.47223243919074415,0.49,1,False,0
0,ep_3953918cd0abe3e863ee,11,0,0.24273381294964025,0.47122874798936465,300000000,1.0,0.4235251798561149,0.47239889409258257,0.49,1,False,0
0,ep_3953918cd0abe3e863ee,12,1,0.2855395683453236,0.47139662432266743,300000000,1.0,0.39985611510791347,0.47239889409258257,0.49,1,False,0
0,ep_3953918cd0abe3e863ee,13,1,0.27496402877697834,0.471564261855929,300000000,1.0,0.4270503597122302,0.47239889409258257,0.49,1,False,0
0,ep_3953918cd0abe3e863ee,14,1,0.24625899280575525,0.4710606320892701,300000000,1.0,0.3358992805755393,0.47239889409258257,0.49,1,False,0
0,ep_3953918cd0abe3e863ee,15,1,0.2515467625899278,0.47139662432266743,300000000,1.0,0.3912949640287768,0.47239889409258257,0.49,1,False,0
0,ep_3953918cd0abe3e863ee,16,1,0.2588489208633093,0.47122874798936465,300000000,1.0,0.3812230215827337,0.47239889409258257,0.49,1,False,0
0,ep_3953918cd0abe3e863ee,17,1,0.2437410071942445,0.4710606320892701,300000000,1.0,0.4023741007194244,0.47223243919074415,0.49,1,False,0
0,ep_3953918cd0abe3e863ee,18,1,0.2558273381294962,0.47122874798936465,300000000,1.0,0.36460431654676245,0.47223243919074415,0.49,1,False,0
0,ep_3953918cd0abe3e863ee,19,1,0.2538129496402876,0.47139662432266743,300000000,1.0,0.40086330935251774,0.47223243919074415,0.49,1,False,0
0,ep_3953918cd0abe3e863ee,20,1,0.26136690647482,0.47089227585179644,300000000,1.0,0.3590647482014387,0.47223243919074415,0.49,1,False,0
0,ep_3953918cd0abe3e863ee,21,1,0.3182733812949639,0.471564261855929,300000000,1.0,0.45776978417266184,0.47239889409258257,0.49,1,False,0
0,ep_3953918cd0abe3e863ee,22,1,0.2779856115107912,0.47139662432266743,300000000,1.0,0.3993525179856114,0.47239889409258257,0.49,1,False,0
0,ep_3953918cd0abe3e863ee,23,1,0.2946043165467624,0.471564261855929,300000000,1.0,0.39381294964028773,0.47239889409258257,0.49,1,False,0
0,ep_3953918cd0abe3e863ee,24,2,0.27345323741007194,0.471564261855929,300000000,1.0,0.34093525179856105,0.47239889409258257,0.49,1,False,0
0,ep_3953918cd0abe3e863ee,25,2,0.2764748201438848,0.471564261855929,300000000,1.0,0.3897841726618704,0.47223243919074415,0.49,1,False,0
0,ep_3953918cd0abe3e863ee,26,2,0.264892086330935,0.4710606320892701,300000000,1.0,0.42956834532374083,0.4720657492659687,0.49,1,False,0
0,ep_3953918cd0abe3e863ee,27,2,0.25784172661870497,0.47139662432266743,300000000,1.0,0.3912949640287768,0.47239889409258257,0.49,1,False,0
0,ep_3953918cd0abe3e863ee,28,2,0.2523021582733812,0.4710606320892701,300000000,1.0,0.3862589928057554,0.47223243919074415,0.49,1,False,0
0,ep_3953918cd0abe3e863ee,29,2,0.27848920863309334,0.47139662432266743,300000000,1.0,0.39834532374100706,0.47223243919074415,0.49,1,False,0
0,ep_3953918cd0abe3e863ee,30,2,0.2679136690647481,0.47122874798936465,300000000,1.0,0.3464748201438849,0.47239889409258257,0.49,1,False,0
0,ep_3953918cd0abe3e863ee,31,2,0.2714388489208631,0.471564261855929,300000000,1.0,0.41194244604316543,0.47239889409258257,0.49,1,False,0
0,ep_3953918cd0abe3e863ee,32,2,0.2684172661870503,0.4710606320892701,300000000,1.0,0.4159712230215825,0.47239889409258257,0.49,1,False,0
0,ep_3953918cd0abe3e863ee,33,2,0.27546762589928053,0.47139662432266743,300000000,1.0,0.4129496402877697,0.47239889409258257,0.49,1,False,0
0,ep_3953918cd0abe3e863ee,34,2,0.2658992805755395,0.47139662432266743,300000000,1.0,0.372661870503597,0.47239889409258257,0.49,1,False,0
0,ep_3953918cd0abe3e863ee,35,2,0.27345323741007194,0.47122874798936465,300000000,1.0,0.42906474820143875,0.47239889409258257,0.49,1,False,0
0,ep_3953918cd0abe3e863ee,36,3,0.28956834532374104,0.471564261855929,300000000,1.0,0.4230215827338128,0.47239889409258257,0.49,1,False,0
0,ep_3953918cd0abe3e863ee,37,3,0.28352517985611503,0.471564261855929,300000000,1.0,0.4089208633093525,0.47239889409258257,0.49,1,False,0
0,ep_3953918cd0abe3e863ee,38,3,0.28503597122302143,0.47139662432266743,300000000,1.0,0.40640287769784156,0.47239889409258257,0.49,1,False,0
0,ep_3953918cd0abe3e863ee,39,3,0.2799999999999998,0.47122874798936465,300000000,1.0,0.3862589928057554,0.47239889409258257,0.49,1,False,0
0,ep_3953918cd0abe3e863ee,40,3,0.2840287769784172,0.471564261855929,300000000,1.0,0.40086330935251774,0.47239889409258257,0.49,1,False,0
0,ep_3953918cd0abe3e863ee,41,3,0.2905755395683453,0.47139662432266743,300000000,1.0,0.47237410071942426,0.47239889409258257,0.49,1,False,0
0,ep_3953918cd0abe3e863ee,42,3,0.29863309352517986,0.471564261855929,300000000,1.0,0.40287769784172656,0.47239889409258257,0.49,1,False,0
0,ep_3953918cd0abe3e863ee,43,3,0.28956834532374104,0.471564261855929,300000000,1.0,0.42402877697841707,0.47239889409258257,0.49,1,False,0
0,ep_3953918cd0abe3e863ee,44,3,0.27043165467625885,0.47122874798936465,300000000,1.0,0.42201438848920847,0.47239889409258257,0.49,1,False,0
0,ep_3953918cd0abe3e863ee,45,3,0.2840287769784172,0.47139662432266743,300000000,1.0,0.404388489208633,0.47239889409258257,0.49,1,False,0
0,ep_3953918cd0abe3e863ee,46,3,0.2794964028776976,0.47122874798936465,300000000,1.0,0.3620863309352518,0.47223243919074415,0.49,1,False,0
0,ep_3953918cd0abe3e863ee,47,3,0.2946043165467624,0.47139662432266743,300000000,1.0,0.4179856115107914,0.47239889409258257,0.49,1,False,0
0,ep_3953918cd0abe3e863ee,48,4,0.2981294964028777,0.47139662432266743,300000000,1.0,0.461798561151079,0.47239889409258257,0.49,1,False,0
0,ep_3953918cd0abe3e863ee,49,4,0.2729496402877698,0.471564261855929,300000000,1.0,0.41143884892086324,0.47239889409258257,0.49,1,False,0
0,ep_3953918cd0abe3e863ee,50,4,0.3097122302158272,0.47139662432266743,300000000,1.0,0.42503597122302156,0.47239889409258257,0.49,1,False,0
0,ep_3953918cd0abe3e863ee,51,4,0.3071942446043165,0.471564261855929,300000000,1.0,0.4265467625899281,0.47239889409258257,0.49,1,False,0
0,ep_3953918cd0abe3e863ee,52,4,0.3157553956834532,0.471564261855929,300000000,1.0,0.40338129496402875,0.47239889409258257,0.49,1,False,0
0,ep_3953918cd0abe3e863ee,53,4,0.31223021582733795,0.471564261855929,300000000,1.0,0.4210071942446042,0.47239889409258257,0.49,1,False,0
0,ep_3953918cd0abe3e863ee,54,4,0.328345323741007,0.47173166135208955,300000000,1.0,0.4436690647482014,0.47239889409258257,0.49,1,False,0
0,ep_3953918cd0abe3e863ee,55,4,0.32129496402877694,0.471564261855929,300000000,1.0,0.4698561151079136,0.47239889409258257,0.49,1,False,0
0,ep_3953918cd0abe3e863ee,56,4,0.324820143884892,0.47139662432266743,300000000,1.0,0.4748920863309352,0.47239889409258257,0.49,1,False,0
0,ep_3953918cd0abe3e863ee,57,4,0.32935251798561155,0.471564261855929,300000000,1.0,0.45122302158273375,0.47239889409258257,0.49,1,False,0
0,ep_3953918cd0abe3e863ee,58,4,0.32280575539568335,0.47122874798936465,300000000,1.0,0.47086330935251786,0.47239889409258257,0.49,1,False,0
0,ep_3953918cd0abe3e863ee,59,4,0.2774820143884891,0.4710606320892701,300000000,1.0,0.4245323741007192,0.47223243919074415,0.49,1,False,0
0,ep_3953918cd0abe3e863ee,60,5,0.30115107913669054,0.471564261855929,300000000,1.0,0.4381294964028775,0.47223243919074415,0.49,1,False,0
0,ep_3953918cd0abe3e863ee,61,5,0.28453237410071935,0.47173166135208955,300000000,1.0,0.4527338129496402,0.47239889409258257,0.49,1,False,0
0,ep_3953918cd0abe3e863ee,62,5,0.27597122302158267,0.47122874798936465,300000000,1.0,0.36460431654676245,0.47239889409258257,0.49,1,False,0
0,ep_3953918cd0abe3e863ee,63,5,0.2789928057553955,0.471564261855929,300000000,1.0,0.44165467625899285,0.47239889409258257,0.49,1,False,0
0,ep_3953918cd0abe3e863ee,64,5,0.27848920863309334,0.47122874798936465,300000000,1.0,0.4074100719424459,0.47239889409258257,0.49,1,False,0
0,ep_3953918cd0abe3e863ee,65,5,0.28503597122302143,0.471564261855929,300000000,1.0,0.43460431654676257,0.47239889409258257,0.49,1,False,0
0,ep_3953918cd0abe3e863ee,66,5,0.2820143884892086,0.471564261855929,300000000,1.0,0.4003597122302158,0.47239889409258257,0.49,1,False,0
0,ep_3953918cd0abe3e863ee,67,5,0.2855395683453236,0.471564261855929,300000000,1.0,0.3877697841726618,0.47239889409258257,0.49,1,False,0
0,ep_3953918cd0abe3e863ee,68,5,0.2679136690647481,0.47122874798936465,300000000,1.0,0.36712230215827324,0.47223243919074415,0.49,1,False,0
0,ep_3953918cd0abe3e863ee,69,5,0.2799999999999998,0.47139662432266743,300000000,1.0,0.39482014388489206,0.47239889409258257,0.49,1,False,0
0,ep_3953918cd0abe3e863ee,70,5,0.2900719424460432,0.47139662432266743,300000000,1.0,0.43964028776978403,0.47239889409258257,0.49,1,False,0
0,ep_3953918cd0abe3e863ee,71,5,0.2689208633093524,0.47139662432266743,300000000,1.0,0.41194244604316543,0.47239889409258257,0.49,1,False,0
0,ep_3953918cd0abe3e863ee,72,6,0.30165467625899267,0.471564261855929,300000000,1.0,0.44769784172661853,0.47239889409258257,0.49,1,False,0
0,ep_3953918cd0abe3e863ee,73,6,0.29107913669064744,0.471564261855929,300000000,1.0,0.40136690647482015,0.47239889409258257,0.49,1,False,0
0,ep_3953918cd0abe3e863ee,74,6,0.27194244604316525,0.47122874798936465,300000000,1.0,0.39280575539568346,0.47239889409258257,0.49,1,False,0
0,ep_3953918cd0abe3e863ee,75,6,0.28453237410071935,0.471564261855929,300000000,1.0,0.4235251798561149,0.47239889409258257,0.49,1,False,0
0,ep_3953918cd0abe3e863ee,76,6,0.27395683453237407,0.47139662432266743,300000000,1.0,0.3988489208633092,0.47239889409258257,0.49,1,False,0
0,ep_3953918cd0abe3e863ee,77,6,0.28503597122302143,0.471564261855929,300000000,1.0,0.46733812949640285,0.47239889409258257,0.49,1,False,0
0,ep_3953918cd0abe3e863ee,78,6,0.27546762589928053,0.471564261855929,300000000,1.0,0.3917985611510792,0.47239889409258257,0.49,1,False,0
0,ep_3953918cd0abe3e863ee,79,6,0.29107913669064744,0.471564261855929,300000000,1.0,0.4109352517985611,0.47223243919074415,0.49,1,False,0
0,ep_3953918cd0abe3e863ee,80,6,0.267410071942446,0.47089227585179644,300000000,1.0,0.38726618705035964,0.4720657492659687,0.49,1,False,0
0,ep_3953918cd0abe3e863ee,81,6,0.28050359712230194,0.471564261855929,300000000,1.0,0.43510791366906476,0.47223243919074415,0.49,1,False,0
0,ep_3953918cd0abe3e863ee,82,6,0.2840287769784172,0.47173166135208955,300000000,1.0,0.44568345323740993,0.47239889409258257,0.49,1,False,0
0,ep_3953918cd0abe3e863ee,83,6,0.2694244604316546,0.47139662432266743,300000000,1.0,0.37064748201438846,0.47239889409258257,0.49,1,False,0
0,ep_3953918cd0abe3e863ee,84,7,0.2885611510791365,0.471564261855929,300000000,1.0,0.40086330935251774,0.47239889409258257,0.49,1,False,0
0,ep_3953918cd0abe3e863ee,85,7,0.2885611510791365,0.471564261855929,300000000,1.0,0.38474820143884875,0.47239889409258257,0.49,1,False,0
0,ep_3953918cd0abe3e863ee,86,7,0.2815107913669065,0.4710606320892701,300000000,1.0,0.42553956834532375,0.47223243919074415,0.49,1,False,0
0,ep_3953918cd0abe3e863ee,87,7,0.2880575539568343,0.471564261855929,300000000,1.0,0.39834532374100706,0.47223243919074415,0.49,1,False,0
0,ep_3953918cd0abe3e863ee,88,7,0.28705035971223003,0.47139662432266743,300000000,1.0,0.39633093525179847,0.47223243919074415,0.49,1,False,0
0,ep_3953918cd0abe3e863ee,89,7,0.3071942446043165,0.471564261855929,300000000,1.0,0.4879856115107914,0.47239889409258257,0.49,1,False,0
0,ep_3953918cd0abe3e863ee,90,7,0.28503597122302143,0.47122874798936465,300000000,1.0,0.44115107913669066,0.47223243919074415,0.49,1,False,0
0,ep_3953918cd0abe3e863ee,91,7,0.2905755395683453,0.47173166135208955,300000000,1.0,0.45877697841726617,0.47239889409258257,0.49,1,False,0
0,ep_3953918cd0abe3e863ee,92,7,0.2689208633093524,0.47122874798936465,300000000,1.0,0.3545323741007194,0.47223243919074415,0.49,1,False,0
0,ep_3953918cd0abe3e863ee,93,7,0.27546762589928053,0.471564261855929,300000000,1.0,0.41999999999999993,0.47239889409258257,0.49,1,False,0
0,ep_3953918cd0abe3e863ee,94,7,0.28251798561151076,0.47139662432266743,300000000,1.0,0.4451798561151078,0.47239889409258257,0.49,1,False,0
0,ep_3953918cd0abe3e863ee,95,7,0.28453237410071935,0.47139662432266743,300000000,1.0,0.40086330935251774,0.47239889409258257,0.49,1,False,0
0,ep_3953918cd0abe3e863ee,96,8,0.3001438848920862,0.47139662432266743,300000000,1.0,0.47035971223021567,0.47223243919074415,0.49,1,False,0
0,ep_3953918cd0abe3e863ee,97,8,0.2633812949640286,0.47089227585179644,300000000,1.0,0.42201438848920847,0.47173166135208955,0.49,1,False,0
0,ep_3953918cd0abe3e863ee,98,8,0.2729496402877698,0.47122874798936465,300000000,1.0,0.44115107913669066,0.47223243919074415,0.49,1,False,0
0,ep_3953918cd0abe3e863ee,99,8,0.26640287769784166,0.471564261855929,300000000,1.0,0.3857553956834532,0.47239889409258257,0.49,1,False,0
0,ep_3953918cd0abe3e863ee,100,8,0.2840287769784172,0.47173166135208955,300000000,1.0,0.43913669064748184,0.47239889409258257,0.49,1,False,0
0,ep_3953918cd0abe3e863ee,101,8,0.2724460431654674,0.47139662432266743,300000000,1.0,0.36712230215827324,0.47239889409258257,0.49,1,False,0
0,ep_3953918cd0abe3e863ee,102,8,0.2679136690647481,0.47139662432266743,300000000,1.0,0.36258992805755397,0.47239889409258257,0.49,1,False,0
0,ep_3953918cd0abe3e863ee,103,8,0.2799999999999998,0.47139662432266743,300000000,1.0,0.36107913669064745,0.47239889409258257,0.49,1,False,0
0,ep_3953918cd0abe3e863ee,104,8,0.25305755395683455,0.47089227585179644,300000000,1.0,0.3479856115107913,0.4720657492659687,0.49,1,False,0
0,ep_3953918cd0abe3e863ee,105,8,0.2523021582733812,0.47122874798936465,300000000,1.0,0.3887769784172661,0.47223243919074415,0.49,1,False,0
0,ep_3953918cd0abe3e863ee,106,8,0.2555755395683453,0.4710606320892701,300000000,1.0,0.3993525179856114,0.4720657492659687,0.49,1,False,0
0,ep_3953918cd0abe3e863ee,107,8,0.25733812949640283,0.47173166135208955,300000000,1.0,0.35805755395683436,0.47223243919074415,0.49,1,False,0
0,ep_3953918cd0abe3e863ee,108,9,0.25532374100719407,0.47122874798936465,300000000,1.0,0.4612949640287769,0.47223243919074415,0.49,1,False,0
0,ep_3953918cd0abe3e863ee,109,9,0.2855395683453236,0.47139662432266743,300000000,1.0,0.4633093525179855,0.47239889409258257,0.49,1,False,0
0,ep_3953918cd0abe3e863ee,110,9,0.25607913669064736,0.4710606320892701,300000000,1.0,0.45978417266187044,0.47223243919074415,0.49,1,False,0
0,ep_3953918cd0abe3e863ee,111,9,0.2497841726618705,0.471564261855929,300000000,1.0,0.3560431654676258,0.47223243919074415,0.49,1,False,0
0,ep_3953918cd0abe3e863ee,112,9,0.24575539568345312,0.47089227585179644,300000000,1.0,0.3484892086330934,0.47223243919074415,0.49,1,False,0
0,ep_3953918cd0abe3e863ee,113,9,0.26136690647482,0.47139662432266743,300000000,1.0,0.4628057553956833,0.47223243919074415,0.49,1,False,0
0,ep_3953918cd0abe3e863ee,114,9,0.2439928057553957,0.47072367850249397,300000000,1.0,0.4567625899280576,0.47189882357030427,0.49,1,False,0
0,ep_3953918cd0abe3e863ee,115,9,0.25607913669064736,0.471564261855929,300000000,1.0,0.3756834532374099,0.47223243919074415,0.49,1,False,0
0,ep_3953918cd0abe3e863ee,116,9,0.2429856115107912,0.47139662432266743,300000000,1.0,0.33741007194244604,0.47223243919074415,0.49,1,False,0
0,ep_3953918cd0abe3e863ee,117,9,0.24550359712230213,0.47122874798936465,300000000,1.0,0.35251798561151076,0.47239889409258257,0.49,1,False,0
0,ep_3953918cd0abe3e863ee,118,9,0.24525179856115092,0.47072367850249397,300000000,1.0,0.3454676258992806,0.47189882357030427,0.49,1,False,0
0,ep_3953918cd0abe3e863ee,119,9,0.25834532374100716,0.47173166135208955,300000000,1.0,0.3630935251798561,0.47223243919074415,0.49,1,False,0
0,ep_3953918cd0abe3e863ee,120,10,0.2535611510791367,0.47089227585179644,300000000,1.0,0.39532374100719414,0.4720657492659687,0.49,1,False,0
0,ep_3953918cd0abe3e863ee,121,10,0.25633093525179834,0.47173166135208955,300000000,1.0,0.3741726618705034,0.47223243919074415,0.49,1,False,0
0,ep_3953918cd0abe3e863ee,122,10,0.24776978417266163,0.4710606320892701,300000000,1.0,0.3535251798561151,0.4720657492659687,0.49,1,False,0
0,ep_3953918cd0abe3e863ee,123,10,0.239208633093525,0.47122874798936465,300000000,1.0,0.3756834532374099,0.47223243919074415,0.49,1,False,0
0,ep_3953918cd0abe3e863ee,124,10,0.25079136690647474,0.4710606320892701,300000000,1.0,0.3353956834532374,0.47223243919074415,0.49,1,False,0
0,ep_3953918cd0abe3e863ee,125,10,0.24550359712230213,0.47173166135208955,300000000,1.0,0.3676258992805754,0.47223243919074415,0.49,1,False,0
0,ep_3953918cd0abe3e863ee,126,10,0.2533093525179855,0.4710606320892701,300000000,1.0,0.37014388489208633,0.47223243919074415,0.49,1,False,0
0,ep_3953918cd0abe3e863ee,127,10,0.2568345323741007,0.47173166135208955,300000000,1.0,0.44568345323740993,0.47239889409258257,0.49,1,False,0
0,ep_3953918cd0abe3e863ee,128,10,0.24248201438848907,0.47089227585179644,300000000,1.0,0.3897841726618704,0.4720657492659687,0.49,1,False,0
0,ep_3953918cd0abe3e863ee,129,10,0.21906474820143876,0.47122874798936465,300000000,1.0,0.436115107913669,0.47223243919074415,0.49,1,False,0
0,ep_3953918cd0abe3e863ee,130,10,0.25129496402877693,0.4710606320892701,300000000,1.0,0.41446043165467616,0.4720657492659687,0.49,1,False,0
0,ep_3953918cd0abe3e863ee,131,10,0.25733812949640283,0.47173166135208955,300000000,1.0,0.35100719424460414,0.47223243919074415,0.49,1,False,0
0,ep_3953918cd0abe3e863ee,132,11,0.2505395683453236,0.4710606320892701,300000000,1.0,0.3923021582733811,0.47223243919074415,0.49,1,False,0
0,ep_3953918cd0abe3e863ee,133,11,0.2724460431654674,0.471564261855929,300000000,1.0,0.39482014388489206,0.47223243919074415,0.49,1,False,0
0,ep_3953918cd0abe3e863ee,134,11,0.2492805755395683,0.47089227585179644,300000000,1.0,0.39532374100719414,0.4720657492659687,0.49,1,False,0
0,ep_3953918cd0abe3e863ee,135,11,0.2540647482014388,0.47139662432266743,300000000,1.0,0.3434532374100717,0.47223243919074415,0.49,1,False,0
0,ep_3953918cd0abe3e863ee,136,11,0.23266187050359713,0.47072367850249397,300000000,1.0,0.3364028776978417,0.4720657492659687,0.49,1,False,0
0,ep_3953918cd0abe3e863ee,137,11,0.2535611510791367,0.471564261855929,300000000,1.0,0.37769784172661874,0.4720657492659687,0.49,1,False,0
0,ep_3953918cd0abe3e863ee,138,11,0.20294964028776974,0.47055483926302377,300000000,1.0,0.32582733812949627,0.47139662432266743,0.49,1,False,0
0,ep_3953918cd0abe3e863ee,139,11,0.25607913669064736,0.47122874798936465,300000000,1.0,0.49,0.4720657492659687,0.49,1,False,0
0,ep_3953918cd0abe3e863ee,140,11,0.2608633093525179,0.47089227585179644,300000000,1.0,0.3907913669064747,0.47189882357030427,0.49,1,False,0
0,ep_3953918cd0abe3e863ee,141,11,0.27597122302158267,0.47139662432266743,300000000,1.0,0.41345323741007184,0.47223243919074415,0.49,1,False,0
0,ep_3953918cd0abe3e863ee,142,11,0.2689208633093524,0.47089227585179644,300000000,1.0,0.44014388489208617,0.4720657492659687,0.49,1,False,0
0,ep_3953918cd0abe3e863ee,143,11,0.28100719424460435,0.47173166135208955,300000000,1.0,0.3837410071942444,0.47223243919074415,0.49,1,False,0
0,ep_3953918cd0abe3e863ee,144,12,0.2820143884892086,0.47122874798936465,300000000,1.0,0.3656115107913667,0.47223243919074415,0.49,1,False,0
0,ep_3953918cd0abe3e863ee,145,12,0.29107913669064744,0.47189882357030427,300000000,1.0,0.4285611510791366,0.47239889409258257,0.49,1,False,0
0,ep_3953918cd0abe3e863ee,146,12,0.23694244604316547,0.47055483926302377,300000000,1.0,0.3832374100719423,0.47139662432266743,0.49,1,False,0
0,ep_3953918cd0abe3e863ee,147,12,0.27194244604316525,0.4710606320892701,300000000,1.0,0.4079136690647482,0.47223243919074415,0.49,1,False,0
0,ep_3953918cd0abe3e863ee,148,12,0.2588489208633093,0.47122874798936465,300000000,1.0,0.3852517985611511,0.47223243919074415,0.49,1,False,0
0,ep_3953918cd0abe3e863ee,149,12,0.2064748201438847,0.4703857573511318,300000000,1.0,0.3137410071942446,0.4710606320892701,0.49,1,False,0
0,ep_3953918cd0abe3e863ee,150,12,0.23971223021582713,0.47089227585179644,300000000,1.0,0.32280575539568335,0.47189882357030427,0.49,1,False,0
0,ep_3953918cd0abe3e863ee,151,12,0.2709352517985609,0.471564261855929,300000000,1.0,0.37870503597122296,0.47223243919074415,0.49,1,False,0
0,ep_3953918cd0abe3e863ee,152,12,0.2653956834532374,0.47055483926302377,300000000,1.0,0.4356115107913669,0.47173166135208955,0.49,1,False,0
0,ep_3953918cd0abe3e863ee,153,12,0.25834532374100716,0.471564261855929,300000000,1.0,0.4366187050359711,0.4720657492659687,0.49,1,False,0
0,ep_3953918cd0abe3e863ee,154,12,0.25607913669064736,0.47122874798936465,300000000,1.0,0.4003597122302158,0.47223243919074415,0.49,1,False,0
0,ep_3953918cd0abe3e863ee,155,12,0.2744604316546762,0.471564261855929,300000000,1.0,0.3756834532374099,0.47223243919074415,0.49,1,False,0
0,ep_3953918cd0abe3e863ee,156,13,0.2364388489208633,0.47089227585179644,300000000,1.0,0.37517985611510773,0.4720657492659687,0.49,1,False,0
0,ep_3953918cd0abe3e863ee,157,13,0.23241007194244595,0.47139662432266743,300000000,1.0,0.3545323741007194,0.4720657492659687,0.49,1,False,0
0,ep_3953918cd0abe3e863ee,158,13,0.2789928057553955,0.47072367850249397,300000000,1.0,0.4124460431654675,0.47189882357030427,0.49,1,False,0
0,ep_3953918cd0abe3e863ee,159,13,0.29410071942446026,0.471564261855929,300000000,1.0,0.41899280575539566,0.47223243919074415,0.49,1,False,0
0,ep_3953918cd0abe3e863ee,160,13,0.2905755395683453,0.47139662432266743,300000000,1.0,0.45071942446043156,0.47223243919074415,0.49,1,False,0
0,ep_3953918cd0abe3e863ee,161,13,0.31223021582733795,0.471564261855929,300000000,1.0,0.432589928057554,0.47239889409258257,0.49,1,False,0
0,ep_3953918cd0abe3e863ee,162,13,0.26640287769784166,0.47089227585179644,300000000,1.0,0.3656115107913667,0.4720657492659687,0.49,1,False,0
0,ep_3953918cd0abe3e863ee,163,13,0.28956834532374104,0.47173166135208955,300000000,1.0,0.4003597122302158,0.47223243919074415,0.49,1,False,0
0,ep_3953918cd0abe3e863ee,164,13,0.2820143884892086,0.47122874798936465,300000000,1.0,0.4356115107913669,0.47223243919074415,0.49,1,False,0
0,ep_3953918cd0abe3e863ee,165,13,0.2996402877697841,0.47173166135208955,300000000,1.0,0.4532374100719423,0.47223243919074415,0.49,1,False,0
0,ep_3953918cd0abe3e863ee,166,13,0.2744604316546762,0.4710606320892701,300000000,1.0,0.46230215827338117,0.47239889409258257,0.49,1,False,0
0,ep_3953918cd0abe3e863ee,167,13,0.27395683453237407,0.47139662432266743,300000000,1.0,0.42503597122302156,0.4720657492659687,0.49,1,False,0
0,ep_3953918cd0abe3e863ee,168,14,0.28050359712230194,0.47122874798936465,300000000,1.0,0.4280575539568345,0.47223243919074415,0.49,1,False,0
0,ep_3953918cd0abe3e863ee,169,14,0.27848920863309334,0.47173166135208955,300000000,1.0,0.36712230215827324,0.47239889409258257,0.49,1,False,0
0,ep_3953918cd0abe3e863ee,170,14,0.27546762589928053,0.47122874798936465,300000000,1.0,0.42956834532374083,0.4720657492659687,0.49,1,False,0
0,ep_3953918cd0abe3e863ee,171,14,0.2684172661870503,0.47139662432266743,300000000,1.0,0.45122302158273375,0.47223243919074415,0.49,1,False,0
0,ep_3953918cd0abe3e863ee,172,14,0.28503597122302143,0.47139662432266743,300000000,1.0,0.4149640287769782,0.47223243919074415,0.49,1,False,0
0,ep_3953918cd0abe3e863ee,173,14,0.28705035971223003,0.471564261855929,300000000,1.0,0.4074100719424459,0.47223243919074415,0.49,1,False,0
0,ep_3953918cd0abe3e863ee,174,14,0.276978417266187,0.47122874798936465,300000000,1.0,0.45726618705035954,0.47223243919074415,0.49,1,False,0
0,ep_3953918cd0abe3e863ee,175,14,0.2981294964028777,0.47189882357030427,300000000,1.0,0.39985611510791347,0.47239889409258257,0.49,1,False,0
0,ep_3953918cd0abe3e863ee,176,14,0.27395683453237407,0.4710606320892701,300000000,1.0,0.3832374100719423,0.4720657492659687,0.49,1,False,0
0,ep_3953918cd0abe3e863ee,177,14,0.28050359712230194,0.47122874798936465,300000000,1.0,0.3766906474820144,0.47223243919074415,0.49,1,False,0
0,ep_3953918cd0abe3e863ee,178,14,0.28251798561151076,0.47139662432266743,300000000,1.0,0.44165467625899285,0.47223243919074415,0.49,1,False,0
0,ep_3953918cd0abe3e863ee,179,14,0.276978417266187,0.471564261855929,300000000,1.0,0.39683453237410066,0.47223243919074415,0.49,1,False,0
0,ep_3953918cd0abe3e863ee,180,15,0.2505395683453236,0.4710606320892701,300000000,1.0,0.33086330935251795,0.4720657492659687,0.49,1,False,0
0,ep_3953918cd0abe3e863ee,181,15,0.2658992805755395,0.47173166135208955,300000000,1.0,0.40338129496402875,0.47223243919074415,0.49,1,False,0
0,ep_3953918cd0abe3e863ee,182,15,0.2598561151079136,0.4710606320892701,300000000,1.0,0.37870503597122296,0.47189882357030427,0.49,1,False,0
0,ep_3953918cd0abe3e863ee,183,15,0.2565827338129495,0.4710606320892701,300000000,1.0,0.35856115107913655,0.4720657492659687,0.49,1,False,0
0,ep_3953918cd0abe3e863ee,184,15,0.25733812949640283,0.47122874798936465,300000000,1.0,0.34143884892086324,0.4720657492659687,0.49,1,False,0
0,ep_3953918cd0abe3e863ee,185,15,0.2764748201438848,0.471564261855929,300000000,1.0,0.40992805755395684,0.4720657492659687,0.49,1,False,0
0,ep_3953918cd0abe3e863ee,186,15,0.2565827338129495,0.4710606320892701,300000000,1.0,0.35805755395683436,0.4720657492659687,0.49,1,False,0
0,ep_3953918cd0abe3e863ee,187,15,0.24852517985611497,0.471564261855929,300000000,1.0,0.39431654676258987,0.47223243919074415,0.49,1,False,0
0,ep_3953918cd0abe3e863ee,188,15,0.24726618705035955,0.4710606320892701,300000000,1.0,0.38928057553956824,0.4720657492659687,0.49,1,False,0
0,ep_3953918cd0abe3e863ee,189,15,0.23140287769784165,0.4710606320892701,300000000,1.0,0.3661151079136689,0.4720657492659687,0.49,1,False,0
0,ep_3953918cd0abe3e863ee,190,15,0.2278776978417264,0.47122874798936465,300000000,1.0,0.30467625899280576,0.47223243919074415,0.49,1,False,0
0,ep_3953918cd0abe3e863ee,191,15,0.2502877697841726,0.47139662432266743,300000000,1.0,0.3515107913669063,0.4720657492659687,0.49,1,False,0
0,ep_3953918cd0abe3e863ee,192,16,0.25205035971223,0.4710606320892701,300000000,1.0,0.38474820143884875,0.4720657492659687,0.49,1,False,0
0,ep_3953918cd0abe3e863ee,193,16,0.2502877697841726,0.47139662432266743,300000000,1.0,0.3817266187050358,0.47223243919074415,0.49,1,False,0
0,ep_3953918cd0abe3e863ee,194,16,0.25179856115107907,0.4710606320892701,300000000,1.0,0.3676258992805754,0.47189882357030427,0.49,1,False,0
0,ep_3953918cd0abe3e863ee,195,16,0.23341726618705022,0.47089227585179644,300000000,1.0,0.34143884892086324,0.47189882357030427,0.49,1,False,0
0,ep_3953918cd0abe3e863ee,196,16,0.23316546762589926,0.47122874798936465,300000000,1.0,0.36007194244604296,0.4720657492659687,0.49,1,False,0
0,ep_3953918cd0abe3e863ee,197,16,0.24449640287769783,0.471564261855929,300000000,1.0,0.42402877697841707,0.47223243919074415,0.49,1,False,0
0,ep_3953918cd0abe3e863ee,198,16,0.2540647482014388,0.47173166135208955,300000000,1.0,0.38474820143884875,0.47239889409258257,0.49,1,False,0
0,ep_3953918cd0abe3e863ee,199,16,0.23794964028776977,0.47122874798936465,300000000,1.0,0.3338848920863308,0.47239889409258257,0.49,1,False,0
0,ep_3953918cd0abe3e863ee,200,16,0.2399640287769783,0.47089227585179644,300000000,1.0,0.4124460431654675,0.4720657492659687,0.49,1,False,0
0,ep_3953918cd0abe3e863ee,201,16,0.24701438848920856,0.47139662432266743,300000000,1.0,0.37618705035971206,0.4720657492659687,0.49,1,False,0
0,ep_3953918cd0abe3e863ee,202,16,0.24827338129496404,0.4710606320892701,300000000,1.0,0.36258992805755397,0.47223243919074415,0.49,1,False,0
0,ep_3953918cd0abe3e863ee,203,16,0.22913669064748188,0.47139662432266743,300000000,1.0,0.3369064748201439,0.4720657492659687,0.49,1,False,0
0,ep_3953918cd0abe3e863ee,204,17,0.2384532374100719,0.4710606320892701,300000000,1.0,0.37165467625899273,0.4720657492659687,0.49,1,False,0
0,ep_3953918cd0abe3e863ee,205,17,0.2409712230215826,0.47173166135208955,300000000,1.0,0.35805755395683436,0.47223243919074415,0.49,1,False,0
0,ep_3953918cd0abe3e863ee,206,17,0.2492805755395683,0.47139662432266743,300000000,1.0,0.3661151079136689,0.47223243919074415,0.49,1,False,0
0,ep_3953918cd0abe3e863ee,207,17,0.2505395683453236,0.471564261855929,300000000,1.0,0.3827338129496401,0.47223243919074415,0.49,1,False,0
0,ep_3953918cd0abe3e863ee,208,17,0.2714388489208631,0.47139662432266743,300000000,1.0,0.45021582733812954,0.47239889409258257,0.49,1,False,0
0,ep_3953918cd0abe3e863ee,209,17,0.2437410071942445,0.47089227585179644,300000000,1.0,0.3635971223021583,0.47189882357030427,0.49,1,False,0
0,ep_3953918cd0abe3e863ee,210,17,0.26690647482014385,0.471564261855929,300000000,1.0,0.3746762589928056,0.47223243919074415,0.49,1,False,0
0,ep_3953918cd0abe3e863ee,211,17,0.26187050359712216,0.47189882357030427,300000000,1.0,0.3439568345323741,0.47239889409258257,0.49,1,False,0
0,ep_3953918cd0abe3e863ee,212,17,0.2538129496402876,0.47139662432266743,300000000,1.0,0.3817266187050358,0.47223243919074415,0.49,1,False,0
0,ep_3953918cd0abe3e863ee,213,17,0.2077338129496402,0.47122874798936465,300000000,1.0,0.3061870503597122,0.47223243919074415,0.49,1,False,0
0,ep_3953918cd0abe3e863ee,214,17,0.26187050359712216,0.4710606320892701,300000000,1.0,0.4058992805755395,0.47223243919074415,0.49,1,False,0
0,ep_3953918cd0abe3e863ee,215,17,0.28352517985611503,0.4710606320892701,300000000,1.0,0.4270503597122302,0.4720657492659687,0.49,1,False,0
0,ep_3953918cd0abe3e863ee,216,18,0.2830215827338129,0.471564261855929,300000000,1.0,0.39985611510791347,0.47223243919074415,0.49,1,False,0
0,ep_3953918cd0abe3e863ee,217,18,0.28100719424460435,0.47173166135208955,300000000,1.0,0.40690647482014375,0.47239889409258257,0.49,1,False,0
0,ep_3953918cd0abe3e863ee,218,18,0.276978417266187,0.47139662432266743,300000000,1.0,0.4451798561151078,0.47223243919074415,0.49,1,False,0
0,ep_3953918cd0abe3e863ee,219,18,0.276978417266187,0.471564261855929,300000000,1.0,0.36258992805755397,0.47239889409258257,0.49,1,False,0
0,ep_3953918cd0abe3e863ee,220,18,0.27345323741007194,0.47122874798936465,300000000,1.0,0.41446043165467616,0.47223243919074415,0.49,1,False,0
0,ep_3953918cd0abe3e863ee,221,18,0.2885611510791365,0.47173166135208955,300000000,1.0,0.4406474820143885,0.47223243919074415,0.49,1,False,0
0,ep_3953918cd0abe3e863ee,222,18,0.3061870503597122,0.471564261855929,300000000,1.0,0.4285611510791366,0.47223243919074415,0.49,1,False,0
0,ep_3953918cd0abe3e863ee,223,18,0.2799999999999998,0.47072367850249397,300000000,1.0,0.41697841726618706,0.47189882357030427,0.49,1,False,0
0,ep_3953918cd0abe3e863ee,224,18,0.27546762589928053,0.47122874798936465,300000000,1.0,0.3746762589928056,0.47239889409258257,0.49,1,False,0
0,ep_3953918cd0abe3e863ee,225,18,0.2855395683453236,0.471564261855929,300000000,1.0,0.382230215827338,0.47223243919074415,0.49,1,False,0
0,ep_3953918cd0abe3e863ee,226,18,0.26136690647482,0.4703857573511318,300000000,1.0,0.4522302158273381,0.47223243919074415,0.49,1,False,0
0,ep_3953918cd0abe3e863ee,227,18,0.2865467625899279,0.4710606320892701,300000000,1.0,0.4079136690647482,0.4720657492659687,0.49,1,False,0
0,ep_3953918cd0abe3e863ee,228,19,0.2689208633093524,0.47139662432266743,300000000,1.0,0.4129496402877697,0.47223243919074415,0.49,1,False,0
0,ep_3953918cd0abe3e863ee,229,19,0.28100719424460435,0.47139662432266743,300000000,1.0,0.4094244604316547,0.47239889409258257,0.49,1,False,0
0,ep_3953918cd0abe3e863ee,230,19,0.2794964028776976,0.47089227585179644,300000000,1.0,0.40086330935251774,0.4720657492659687,0.49,1,False,0
0,ep_3953918cd0abe3e863ee,231,19,0.27043165467625885,0.47139662432266743,300000000,1.0,0.3988489208633092,0.47223243919074415,0.49,1,False,0
0,ep_3953918cd0abe3e863ee,232,19,0.2505395683453236,0.47122874798936465,300000000,1.0,0.38474820143884875,0.47223243919074415,0.49,1,False,0
0,ep_3953918cd0abe3e863ee,233,19,0.2724460431654674,0.4710606320892701,300000000,1.0,0.3797122302158273,0.47189882357030427,0.49,1,False,0
0,ep_3953918cd0abe3e863ee,234,19,0.22082733812949643,0.4710606320892701,300000000,1.0,0.33237410071942436,0.4720657492659687,0.49,1,False,0
0,ep_3953918cd0abe3e863ee,235,19,0.2497841726618705,0.47173166135208955,300000000,1.0,0.42906474820143875,0.47223243919074415,0.49,1,False,0
0,ep_3953918cd0abe3e863ee,236,19,0.2865467625899279,0.4710606320892701,300000000,1.0,0.372661870503597,0.47223243919074415,0.49,1,False,0
0,ep_3953918cd0abe3e863ee,237,19,0.25482014388489194,0.47089227585179644,300000000,1.0,0.4280575539568345,0.47223243919074415,0.49,1,False,0
0,ep_3953918cd0abe3e863ee,238,19,0.2628776978417265,0.47021643198062146,300000000,1.0,0.4003597122302158,0.47089227585179644,0.49,1,False,0
0,ep_3953918cd0abe3e863ee,239,19,0.2598561151079136,0.47055483926302377,300000000,1.0,0.3635971223021583,0.47139662432266743,0.49,1,False,0
0,ep_3953918cd0abe3e863ee,240,20,0.28503597122302143,0.47139662432266743,300000000,1.0,0.39381294964028773,0.4720657492659687,0.49,1,False,0
0,ep_3953918cd0abe3e863ee,241,20,0.2820143884892086,0.47089227585179644,300000000,1.0,0.4023741007194244,0.47239889409258257,0.49,1,False,0
0,ep_3953918cd0abe3e863ee,242,20,0.245,0.4698770476990866,300000000,1.0,0.4074100719424459,0.47139662432266743,0.49,1,False,0
0,ep_3953918cd0abe3e863ee,243,20,0.27395683453237407,0.47173166135208955,300000000,1.0,0.3635971223021583,0.47239889409258257,0.49,1,False,0
0,ep_3953918cd0abe3e863ee,244,20,0.276978417266187,0.4710606320892701,300000000,1.0,0.3676258992805754,0.47239889409258257,0.49,1,False,0
0,ep_3953918cd0abe3e863ee,245,20,0.2694244604316546,0.47089227585179644,300000000,1.0,0.40287769784172656,0.47189882357030427,0.49,1,False,0
0,ep_3953918cd0abe3e863ee,246,20,0.28251798561151076,0.47122874798936465,300000000,1.0,0.4003597122302158,0.4720657492659687,0.49,1,False,0
0,ep_3953918cd0abe3e863ee,247,20,0.24802158273381283,0.471564261855929,300000000,1.0,0.3560431654676258,0.47239889409258257,0.49,1,False,0
0,ep_3953918cd0abe3e863ee,248,20,0.2308992805755395,0.4703857573511318,300000000,1.0,0.3182733812949639,0.47173166135208955,0.49,1,False,0
0,ep_3953918cd0abe3e863ee,249,20,0.25079136690647474,0.47189882357030427,300000000,1.0,0.4386330935251797,0.47239889409258257,0.49,1,False,0
0,ep_3953918cd0abe3e863ee,250,20,0.2178057553956833,0.46850961221479165,300000000,1.0,0.3635971223021583,0.47139662432266743,0.49,1,False,0
0,ep_3953918cd0abe3e863ee,251,20,0.23568345323741,0.47122874798936465,300000000,1.0,0.3102158273381293,0.47223243919074415,0.49,1,False,0
0,ep_3953918cd0abe3e863ee,252,21,0.24852517985611497,0.4710606320892701,300000000,1.0,0.3348920863309351,0.4720657492659687,0.49,1,False,0
0,ep_3953918cd0abe3e863ee,253,21,0.24651079136690646,0.47122874798936465,300000000,1.0,0.3464748201438849,0.47239889409258257,0.49,1,False,0
0,ep_3953918cd0abe3e863ee,254,21,0.194640287769784,0.4700468623613272,300000000,1.0,0.33237410071942436,0.47072367850249397,0.49,1,False,0
0,ep_3953918cd0abe3e863ee,255,21,0.22208633093525162,0.47089227585179644,300000000,1.0,0.3454676258992806,0.47223243919074415,0.49,1,False,0
0,ep_3953918cd0abe3e863ee,256,21,0.22938848920863308,0.47072367850249397,300000000,1.0,0.30266187050359694,0.4720657492659687,0.49,1,False,0
0,ep_3953918cd0abe3e863ee,257,21,0.23669064748201427,0.47122874798936465,300000000,1.0,0.36258992805755397,0.4720657492659687,0.49,1,False,0
0,ep_3953918cd0abe3e863ee,258,21,0.21730215827338117,0.4710606320892701,300000000,1.0,0.32330935251798554,0.4720657492659687,0.49,1,False,0
0,ep_3953918cd0abe3e863ee,259,21,0.2540647482014388,0.4720657492659687,300000000,1.0,0.34597122302158273,0.47239889409258257,0.49,1,False,0
0,ep_3953918cd0abe3e863ee,260,21,0.2555755395683453,0.47072367850249397,300000000,1.0,0.3635971223021583,0.47223243919074415,0.49,1,False,0
0,ep_3953918cd0abe3e863ee,261,21,0.2523021582733812,0.4710606320892701,300000000,1.0,0.3857553956834532,0.47223243919074415,0.49,1,False,0
0,ep_3953918cd0abe3e863ee,262,21,0.25935251798561143,0.47139662432266743,300000000,1.0,0.35100719424460414,0.47223243919074415,0.49,1,False,0
0,ep_3953918cd0abe3e863ee,263,21,0.267410071942446,0.47173166135208955,300000000,1.0,0.350503597122302,0.47239889409258257,0.49,1,False,0
0,ep_3953918cd0abe3e863ee,264,22,0.2638848920863307,0.4710606320892701,300000000,1.0,0.34748201438848914,0.47223243919074415,0.49,1,False,0
0,ep_3953918cd0abe3e863ee,265,22,0.2495323741007193,0.4710606320892701,300000000,1.0,0.3595683453237408,0.47239889409258257,0.49,1,False,0
0,ep_3953918cd0abe3e863ee,266,22,0.20924460431654665,0.47055483926302377,300000000,1.0,0.3177697841726617,0.471564261855929,0.49,1,False,0
0,ep_3953918cd0abe3e863ee,267,22,0.2495323741007193,0.47189882357030427,300000000,1.0,0.3620863309352518,0.47239889409258257,0.49,1,False,0
0,ep_3953918cd0abe3e863ee,268,22,0.22611510791366904,0.4700468623613272,300000000,1.0,0.3550359712230216,0.47239889409258257,0.49,1,False,0
0,ep_3953918cd0abe3e863ee,269,22,0.24172661870503595,0.4710606320892701,300000000,1.0,0.3676258992805754,0.4720657492659687,0.49,1,False,0
0,ep_3953918cd0abe3e863ee,270,22,0.24625899280575525,0.471564261855929,300000000,1.0,0.3540287769784173,0.4720657492659687,0.49,1,False,0
0,ep_3953918cd0abe3e863ee,271,22,0.24877697841726618,0.47139662432266743,300000000,1.0,0.41395683453237403,0.47239889409258257,0.49,1,False,0
0,ep_3953918cd0abe3e863ee,272,22,0.2432374100719424,0.47089227585179644,300000000,1.0,0.3263309352517984,0.47223243919074415,0.49,1,False,0
0,ep_3953918cd0abe3e863ee,273,22,0.28705035971223003,0.471564261855929,300000000,1.0,0.36510791366906464,0.47239889409258257,0.49,1,False,0
0,ep_3953918cd0abe3e863ee,274,22,0.27194244604316525,0.47055483926302377,300000000,1.0,0.43359712230215824,0.4710606320892701,0.49,1,False,0
0,ep_3953918cd0abe3e863ee,275,22,0.2915827338129496,0.47139662432266743,300000000,1.0,0.41143884892086324,0.47223243919074415,0.49,1,False,0
0,ep_3953918cd0abe3e863ee,276,23,0.2880575539568343,0.47139662432266743,300000000,1.0,0.41345323741007184,0.47223243919074415,0.49,1,False,0
0,ep_3953918cd0abe3e863ee,277,23,0.264892086330935,0.471564261855929,300000000,1.0,0.37719424460431633,0.47239889409258257,0.49,1,False,0
0,ep_3953918cd0abe3e863ee,278,23,0.2729496402877698,0.4710606320892701,300000000,1.0,0.3907913669064747,0.47223243919074415,0.49,1,False,0
0,ep_3953918cd0abe3e863ee,279,23,0.2830215827338129,0.4710606320892701,300000000,1.0,0.37366906474820133,0.47223243919074415,0.49,1,False,0
0,ep_3953918cd0abe3e863ee,280,23,0.25784172661870497,0.47089227585179644,300000000,1.0,0.37366906474820133,0.4720657492659687,0.49,1,False,0
0,ep_3953918cd0abe3e863ee,281,23,0.24701438848920856,0.47189882357030427,300000000,1.0,0.41395683453237403,0.47239889409258257,0.49,1,False,0
0,ep_3953918cd0abe3e863ee,282,23,0.2447482014388488,0.471564261855929,300000000,1.0,0.3555395683453237,0.47223243919074415,0.49,1,False,0
0,ep_3953918cd0abe3e863ee,283,23,0.24651079136690646,0.47089227585179644,300000000,1.0,0.3364028776978417,0.47223243919074415,0.49,1,False,0
0,ep_3953918cd0abe3e863ee,284,23,0.23971223021582713,0.47089227585179644,300000000,1.0,0.3489928057553956,0.4720657492659687,0.49,1,False,0
0,ep_3953918cd0abe3e863ee,285,23,0.26136690647482,0.471564261855929,300000000,1.0,0.38424460431654683,0.47239889409258257,0.49,1,False,0
0,ep_3953918cd0abe3e863ee,286,23,0.2429856115107912,0.4703857573511318,300000000,1.0,0.3484892086330934,0.47089227585179644,0.49,1,False,0
0,ep_3953918cd0abe3e863ee,287,23,0.2533093525179855,0.47122874798936465,300000000,1.0,0.3369064748201439,0.47223243919074415,0.49,1,False,0
0,ep_3daf7e97dc93d55b2e2c,0,0,0.17744999999999986,0.46824604782438584,300000000,1.0,0.3202499999999999,0.47085640328437467,0.49,1,False,0
0,ep_3daf7e97dc93d55b2e2c,1,0,0.22574999999999976,0.47040657547145703,300000000,1.0,0.3849999999999999,0.4707441074444381,0.49,1,False,0
0,ep_3daf7e97dc93d55b2e2c,2,0,0.18934999999999985,0.46836075779597336,300000000,1.0,0.40039999999999976,0.4702938492242717,0.49,1,False,0
0,ep_3daf7e97dc93d55b2e2c,3,0,0.16904999999999976,0.46836075779597336,300000000,1.0,0.3167499999999997,0.4697285905598012,0.49,1,False,0
0,ep_3daf7e97dc93d55b2e2c,4,0,0.18164999999999973,0.4688184774656528,300000000,1.0,0.34019999999999984,0.4693881249273149,0.49,1,False,0
0,ep_3daf7e97dc93d55b2e2c,5,0,0.1942499999999997,0.4697285905598012,300000000,1.0,0.3597999999999999,0.4707441074444381,0.49,1,False,0
0,ep_3daf7e97dc93d55b2e2c,6,0,0.21874999999999997,0.47040657547145703,300000000,1.0,0.36889999999999995,0.4706317043496125,0.49,1,False,0
0,ep_3daf7e97dc93d55b2e2c,7,0,0.20789999999999978,0.4702938492242717,300000000,1.0,0.36889999999999995,0.4707441074444381,0.49,1,False,0
0,ep_3daf7e97dc93d55b2e2c,8,0,0.12319999999999998,0.46510551515310733,300000000,1.0,0.2603999999999999,0.46893262855721535,0.49,1,False,0
0,ep_3daf7e97dc93d55b2e2c,9,0,0.1471749999999997,0.46627855783847916,300000000,1.0,0.26599999999999974,0.4688184774656528,0.49,1,False,0
0,ep_3daf7e97dc93d55b2e2c,10,0,0.15749999999999995,0.4687042150885703,300000000,1.0,0.2918999999999999,0.4692744165503709,0.49,1,False,0
0,ep_3daf7e97dc93d55b2e2c,11,0,0.16764999999999983,0.46824604782438584,300000000,1.0,0.3408999999999998,0.4698418600667171,0.49,1,False,0
0,ep_3daf7e97dc93d55b2e2c,12,1,0.18374999999999966,0.4701810147944795,300000000,1.0,0.3646999999999998,0.4705191937691319,0.49,1,False,0
0,ep_3daf7e97dc93d55b2e2c,13,1,0.17657499999999982,0.46581075799201677,300000000,1.0,0.37729999999999975,0.4697285905598012,0.49,1,False,0
0,ep_3daf7e97dc93d55b2e2c,14,1,0.22749999999999987,0.4580570418736745,300000000,1.0,0.4256,0.46163508360110544,0.49,1,False,0
0,ep_3daf7e97dc93d55b2e2c,15,1,0.25409999999999977,0.4524050416584208,300000000,1.0,0.4171999999999999,0.4550089837056691,0.49,1,False,0
0,ep_3daf7e97dc93d55b2e2c,16,1,0.26249999999999984,0.4516120393374096,300000000,1.0,0.4528999999999998,0.45692353515692724,0.49,1,False,0
0,ep_3daf7e97dc93d55b2e2c,17,1,0.2862999999999998,0.4606591021745305,300000000,1.0,0.45499999999999974,0.4634431092604787,0.49,1,False,0
0,ep_3daf7e97dc93d55b2e2c,18,1,0.20824999999999994,0.4542340561572443,300000000,1.0,0.3580499999999998,0.45793164983684603,0.49,1,False,0
0,ep_3daf7e97dc93d55b2e2c,19,1,0.23975,0.46510551515310733,300000000,1.0,0.4108999999999997,0.4701810147944795,0.49,1,False,0
0,ep_3daf7e97dc93d55b2e2c,20,1,0.2362499999999998,0.4702938492242717,300000000,1.0,0.41230000000000006,0.4705191937691319,0.49,1,False,0
0,ep_3daf7e97dc93d55b2e2c,21,1,0.3031,0.4702938492242717,300000000,1.0,0.4738999999999998,0.4705191937691319,0.49,1,False,0
0,ep_3daf7e97dc93d55b2e2c,22,1,0.26949999999999996,0.47040657547145703,300000000,1.0,0.46409999999999985,0.4706317043496125,0.49,1,False,0
0,ep_3daf7e97dc93d55b2e2c,23,1,0.20754999999999998,0.46950172322835687,300000000,1.0,0.3849999999999999,0.4705191937691319,0.49,1,False,0
0,ep_3daf7e97dc93d55b2e2c,24,2,0.23764999999999975,0.4701810147944795,300000000,1.0,0.4339999999999997,0.47040657547145703,0.49,1,False,0
0,ep_3daf7e97dc93d55b2e2c,25,2,0.2691499999999998,0.47040657547145703,300000000,1.0,0.4654999999999997,0.4706317043496125,0.49,1,False,0
0,ep_3daf7e97dc93d55b2e2c,26,2,0.2838499999999997,0.47040657547145703,300000000,1.0,0.44099999999999984,0.4707441074444381,0.49,1,False,0
0,ep_3daf7e97dc93d55b2e2c,27,2,0.28699999999999976,0.47040657547145703,300000000,1.0,0.4738999999999998,0.4707441074444381,0.49,1,False,0
0,ep_3daf7e97dc93d55b2e2c,28,2,0.3055499999999997,0.47040657547145703,300000000,1.0,0.43819999999999987,0.4706317043496125,0.49,1,False,0
0,ep_3daf7e97dc93d55b2e2c,29,2,0.32444999999999985,0.4710806741187999,300000000,1.0,0.4676,0.47319024069610427,0.49,1,False,0
0,ep_3daf7e97dc93d55b2e2c,30,2,0.27474999999999994,0.471527938797671,300000000,1.0,0.4458999999999997,0.4729699471924456,0.49,1,False,0
0,ep_3daf7e97dc93d55b2e2c,31,2,0.3072999999999998,0.47096859209941866,300000000,1.0,0.48439999999999983,0.47208464393646576,0.49,1,False,0
0,ep_3daf7e97dc93d55b2e2c,32,2,0.3129,0.47197351288743933,300000000,1.0,0.45009999999999983,0.47252812489162377,0.49,1,False,0
0,ep_3daf7e97dc93d55b2e2c,33,2,0.29819999999999974,0.4713045186836836,300000000,1.0,0.4333,0.47230659262127245,0.49,1,False,0
0,ep_3daf7e97dc93d55b2e2c,34,2,0.2799999999999999,0.47085640328437467,300000000,1.0,0.49,0.4713045186836836,0.49,1,False,0
0,ep_3daf7e97dc93d55b2e2c,35,2,0.2999499999999999,0.47119264957098567,300000000,1.0,0.46059999999999984,0.471527938797671,0.49,1,False,0
0,ep_3daf7e97dc93d55b2e2c,36,3,0.2939999999999999,0.47096859209941866,300000000,1.0,0.4633999999999998,0.471750936267366,0.49,1,False,0
0,ep_3daf7e97dc93d55b2e2c,37,3,0.33004999999999995,0.47096859209941866,300000000,1.0,0.46830000000000005,0.471527938797671,0.49,1,False,0
0,ep_3daf7e97dc93d55b2e2c,38,3,0.3342499999999998,0.4706317043496125,300000000,1.0,0.4731999999999999,0.47085640328437467,0.49,1,False,0
0,ep_3daf7e97dc93d55b2e2c,39,3,0.31849999999999984,0.47096859209941866,300000000,1.0,0.4766999999999998,0.47119264957098567,0.49,1,False,0
0,ep_3daf7e97dc93d55b2e2c,40,3,0.30939999999999973,0.47096859209941866,300000000,1.0,0.4759999999999998,0.47141628168384564,0.49,1,False,0
0,ep_3daf7e97dc93d55b2e2c,41,3,0.2866499999999999,0.4706317043496125,300000000,1.0,0.47739999999999966,0.47096859209941866,0.49,1,False,0
0,ep_3daf7e97dc93d55b2e2c,42,3,0.30064999999999986,0.47096859209941866,300000000,1.0,0.4633999999999998,0.47141628168384564,0.49,1,False,0
0,ep_3daf7e97dc93d55b2e2c,43,3,0.26249999999999984,0.47040657547145703,300000000,1.0,0.3906,0.47141628168384564,0.49,1,False,0
0,ep_3daf7e97dc93d55b2e2c,44,3,0.22749999999999987,0.4698418600667171,300000000,1.0,0.40249999999999997,0.47040657547145703,0.49,1,False,0
0,ep_3daf7e97dc93d55b2e2c,45,3,0.23764999999999975,0.4702938492242717,300000000,1.0,0.4235,0.4706317043496125,0.49,1,False,0
0,ep_3daf7e97dc93d55b2e2c,46,3,0.28804999999999986,0.4700680719482,300000000,1.0,0.4592,0.4706317043496125,0.49,1,False,0
0,ep_3daf7e97dc93d55b2e2c,47,3,0.29364999999999974,0.4702938492242717,300000000,1.0,0.44309999999999977,0.4706317043496125,0.49,1,False,0
0,ep_3daf7e97dc93d55b2e2c,48,4,0.2663499999999999,0.46995502045076554,300000000,1.0,0.47039999999999993,0.47040657547145703,0.49,1,False,0
0,ep_3daf7e97dc93d55b2e2c,49,4,0.3415999999999998,0.4690466686068305,300000000,1.0,0.48089999999999994,0.4702938492242717,0.49,1,False,0
0,ep_3daf7e97dc93d55b2e2c,50,4,0.3020499999999998,0.4661617838298803,300000000,1.0,0.4599,0.46995502045076554,0.49,1,False,0
0,ep_3daf7e97dc93d55b2e2c,51,4,0.3597999999999999,0.4701810147944795,300000000,1.0,0.47039999999999993,0.4705191937691319,0.49,1,False,0
0,ep_3daf7e97dc93d55b2e2c,52,4,0.34125,0.4700680719482,300000000,1.0,0.4822999999999999,0.4702938492242717,0.49,1,False,0
0,ep_3daf7e97dc93d55b2e2c,53,4,0.3779999999999997,0.4700680719482,300000000,1.0,0.48859999999999976,0.4702938492242717,0.49,1,False,0
0,ep_3daf7e97dc93d55b2e2c,54,4,0.3170999999999999,0.4701810147944795,300000000,1.0,0.45149999999999985,0.4706317043496125,0.49,1,False,0
0,ep_3daf7e97dc93d55b2e2c,55,4,0.34929999999999994,0.4702938492242717,300000000,1.0,0.4795,0.47040657547145703,0.49,1,False,0
0,ep_3daf7e97dc93d55b2e2c,56,4,0.3209499999999999,0.4701810147944795,300000000,1.0,0.4816,0.4702938492242717,0.49,1,False,0
0,ep_3daf7e97dc93d55b2e2c,57,4,0.3202499999999999,0.46995502045076554,300000000,1.0,0.44099999999999984,0.4701810147944795,0.49,1,False,0
0,ep_3daf7e97dc93d55b2e2c,58,4,0.2491999999999999,0.46995502045076554,300000000,1.0,0.38779999999999976,0.4701810147944795,0.49,1,False,0
0,ep_3daf7e97dc93d55b2e2c,59,4,0.19914999999999988,0.4696152116929658,300000000,1.0,0.34614999999999985,0.4700680719482,0.49,1,False,0
0,ep_3daf7e97dc93d55b2e2c,60,5,0.1872499999999999,0.46755541642822657,300000000,1.0,0.33844999999999975,0.4700680719482,0.49,1,False,0
0,ep_3daf7e97dc93d55b2e2c,61,5,0.13352499999999992,0.4570500367087523,300000000,1.0,0.3031,0.4623616901632287,0.49,1,False,0
0,ep_3daf7e97dc93d55b2e2c,62,5,0.13789999999999988,0.46534107137174047,300000000,1.0,0.27194999999999975,0.46995502045076554,0.49,1,False,0
0,ep_3daf7e97dc93d55b2e2c,63,5,0.1263499999999997,0.46995502045076554,300000000,1.0,0.3202499999999999,0.4702938492242717,0.49,1,False,0
0,ep_3daf7e97dc93d55b2e2c,64,5,0.16222499999999976,0.4700680719482,300000000,1.0,0.2887499999999999,0.47040657547145703,0.49,1,False,0
0,ep_3daf7e97dc93d55b2e2c,65,5,0.14997499999999994,0.4700680719482,300000000,1.0,0.23975,0.4702938492242717,0.49,1,False,0
0,ep_3daf7e97dc93d55b2e2c,66,5,0.16064999999999968,0.4692744165503709,300000000,1.0,0.3024,0.47040657547145703,0.49,1,False,0
0,ep_3daf7e97dc93d55b2e2c,67,5,0.14997499999999994,0.4588065256356259,300000000,1.0,0.29364999999999974,0.4660448926958636,0.49,1,False,0
0,ep_3daf7e97dc93d55b2e2c,68,5,0.17692499999999994,0.44519875409656,300000000,1.0,0.34264999999999995,0.4516120393374096,0.49,1,False,0
0,ep_3daf7e97dc93d55b2e2c,69,5,0.17027499999999998,0.4316145281541152,300000000,1.0,0.2932999999999999,0.4385423645457089,0.49,1,False,0
0,ep_3daf7e97dc93d55b2e2c,70,5,0.16204999999999997,0.4239551734645086,300000000,1.0,0.3051999999999999,0.4278945523871905,0.49,1,False,0
0,ep_3daf7e97dc93d55b2e2c,71,5,0.1872499999999999,0.43113654854460154,300000000,1.0,0.3104499999999999,0.43256418426522625,0.49,1,False,0
0,ep_3daf7e97dc93d55b2e2c,72,6,0.18059999999999996,0.4347481750878079,300000000,1.0,0.3451,0.4367376022016708,0.49,1,False,0
0,ep_3daf7e97dc93d55b2e2c,73,6,0.1802499999999998,0.44075733769010333,300000000,1.0,0.3380999999999999,0.4439275440025885,0.49,1,False,0
0,ep_3daf7e97dc93d55b2e2c,74,6,0.17674999999999988,0.44742346831438495,300000000,1.0,0.31254999999999983,0.4491990140779055,0.49,1,False,0
0,ep_3daf7e97dc93d55b2e2c,75,6,0.18479999999999983,0.45332323863001145,300000000,1.0,0.31429999999999997,0.4559064442984085,0.49,1,False,0
0,ep_3daf7e97dc93d55b2e2c,76,6,0.19004999999999983,0.45793164983684603,300000000,1.0,0.35175,0.46163508360110544,0.49,1,False,0
0,ep_3daf7e97dc93d55b2e2c,77,6,0.18514999999999995,0.464869480768544,300000000,1.0,0.32234999999999986,0.46662817974446086,0.49,1,False,0
0,ep_3daf7e97dc93d55b2e2c,78,6,0.17919999999999997,0.46893262855721535,300000000,1.0,0.2722999999999999,0.46995502045076554,0.49,1,False,0
0,ep_3daf7e97dc93d55b2e2c,79,6,0.17202499999999976,0.4700680719482,300000000,1.0,0.3020499999999998,0.47040657547145703,0.49,1,False,0
0,ep_3daf7e97dc93d55b2e2c,80,6,0.19459999999999986,0.4696152116929658,300000000,1.0,0.3149999999999999,0.47040657547145703,0.49,1,False,0
0,ep_3daf7e97dc93d55b2e2c,81,6,0.17499999999999977,0.4696152116929658,300000000,1.0,0.30869999999999975,0.4701810147944795,0.49,1,False,0
0,ep_3daf7e97dc93d55b2e2c,82,6,0.17272499999999974,0.4693881249273149,300000000,1.0,0.3545499999999999,0.4700680719482,0.49,1,False,0
0,ep_3daf7e97dc93d55b2e2c,83,6,0.22294999999999984,0.4697285905598012,300000000,1.0,0.3374,0.4700680719482,0.49,1,False,0
0,ep_3daf7e97dc93d55b2e2c,84,7,0.21034999999999987,0.46995502045076554,300000000,1.0,0.3454499999999998,0.4701810147944795,0.49,1,False,0
0,ep_3daf7e97dc93d55b2e2c,85,7,0.17692499999999994,0.4700680719482,300000000,1.0,0.3436999999999998,0.4702938492242717,0.49,1,False,0
0,ep_3daf7e97dc93d55b2e2c,86,7,0.18654999999999994,0.46995502045076554,300000000,1.0,0.32199999999999973,0.4702938492242717,0.49,1,False,0
0,ep_3daf7e97dc93d55b2e2c,87,7,0.21349999999999997,0.46995502045076554,300000000,1.0,0.3331999999999997,0.4700680719482,0.49,1,False,0
0,ep_3daf7e97dc93d55b2e2c,88,7,0.24044999999999997,0.4702938492242717,300000000,1.0,0.35314999999999996,0.47040657547145703,0.49,1,False,0
0,ep_3daf7e97dc93d55b2e2c,89,7,0.24289999999999975,0.4702938492242717,300000000,1.0,0.4052999999999999,0.47085640328437467,0.49,1,False,0
0,ep_3daf7e97dc93d55b2e2c,90,7,0.25409999999999977,0.4700680719482,300000000,1.0,0.39829999999999977,0.4702938492242717,0.49,1,False,0
0,ep_3daf7e97dc93d55b2e2c,91,7,0.19179999999999994,0.46995502045076554,300000000,1.0,0.3044999999999999,0.4701810147944795,0.49,1,False,0
0,ep_3daf7e97dc93d55b2e2c,92,7,0.2043999999999999,0.4700680719482,300000000,1.0,0.36399999999999977,0.4701810147944795,0.49,1,False,0
0,ep_3daf7e97dc93d55b2e2c,93,7,0.18269999999999986,0.4697285905598012,300000000,1.0,0.30905,0.4702938492242717,0.49,1,False,0
0,ep_3daf7e97dc93d55b2e2c,94,7,0.19774999999999993,0.4698418600667171,300000000,1.0,0.3632999999999998,0.4702938492242717,0.49,1,False,0
0,ep_3daf7e97dc93d55b2e2c,95,7,0.19389999999999988,0.47040657547145703,300000000,1.0,0.3821999999999999,0.4707441074444381,0.49,1,False,0
0,ep_3daf7e97dc93d55b2e2c,96,8,0.18304999999999969,0.4701810147944795,300000000,1.0,0.2946999999999999,0.4707441074444381,0.49,1,False,0
0,ep_3daf7e97dc93d55b2e2c,97,8,0.1683499999999998,0.46858984118156327,300000000,1.0,0.28349999999999986,0.46893262855721535,0.49,1,False,0
0,ep_3daf7e97dc93d55b2e2c,98,8,0.16064999999999968,0.4700680719482,300000000,1.0,0.27789999999999976,0.4707441074444381,0.49,1,False,0
0,ep_3daf7e97dc93d55b2e2c,99,8,0.1737749999999999,0.4706317043496125,300000000,1.0,0.3191999999999998,0.47085640328437467,0.49,1,False,0
0,ep_3daf7e97dc93d55b2e2c,100,8,0.16729999999999998,0.47040657547145703,300000000,1.0,0.32619999999999993,0.47096859209941866,0.49,1,False,0
0,ep_3daf7e97dc93d55b2e2c,101,8,0.16572499999999998,0.4707441074444381,300000000,1.0,0.27789999999999976,0.4710806741187999,0.49,1,False,0
0,ep_3daf7e97dc93d55b2e2c,102,8,0.15627499999999978,0.4700680719482,300000000,1.0,0.25549999999999967,0.4706317043496125,0.49,1,False,0
0,ep_3daf7e97dc93d55b2e2c,103,8,0.16239999999999982,0.4693881249273149,300000000,1.0,0.2883999999999997,0.4702938492242717,0.49,1,False,0
0,ep_3daf7e97dc93d55b2e2c,104,8,0.15924999999999975,0.47040657547145703,300000000,1.0,0.3136,0.4707441074444381,0.49,1,False,0
0,ep_3daf7e97dc93d55b2e2c,105,8,0.1602999999999999,0.46995502045076554,300000000,1.0,0.26249999999999984,0.4707441074444381,0.49,1,False,0
0,ep_3daf7e97dc93d55b2e2c,106,8,0.18374999999999966,0.47040657547145703,300000000,1.0,0.3160499999999997,0.47096859209941866,0.49,1,False,0
0,ep_3daf7e97dc93d55b2e2c,107,8,0.1688749999999997,0.4700680719482,300000000,1.0,0.3205999999999998,0.4710806741187999,0.49,1,False,0
0,ep_3daf7e97dc93d55b2e2c,108,9,0.1854999999999998,0.4673242964850842,300000000,1.0,0.2866499999999999,0.4692744165503709,0.49,1,False,0
0,ep_3daf7e97dc93d55b2e2c,109,9,0.17289999999999983,0.4700680719482,300000000,1.0,0.3258499999999998,0.4702938492242717,0.49,1,False,0
0,ep_3daf7e97dc93d55b2e2c,110,9,0.2054499999999997,0.4693881249273149,300000000,1.0,0.34125,0.4702938492242717,0.49,1,False,0
0,ep_3daf7e97dc93d55b2e2c,111,9,0.21244999999999983,0.4701810147944795,300000000,1.0,0.3363499999999998,0.47040657547145703,0.49,1,False,0
0,ep_3daf7e97dc93d55b2e2c,112,9,0.22084999999999988,0.4701810147944795,300000000,1.0,0.3520999999999998,0.47040657547145703,0.49,1,False,0
0,ep_3daf7e97dc93d55b2e2c,113,9,0.2338,0.4700680719482,300000000,1.0,0.3387999999999999,0.4702938492242717,0.49,1,False,0
0,ep_3daf7e97dc93d55b2e2c,114,9,0.21629999999999988,0.4700680719482,300000000,1.0,0.31569999999999987,0.47040657547145703,0.49,1,False,0
0,ep_3daf7e97dc93d55b2e2c,115,9,0.20789999999999978,0.4700680719482,300000000,1.0,0.3443999999999997,0.47040657547145703,0.49,1,False,0
0,ep_3daf7e97dc93d55b2e2c,116,9,0.19214999999999974,0.46995502045076554,300000000,1.0,0.2929499999999997,0.4701810147944795,0.49,1,False,0
0,ep_3daf7e97dc93d55b2e2c,117,9,0.17149999999999987,0.4702938492242717,300000000,1.0,0.29084999999999983,0.4705191937691319,0.49,1,False,0
0,ep_3daf7e97dc93d55b2e2c,118,9,0.18444999999999998,0.4702938492242717,300000000,1.0,0.28734999999999994,0.4706317043496125,0.49,1,False,0
0,ep_3daf7e97dc93d55b2e2c,119,9,0.1823499999999997,0.4696152116929658,300000000,1.0,0.2866499999999999,0.4701810147944795,0.49,1,False,0
0,ep_3daf7e97dc93d55b2e2c,120,10,0.1760499999999999,0.4702938492242717,300000000,1.0,0.2988999999999997,0.4707441074444381,0.49,1,False,0
0,ep_3daf7e97dc93d55b2e2c,121,10,0.15854999999999975,0.4700680719482,300000000,1.0,0.2649499999999999,0.4706317043496125,0.49,1,False,0
0,ep_3daf7e97dc93d55b2e2c,122,10,0.18444999999999998,0.46995502045076554,300000000,1.0,0.3475499999999998,0.47040657547145703,0.49,1,False,0
0,ep_3daf7e97dc93d55b2e2c,123,10,0.2047499999999997,0.4700680719482,300000000,1.0,0.3205999999999998,0.4702938492242717,0.49,1,False,0
0,ep_3daf7e97dc93d55b2e2c,124,10,0.23344999999999985,0.4701810147944795,300000000,1.0,0.3730999999999999,0.47040657547145703,0.49,1,False,0
0,ep_3daf7e97dc93d55b2e2c,125,10,0.2338,0.4701810147944795,300000000,1.0,0.33669999999999994,0.4705191937691319,0.49,1,False,0
0,ep_3daf7e97dc93d55b2e2c,126,10,0.21769999999999984,0.46995502045076554,300000000,1.0,0.3597999999999999,0.4702938492242717,0.49,1,False,0
0,ep_3daf7e97dc93d55b2e2c,127,10,0.23589999999999997,0.4700680719482,300000000,1.0,0.39689999999999986,0.4701810147944795,0.49,1,False,0
0,ep_3daf7e97dc93d55b2e2c,128,10,0.1942499999999997,0.4700680719482,300000000,1.0,0.2894499999999999,0.4702938492242717,0.49,1,False,0
0,ep_3daf7e97dc93d55b2e2c,129,10,0.2043999999999999,0.4705191937691319,300000000,1.0,0.36399999999999977,0.4707441074444381,0.49,1,False,0
0,ep_3daf7e97dc93d55b2e2c,130,10,0.2047499999999997,0.4700680719482,300000000,1.0,0.37099999999999994,0.4705191937691319,0.49,1,False,0
0,ep_3daf7e97dc93d55b2e2c,131,10,0.18409999999999985,0.46995502045076554,300000000,1.0,0.2929499999999997,0.4701810147944795,0.49,1,False,0
0,ep_3daf7e97dc93d55b2e2c,132,11,0.19809999999999972,0.4701810147944795,300000000,1.0,0.3646999999999998,0.4706317043496125,0.49,1,False,0
0,ep_3daf7e97dc93d55b2e2c,133,11,0.15627499999999978,0.46995502045076554,300000000,1.0,0.3353,0.4707441074444381,0.49,1,False,0
0,ep_3daf7e97dc93d55b2e2c,134,11,0.1595999999999999,0.46893262855721535,300000000,1.0,0.2890999999999997,0.4702938492242717,0.49,1,False,0
0,ep_3daf7e97dc93d55b2e2c,135,11,0.1823499999999997,0.4696152116929658,300000000,1.0,0.3044999999999999,0.4701810147944795,0.49,1,False,0
0,ep_3daf7e97dc93d55b2e2c,136,11,0.147875,0.46995502045076554,300000000,1.0,0.3503499999999997,0.4701810147944795,0.49,1,False,0
0,ep_3daf7e97dc93d55b2e2c,137,11,0.13754999999999973,0.4701810147944795,300000000,1.0,0.2131499999999998,0.4705191937691319,0.49,1,False,0
0,ep_3daf7e97dc93d55b2e2c,138,11,0.14682499999999987,0.4696152116929658,300000000,1.0,0.2512999999999998,0.4700680719482,0.49,1,False,0
0,ep_3daf7e97dc93d55b2e2c,139,11,0.19109999999999994,0.4700680719482,300000000,1.0,0.31394999999999984,0.4702938492242717,0.49,1,False,0
0,ep_3daf7e97dc93d55b2e2c,140,11,0.1494499999999997,0.46995502045076554,300000000,1.0,0.2610999999999999,0.4702938492242717,0.49,1,False,0
0,ep_3daf7e97dc93d55b2e2c,141,11,0.18654999999999994,0.47040657547145703,300000000,1.0,0.3387999999999999,0.47085640328437467,0.49,1,False,0
0,ep_3daf7e97dc93d55b2e2c,142,11,0.17464999999999997,0.4700680719482,300000000,1.0,0.33354999999999985,0.47085640328437467,0.49,1,False,0
0,ep_3daf7e97dc93d55b2e2c,143,11,0.164325,0.4669767569608452,300000000,1.0,0.28980000000000006,0.4701810147944795,0.49,1,False,0
0,ep_3daf7e97dc93d55b2e2c,144,12,0.1942499999999997,0.4700680719482,300000000,1.0,0.34474999999999983,0.4702938492242717,0.49,1,False,0
0,ep_3daf7e97dc93d55b2e2c,145,12,0.21769999999999984,0.4701810147944795,300000000,1.0,0.4333,0.4706317043496125,0.49,1,False,0
0,ep_3daf7e97dc93d55b2e2c,146,12,0.24849999999999992,0.47040657547145703,300000000,1.0,0.44309999999999977,0.4707441074444381,0.49,1,False,0
0,ep_3daf7e97dc93d55b2e2c,147,12,0.20649999999999982,0.4702938492242717,300000000,1.0,0.3055499999999997,0.47040657547145703,0.49,1,False,0
0,ep_3daf7e97dc93d55b2e2c,148,12,0.21349999999999997,0.4701810147944795,300000000,1.0,0.31955,0.47040657547145703,0.49,1,False,0
0,ep_3daf7e97dc93d55b2e2c,149,12,0.2016,0.4700680719482,300000000,1.0,0.3279499999999997,0.4702938492242717,0.49,1,False,0
0,ep_3daf7e97dc93d55b2e2c,150,12,0.19389999999999988,0.4702938492242717,300000000,1.0,0.31569999999999987,0.47040657547145703,0.49,1,False,0
0,ep_3daf7e97dc93d55b2e2c,151,12,0.2016,0.4700680719482,300000000,1.0,0.33214999999999995,0.47040657547145703,0.49,1,False,0
0,ep_3daf7e97dc93d55b2e2c,152,12,0.18304999999999969,0.4701810147944795,300000000,1.0,0.2726499999999997,0.47040657547145703,0.49,1,False,0
0,ep_3daf7e97dc93d55b2e2c,153,12,0.1994999999999997,0.4700680719482,300000000,1.0,0.31849999999999984,0.47040657547145703,0.49,1,False,0
0,ep_3daf7e97dc93d55b2e2c,154,12,0.21349999999999997,0.4698418600667171,300000000,1.0,0.31815,0.4701810147944795,0.49,1,False,0
0,ep_3daf7e97dc93d55b2e2c,155,12,0.19494999999999968,0.4700680719482,300000000,1.0,0.29609999999999986,0.47040657547145703,0.49,1,False,0
0,ep_3daf7e97dc93d55b2e2c,156,13,0.16642499999999993,0.4701810147944795,300000000,1.0,0.33390000000000003,0.47040657547145703,0.49,1,False,0
0,ep_3daf7e97dc93d55b2e2c,157,13,0.17674999999999988,0.4701810147944795,300000000,1.0,0.29434999999999967,0.4705191937691319,0.49,1,False,0
0,ep_3daf7e97dc93d55b2e2c,158,13,0.15942499999999982,0.4698418600667171,300000000,1.0,0.25409999999999977,0.4702938492242717,0.49,1,False,0
0,ep_3daf7e97dc93d55b2e2c,159,13,0.17482499999999968,0.4700680719482,300000000,1.0,0.2715999999999999,0.47040657547145703,0.49,1,False,0
0,ep_3daf7e97dc93d55b2e2c,160,13,0.18444999999999998,0.4700680719482,300000000,1.0,0.29154999999999975,0.47040657547145703,0.49,1,False,0
0,ep_3daf7e97dc93d55b2e2c,161,13,0.19844999999999993,0.4702938492242717,300000000,1.0,0.30414999999999975,0.4705191937691319,0.49,1,False,0
0,ep_3daf7e97dc93d55b2e2c,162,13,0.19284999999999972,0.4701810147944795,300000000,1.0,0.36049999999999993,0.4702938492242717,0.49,1,False,0
0,ep_3daf7e97dc93d55b2e2c,163,13,0.17779999999999968,0.46995502045076554,300000000,1.0,0.3104499999999999,0.4702938492242717,0.49,1,False,0
0,ep_3daf7e97dc93d55b2e2c,164,13,0.18899999999999967,0.4700680719482,300000000,1.0,0.33075,0.4702938492242717,0.49,1,False,0
0,ep_3daf7e97dc93d55b2e2c,165,13,0.1882999999999997,0.4700680719482,300000000,1.0,0.31569999999999987,0.4701810147944795,0.49,1,False,0
0,ep_3daf7e97dc93d55b2e2c,166,13,0.20789999999999978,0.4698418600667171,300000000,1.0,0.3129,0.4700680719482,0.49,1,False,0
0,ep_3daf7e97dc93d55b2e2c,167,13,0.20929999999999976,0.4700680719482,300000000,1.0,0.3807999999999999,0.4706317043496125,0.49,1,False,0
0,ep_3daf7e97dc93d55b2e2c,168,14,0.20090000000000002,0.4702938492242717,300000000,1.0,0.3272499999999997,0.4706317043496125,0.49,1,False,0
0,ep_3daf7e97dc93d55b2e2c,169,14,0.20579999999999984,0.4700680719482,300000000,1.0,0.3205999999999998,0.4702938492242717,0.49,1,False,0
0,ep_3daf7e97dc93d55b2e2c,170,14,0.2054499999999997,0.4700680719482,300000000,1.0,0.3387999999999999,0.4702938492242717,0.49,1,False,0
0,ep_3daf7e97dc93d55b2e2c,171,14,0.19739999999999977,0.4700680719482,300000000,1.0,0.33214999999999995,0.4702938492242717,0.49,1,False,0
0,ep_3daf7e97dc93d55b2e2c,172,14,0.20194999999999977,0.4700680719482,300000000,1.0,0.3440499999999999,0.47040657547145703,0.49,1,False,0
0,ep_3daf7e97dc93d55b2e2c,173,14,0.19844999999999993,0.4700680719482,300000000,1.0,0.40039999999999976,0.4702938492242717,0.49,1,False,0
0,ep_3daf7e97dc93d55b2e2c,174,14,0.2264499999999997,0.4700680719482,300000000,1.0,0.37659999999999977,0.47040657547145703,0.49,1,False,0
0,ep_3daf7e97dc93d55b2e2c,175,14,0.22154999999999989,0.4702938492242717,300000000,1.0,0.3209499999999999,0.47040657547145703,0.49,1,False,0
0,ep_3daf7e97dc93d55b2e2c,176,14,0.18899999999999967,0.4701810147944795,300000000,1.0,0.3279499999999997,0.47040657547145703,0.49,1,False,0
0,ep_3daf7e97dc93d55b2e2c,177,14,0.15697499999999973,0.4702938492242717,300000000,1.0,0.2782499999999999,0.47040657547145703,0.49,1,False,0
0,ep_3daf7e97dc93d55b2e2c,178,14,0.1994999999999997,0.4701810147944795,300000000,1.0,0.34474999999999983,0.47040657547145703,0.49,1,False,0
0,ep_3daf7e97dc93d55b2e2c,179,14,0.1994999999999997,0.46995502045076554,300000000,1.0,0.35279999999999984,0.4702938492242717,0.49,1,False,0
0,ep_3daf7e97dc93d55b2e2c,180,15,0.20334999999999978,0.46995502045076554,300000000,1.0,0.31114999999999987,0.4701810147944795,0.49,1,False,0
0,ep_3daf7e97dc93d55b2e2c,181,15,0.1952999999999998,0.4696152116929658,300000000,1.0,0.3031,0.4701810147944795,0.49,1,False,0
0,ep_3daf7e97dc93d55b2e2c,182,15,0.17989999999999995,0.4700680719482,300000000,1.0,0.29819999999999974,0.47040657547145703,0.49,1,False,0
0,ep_3daf7e97dc93d55b2e2c,183,15,0.2054499999999997,0.46950172322835687,300000000,1.0,0.3849999999999999,0.4702938492242717,0.49,1,False,0
0,ep_3daf7e97dc93d55b2e2c,184,15,0.19984999999999986,0.46995502045076554,300000000,1.0,0.32619999999999993,0.4701810147944795,0.49,1,False,0
0,ep_3daf7e97dc93d55b2e2c,185,15,0.19494999999999968,0.4700680719482,300000000,1.0,0.30484999999999973,0.4702938492242717,0.49,1,False,0
0,ep_3daf7e97dc93d55b2e2c,186,15,0.16327499999999986,0.4698418600667171,300000000,1.0,0.27649999999999975,0.4701810147944795,0.49,1,False,0
0,ep_3daf7e97dc93d55b2e2c,187,15,0.20649999999999982,0.4702938492242717,300000000,1.0,0.3744999999999998,0.47085640328437467,0.49,1,False,0
0,ep_3daf7e97dc93d55b2e2c,188,15,0.20859999999999979,0.47085640328437467,300000000,1.0,0.36749999999999966,0.4710806741187999,0.49,1,False,0
0,ep_3daf7e97dc93d55b2e2c,189,15,0.2226,0.4707441074444381,300000000,1.0,0.3801,0.4710806741187999,0.49,1,False,0
0,ep_3daf7e97dc93d55b2e2c,190,15,0.22189999999999968,0.4706317043496125,300000000,1.0,0.37519999999999976,0.4713045186836836,0.49,1,False,0
0,ep_3daf7e97dc93d55b2e2c,191,15,0.18094999999999975,0.4707441074444381,300000000,1.0,0.38149999999999995,0.4713045186836836,0.49,1,False,0
0,ep_3daf7e97dc93d55b2e2c,192,16,0.1546999999999997,0.47085640328437467,300000000,1.0,0.2950499999999997,0.47119264957098567,0.49,1,False,0
0,ep_3daf7e97dc93d55b2e2c,193,16,0.15434999999999988,0.46858984118156327,300000000,1.0,0.28034999999999977,0.47085640328437467,0.49,1,False,0
0,ep_3daf7e97dc93d55b2e2c,194,16,0.1655499999999999,0.4696152116929658,300000000,1.0,0.27474999999999994,0.4705191937691319,0.49,1,False,0
0,ep_3daf7e97dc93d55b2e2c,195,16,0.17009999999999992,0.4698418600667171,300000000,1.0,0.2950499999999997,0.4702938492242717,0.49,1,False,0
0,ep_3daf7e97dc93d55b2e2c,196,16,0.17482499999999968,0.4693881249273149,300000000,1.0,0.33459999999999995,0.4705191937691319,0.49,1,False,0
0,ep_3daf7e97dc93d55b2e2c,197,16,0.18339999999999987,0.4698418600667171,300000000,1.0,0.3230499999999999,0.4700680719482,0.49,1,False,0
0,ep_3daf7e97dc93d55b2e2c,198,16,0.1760499999999999,0.46995502045076554,300000000,1.0,0.30974999999999986,0.46995502045076554,0.49,1,False,0
0,ep_3daf7e97dc93d55b2e2c,199,16,0.1601249999999998,0.4698418600667171,300000000,1.0,0.3191999999999998,0.46995502045076554,0.49,1,False,0
0,ep_3daf7e97dc93d55b2e2c,200,16,0.16169999999999984,0.4698418600667171,300000000,1.0,0.31884999999999997,0.46995502045076554,0.49,1,False,0
0,ep_3daf7e97dc93d55b2e2c,201,16,0.16922499999999988,0.46995502045076554,300000000,1.0,0.27579999999999977,0.4700680719482,0.49,1,False,0
0,ep_3daf7e97dc93d55b2e2c,202,16,0.21139999999999967,0.4700680719482,300000000,1.0,0.35664999999999986,0.4701810147944795,0.49,1,False,0
0,ep_3daf7e97dc93d55b2e2c,203,16,0.23169999999999977,0.4701810147944795,300000000,1.0,0.3632999999999998,0.4702938492242717,0.49,1,False,0
0,ep_3daf7e97dc93d55b2e2c,204,17,0.17289999999999983,0.4700680719482,300000000,1.0,0.27474999999999994,0.4701810147944795,0.49,1,False,0
0,ep_3daf7e97dc93d55b2e2c,205,17,0.16607499999999978,0.4697285905598012,300000000,1.0,0.2855999999999998,0.4701810147944795,0.49,1,False,0
0,ep_3daf7e97dc93d55b2e2c,206,17,0.18269999999999986,0.4700680719482,300000000,1.0,0.31114999999999987,0.4701810147944795,0.49,1,False,0
0,ep_3daf7e97dc93d55b2e2c,207,17,0.19704999999999995,0.4700680719482,300000000,1.0,0.34789999999999993,0.4701810147944795,0.49,1,False,0
0,ep_3daf7e97dc93d55b2e2c,208,17,0.1812999999999999,0.4700680719482,300000000,1.0,0.34614999999999985,0.4702938492242717,0.49,1,False,0
0,ep_3daf7e97dc93d55b2e2c,209,17,0.3331999999999997,0.4700680719482,300000000,1.0,0.4633999999999998,0.47040657547145703,0.49,1,False,0
0,ep_3daf7e97dc93d55b2e2c,210,17,0.43119999999999975,0.4700680719482,300000000,1.0,0.4731999999999999,0.4701810147944795,0.49,1,False,0
0,ep_3daf7e97dc93d55b2e2c,211,17,0.42979999999999974,0.4700680719482,300000000,1.0,0.47109999999999985,0.47040657547145703,0.49,1,False,0
0,ep_3daf7e97dc93d55b2e2c,212,17,0.42909999999999987,0.4702938492242717,300000000,1.0,0.4626999999999999,0.4706317043496125,0.49,1,False,0
0,ep_3daf7e97dc93d55b2e2c,213,17,0.4283999999999999,0.47040657547145703,300000000,1.0,0.4731999999999999,0.4706317043496125,0.49,1,False,0
0,ep_3daf7e97dc93d55b2e2c,214,17,0.4227999999999997,0.4701810147944795,300000000,1.0,0.46129999999999993,0.4707441074444381,0.49,1,False,0
0,ep_3daf7e97dc93d55b2e2c,215,17,0.4227999999999997,0.4701810147944795,300000000,1.0,0.4599,0.47085640328437467,0.49,1,False,0
0,ep_3daf7e97dc93d55b2e2c,216,18,0.4235,0.4700680719482,300000000,1.0,0.4557,0.4705191937691319,0.49,1,False,0
0,ep_3daf7e97dc93d55b2e2c,217,18,0.4192999999999998,0.4700680719482,300000000,1.0,0.4633999999999998,0.4705191937691319,0.49,1,False,0
0,ep_3daf7e97dc93d55b2e2c,218,18,0.4178999999999998,0.4701810147944795,300000000,1.0,0.45429999999999976,0.47040657547145703,0.49,1,False,0
0,ep_3daf7e97dc93d55b2e2c,219,18,0.42489999999999994,0.4701810147944795,300000000,1.0,0.4654999999999997,0.47040657547145703,0.49,1,False,0
0,ep_3daf7e97dc93d55b2e2c,220,18,0.42489999999999994,0.4701810147944795,300000000,1.0,0.4668999999999997,0.4705191937691319,0.49,1,False,0
0,ep_3daf7e97dc93d55b2e2c,221,18,0.4262999999999999,0.4700680719482,300000000,1.0,0.4626999999999999,0.4702938492242717,0.49,1,False,0
0,ep_3daf7e97dc93d55b2e2c,222,18,0.4347,0.4700680719482,300000000,1.0,0.47179999999999994,0.4705191937691319,0.49,1,False,0
0,ep_3daf7e97dc93d55b2e2c,223,18,0.42699999999999994,0.4700680719482,300000000,1.0,0.47179999999999994,0.4702938492242717,0.49,1,False,0
0,ep_3daf7e97dc93d55b2e2c,224,18,0.3209499999999999,0.4700680719482,300000000,1.0,0.4227999999999997,0.4706317043496125,0.49,1,False,0
0,ep_3daf7e97dc93d55b2e2c,225,18,0.18899999999999967,0.4706317043496125,300000000,1.0,0.3279499999999997,0.47096859209941866,0.49,1,False,0
0,ep_3daf7e97dc93d55b2e2c,226,18,0.15294999999999992,0.47040657547145703,300000000,1.0,0.31114999999999987,0.47085640328437467,0.49,1,False,0
0,ep_3daf7e97dc93d55b2e2c,227,18,0.15155,0.4702938492242717,300000000,1.0,0.24884999999999974,0.4706317043496125,0.49,1,False,0
0,ep_3daf7e97dc93d55b2e2c,228,19,0.17867499999999972,0.4707441074444381,300000000,1.0,0.33915,0.471527938797671,0.49,1,False,0
0,ep_3daf7e97dc93d55b2e2c,229,19,0.1665999999999997,0.4701810147944795,300000000,1.0,0.34054999999999996,0.471527938797671,0.49,1,False,0
0,ep_3daf7e97dc93d55b2e2c,230,19,0.11007499999999978,0.46016799327274416,300000000,1.0,0.25619999999999965,0.46743991359386344,0.49,1,False,0
0,ep_3daf7e97dc93d55b2e2c,231,19,0.14507499999999973,0.4559064442984085,300000000,1.0,0.27194999999999975,0.4571763983638726,0.49,1,False,0
0,ep_3daf7e97dc93d55b2e2c,232,19,0.16309999999999977,0.45868195148594,300000000,1.0,0.2761499999999999,0.4602909670993049,0.49,1,False,0
0,ep_3daf7e97dc93d55b2e2c,233,19,0.14892499999999978,0.4639205175451476,300000000,1.0,0.24744999999999978,0.46824604782438584,0.49,1,False,0
0,ep_3daf7e97dc93d55b2e2c,234,19,0.1952999999999998,0.4700680719482,300000000,1.0,0.31394999999999984,0.47040657547145703,0.49,1,False,0
0,ep_3daf7e97dc93d55b2e2c,235,19,0.17954999999999982,0.4702938492242717,300000000,1.0,0.30939999999999973,0.47040657547145703,0.49,1,False,0
0,ep_3daf7e97dc93d55b2e2c,236,19,0.15539999999999968,0.4701810147944795,300000000,1.0,0.28349999999999986,0.47040657547145703,0.49,1,False,0
0,ep_3daf7e97dc93d55b2e2c,237,19,0.19739999999999977,0.4700680719482,300000000,1.0,0.3205999999999998,0.4701810147944795,0.49,1,False,0
0,ep_3daf7e97dc93d55b2e2c,238,19,0.2243499999999998,0.47040657547145703,300000000,1.0,0.38149999999999995,0.4706317043496125,0.49,1,False,0
0,ep_3daf7e97dc93d55b2e2c,239,19,0.1802499999999998,0.4684753554993911,300000000,1.0,0.2967999999999998,0.4705191937691319,0.49,1,False,0
0,ep_3daf7e97dc93d55b2e2c,240,20,0.19774999999999993,0.4684753554993911,300000000,1.0,0.3374,0.4702938492242717,0.49,1,False,0
0,ep_3daf7e97dc93d55b2e2c,241,20,0.18479999999999983,0.46995502045076554,300000000,1.0,0.3191999999999998,0.47040657547145703,0.49,1,False,0
0,ep_3daf7e97dc93d55b2e2c,242,20,0.16747499999999974,0.4701810147944795,300000000,1.0,0.31184999999999985,0.4705191937691319,0.49,1,False,0
0,ep_3daf7e97dc93d55b2e2c,243,20,0.17954999999999982,0.4702938492242717,300000000,1.0,0.3303999999999998,0.4706317043496125,0.49,1,False,0
0,ep_3daf7e97dc93d55b2e2c,244,20,0.16624999999999987,0.4697285905598012,300000000,1.0,0.28525,0.4705191937691319,0.49,1,False,0
0,ep_3daf7e97dc93d55b2e2c,245,20,0.17709999999999973,0.4700680719482,300000000,1.0,0.3342499999999998,0.4706317043496125,0.49,1,False,0
0,ep_3daf7e97dc93d55b2e2c,246,20,0.1802499999999998,0.4700680719482,300000000,1.0,0.3020499999999998,0.4702938492242717,0.49,1,False,0
0,ep_3daf7e97dc93d55b2e2c,247,20,0.2012499999999998,0.4702938492242717,300000000,1.0,0.3353,0.4706317043496125,0.49,1,False,0
0,ep_3daf7e97dc93d55b2e2c,248,20,0.20194999999999977,0.4700680719482,300000000,1.0,0.35105,0.47040657547145703,0.49,1,False,0
0,ep_3daf7e97dc93d55b2e2c,249,20,0.21244999999999983,0.4700680719482,300000000,1.0,0.3625999999999998,0.4701810147944795,0.49,1,False,0
0,ep_3daf7e97dc93d55b2e2c,250,20,0.20509999999999987,0.4698418600667171,300000000,1.0,0.3440499999999999,0.4702938492242717,0.49,1,False,0
0,ep_3daf7e97dc93d55b2e2c,251,20,0.1952999999999998,0.4701810147944795,300000000,1.0,0.3451,0.4705191937691319,0.49,1,False,0
0,ep_3daf7e97dc93d55b2e2c,252,21,0.19494999999999968,0.4690466686068305,300000000,1.0,0.33494999999999986,0.4702938492242717,0.49,1,False,0
0,ep_3daf7e97dc93d55b2e2c,253,21,0.1907499999999998,0.46995502045076554,300000000,1.0,0.37519999999999976,0.47040657547145703,0.49,1,False,0
0,ep_3daf7e97dc93d55b2e2c,254,21,0.21419999999999995,0.4702938492242717,300000000,1.0,0.3702999999999999,0.4707441074444381,0.49,1,False,0
0,ep_3daf7e97dc93d55b2e2c,255,21,0.2012499999999998,0.4661617838298803,300000000,1.0,0.34614999999999985,0.4690466686068305,0.49,1,False,0
0,ep_3daf7e97dc93d55b2e2c,256,21,0.1907499999999998,0.4692744165503709,300000000,1.0,0.2995999999999997,0.4700680719482,0.49,1,False,0
0,ep_3daf7e97dc93d55b2e2c,257,21,0.19704999999999995,0.4698418600667171,300000000,1.0,0.35524999999999995,0.4700680719482,0.49,1,False,0
0,ep_3daf7e97dc93d55b2e2c,258,21,0.19179999999999994,0.46995502045076554,300000000,1.0,0.30869999999999975,0.4702938492242717,0.49,1,False,0
0,ep_3daf7e97dc93d55b2e2c,259,21,0.18654999999999994,0.4696152116929658,300000000,1.0,0.3129,0.4701810147944795,0.49,1,False,0
0,ep_3daf7e97dc93d55b2e2c,260,21,0.2036999999999999,0.4700680719482,300000000,1.0,0.35314999999999996,0.47040657547145703,0.49,1,False,0
0,ep_3daf7e97dc93d55b2e2c,261,21,0.18619999999999978,0.46995502045076554,300000000,1.0,0.27789999999999976,0.4701810147944795,0.49,1,False,0
0,ep_3daf7e97dc93d55b2e2c,262,21,0.1952999999999998,0.4700680719482,300000000,1.0,0.35769999999999996,0.47040657547145703,0.49,1,False,0
0,ep_3daf7e97dc93d55b2e2c,263,21,0.19809999999999972,0.4701810147944795,300000000,1.0,0.35175,0.47040657547145703,0.49,1,False,0
0,ep_3daf7e97dc93d55b2e2c,264,22,0.20264999999999977,0.46995502045076554,300000000,1.0,0.3419499999999999,0.47040657547145703,0.49,1,False,0
0,ep_3daf7e97dc93d55b2e2c,265,22,0.20509999999999987,0.4701810147944795,300000000,1.0,0.3485999999999999,0.4705191937691319,0.49,1,False,0
0,ep_3daf7e97dc93d55b2e2c,266,22,0.17342499999999972,0.4701810147944795,300000000,1.0,0.3611999999999999,0.4705191937691319,0.49,1,False,0
0,ep_3daf7e97dc93d55b2e2c,267,22,0.19914999999999988,0.4702938492242717,300000000,1.0,0.3548999999999997,0.4707441074444381,0.49,1,False,0
0,ep_3daf7e97dc93d55b2e2c,268,22,0.23169999999999977,0.4706317043496125,300000000,1.0,0.38569999999999977,0.47119264957098567,0.49,1,False,0
0,ep_3daf7e97dc93d55b2e2c,269,22,0.22854999999999998,0.47040657547145703,300000000,1.0,0.39829999999999977,0.47096859209941866,0.49,1,False,0
0,ep_3daf7e97dc93d55b2e2c,270,22,0.28455,0.47096859209941866,300000000,1.0,0.44659999999999994,0.47141628168384564,0.49,1,False,0
0,ep_3daf7e97dc93d55b2e2c,271,22,0.2656499999999999,0.47040657547145703,300000000,1.0,0.40180000000000005,0.47096859209941866,0.49,1,False,0
0,ep_3daf7e97dc93d55b2e2c,272,22,0.26354999999999995,0.4707441074444381,300000000,1.0,0.4563999999999997,0.47096859209941866,0.49,1,False,0
0,ep_3daf7e97dc93d55b2e2c,273,22,0.28455,0.4705191937691319,300000000,1.0,0.45149999999999985,0.47085640328437467,0.49,1,False,0
0,ep_3daf7e97dc93d55b2e2c,274,22,0.25269999999999976,0.4705191937691319,300000000,1.0,0.44099999999999984,0.47096859209941866,0.49,1,False,0
0,ep_3daf7e97dc93d55b2e2c,275,22,0.22889999999999983,0.4707441074444381,300000000,1.0,0.4304999999999998,0.4710806741187999,0.49,1,False,0
0,ep_3daf7e97dc93d55b2e2c,276,23,0.25864999999999977,0.4705191937691319,300000000,1.0,0.4333,0.47085640328437467,0.49,1,False,0
0,ep_3daf7e97dc93d55b2e2c,277,23,0.2512999999999998,0.47085640328437467,300000000,1.0,0.42699999999999994,0.47119264957098567,0.49,1,False,0
0,ep_3daf7e97dc93d55b2e2c,278,23,0.24709999999999996,0.47040657547145703,300000000,1.0,0.44730000000000003,0.4707441074444381,0.49,1,False,0
0,ep_3daf7e97dc93d55b2e2c,279,23,0.2579499999999998,0.4707441074444381,300000000,1.0,0.42489999999999994,0.47119264957098567,0.49,1,False,0
0,ep_3daf7e97dc93d55b2e2c,280,23,0.2414999999999998,0.4706317043496125,300000000,1.0,0.3947999999999999,0.47085640328437467,0.49,1,False,0
0,ep_3daf7e97dc93d55b2e2c,281,23,0.24044999999999997,0.4705191937691319,300000000,1.0,0.41230000000000006,0.4710806741187999,0.49,1,False,0
0,ep_3daf7e97dc93d55b2e2c,282,23,0.2691499999999998,0.47040657547145703,300000000,1.0,0.4333,0.4707441074444381,0.49,1,False,0
0,ep_3daf7e97dc93d55b2e2c,283,23,0.2439499999999999,0.47040657547145703,300000000,1.0,0.3807999999999999,0.4706317043496125,0.49,1,False,0
0,ep_3daf7e97dc93d55b2e2c,284,23,0.2498999999999999,0.4702938492242717,300000000,1.0,0.44379999999999975,0.47085640328437467,0.49,1,False,0
0,ep_3daf7e97dc93d55b2e2c,285,23,0.2656499999999999,0.4706317043496125,300000000,1.0,0.4192999999999998,0.47096859209941866,0.49,1,False,0
0,ep_3daf7e97dc93d55b2e2c,286,23,0.3020499999999998,0.4707441074444381,300000000,1.0,0.4766999999999998,0.4710806741187999,0.49,1,False,0
0,ep_3daf7e97dc93d55b2e2c,287,23,0.28804999999999986,0.4705191937691319,300000000,1.0,0.4871999999999998,0.47085640328437467,0.49,1,False,0
0,ep_463ac0f209f3b54035ba,0,0,0.24332191780821916,0.47344480594576194,300000000,1.0,0.4653881278538813,0.4778862638841416,0.49,1,False,0
0,ep_463ac0f209f3b54035ba,1,0,0.2483561643835616,0.4690110209424261,300000000,1.0,0.4581164383561644,0.4750010861447812,0.49,1,False,0
0,ep_463ac0f209f3b54035ba,2,0,0.155222602739726,0.4730961716898062,300000000,1.0,0.46818493150684926,0.47619757759639436,0.49,1,False,0
0,ep_463ac0f209f3b54035ba,3,0,0.1448744292237443,0.465432467016483,300000000,1.0,0.41560502283105016,0.4713374011593183,0.49,1,False,0
0,ep_463ac0f209f3b54035ba,4,0,0.22542237442922372,0.46937193789217585,300000000,1.0,0.4083333333333333,0.47619757759639436,0.49,1,False,0
0,ep_463ac0f209f3b54035ba,5,0,0.08320490867579906,0.4529464646949575,300000000,1.0,0.4184018264840183,0.45852130958199994,0.49,1,False,0
0,ep_463ac0f209f3b54035ba,6,0,0.07719178082191776,0.4524258351981354,300000000,1.0,0.3747716894977169,0.45439162864330107,0.49,1,False,0
0,ep_463ac0f209f3b54035ba,7,0,0.23465182648401825,0.4644969168017469,300000000,1.0,0.44581050228310504,0.4746570067642589,0.49,1,False,0
0,ep_463ac0f209f3b54035ba,8,0,0.18990296803652967,0.4750010861447812,300000000,1.0,0.4642694063926941,0.4787217344830462,0.49,1,False,0
0,ep_463ac0f209f3b54035ba,9,0,0.1943778538812785,0.4709824780148274,300000000,1.0,0.4184018264840183,0.4773821633272317,0.49,1,False,0
0,ep_463ac0f209f3b54035ba,10,0,0.1394206621004566,0.4661755280226049,300000000,1.0,0.4536415525114155,0.46937193789217585,0.49,1,False,0
0,ep_463ac0f209f3b54035ba,11,0,0.1608162100456621,0.4690110209424261,300000000,1.0,0.44469178082191785,0.4750010861447812,0.49,1,False,0
0,ep_463ac0f209f3b54035ba,12,1,0.1829109589041096,0.46864898961856294,300000000,1.0,0.44469178082191785,0.47568626906790223,0.49,1,False,0
0,ep_463ac0f209f3b54035ba,13,1,0.1938184931506849,0.4782211529752987,300000000,1.0,0.46706621004566207,0.4818444548651898,0.49,1,False,0
0,ep_463ac0f209f3b54035ba,14,1,0.20388698630136984,0.4751727526464811,300000000,1.0,0.4793721461187215,0.481682108313882,0.49,1,False,0
0,ep_463ac0f209f3b54035ba,15,1,0.21647260273972604,0.47838824636094573,300000000,1.0,0.47098173515981734,0.484729957324186,0.49,1,False,0
0,ep_463ac0f209f3b54035ba,16,1,0.23577054794520544,0.46973174815612834,300000000,1.0,0.46259132420091326,0.4773821633272317,0.49,1,False,0
0,ep_463ac0f209f3b54035ba,17,1,0.06621432648401826,0.46864898961856294,300000000,1.0,0.4363013698630137,0.47062648178173294,0.49,1,False,0
0,ep_463ac0f209f3b54035ba,18,1,0.1011044520547945,0.46058017956511466,300000000,1.0,0.40777397260273973,0.4624117617414906,0.49,1,False,0
0,ep_463ac0f209f3b54035ba,19,1,0.06264840182648401,0.4567266505381784,300000000,1.0,0.42343607305936076,0.4625073606253578,0.49,1,False,0
0,ep_463ac0f209f3b54035ba,20,1,0.15662100456621003,0.46773898471162184,300000000,1.0,0.4497260273972603,0.4746570067642589,0.49,1,False,0
0,ep_463ac0f209f3b54035ba,21,1,0.13690353881278536,0.47274650673137686,300000000,1.0,0.4754566210045662,0.4793859364619526,0.49,1,False,0
0,ep_463ac0f209f3b54035ba,22,1,0.15941780821917806,0.47116007326819187,300000000,1.0,0.44469178082191785,0.4793859364619526,0.49,1,False,0
0,ep_463ac0f209f3b54035ba,23,1,0.2796803652968036,0.4729214684768294,300000000,1.0,0.4866438356164383,0.47771846669954193,0.49,1,False,0
0,ep_463ac0f209f3b54035ba,24,2,0.29813926940639274,0.47396583964215955,300000000,1.0,0.47154109589041093,0.4808670746949084,0.49,1,False,0
0,ep_463ac0f209f3b54035ba,25,2,0.24248287671232874,0.4815195425973572,300000000,1.0,0.45923515981735163,0.48457144520482315,0.49,1,False,0
0,ep_463ac0f209f3b54035ba,26,2,0.10809646118721458,0.472044057109076,300000000,1.0,0.40945205479452057,0.4853619411627678,0.49,1,False,0
0,ep_463ac0f209f3b54035ba,27,2,0.24024543378995436,0.4713374011593183,300000000,1.0,0.4206392694063927,0.47755043343013326,0.49,1,False,0
0,ep_463ac0f209f3b54035ba,28,2,0.2729680365296803,0.47186778967488074,300000000,1.0,0.4519634703196347,0.48216849312379584,0.49,1,False,0
0,ep_463ac0f209f3b54035ba,29,2,0.25926369863013693,0.4751727526464811,300000000,1.0,0.448607305936073,0.4837757570924079,0.49,1,False,0
0,ep_463ac0f209f3b54035ba,30,2,0.2553481735159817,0.4691916182316048,300000000,1.0,0.44469178082191785,0.4834560107739031,0.49,1,False,0
0,ep_463ac0f209f3b54035ba,31,2,0.24695776255707763,0.472571285591034,300000000,1.0,0.4385388127853881,0.4800464776338629,0.49,1,False,0
0,ep_463ac0f209f3b54035ba,32,2,0.16696917808219175,0.47687592447508315,300000000,1.0,0.41672374429223746,0.48103052377233546,0.49,1,False,0
0,ep_463ac0f209f3b54035ba,33,2,0.12907248858447481,0.47344480594576194,300000000,1.0,0.4497260273972603,0.47755043343013326,0.49,1,False,0
0,ep_463ac0f209f3b54035ba,34,2,0.07019977168949769,0.468285836148863,300000000,1.0,0.38707762557077624,0.471514462592137,0.49,1,False,0
0,ep_463ac0f209f3b54035ba,35,2,0.18766552511415524,0.4773821633272317,300000000,1.0,0.43238584474885844,0.4836159896344698,0.49,1,False,0
0,ep_463ac0f209f3b54035ba,36,3,0.2693321917808219,0.47905429592547366,300000000,1.0,0.43014840182648406,0.4873934691260585,0.49,1,False,0
0,ep_463ac0f209f3b54035ba,37,3,0.33785388127853877,0.47379241631007907,300000000,1.0,0.46371004566210045,0.4782211529752987,0.49,1,False,0
0,ep_463ac0f209f3b54035ba,38,3,0.2766038812785388,0.4736187386914343,300000000,1.0,0.41336757990867584,0.4785551066200114,0.49,1,False,0
0,ep_463ac0f209f3b54035ba,39,3,0.33785388127853877,0.4524258351981354,300000000,1.0,0.4340639269406392,0.4662680782637737,0.49,1,False,0
0,ep_463ac0f209f3b54035ba,40,3,0.22010844748858444,0.4376055176681121,300000000,1.0,0.4217579908675799,0.4512719402259716,0.49,1,False,0
0,ep_463ac0f209f3b54035ba,41,3,0.3221917808219178,0.4501061211354825,300000000,1.0,0.46706621004566207,0.4552092526980575,0.49,1,False,0
0,ep_463ac0f209f3b54035ba,42,3,0.289189497716895,0.44019786960430274,300000000,1.0,0.4536415525114155,0.45158780983557933,0.49,1,False,0
0,ep_463ac0f209f3b54035ba,43,3,0.34121004566210045,0.44261668487068834,300000000,1.0,0.47098173515981734,0.45116645355239804,0.49,1,False,0
0,ep_463ac0f209f3b54035ba,44,3,0.24360159817351595,0.44587239567778464,300000000,1.0,0.4340639269406392,0.45200759936840146,0.49,1,False,0
0,ep_463ac0f209f3b54035ba,45,3,0.1543835616438356,0.44341133394725,300000000,1.0,0.3937899543378996,0.4523214211931969,0.49,1,False,0
0,ep_463ac0f209f3b54035ba,46,3,0.1479509132420091,0.4221197499448461,300000000,1.0,0.42567351598173514,0.43322614859464476,0.49,1,False,0
0,ep_463ac0f209f3b54035ba,47,3,0.22877853881278537,0.4351943211829044,300000000,1.0,0.4060958904109589,0.4478463300172328,0.49,1,False,0
0,ep_463ac0f209f3b54035ba,48,4,0.28387557077625564,0.44204556466464334,300000000,1.0,0.4329452054794521,0.44999953667618353,0.49,1,False,0
0,ep_463ac0f209f3b54035ba,49,4,0.22570205479452052,0.43831862115512016,300000000,1.0,0.3949086757990868,0.4454289612887884,0.49,1,False,0
0,ep_463ac0f209f3b54035ba,50,4,0.1487899543378995,0.43531615611834396,300000000,1.0,0.3630251141552511,0.44464867553252424,0.49,1,False,0
0,ep_463ac0f209f3b54035ba,51,4,0.1798344748858447,0.44531782630456873,300000000,1.0,0.4206392694063927,0.45211230347955983,0.49,1,False,0
0,ep_463ac0f209f3b54035ba,52,4,0.15046803652968035,0.43973106275363705,300000000,1.0,0.4351826484018265,0.4480635203861107,0.49,1,False,0
0,ep_463ac0f209f3b54035ba,53,4,0.11788527397260268,0.4324787729831334,300000000,1.0,0.35855022831050226,0.4437501611389747,0.49,1,False,0
0,ep_463ac0f209f3b54035ba,54,4,0.24360159817351595,0.44587239567778464,300000000,1.0,0.41001141552511416,0.45622309181542653,0.49,1,False,0
0,ep_463ac0f209f3b54035ba,55,4,0.26401826484018265,0.4407786076001982,300000000,1.0,0.39882420091324206,0.45662611637687484,0.49,1,False,0
0,ep_463ac0f209f3b54035ba,56,4,0.11396974885844749,0.4317261951505507,300000000,1.0,0.4200799086757991,0.4372472157265335,0.49,1,False,0
0,ep_463ac0f209f3b54035ba,57,4,0.18151255707762556,0.44170147065797427,300000000,1.0,0.408892694063927,0.4498928511410322,0.49,1,False,0
0,ep_463ac0f209f3b54035ba,58,4,0.12963184931506846,0.43879145787653445,300000000,1.0,0.36861872146118724,0.44587239567778464,0.49,1,False,0
0,ep_463ac0f209f3b54035ba,59,4,0.1329880136986301,0.44124100421938633,300000000,1.0,0.408892694063927,0.4506375348016122,0.49,1,False,0
0,ep_463ac0f209f3b54035ba,60,5,0.260662100456621,0.453154047946525,300000000,1.0,0.4049771689497717,0.4614513967259731,0.49,1,False,0
0,ep_463ac0f209f3b54035ba,61,5,0.18207191780821919,0.4538776096475513,300000000,1.0,0.417283105022831,0.46087131771145634,0.49,1,False,0
0,ep_463ac0f209f3b54035ba,62,5,0.03125428082191778,0.4460934529979719,300000000,1.0,0.2740867579908676,0.45642478203209547,0.49,1,False,0
0,ep_463ac0f209f3b54035ba,63,5,0.12389840182648398,0.4370076936897126,300000000,1.0,0.417283105022831,0.44273055591351157,0.49,1,False,0
0,ep_463ac0f209f3b54035ba,64,5,0.11229166666666665,0.44295794717670356,300000000,1.0,0.35799086757990867,0.4492506031950774,0.49,1,False,0
0,ep_463ac0f209f3b54035ba,65,5,0.16808789954337897,0.4380814356151207,300000000,1.0,0.427351598173516,0.44795497785389626,0.49,1,False,0
0,ep_463ac0f209f3b54035ba,66,5,0.1473915525114155,0.443975472329572,300000000,1.0,0.3954680365296804,0.45042527020678635,0.49,1,False,0
0,ep_463ac0f209f3b54035ba,67,5,0.05754423515981733,0.4313479297957405,300000000,1.0,0.41616438356164387,0.43973106275363705,0.49,1,False,0
0,ep_463ac0f209f3b54035ba,68,5,0.02125570776255704,0.42266920803717717,300000000,1.0,0.1289326484018265,0.4251070646467989,0.49,1,False,0
0,ep_463ac0f209f3b54035ba,69,5,0.1289326484018265,0.4333502110859505,300000000,1.0,0.3982648401826484,0.4431848724736414,0.49,1,False,0
0,ep_463ac0f209f3b54035ba,70,5,0.18095319634703197,0.4411255867292979,300000000,1.0,0.41336757990867584,0.4491432040426625,0.49,1,False,0
0,ep_463ac0f209f3b54035ba,71,5,0.23157534246575345,0.43058739389085554,300000000,1.0,0.4251141552511416,0.443975472329572,0.49,1,False,0
0,ep_463ac0f209f3b54035ba,72,6,0.242203196347032,0.42577442596287085,300000000,1.0,0.4441324200913242,0.4393796522917539,0.49,1,False,0
0,ep_463ac0f209f3b54035ba,73,6,0.13718321917808216,0.41109144067224596,300000000,1.0,0.45308219178082193,0.4307145233472916,0.49,1,False,0
0,ep_463ac0f209f3b54035ba,74,6,0.1391409817351598,0.3812686316244074,300000000,1.0,0.36861872146118724,0.3927632102803547,0.49,1,False,0
0,ep_463ac0f209f3b54035ba,75,6,0.22206621004566204,0.3886348558758453,300000000,1.0,0.4200799086757991,0.39725309913704215,0.49,1,False,0
0,ep_463ac0f209f3b54035ba,76,6,0.17452054794520544,0.41078477010276443,300000000,1.0,0.39994292237442924,0.4167514756163134,0.49,1,False,0
0,ep_463ac0f209f3b54035ba,77,6,0.18738584474885844,0.40892523795539065,300000000,1.0,0.4005022831050229,0.4147020188011594,0.49,1,False,0
0,ep_463ac0f209f3b54035ba,78,6,0.2615011415525114,0.40313394596813923,300000000,1.0,0.4251141552511416,0.4155853111920439,0.49,1,False,0
0,ep_463ac0f209f3b54035ba,79,6,0.18878424657534248,0.41425753544411925,300000000,1.0,0.4318264840182649,0.42280612714852467,0.49,1,False,0
0,ep_463ac0f209f3b54035ba,80,6,0.14291666666666664,0.4001941138281281,300000000,1.0,0.4295890410958904,0.4104771810118541,0.49,1,False,0
0,ep_463ac0f209f3b54035ba,81,6,0.11508847031963466,0.4082978084735193,300000000,1.0,0.4239954337899543,0.41321292461107784,0.49,1,False,0
0,ep_463ac0f209f3b54035ba,82,6,0.0887985159817351,0.4100140615384124,300000000,1.0,0.4010616438356164,0.41819106595835265,0.49,1,False,0
0,ep_463ac0f209f3b54035ba,83,6,0.18207191780821919,0.4167514756163134,300000000,1.0,0.42455479452054795,0.42470462744866705,0.49,1,False,0
0,ep_463ac0f209f3b54035ba,84,7,0.27688356164383565,0.4260402029651593,300000000,1.0,0.4609132420091324,0.43640658041802805,0.49,1,False,0
0,ep_463ac0f209f3b54035ba,85,7,0.22010844748858444,0.4240304897196556,300000000,1.0,0.4474885844748859,0.43185198951781373,0.49,1,False,0
0,ep_463ac0f209f3b54035ba,86,7,0.2670947488584474,0.4256412882176429,300000000,1.0,0.4748972602739726,0.43616520494927796,0.49,1,False,0
0,ep_463ac0f209f3b54035ba,87,7,0.186546803652968,0.4268335794178231,300000000,1.0,0.42791095890410963,0.4360443165701288,0.49,1,False,0
0,ep_463ac0f209f3b54035ba,88,7,0.19717465753424657,0.41078477010276443,300000000,1.0,0.4519634703196347,0.42017377422384133,0.49,1,False,0
0,ep_463ac0f209f3b54035ba,89,7,0.16389269406392692,0.41529171477652316,300000000,1.0,0.448607305936073,0.42930776532967024,0.49,1,False,0
0,ep_463ac0f209f3b54035ba,90,7,0.111033105022831,0.40814034687307643,300000000,1.0,0.4519634703196347,0.41876139343263624,0.49,1,False,0
0,ep_463ac0f209f3b54035ba,91,7,0.230736301369863,0.4079826419005994,300000000,1.0,0.4832876712328767,0.4191871090462213,0.49,1,False,0
0,ep_463ac0f209f3b54035ba,92,7,0.24863584474885841,0.41689633191673,300000000,1.0,0.47154109589041093,0.42375963003529504,0.49,1,False,0
0,ep_463ac0f209f3b54035ba,93,7,0.2531107305936073,0.4263053184180613,300000000,1.0,0.4821689497716895,0.4431848724736414,0.49,1,False,0
0,ep_463ac0f209f3b54035ba,94,7,0.3199543378995433,0.4445367579055727,300000000,1.0,0.4788127853881279,0.45179789962635303,0.49,1,False,0
0,ep_463ac0f209f3b54035ba,95,7,0.2651369863013699,0.43736678020044845,300000000,1.0,0.46594748858447493,0.44675400888315603,0.49,1,False,0
0,ep_463ac0f209f3b54035ba,96,8,0.245,0.4344604311349103,300000000,1.0,0.4631506849315069,0.4399647138221751,0.49,1,False,0
0,ep_463ac0f209f3b54035ba,97,8,0.2522716894977169,0.42696523693189625,300000000,1.0,0.46259132420091326,0.4360443165701288,0.49,1,False,0
0,ep_463ac0f209f3b54035ba,98,8,0.2830365296803653,0.43058739389085554,300000000,1.0,0.47098173515981734,0.4377246913017092,0.49,1,False,0
0,ep_463ac0f209f3b54035ba,99,8,0.26345890410958905,0.45490333222492574,300000000,1.0,0.4765753424657534,0.4657116708568512,0.49,1,False,0
0,ep_463ac0f209f3b54035ba,100,8,0.20332762557077627,0.4471922186606149,300000000,1.0,0.46930365296803656,0.46764759373459397,0.49,1,False,0
0,ep_463ac0f209f3b54035ba,101,8,0.22094748858447488,0.4289208847682977,300000000,1.0,0.4609132420091324,0.4390271140048536,0.49,1,False,0
0,ep_463ac0f209f3b54035ba,102,8,0.16501141552511414,0.4238951464141555,300000000,1.0,0.4435730593607306,0.4267017592631439,0.49,1,False,0
0,ep_463ac0f209f3b54035ba,103,8,0.22933789954337896,0.4334741316698648,300000000,1.0,0.4407762557077626,0.4398479503466425,0.49,1,False,0
0,ep_463ac0f209f3b54035ba,104,8,0.19969178082191777,0.41336280238884954,300000000,1.0,0.4016210045662101,0.43096833290674164,0.49,1,False,0
0,ep_463ac0f209f3b54035ba,105,8,0.19102168949771692,0.41961110226906817,300000000,1.0,0.43070776255707766,0.4344604311349103,0.49,1,False,0
0,ep_463ac0f209f3b54035ba,106,8,0.2738070776255707,0.428662186820817,300000000,1.0,0.45308219178082193,0.44054667976450507,0.49,1,False,0
0,ep_463ac0f209f3b54035ba,107,8,0.26905251141552505,0.4411255867292979,300000000,1.0,0.43965753424657533,0.44828029045387996,0.49,1,False,0
0,ep_463ac0f209f3b54035ba,108,9,0.24919520547945204,0.4267017592631439,300000000,1.0,0.4267922374429224,0.4334741316698648,0.49,1,False,0
0,ep_463ac0f209f3b54035ba,109,9,0.23157534246575345,0.4272280658395071,300000000,1.0,0.40441780821917805,0.43470561212124487,0.49,1,False,0
0,ep_463ac0f209f3b54035ba,110,9,0.26541666666666663,0.4344604311349103,300000000,1.0,0.4402168949771689,0.44741068101139897,0.49,1,False,0
0,ep_463ac0f209f3b54035ba,111,9,0.1328481735159817,0.44158653401199927,300000000,1.0,0.4005022831050229,0.44741068101139897,0.49,1,False,0
0,ep_463ac0f209f3b54035ba,112,9,0.0729965753424657,0.42905000004899907,300000000,1.0,0.41448630136986303,0.4354378548111462,0.49,1,False,0
0,ep_463ac0f209f3b54035ba,113,9,0.138162100456621,0.4334741316698648,300000000,1.0,0.46147260273972607,0.44261668487068834,0.49,1,False,0
0,ep_463ac0f209f3b54035ba,114,9,0.2301769406392694,0.4370076936897126,300000000,1.0,0.44133561643835617,0.44795497785389626,0.49,1,False,0
0,ep_463ac0f209f3b54035ba,115,9,0.21087899543378996,0.44828029045387996,300000000,1.0,0.4804908675799087,0.4568270962594703,0.49,1,False,0
0,ep_463ac0f209f3b54035ba,116,9,0.24863584474885841,0.44773757664597436,300000000,1.0,0.46706621004566207,0.45881770369489205,0.49,1,False,0
0,ep_463ac0f209f3b54035ba,117,9,0.23549086757990864,0.4398479503466425,300000000,1.0,0.46818493150684926,0.4523214211931969,0.49,1,False,0
0,ep_463ac0f209f3b54035ba,118,9,0.2005308219178082,0.4355594176036298,300000000,1.0,0.4765753424657534,0.44031426249989947,0.49,1,False,0
0,ep_463ac0f209f3b54035ba,119,9,0.10012557077625572,0.4368877354795683,300000000,1.0,0.40945205479452057,0.4418162877960928,0.49,1,False,0
0,ep_463ac0f209f3b54035ba,120,10,0.11620719178082191,0.429564913022567,300000000,1.0,0.43909817351598174,0.43831862115512016,0.49,1,False,0
0,ep_463ac0f209f3b54035ba,121,10,0.07537385844748853,0.4240304897196556,300000000,1.0,0.4295890410958904,0.43322614859464476,0.49,1,False,0
0,ep_463ac0f209f3b54035ba,122,10,0.24779680365296802,0.4359232939823525,300000000,1.0,0.4687442922374429,0.4468637225527934,0.49,1,False,0
0,ep_463ac0f209f3b54035ba,123,10,0.3574315068493151,0.4501061211354825,300000000,1.0,0.4687442922374429,0.46058017956511466,0.49,1,False,0
0,ep_463ac0f209f3b54035ba,124,10,0.2601027397260273,0.46307930057706514,300000000,1.0,0.45979452054794523,0.47080461449051536,0.49,1,False,0
0,ep_463ac0f209f3b54035ba,125,10,0.3065296803652968,0.4502126047341369,300000000,1.0,0.4726598173515982,0.46028830342467475,0.49,1,False,0
0,ep_463ac0f209f3b54035ba,126,10,0.34736301369863015,0.46383751880296065,300000000,1.0,0.47042237442922374,0.47274650673137686,0.49,1,False,0
0,ep_463ac0f209f3b54035ba,127,10,0.2738070776255707,0.4584223410190148,300000000,1.0,0.4748972602739726,0.46468463030689516,0.49,1,False,0
0,ep_463ac0f209f3b54035ba,128,10,0.31547945205479455,0.44795497785389626,300000000,1.0,0.4687442922374429,0.4567266505381784,0.49,1,False,0
0,ep_463ac0f209f3b54035ba,129,10,0.26541666666666663,0.44124100421938633,300000000,1.0,0.4385388127853881,0.4466441873337748,0.49,1,False,0
0,ep_463ac0f209f3b54035ba,130,10,0.19577625570776255,0.44124100421938633,300000000,1.0,0.46203196347031966,0.44773757664597436,0.49,1,False,0
0,ep_463ac0f209f3b54035ba,131,10,0.13522545662100455,0.4488203887564283,300000000,1.0,0.4642694063926941,0.4535680770046931,0.49,1,False,0
0,ep_463ac0f209f3b54035ba,132,11,0.2869520547945205,0.45325769709916813,300000000,1.0,0.4698630136986301,0.46038567773070804,0.49,1,False,0
0,ep_463ac0f209f3b54035ba,133,11,0.21898972602739725,0.4460934529979719,300000000,1.0,0.47098173515981734,0.45871899075466505,0.49,1,False,0
0,ep_463ac0f209f3b54035ba,134,11,0.24024543378995436,0.42930776532967024,300000000,1.0,0.45923515981735163,0.4384370216643347,0.49,1,False,0
0,ep_463ac0f209f3b54035ba,135,11,0.30093607305936076,0.4272280658395071,300000000,1.0,0.45923515981735163,0.43470561212124487,0.49,1,False,0
0,ep_463ac0f209f3b54035ba,136,11,0.21535388127853877,0.4267017592631439,300000000,1.0,0.44189497716894977,0.4324787729831334,0.49,1,False,0
0,ep_463ac0f209f3b54035ba,137,11,0.2701712328767123,0.4368877354795683,300000000,1.0,0.44469178082191785,0.44227436683931143,0.49,1,False,0
0,ep_463ac0f209f3b54035ba,138,11,0.3048515981735159,0.4267017592631439,300000000,1.0,0.4441324200913242,0.4377246913017092,0.49,1,False,0
0,ep_463ac0f209f3b54035ba,139,11,0.0729965753424657,0.4264376292189722,300000000,1.0,0.4251141552511416,0.4384370216643347,0.49,1,False,0
0,ep_463ac0f209f3b54035ba,140,11,0.2363299086757991,0.42577442596287085,300000000,1.0,0.43070776255707766,0.4323537068046117,0.49,1,False,0
0,ep_463ac0f209f3b54035ba,141,11,0.20528538812785388,0.42930776532967024,300000000,1.0,0.4525228310502283,0.43914475258391034,0.49,1,False,0
0,ep_463ac0f209f3b54035ba,142,11,0.273527397260274,0.43926226524526085,300000000,1.0,0.4726598173515982,0.45211230347955983,0.49,1,False,0
0,ep_463ac0f209f3b54035ba,143,11,0.33058219178082193,0.46096820048598647,300000000,1.0,0.4721004566210046,0.47222006165357017,0.49,1,False,0
0,ep_463ac0f209f3b54035ba,144,12,0.3182762557077625,0.4493578997449798,300000000,1.0,0.4687442922374429,0.4649656331108008,0.49,1,False,0
0,ep_463ac0f209f3b54035ba,145,12,0.3255479452054794,0.44261668487068834,300000000,1.0,0.4748972602739726,0.4495721859176409,0.49,1,False,0
0,ep_463ac0f209f3b54035ba,146,12,0.2959018264840182,0.45911333390400233,300000000,1.0,0.49,0.468285836148863,0.49,1,False,0
0,ep_463ac0f209f3b54035ba,147,12,0.25143264840182644,0.46355376806922743,300000000,1.0,0.4821689497716895,0.472571285591034,0.49,1,False,0
0,ep_463ac0f209f3b54035ba,148,12,0.24080479452054793,0.4525301529023776,300000000,1.0,0.4441324200913242,0.4580256097096245,0.49,1,False,0
0,ep_463ac0f209f3b54035ba,149,12,0.273527397260274,0.46374301237318927,300000000,1.0,0.44581050228310504,0.4702694051323899,0.49,1,False,0
0,ep_463ac0f209f3b54035ba,150,12,0.07117865296803647,0.4555143530074026,300000000,1.0,0.4374200913242009,0.46864898961856294,0.49,1,False,0
0,ep_463ac0f209f3b54035ba,151,12,0.09746860730593603,0.45190279815162154,300000000,1.0,0.37253424657534245,0.45742792310163005,0.49,1,False,0
0,ep_463ac0f209f3b54035ba,152,12,0.24080479452054793,0.45662611637687484,300000000,1.0,0.46594748858447493,0.4644969168017469,0.49,1,False,0
0,ep_463ac0f209f3b54035ba,153,12,0.2133961187214612,0.45449415384070724,300000000,1.0,0.43965753424657533,0.4628889678779001,0.49,1,False,0
0,ep_463ac0f209f3b54035ba,154,12,0.25199200913242015,0.4501061211354825,300000000,1.0,0.45979452054794523,0.45722799823366705,0.49,1,False,0
0,ep_463ac0f209f3b54035ba,155,12,0.18011415525114152,0.4569274537156101,300000000,1.0,0.45140410958904115,0.4650591499391847,0.49,1,False,0
0,ep_463ac0f209f3b54035ba,156,13,0.2587043378995434,0.4662680782637737,300000000,1.0,0.4564383561643836,0.47274650673137686,0.49,1,False,0
0,ep_463ac0f209f3b54035ba,157,13,0.22598173515981734,0.4568270962594703,300000000,1.0,0.44469178082191785,0.4672813135953893,0.49,1,False,0
0,ep_463ac0f209f3b54035ba,158,13,0.28807077625570776,0.46430889936841657,300000000,1.0,0.4609132420091324,0.47116007326819187,0.49,1,False,0
0,ep_463ac0f209f3b54035ba,159,13,0.23437214611872145,0.46058017956511466,300000000,1.0,0.45476027397260277,0.46487204098705026,0.49,1,False,0
0,ep_463ac0f209f3b54035ba,160,13,0.02814283675799084,0.453154047946525,300000000,1.0,0.3272260273972602,0.45862019277204236,0.49,1,False,0
0,ep_463ac0f209f3b54035ba,161,13,0.13676369863013696,0.444200327077625,300000000,1.0,0.4519634703196347,0.45712790452918756,0.49,1,False,0
0,ep_463ac0f209f3b54035ba,162,13,0.17284246575342463,0.46077435340291073,300000000,1.0,0.46203196347031966,0.4659902067443718,0.49,1,False,0
0,ep_463ac0f209f3b54035ba,163,13,0.08949771689497717,0.4508494002148563,300000000,1.0,0.38707762557077624,0.46038567773070804,0.49,1,False,0
0,ep_463ac0f209f3b54035ba,164,13,0.26178082191780816,0.4578267274766836,300000000,1.0,0.4754566210045662,0.4691916182316048,0.49,1,False,0
0,ep_463ac0f209f3b54035ba,165,13,0.31044520547945204,0.4709824780148274,300000000,1.0,0.46930365296803656,0.47771846669954193,0.49,1,False,0
0,ep_463ac0f209f3b54035ba,166,13,0.28163812785388126,0.47379241631007907,300000000,1.0,0.4855251141552511,0.47838824636094573,0.49,1,False,0
0,ep_463ac0f209f3b54035ba,167,13,0.3093264840182648,0.4667297307310769,300000000,1.0,0.47601598173515985,0.4800464776338629,0.49,1,False,0
0,ep_463ac0f209f3b54035ba,168,14,0.26317922374429226,0.46709774201500986,300000000,1.0,0.458675799086758,0.4699112406610211,0.49,1,False,0
0,ep_463ac0f209f3b54035ba,169,14,0.30597031963470317,0.4713374011593183,300000000,1.0,0.46371004566210045,0.4802110462284631,0.49,1,False,0
0,ep_463ac0f209f3b54035ba,170,14,0.28807077625570776,0.46222032646089445,300000000,1.0,0.4687442922374429,0.46937193789217585,0.49,1,False,0
0,ep_463ac0f209f3b54035ba,171,14,0.1610958904109589,0.4746570067642589,300000000,1.0,0.4239954337899543,0.47988168306098355,0.49,1,False,0
0,ep_463ac0f209f3b54035ba,172,14,0.23660958904109589,0.47448459225933964,300000000,1.0,0.45140410958904115,0.48103052377233546,0.49,1,False,0
0,ep_463ac0f209f3b54035ba,173,14,0.22654109589041097,0.47687592447508315,300000000,1.0,0.46930365296803656,0.481682108313882,0.49,1,False,0
0,ep_463ac0f209f3b54035ba,174,14,0.2609417808219178,0.47670669947699956,300000000,1.0,0.46482876712328774,0.481682108313882,0.49,1,False,0
0,ep_463ac0f209f3b54035ba,175,14,0.22094748858447488,0.47080461449051536,300000000,1.0,0.4491666666666667,0.4763675268108413,0.49,1,False,0
0,ep_463ac0f209f3b54035ba,176,14,0.26737442922374427,0.47602738542367423,300000000,1.0,0.45084474885844744,0.48216849312379584,0.49,1,False,0
0,ep_463ac0f209f3b54035ba,177,14,0.2696118721461187,0.47602738542367423,300000000,1.0,0.46203196347031966,0.4820065829149713,0.49,1,False,0
0,ep_463ac0f209f3b54035ba,178,14,0.2659760273972603,0.47721365563845347,300000000,1.0,0.47154109589041093,0.4818444548651898,0.49,1,False,0
0,ep_463ac0f209f3b54035ba,179,14,0.242203196347032,0.47704490960768997,300000000,1.0,0.4642694063926941,0.4805395082636257,0.49,1,False,0
0,ep_463ac0f209f3b54035ba,180,15,0.22234589041095892,0.4716912584658331,300000000,1.0,0.47993150684931507,0.47838824636094573,0.49,1,False,0
0,ep_463ac0f209f3b54035ba,181,15,0.2802397260273972,0.4746570067642589,300000000,1.0,0.474337899543379,0.4807034030862866,0.49,1,False,0
0,ep_463ac0f209f3b54035ba,182,15,0.23577054794520544,0.47222006165357017,300000000,1.0,0.4519634703196347,0.4802110462284631,0.49,1,False,0
0,ep_463ac0f209f3b54035ba,183,15,0.19941210045662097,0.47551534330723905,300000000,1.0,0.43350456621004574,0.48103052377233546,0.49,1,False,0
0,ep_463ac0f209f3b54035ba,184,15,0.22570205479452052,0.4732706172282698,300000000,1.0,0.45587899543378996,0.4807034030862866,0.49,1,False,0
0,ep_463ac0f209f3b54035ba,185,15,0.23493150684931505,0.47619757759639436,300000000,1.0,0.4463698630136987,0.4820065829149713,0.49,1,False,0
0,ep_463ac0f209f3b54035ba,186,15,0.2234646118721461,0.47585694950978574,300000000,1.0,0.48160958904109585,0.4803753895408163,0.49,1,False,0
0,ep_463ac0f209f3b54035ba,187,15,0.2740867579908676,0.4750010861447812,300000000,1.0,0.4698630136986301,0.4808670746949084,0.49,1,False,0
0,ep_463ac0f209f3b54035ba,188,15,0.16417237442922372,0.47222006165357017,300000000,1.0,0.47377853881278537,0.4778862638841416,0.49,1,False,0
0,ep_463ac0f209f3b54035ba,189,15,0.20528538812785388,0.47687592447508315,300000000,1.0,0.4603538812785388,0.4803753895408163,0.49,1,False,0
0,ep_463ac0f209f3b54035ba,190,15,0.27604452054794515,0.4732706172282698,300000000,1.0,0.46930365296803656,0.4793859364619526,0.49,1,False,0
0,ep_463ac0f209f3b54035ba,191,15,0.12571632420091322,0.47670669947699956,300000000,1.0,0.43070776255707766,0.4807034030862866,0.49,1,False,0
0,ep_463ac0f209f3b54035ba,192,16,0.276324200913242,0.47602738542367423,300000000,1.0,0.4603538812785388,0.4800464776338629,0.49,1,False,0
0,ep_463ac0f209f3b54035ba,193,16,0.12865296803652962,0.4730961716898062,300000000,1.0,0.4542009132420091,0.4782211529752987,0.49,1,False,0
0,ep_463ac0f209f3b54035ba,194,16,0.10515981735159817,0.4713374011593183,300000000,1.0,0.4665068493150685,0.47568626906790223,0.49,1,False,0
0,ep_463ac0f209f3b54035ba,195,16,0.17591894977168948,0.47653723384600566,300000000,1.0,0.43070776255707766,0.48103052377233546,0.49,1,False,0
0,ep_463ac0f209f3b54035ba,196,16,0.12263984018264841,0.47653723384600566,300000000,1.0,0.44189497716894977,0.4797166618104419,0.49,1,False,0
0,ep_463ac0f209f3b54035ba,197,16,0.22234589041095892,0.4778862638841416,300000000,1.0,0.4474885844748859,0.481193750998168,0.49,1,False,0
0,ep_463ac0f209f3b54035ba,198,16,0.17312214611872148,0.4763675268108413,300000000,1.0,0.44189497716894977,0.4803753895408163,0.49,1,False,0
0,ep_463ac0f209f3b54035ba,199,16,0.08306506849315066,0.47755043343013326,300000000,1.0,0.46818493150684926,0.4813567570487836,0.49,1,False,0
0,ep_463ac0f209f3b54035ba,200,16,0.26681506849315073,0.47222006165357017,300000000,1.0,0.4564383561643836,0.48216849312379584,0.49,1,False,0
0,ep_463ac0f209f3b54035ba,201,16,0.33673515981735164,0.4773821633272317,300000000,1.0,0.45699771689497715,0.48216849312379584,0.49,1,False,0
0,ep_463ac0f209f3b54035ba,202,16,0.2992579908675799,0.47771846669954193,300000000,1.0,0.4665068493150685,0.4834560107739031,0.49,1,False,0
0,ep_463ac0f209f3b54035ba,203,16,0.25618721461187216,0.47721365563845347,300000000,1.0,0.4407762557077626,0.48103052377233546,0.49,1,False,0
0,ep_463ac0f209f3b54035ba,204,17,0.273527397260274,0.47771846669954193,300000000,1.0,0.46594748858447493,0.4828139686527834,0.49,1,False,0
0,ep_463ac0f209f3b54035ba,205,17,0.1473915525114155,0.47551534330723905,300000000,1.0,0.43797945205479455,0.48425379731115387,0.49,1,False,0
0,ep_463ac0f209f3b54035ba,206,17,0.1988527397260274,0.47670669947699956,300000000,1.0,0.43797945205479455,0.48233018614913176,0.49,1,False,0
0,ep_463ac0f209f3b54035ba,207,17,0.28751141552511417,0.4782211529752987,300000000,1.0,0.4363013698630137,0.48265292326382214,0.49,1,False,0
0,ep_463ac0f209f3b54035ba,208,17,0.18319063926940637,0.48103052377233546,300000000,1.0,0.4553196347031963,0.4840946603075651,0.49,1,False,0
0,ep_463ac0f209f3b54035ba,209,17,0.12781392694063926,0.47653723384600566,300000000,1.0,0.40441780821917805,0.4815195425973572,0.49,1,False,0
0,ep_463ac0f209f3b54035ba,210,17,0.26261986301369866,0.4773821633272317,300000000,1.0,0.4564383561643836,0.4820065829149713,0.49,1,False,0
0,ep_463ac0f209f3b54035ba,211,17,0.22010844748858444,0.4748291711210359,300000000,1.0,0.443013698630137,0.481682108313882,0.49,1,False,0
0,ep_463ac0f209f3b54035ba,212,17,0.21143835616438356,0.47670669947699956,300000000,1.0,0.43574200913242006,0.4813567570487836,0.49,1,False,0
0,ep_463ac0f209f3b54035ba,213,17,0.27492579908675796,0.47771846669954193,300000000,1.0,0.43686073059360736,0.48265292326382214,0.49,1,False,0
0,ep_463ac0f209f3b54035ba,214,17,0.1229195205479452,0.47721365563845347,300000000,1.0,0.4122488584474886,0.4813567570487836,0.49,1,False,0
0,ep_463ac0f209f3b54035ba,215,17,0.23828767123287664,0.47602738542367423,300000000,1.0,0.41336757990867584,0.4818444548651898,0.49,1,False,0
0,ep_463ac0f209f3b54035ba,216,18,0.31715753424657533,0.47922023094828586,300000000,1.0,0.44133561643835617,0.48329581988028203,0.49,1,False,0
0,ep_463ac0f209f3b54035ba,217,18,0.2609417808219178,0.48103052377233546,300000000,1.0,0.4374200913242009,0.48488826237340454,0.49,1,False,0
0,ep_463ac0f209f3b54035ba,218,18,0.14934931506849314,0.47704490960768997,300000000,1.0,0.41336757990867584,0.48457144520482315,0.49,1,False,0
0,ep_463ac0f209f3b54035ba,219,18,0.1798344748858447,0.4750010861447812,300000000,1.0,0.4284703196347032,0.481682108313882,0.49,1,False,0
0,ep_463ac0f209f3b54035ba,220,18,0.14990867579908676,0.4751727526464811,300000000,1.0,0.4150456621004567,0.4802110462284631,0.49,1,False,0
0,ep_463ac0f209f3b54035ba,221,18,0.17480022831050226,0.4713374011593183,300000000,1.0,0.4407762557077626,0.481682108313882,0.49,1,False,0
0,ep_463ac0f209f3b54035ba,222,18,0.19717465753424657,0.4746570067642589,300000000,1.0,0.4284703196347032,0.4805395082636257,0.49,1,False,0
0,ep_463ac0f209f3b54035ba,223,18,0.17144406392694064,0.47670669947699956,300000000,1.0,0.40945205479452057,0.4813567570487836,0.49,1,False,0
0,ep_463ac0f209f3b54035ba,224,18,0.15046803652968035,0.4723958041889028,300000000,1.0,0.427351598173516,0.481193750998168,0.49,1,False,0
0,ep_463ac0f209f3b54035ba,225,18,0.18319063926940637,0.47551534330723905,300000000,1.0,0.4211986301369863,0.4815195425973572,0.49,1,False,0
0,ep_463ac0f209f3b54035ba,226,18,0.21423515981735158,0.47653723384600566,300000000,1.0,0.45140410958904115,0.48233018614913176,0.49,1,False,0
0,ep_463ac0f209f3b54035ba,227,18,0.1535445205479452,0.4773821633272317,300000000,1.0,0.4553196347031963,0.48216849312379584,0.49,1,False,0
0,ep_463ac0f209f3b54035ba,228,19,0.11858447488584474,0.47755043343013326,300000000,1.0,0.38707762557077624,0.4808670746949084,0.49,1,False,0
0,ep_463ac0f209f3b54035ba,229,19,0.169486301369863,0.47653723384600566,300000000,1.0,0.44189497716894977,0.481682108313882,0.49,1,False,0
0,ep_463ac0f209f3b54035ba,230,19,0.1985730593607306,0.4773821633272317,300000000,1.0,0.4653881278538813,0.48103052377233546,0.49,1,False,0
0,ep_463ac0f209f3b54035ba,231,19,0.21619292237442922,0.4773821633272317,300000000,1.0,0.44469178082191785,0.48249166264536564,0.49,1,False,0
0,ep_463ac0f209f3b54035ba,232,19,0.19214041095890408,0.47687592447508315,300000000,1.0,0.4290296803652968,0.4813567570487836,0.49,1,False,0
0,ep_463ac0f209f3b54035ba,233,19,0.21423515981735158,0.47602738542367423,300000000,1.0,0.4351826484018265,0.481682108313882,0.49,1,False,0
0,ep_463ac0f209f3b54035ba,234,19,0.26569634703196343,0.4773821633272317,300000000,1.0,0.4441324200913242,0.4815195425973572,0.49,1,False,0
0,ep_463ac0f209f3b54035ba,235,19,0.3087671232876712,0.4782211529752987,300000000,1.0,0.45979452054794523,0.48216849312379584,0.49,1,False,0
0,ep_463ac0f209f3b54035ba,236,19,0.3210730593607306,0.4795514131794819,300000000,1.0,0.4407762557077626,0.48265292326382214,0.49,1,False,0
0,ep_463ac0f209f3b54035ba,237,19,0.28331621004566215,0.4730961716898062,300000000,1.0,0.4463698630136987,0.4820065829149713,0.49,1,False,0
0,ep_463ac0f209f3b54035ba,238,19,0.22710045662100456,0.4782211529752987,300000000,1.0,0.42567351598173514,0.48233018614913176,0.49,1,False,0
0,ep_463ac0f209f3b54035ba,239,19,0.29534246575342465,0.4793859364619526,300000000,1.0,0.4452511415525114,0.4829747994575083,0.49,1,False,0
0,ep_463ac0f209f3b54035ba,240,20,0.26038242009132423,0.47805382572894123,300000000,1.0,0.44804794520547947,0.4831354163202514,0.49,1,False,0
0,ep_463ac0f209f3b54035ba,241,20,0.24975456621004566,0.4778862638841416,300000000,1.0,0.4474885844748859,0.481193750998168,0.49,1,False,0
0,ep_463ac0f209f3b54035ba,242,20,0.17144406392694064,0.47670669947699956,300000000,1.0,0.4402168949771689,0.481682108313882,0.49,1,False,0
0,ep_463ac0f209f3b54035ba,243,20,0.20976027397260272,0.4782211529752987,300000000,1.0,0.4463698630136987,0.48249166264536564,0.49,1,False,0
0,ep_463ac0f209f3b54035ba,244,20,0.25059360730593605,0.4807034030862866,300000000,1.0,0.4519634703196347,0.48425379731115387,0.49,1,False,0
0,ep_463ac0f209f3b54035ba,245,20,0.26485730593607304,0.4743119267870149,300000000,1.0,0.4536415525114155,0.481193750998168,0.49,1,False,0
0,ep_463ac0f209f3b54035ba,246,20,0.32834474885844744,0.47653723384600566,300000000,1.0,0.47321917808219177,0.48249166264536564,0.49,1,False,0
0,ep_463ac0f209f3b54035ba,247,20,0.20724315068493152,0.4787217344830462,300000000,1.0,0.47377853881278537,0.4837757570924079,0.49,1,False,0
0,ep_463ac0f209f3b54035ba,248,20,0.26989155251141556,0.47755043343013326,300000000,1.0,0.4474885844748859,0.4828139686527834,0.49,1,False,0
0,ep_463ac0f209f3b54035ba,249,20,0.3451255707762557,0.481193750998168,300000000,1.0,0.47993150684931507,0.48457144520482315,0.49,1,False,0
0,ep_463ac0f209f3b54035ba,250,20,0.26905251141552505,0.47602738542367423,300000000,1.0,0.458675799086758,0.48233018614913176,0.49,1,False,0
0,ep_463ac0f209f3b54035ba,251,20,0.2475171232876712,0.47704490960768997,300000000,1.0,0.4603538812785388,0.4808670746949084,0.49,1,False,0
0,ep_463ac0f209f3b54035ba,252,21,0.29422374429223735,0.47585694950978574,300000000,1.0,0.45979452054794523,0.4813567570487836,0.49,1,False,0
0,ep_463ac0f209f3b54035ba,253,21,0.16529109589041097,0.47653723384600566,300000000,1.0,0.4609132420091324,0.4820065829149713,0.49,1,False,0
0,ep_463ac0f209f3b54035ba,254,21,0.1683675799086758,0.47670669947699956,300000000,1.0,0.4211986301369863,0.4807034030862866,0.49,1,False,0
0,ep_463ac0f209f3b54035ba,255,21,0.2869520547945205,0.47704490960768997,300000000,1.0,0.45308219178082193,0.4839353137752323,0.49,1,False,0
0,ep_463ac0f209f3b54035ba,256,21,0.08348458904109587,0.47585694950978574,300000000,1.0,0.4435730593607306,0.4807034030862866,0.49,1,False,0
0,ep_463ac0f209f3b54035ba,257,21,0.21115867579908673,0.4753441714330262,300000000,1.0,0.4631506849315069,0.48233018614913176,0.49,1,False,0
0,ep_463ac0f209f3b54035ba,258,21,0.26401826484018265,0.47704490960768997,300000000,1.0,0.4363013698630137,0.48233018614913176,0.49,1,False,0
0,ep_463ac0f209f3b54035ba,259,21,0.1448744292237443,0.4763675268108413,300000000,1.0,0.40329908675799087,0.4818444548651898,0.49,1,False,0
0,ep_463ac0f209f3b54035ba,260,21,0.09355308219178082,0.4732706172282698,300000000,1.0,0.37980593607305935,0.4805395082636257,0.49,1,False,0
0,ep_463ac0f209f3b54035ba,261,21,0.2170319634703196,0.47551534330723905,300000000,1.0,0.45308219178082193,0.4815195425973572,0.49,1,False,0
0,ep_463ac0f209f3b54035ba,262,21,0.20752283105022834,0.47568626906790223,300000000,1.0,0.43686073059360736,0.481682108313882,0.49,1,False,0
0,ep_463ac0f209f3b54035ba,263,21,0.19549657534246573,0.47653723384600566,300000000,1.0,0.4402168949771689,0.481193750998168,0.49,1,False,0
0,ep_463ac0f209f3b54035ba,264,22,0.14263698630136987,0.4753441714330262,300000000,1.0,0.4262328767123288,0.4808670746949084,0.49,1,False,0
0,ep_463ac0f209f3b54035ba,265,22,0.27212899543378993,0.48103052377233546,300000000,1.0,0.47377853881278537,0.4853619411627678,0.49,1,False,0
0,ep_463ac0f209f3b54035ba,266,22,0.12823344748858442,0.4763675268108413,300000000,1.0,0.43965753424657533,0.4818444548651898,0.49,1,False,0
0,ep_463ac0f209f3b54035ba,267,22,0.21003995433789951,0.47551534330723905,300000000,1.0,0.4463698630136987,0.48329581988028203,0.49,1,False,0
0,ep_463ac0f209f3b54035ba,268,22,0.276324200913242,0.47721365563845347,300000000,1.0,0.4536415525114155,0.4820065829149713,0.49,1,False,0
0,ep_463ac0f209f3b54035ba,269,22,0.28135844748858446,0.47704490960768997,300000000,1.0,0.45699771689497715,0.48265292326382214,0.49,1,False,0
0,ep_463ac0f209f3b54035ba,270,22,0.28135844748858446,0.47704490960768997,300000000,1.0,0.45587899543378996,0.4831354163202514,0.49,1,False,0
0,ep_463ac0f209f3b54035ba,271,22,0.3652625570776256,0.4785551066200114,300000000,1.0,0.45979452054794523,0.4828139686527834,0.49,1,False,0
0,ep_463ac0f209f3b54035ba,272,22,0.3400913242009132,0.48249166264536564,300000000,1.0,0.4469292237442922,0.486147320581538,0.49,1,False,0
0,ep_463ac0f209f3b54035ba,273,22,0.27436643835616437,0.47922023094828586,300000000,1.0,0.4385388127853881,0.48504636096011894,0.49,1,False,0
0,ep_463ac0f209f3b54035ba,274,22,0.1784360730593607,0.4773821633272317,300000000,1.0,0.42455479452054795,0.48216849312379584,0.49,1,False,0
0,ep_463ac0f209f3b54035ba,275,22,0.18710616438356165,0.47653723384600566,300000000,1.0,0.44133561643835617,0.48103052377233546,0.49,1,False,0
0,ep_463ac0f209f3b54035ba,276,23,0.10683789954337894,0.47568626906790223,300000000,1.0,0.4049771689497717,0.4803753895408163,0.49,1,False,0
0,ep_463ac0f209f3b54035ba,277,23,0.13466609589041093,0.4748291711210359,300000000,1.0,0.45028538812785385,0.4805395082636257,0.49,1,False,0
0,ep_463ac0f209f3b54035ba,278,23,0.23856735159817352,0.4730961716898062,300000000,1.0,0.44581050228310504,0.4800464776338629,0.49,1,False,0
0,ep_463ac0f209f3b54035ba,279,23,0.23213470319634705,0.47721365563845347,300000000,1.0,0.4223173515981735,0.4829747994575083,0.49,1,False,0
0,ep_463ac0f209f3b54035ba,280,23,0.19269977168949767,0.47396583964215955,300000000,1.0,0.42455479452054795,0.481193750998168,0.49,1,False,0
0,ep_463ac0f209f3b54035ba,281,23,0.16892694063926936,0.47670669947699956,300000000,1.0,0.43126712328767125,0.48249166264536564,0.49,1,False,0
0,ep_463ac0f209f3b54035ba,282,23,0.16892694063926936,0.47805382572894123,300000000,1.0,0.41336757990867584,0.4834560107739031,0.49,1,False,0
0,ep_463ac0f209f3b54035ba,283,23,0.22570205479452052,0.47755043343013326,300000000,1.0,0.43238584474885844,0.48233018614913176,0.49,1,False,0
0,ep_463ac0f209f3b54035ba,284,23,0.1605365296803653,0.47585694950978574,300000000,1.0,0.4295890410958904,0.4829747994575083,0.49,1,False,0
0,ep_463ac0f209f3b54035ba,285,23,0.2693321917808219,0.47704490960768997,300000000,1.0,0.4329452054794521,0.4818444548651898,0.49,1,False,0
0,ep_463ac0f209f3b54035ba,286,23,0.13117009132420085,0.47670669947699956,300000000,1.0,0.408892694063927,0.48233018614913176,0.49,1,False,0
0,ep_463ac0f209f3b54035ba,287,23,0.2752054794520548,0.47755043343013326,300000000,1.0,0.4491666666666667,0.481682108313882,0.49,1,False,0
0,ep_4a2d3385ab17f656ba11,0,0,0.18398740310077513,0.3255921052631579,300000000,1.0,0.300077519379845,0.4682401315789472,0.49,1,False,0
0,ep_4a2d3385ab17f656ba11,1,0,0.18018895348837205,0.3312335526315788,300000000,1.0,0.373672480620155,0.39046874999999986,0.49,1,False,0
0,ep_4a2d3385ab17f656ba11,2,0,0.17235465116279064,0.32357730263157897,300000000,1.0,0.3556298449612403,0.3816036184210525,0.49,1,False,0
0,ep_4a2d3385ab17f656ba11,3,0,0.18968507751937985,0.3783799342105262,300000000,1.0,0.36322674418604656,0.4617927631578947,0.49,1,False,0
0,ep_4a2d3385ab17f656ba11,4,0,0.16808139534883718,0.34976973684210505,300000000,1.0,0.3807945736434108,0.4013486842105263,0.49,1,False,0
0,ep_4a2d3385ab17f656ba11,5,0,0.16546996124031005,0.39006578947368403,300000000,1.0,0.350406976744186,0.460986842105263,0.49,1,False,0
0,ep_4a2d3385ab17f656ba11,6,0,0.177577519379845,0.4440624999999998,300000000,1.0,0.2886821705426357,0.4771052631578946,0.49,1,False,0
0,ep_4a2d3385ab17f656ba11,7,0,0.18185077519379844,0.40054276315789455,300000000,1.0,0.32619186046511633,0.4674342105263158,0.49,1,False,0
0,ep_4a2d3385ab17f656ba11,8,0,0.1462403100775193,0.3255921052631579,300000000,1.0,0.2858333333333333,0.42552631578947364,0.49,1,False,0
0,ep_4a2d3385ab17f656ba11,9,0,0.13816860465116276,0.40940789473684197,300000000,1.0,0.24452519379844959,0.4617927631578947,0.49,1,False,0
0,ep_4a2d3385ab17f656ba11,10,0,0.17662790697674413,0.36508223684210517,300000000,1.0,0.32714147286821704,0.4488980263157893,0.49,1,False,0
0,ep_4a2d3385ab17f656ba11,11,0,0.18992248062015502,0.35742598684210514,300000000,1.0,0.3746220930232559,0.46018092105263153,0.49,1,False,0
0,ep_4a2d3385ab17f656ba11,12,1,0.15692344961240307,0.37797697368421035,300000000,1.0,0.3304651162790698,0.44809210526315785,0.49,1,False,0
0,ep_4a2d3385ab17f656ba11,13,1,0.12439922480620147,0.327203947368421,300000000,1.0,0.35800387596899236,0.40054276315789455,0.49,1,False,0
0,ep_4a2d3385ab17f656ba11,14,1,0.10683139534883719,0.32357730263157897,300000000,1.0,0.297703488372093,0.3775740131578945,0.49,1,False,0
0,ep_4a2d3385ab17f656ba11,15,1,0.11074854651162783,0.3288157894736842,300000000,1.0,0.32714147286821704,0.39893092105263145,0.49,1,False,0
0,ep_4a2d3385ab17f656ba11,16,1,0.15098837209302327,0.3360690789473684,300000000,1.0,0.32144379844961246,0.4400328947368419,0.49,1,False,0
0,ep_4a2d3385ab17f656ba11,17,1,0.13840600775193795,0.319547697368421,300000000,1.0,0.2734883720930233,0.3481578947368421,0.49,1,False,0
0,ep_4a2d3385ab17f656ba11,18,1,0.12819767441860458,0.31632401315789466,300000000,1.0,0.2734883720930233,0.36830592105263155,0.49,1,False,0
0,ep_4a2d3385ab17f656ba11,19,1,0.15478682170542626,0.3259950657894735,300000000,1.0,0.29912790697674424,0.4102138157894737,0.49,1,False,0
0,ep_4a2d3385ab17f656ba11,20,1,0.17259205426356586,0.38200657894736834,300000000,1.0,0.29627906976744184,0.4206907894736842,0.49,1,False,0
0,ep_4a2d3385ab17f656ba11,21,1,0.16926841085271313,0.3485608552631577,300000000,1.0,0.3010271317829457,0.4239144736842105,0.49,1,False,0
0,ep_4a2d3385ab17f656ba11,22,1,0.11858284883720921,0.32357730263157897,300000000,1.0,0.3219186046511628,0.3896628289473682,0.49,1,False,0
0,ep_4a2d3385ab17f656ba11,23,1,0.21105135658914723,0.3771710526315789,300000000,1.0,0.41308139534883725,0.4617927631578947,0.49,1,False,0
0,ep_4a2d3385ab17f656ba11,24,2,0.14006782945736437,0.33244243421052627,300000000,1.0,0.36322674418604656,0.40094572368421044,0.49,1,False,0
0,ep_4a2d3385ab17f656ba11,25,2,0.1315213178294573,0.38845394736842087,300000000,1.0,0.32856589147286824,0.476299342105263,0.49,1,False,0
0,ep_4a2d3385ab17f656ba11,26,2,0.11870155038759687,0.29819078947368405,300000000,1.0,0.3684496124031008,0.38200657894736834,0.49,1,False,0
0,ep_4a2d3385ab17f656ba11,27,2,0.1310465116279069,0.38120065789473684,300000000,1.0,0.43777131782945744,0.46501644736842096,0.49,1,False,0
0,ep_4a2d3385ab17f656ba11,28,2,0.15502422480620157,0.38200657894736834,300000000,1.0,0.37557170542635665,0.4738815789473683,0.49,1,False,0
0,ep_4a2d3385ab17f656ba11,29,2,0.1338953488372093,0.34291940789473685,300000000,1.0,0.27871124031007755,0.369111842105263,0.49,1,False,0
0,ep_4a2d3385ab17f656ba11,30,2,0.12143168604651158,0.34574013157894734,300000000,1.0,0.2701647286821705,0.39812499999999995,0.49,1,False,0
0,ep_4a2d3385ab17f656ba11,31,2,0.11573401162790699,0.34735197368421045,300000000,1.0,0.20440406976744185,0.4025575657894736,0.49,1,False,0
0,ep_4a2d3385ab17f656ba11,32,2,0.13911821705426347,0.36508223684210517,300000000,1.0,0.253546511627907,0.41907894736842105,0.49,1,False,0
0,ep_4a2d3385ab17f656ba11,33,2,0.1319961240310077,0.4001398026315787,300000000,1.0,0.2882073643410853,0.46501644736842096,0.49,1,False,0
0,ep_4a2d3385ab17f656ba11,34,2,0.11264777131782945,0.35984374999999996,300000000,1.0,0.25829457364341085,0.4617927631578947,0.49,1,False,0
0,ep_4a2d3385ab17f656ba11,35,2,0.11573401162790699,0.37555921052631575,300000000,1.0,0.2958042635658915,0.45050986842105245,0.49,1,False,0
0,ep_4a2d3385ab17f656ba11,36,3,0.11703972868217055,0.37555921052631575,300000000,1.0,0.3200193798449612,0.4682401315789472,0.49,1,False,0
0,ep_4a2d3385ab17f656ba11,37,3,0.17544089147286823,0.3799917763157894,300000000,1.0,0.34423449612403106,0.4263322368421051,0.49,1,False,0
0,ep_4a2d3385ab17f656ba11,38,3,0.18564922480620158,0.41988486842105255,300000000,1.0,0.3594282945736435,0.4754934210526315,0.49,1,False,0
0,ep_4a2d3385ab17f656ba11,39,3,0.09401162790697666,0.3344572368421051,300000000,1.0,0.2369282945736434,0.36306743421052623,0.49,1,False,0
0,ep_4a2d3385ab17f656ba11,40,3,0.13342054263565892,0.3542023026315788,300000000,1.0,0.29960271317829457,0.4392269736842105,0.49,1,False,0
0,ep_4a2d3385ab17f656ba11,41,3,0.14742732558139537,0.3803947368421052,300000000,1.0,0.2559205426356589,0.41343749999999996,0.49,1,False,0
0,ep_4a2d3385ab17f656ba11,42,3,0.11193556201550388,0.3993338815789473,300000000,1.0,0.28061046511627913,0.47307565789473666,0.49,1,False,0
0,ep_4a2d3385ab17f656ba11,43,3,0.09970930232558137,0.32357730263157897,300000000,1.0,0.25402131782945736,0.3707236842105263,0.49,1,False,0
0,ep_4a2d3385ab17f656ba11,44,3,0.08475290697674416,0.33324835526315777,300000000,1.0,0.30530038759689915,0.3816036184210525,0.49,1,False,0
0,ep_4a2d3385ab17f656ba11,45,3,0.1426792635658914,0.32196546052631575,300000000,1.0,0.26684108527131783,0.36588815789473667,0.49,1,False,0
0,ep_4a2d3385ab17f656ba11,46,3,0.11086724806201548,0.33768092105263153,300000000,1.0,0.30387596899224806,0.38361842105263144,0.49,1,False,0
0,ep_4a2d3385ab17f656ba11,47,3,0.1329457364341085,0.3783799342105262,300000000,1.0,0.3057751937984496,0.4754934210526315,0.49,1,False,0
0,ep_4a2d3385ab17f656ba11,48,4,0.10635658914728684,0.38200657894736834,300000000,1.0,0.2616182170542636,0.4698519736842104,0.49,1,False,0
0,ep_4a2d3385ab17f656ba11,49,4,0.12748546511627903,0.31753289473684193,300000000,1.0,0.300077519379845,0.41988486842105255,0.49,1,False,0
0,ep_4a2d3385ab17f656ba11,50,4,0.12297480620155034,0.3872450657894736,300000000,1.0,0.41830426356589157,0.4658223684210524,0.49,1,False,0
0,ep_4a2d3385ab17f656ba11,51,4,0.14718992248062007,0.3703207236842105,300000000,1.0,0.2592441860465116,0.42794407894736824,0.49,1,False,0
0,ep_4a2d3385ab17f656ba11,52,4,0.1524127906976744,0.3521874999999999,300000000,1.0,0.2877325581395349,0.4206907894736842,0.49,1,False,0
0,ep_4a2d3385ab17f656ba11,53,4,0.16143410852713175,0.4182730263157894,300000000,1.0,0.3195445736434108,0.47307565789473666,0.49,1,False,0
0,ep_4a2d3385ab17f656ba11,54,4,0.14552810077519376,0.36508223684210517,300000000,1.0,0.25544573643410856,0.4106167763157893,0.49,1,False,0
0,ep_4a2d3385ab17f656ba11,55,4,0.09507994186046505,0.30625,300000000,1.0,0.20345445736434103,0.3445312499999998,0.49,1,False,0
0,ep_4a2d3385ab17f656ba11,56,4,0.1564486434108527,0.3465460526315787,300000000,1.0,0.25164728682170545,0.4408388157894736,0.49,1,False,0
0,ep_4a2d3385ab17f656ba11,57,4,0.16974321705426348,0.3771710526315789,300000000,1.0,0.30387596899224806,0.4488980263157893,0.49,1,False,0
0,ep_4a2d3385ab17f656ba11,58,4,0.14813953488372092,0.36830592105263155,300000000,1.0,0.2981782945736435,0.43439144736842106,0.49,1,False,0
0,ep_4a2d3385ab17f656ba11,59,4,0.1467151162790697,0.39691611842105246,300000000,1.0,0.39788759689922487,0.46501644736842096,0.49,1,False,0
0,ep_4a2d3385ab17f656ba11,60,5,0.1581104651162791,0.3666940789473684,300000000,1.0,0.33141472868217053,0.4722697368421052,0.49,1,False,0
0,ep_4a2d3385ab17f656ba11,61,5,0.14244186046511623,0.3795888157894735,300000000,1.0,0.24096414728682167,0.4722697368421052,0.49,1,False,0
0,ep_4a2d3385ab17f656ba11,62,5,0.1562112403100775,0.3892598684210526,300000000,1.0,0.25829457364341085,0.4513157894736841,0.49,1,False,0
0,ep_4a2d3385ab17f656ba11,63,5,0.192296511627907,0.4122286184210524,300000000,1.0,0.3390116279069767,0.47307565789473666,0.49,1,False,0
0,ep_4a2d3385ab17f656ba11,64,5,0.1621463178294574,0.39087171052631575,300000000,1.0,0.32096899224806197,0.47307565789473666,0.49,1,False,0
0,ep_4a2d3385ab17f656ba11,65,5,0.1488517441860465,0.37394736842105264,300000000,1.0,0.23502906976744187,0.4295559210526316,0.49,1,False,0
0,ep_4a2d3385ab17f656ba11,66,5,0.15003875968992245,0.3932894736842103,300000000,1.0,0.30055232558139533,0.460986842105263,0.49,1,False,0
0,ep_4a2d3385ab17f656ba11,67,5,0.14552810077519376,0.37636513157894724,300000000,1.0,0.30197674418604653,0.4231085526315788,0.49,1,False,0
0,ep_4a2d3385ab17f656ba11,68,5,0.11893895348837205,0.30625,300000000,1.0,0.3162209302325582,0.41182565789473685,0.49,1,False,0
0,ep_4a2d3385ab17f656ba11,69,5,0.13840600775193795,0.30625,300000000,1.0,0.30909883720930237,0.35259046052631576,0.49,1,False,0
0,ep_4a2d3385ab17f656ba11,70,5,0.08605862403100774,0.29819078947368405,300000000,1.0,0.25307170542635665,0.34574013157894734,0.49,1,False,0
0,ep_4a2d3385ab17f656ba11,71,5,0.12178779069767441,0.33042763157894733,300000000,1.0,0.23218023255813952,0.36548519736842106,0.49,1,False,0
0,ep_4a2d3385ab17f656ba11,72,6,0.1476647286821706,0.34574013157894734,300000000,1.0,0.23740310077519375,0.39127467105263153,0.49,1,False,0
0,ep_4a2d3385ab17f656ba11,73,6,0.1908720930232558,0.39046874999999986,300000000,1.0,0.3057751937984496,0.47146381578947355,0.49,1,False,0
0,ep_4a2d3385ab17f656ba11,74,6,0.1735416666666667,0.3646792763157894,300000000,1.0,0.2630426356589147,0.4098108552631578,0.49,1,False,0
0,ep_4a2d3385ab17f656ba11,75,6,0.1336579457364341,0.31712993421052615,300000000,1.0,0.23930232558139536,0.36427631578947356,0.49,1,False,0
0,ep_4a2d3385ab17f656ba11,76,6,0.15597383720930233,0.3288157894736842,300000000,1.0,0.28535852713178295,0.3791858552631579,0.49,1,False,0
0,ep_4a2d3385ab17f656ba11,77,6,0.1300968992248062,0.3336513157894736,300000000,1.0,0.35800387596899236,0.4408388157894736,0.49,1,False,0
0,ep_4a2d3385ab17f656ba11,78,6,0.10908672480620152,0.3131003289473684,300000000,1.0,0.3242926356589148,0.4674342105263158,0.49,1,False,0
0,ep_4a2d3385ab17f656ba11,79,6,0.1319961240310077,0.32196546052631575,300000000,1.0,0.3936143410852714,0.38200657894736834,0.49,1,False,0
0,ep_4a2d3385ab17f656ba11,80,6,0.15312499999999998,0.35379934210526304,300000000,1.0,0.4862015503875969,0.4311677631578947,0.49,1,False,0
0,ep_4a2d3385ab17f656ba11,81,6,0.13603197674418596,0.39893092105263145,300000000,1.0,0.3860174418604652,0.4674342105263158,0.49,1,False,0
0,ep_4a2d3385ab17f656ba11,82,6,0.21651162790697676,0.3973190789473683,300000000,1.0,0.4012112403100776,0.46421052631578946,0.49,1,False,0
0,ep_4a2d3385ab17f656ba11,83,6,0.16523255813953483,0.34171052631578935,300000000,1.0,0.3015019379844961,0.4440624999999998,0.49,1,False,0
0,ep_4a2d3385ab17f656ba11,84,7,0.11798934108527132,0.3131003289473684,300000000,1.0,0.2397771317829457,0.3795888157894735,0.49,1,False,0
0,ep_4a2d3385ab17f656ba11,85,7,0.13413275193798446,0.31833881578947365,300000000,1.0,0.22885658914728682,0.35742598684210514,0.49,1,False,0
0,ep_4a2d3385ab17f656ba11,86,7,0.13983042635658918,0.35621710526315786,300000000,1.0,0.2630426356589147,0.47307565789473666,0.49,1,False,0
0,ep_4a2d3385ab17f656ba11,87,7,0.16499515503875967,0.41504934210526306,300000000,1.0,0.28630813953488365,0.47307565789473666,0.49,1,False,0
0,ep_4a2d3385ab17f656ba11,88,7,0.18754844961240308,0.37555921052631575,300000000,1.0,0.29010658914728676,0.4529276315789473,0.49,1,False,0
0,ep_4a2d3385ab17f656ba11,89,7,0.1488517441860465,0.37636513157894724,300000000,1.0,0.297703488372093,0.46421052631578946,0.49,1,False,0
0,ep_4a2d3385ab17f656ba11,90,7,0.129859496124031,0.3465460526315787,300000000,1.0,0.3489825581395349,0.40900493421052614,0.49,1,False,0
0,ep_4a2d3385ab17f656ba11,91,7,0.144578488372093,0.33687499999999987,300000000,1.0,0.314796511627907,0.39490131578947346,0.49,1,False,0
0,ep_4a2d3385ab17f656ba11,92,7,0.15075096899224796,0.33284539473684194,300000000,1.0,0.30909883720930237,0.42552631578947364,0.49,1,False,0
0,ep_4a2d3385ab17f656ba11,93,7,0.1564486434108527,0.3441282894736841,300000000,1.0,0.28535852713178295,0.392080592105263,0.49,1,False,0
0,ep_4a2d3385ab17f656ba11,94,7,0.1319961240310077,0.36105263157894724,300000000,1.0,0.282984496124031,0.40618421052631576,0.49,1,False,0
0,ep_4a2d3385ab17f656ba11,95,7,0.17140503875968993,0.36548519736842106,300000000,1.0,0.28108527131782945,0.4408388157894736,0.49,1,False,0
0,ep_4a2d3385ab17f656ba11,96,8,0.18398740310077513,0.3759621710526316,300000000,1.0,0.3166957364341085,0.445674342105263,0.49,1,False,0
0,ep_4a2d3385ab17f656ba11,97,8,0.1851744186046512,0.35621710526315786,300000000,1.0,0.30530038759689915,0.45856907894736837,0.49,1,False,0
0,ep_4a2d3385ab17f656ba11,98,8,0.15953488372093025,0.3131003289473684,300000000,1.0,0.25829457364341085,0.3848273026315788,0.49,1,False,0
0,ep_4a2d3385ab17f656ba11,99,8,0.18303779069767442,0.38079769736842106,300000000,1.0,0.3181201550387597,0.43761513157894727,0.49,1,False,0
0,ep_4a2d3385ab17f656ba11,100,8,0.17591569767441856,0.3759621710526316,300000000,1.0,0.3181201550387597,0.43600328947368416,0.49,1,False,0
0,ep_4a2d3385ab17f656ba11,101,8,0.15407461240310072,0.31632401315789466,300000000,1.0,0.2706395348837209,0.3953042763157893,0.49,1,False,0
0,ep_4a2d3385ab17f656ba11,102,8,0.15597383720930233,0.38603618421052627,300000000,1.0,0.27681201550387596,0.445674342105263,0.49,1,False,0
0,ep_4a2d3385ab17f656ba11,103,8,0.15953488372093025,0.3546052631578947,300000000,1.0,0.35800387596899236,0.4239144736842105,0.49,1,False,0
0,ep_4a2d3385ab17f656ba11,104,8,0.14908914728682165,0.3203536184210526,300000000,1.0,0.32096899224806197,0.3936924342105262,0.49,1,False,0
0,ep_4a2d3385ab17f656ba11,105,8,0.2117635658914729,0.34291940789473685,300000000,1.0,0.37984496124031003,0.3944983552631579,0.49,1,False,0
0,ep_4a2d3385ab17f656ba11,106,8,0.17093023255813955,0.33486019736842093,300000000,1.0,0.3166957364341085,0.4400328947368419,0.49,1,False,0
0,ep_4a2d3385ab17f656ba11,107,8,0.13959302325581388,0.315518092105263,300000000,1.0,0.4111821705426357,0.39812499999999995,0.49,1,False,0
0,ep_4a2d3385ab17f656ba11,108,9,0.20630329457364338,0.3711266447368419,300000000,1.0,0.4154554263565892,0.4658223684210524,0.49,1,False,0
0,ep_4a2d3385ab17f656ba11,109,9,0.19372093023255815,0.34493421052631557,300000000,1.0,0.4648352713178295,0.4231085526315788,0.49,1,False,0
0,ep_4a2d3385ab17f656ba11,110,9,0.17472868217054263,0.33687499999999987,300000000,1.0,0.34091085271317834,0.39651315789473685,0.49,1,False,0
0,ep_4a2d3385ab17f656ba11,111,9,0.16119670542635656,0.3481578947368421,300000000,1.0,0.2967538759689923,0.3985279605263156,0.49,1,False,0
0,ep_4a2d3385ab17f656ba11,112,9,0.15834786821705418,0.396110197368421,300000000,1.0,0.30530038759689915,0.4464802631578947,0.49,1,False,0
0,ep_4a2d3385ab17f656ba11,113,9,0.16808139534883718,0.376768092105263,300000000,1.0,0.3128972868217054,0.4319736842105262,0.49,1,False,0
0,ep_4a2d3385ab17f656ba11,114,9,0.137218992248062,0.31672697368421054,300000000,1.0,0.25639534883720927,0.36185855263157896,0.49,1,False,0
0,ep_4a2d3385ab17f656ba11,115,9,0.1486143410852713,0.3856332236842105,300000000,1.0,0.2825096899224806,0.4617927631578947,0.49,1,False,0
0,ep_4a2d3385ab17f656ba11,116,9,0.1436288759689923,0.3953042763157893,300000000,1.0,0.3200193798449612,0.47307565789473666,0.49,1,False,0
0,ep_4a2d3385ab17f656ba11,117,9,0.15122577519379837,0.33083059210526317,300000000,1.0,0.38031976744186047,0.3719325657894736,0.49,1,False,0
0,ep_4a2d3385ab17f656ba11,118,9,0.1602470930232558,0.33687499999999987,300000000,1.0,0.44964147286821704,0.43842105263157877,0.49,1,False,0
0,ep_4a2d3385ab17f656ba11,119,9,0.17235465116279064,0.355814144736842,300000000,1.0,0.37224806201550387,0.4698519736842104,0.49,1,False,0
0,ep_4a2d3385ab17f656ba11,120,10,0.17069282945736433,0.3340542763157895,300000000,1.0,0.3356879844961241,0.4081990131578947,0.49,1,False,0
0,ep_4a2d3385ab17f656ba11,121,10,0.14030523255813956,0.3340542763157895,300000000,1.0,0.3817441860465117,0.3880509868421051,0.49,1,False,0
0,ep_4a2d3385ab17f656ba11,122,10,0.15906007751937984,0.3747532894736841,300000000,1.0,0.3190697674418605,0.4682401315789472,0.49,1,False,0
0,ep_4a2d3385ab17f656ba11,123,10,0.16119670542635656,0.3816036184210525,300000000,1.0,0.3223934108527132,0.4738815789473683,0.49,1,False,0
0,ep_4a2d3385ab17f656ba11,124,10,0.15122577519379837,0.38079769736842106,300000000,1.0,0.31147286821705433,0.46501644736842096,0.49,1,False,0
0,ep_4a2d3385ab17f656ba11,125,10,0.1581104651162791,0.4263322368421051,300000000,1.0,0.2858333333333333,0.4746875,0.49,1,False,0
0,ep_4a2d3385ab17f656ba11,126,10,0.17306686046511624,0.3400986842105262,300000000,1.0,0.33236434108527135,0.3928865131578947,0.49,1,False,0
0,ep_4a2d3385ab17f656ba11,127,10,0.16262112403100776,0.39651315789473685,300000000,1.0,0.30387596899224806,0.4698519736842104,0.49,1,False,0
0,ep_4a2d3385ab17f656ba11,128,10,0.17662790697674413,0.41746710526315767,300000000,1.0,0.376046511627907,0.4746875,0.49,1,False,0
0,ep_4a2d3385ab17f656ba11,129,10,0.1436288759689923,0.36024671052631557,300000000,1.0,0.23740310077519375,0.3977220394736841,0.49,1,False,0
0,ep_4a2d3385ab17f656ba11,130,10,0.13864341085271312,0.35863486842105263,300000000,1.0,0.3660755813953489,0.4738815789473683,0.49,1,False,0
0,ep_4a2d3385ab17f656ba11,131,10,0.1733042635658914,0.31712993421052615,300000000,1.0,0.33236434108527135,0.42552631578947364,0.49,1,False,0
0,ep_4a2d3385ab17f656ba11,132,11,0.18303779069767442,0.3928865131578947,300000000,1.0,0.3451841085271318,0.4738815789473683,0.49,1,False,0
0,ep_4a2d3385ab17f656ba11,133,11,0.1621463178294574,0.3477549342105263,300000000,1.0,0.3532558139534884,0.4086019736842105,0.49,1,False,0
0,ep_4a2d3385ab17f656ba11,134,11,0.1887354651162791,0.38079769736842106,300000000,1.0,0.323343023255814,0.4472861842105262,0.49,1,False,0
0,ep_4a2d3385ab17f656ba11,135,11,0.1602470930232558,0.4231085526315788,300000000,1.0,0.25022286821705425,0.45695723684210526,0.49,1,False,0
0,ep_4a2d3385ab17f656ba11,136,11,0.1602470930232558,0.3687088815789473,300000000,1.0,0.2663662790697674,0.4472861842105262,0.49,1,False,0
0,ep_4a2d3385ab17f656ba11,137,11,0.15454941860465118,0.340501644736842,300000000,1.0,0.29960271317829457,0.41424342105263146,0.49,1,False,0
0,ep_4a2d3385ab17f656ba11,138,11,0.1600096899224806,0.3131003289473684,300000000,1.0,0.27538759689922476,0.38361842105263144,0.49,1,False,0
0,ep_4a2d3385ab17f656ba11,139,11,0.1486143410852713,0.29456414473684195,300000000,1.0,0.2630426356589147,0.3409046052631579,0.49,1,False,0
0,ep_4a2d3385ab17f656ba11,140,11,0.22933139534883717,0.3880509868421051,300000000,1.0,0.42542635658914735,0.47146381578947355,0.49,1,False,0
0,ep_4a2d3385ab17f656ba11,141,11,0.1735416666666667,0.36548519736842106,300000000,1.0,0.3242926356589148,0.4513157894736841,0.49,1,False,0
0,ep_4a2d3385ab17f656ba11,142,11,0.16499515503875967,0.37152960526315776,300000000,1.0,0.3850678294573643,0.4432565789473682,0.49,1,False,0
0,ep_4a2d3385ab17f656ba11,143,11,0.18280038759689923,0.36548519736842106,300000000,1.0,0.30387596899224806,0.44245065789473675,0.49,1,False,0
0,ep_4a2d3385ab17f656ba11,144,12,0.16333333333333336,0.31712993421052615,300000000,1.0,0.3238178294573643,0.40457236842105254,0.49,1,False,0
0,ep_4a2d3385ab17f656ba11,145,12,0.15502422480620157,0.36508223684210517,300000000,1.0,0.35515503875969,0.445674342105263,0.49,1,False,0
0,ep_4a2d3385ab17f656ba11,146,12,0.12914728682170543,0.39651315789473685,300000000,1.0,0.289156976744186,0.4722697368421052,0.49,1,False,0
0,ep_4a2d3385ab17f656ba11,147,12,0.1562112403100775,0.33687499999999987,300000000,1.0,0.30292635658914735,0.3828124999999998,0.49,1,False,0
0,ep_4a2d3385ab17f656ba11,148,12,0.15146317829457367,0.32357730263157897,300000000,1.0,0.2934302325581395,0.3856332236842105,0.49,1,False,0
0,ep_4a2d3385ab17f656ba11,149,12,0.177577519379845,0.33203947368421044,300000000,1.0,0.36180232558139536,0.38120065789473684,0.49,1,False,0
0,ep_4a2d3385ab17f656ba11,150,12,0.16048449612403098,0.351784539473684,300000000,1.0,0.33141472868217053,0.39893092105263145,0.49,1,False,0
0,ep_4a2d3385ab17f656ba11,151,12,0.1740164728682171,0.3364720394736841,300000000,1.0,0.3470833333333334,0.4513157894736841,0.49,1,False,0
0,ep_4a2d3385ab17f656ba11,152,12,0.1524127906976744,0.3848273026315788,300000000,1.0,0.312422480620155,0.47307565789473666,0.49,1,False,0
0,ep_4a2d3385ab17f656ba11,153,12,0.1374563953488372,0.30947368421052623,300000000,1.0,0.35800387596899236,0.37394736842105264,0.49,1,False,0
0,ep_4a2d3385ab17f656ba11,154,12,0.12677325581395343,0.31350328947368417,300000000,1.0,0.33853682170542637,0.4098108552631578,0.49,1,False,0
0,ep_4a2d3385ab17f656ba11,155,12,0.1903972868217054,0.3445312499999998,300000000,1.0,0.3399612403100776,0.43439144736842106,0.49,1,False,0
0,ep_4a2d3385ab17f656ba11,156,13,0.21200096899224807,0.41746710526315767,300000000,1.0,0.30292635658914735,0.45856907894736837,0.49,1,False,0
0,ep_4a2d3385ab17f656ba11,157,13,0.1851744186046512,0.4126315789473683,300000000,1.0,0.30292635658914735,0.4674342105263158,0.49,1,False,0
0,ep_4a2d3385ab17f656ba11,158,13,0.16095930232558137,0.3396957236842103,300000000,1.0,0.27158914728682165,0.41988486842105255,0.49,1,False,0
0,ep_4a2d3385ab17f656ba11,159,13,0.14172965116279068,0.3054440789473683,300000000,1.0,0.25022286821705425,0.35782894736842097,0.49,1,False,0
0,ep_4a2d3385ab17f656ba11,160,13,0.14908914728682165,0.2977878289473684,300000000,1.0,0.388391472868217,0.33284539473684194,0.49,1,False,0
0,ep_4a2d3385ab17f656ba11,161,13,0.15312499999999998,0.33042763157894733,300000000,1.0,0.3779457364341085,0.4126315789473683,0.49,1,False,0
0,ep_4a2d3385ab17f656ba11,162,13,0.1616715116279069,0.340501644736842,300000000,1.0,0.39931201550387596,0.38845394736842087,0.49,1,False,0
0,ep_4a2d3385ab17f656ba11,163,13,0.17639050387596894,0.36266447368421045,300000000,1.0,0.32619186046511633,0.4106167763157893,0.49,1,False,0
0,ep_4a2d3385ab17f656ba11,164,13,0.1488517441860465,0.35541118421052614,300000000,1.0,0.2497480620155038,0.41746710526315767,0.49,1,False,0
0,ep_4a2d3385ab17f656ba11,165,13,0.1317587209302325,0.4037664473684209,300000000,1.0,0.24927325581395343,0.45695723684210526,0.49,1,False,0
0,ep_4a2d3385ab17f656ba11,166,13,0.14600290697674415,0.3421134868421052,300000000,1.0,0.30197674418604653,0.40900493421052614,0.49,1,False,0
0,ep_4a2d3385ab17f656ba11,167,13,0.1740164728682171,0.31914473684210515,300000000,1.0,0.3375872093023256,0.38845394736842087,0.49,1,False,0
0,ep_4a2d3385ab17f656ba11,168,14,0.16095930232558137,0.3469490131578946,300000000,1.0,0.35847868217054263,0.39409539473684196,0.49,1,False,0
0,ep_4a2d3385ab17f656ba11,169,14,0.13057170542635654,0.33727796052631576,300000000,1.0,0.314796511627907,0.4158552631578945,0.49,1,False,0
0,ep_4a2d3385ab17f656ba11,170,14,0.16713178294573644,0.3848273026315788,300000000,1.0,0.2967538759689923,0.4617927631578947,0.49,1,False,0
0,ep_4a2d3385ab17f656ba11,171,14,0.1740164728682171,0.35742598684210514,300000000,1.0,0.35800387596899236,0.47791118421052636,0.49,1,False,0
0,ep_4a2d3385ab17f656ba11,172,14,0.17425387596899225,0.31672697368421054,300000000,1.0,0.4463178294573643,0.3646792763157894,0.49,1,False,0
0,ep_4a2d3385ab17f656ba11,173,14,0.18113856589147292,0.3634703947368421,300000000,1.0,0.4448934108527132,0.4561513157894736,0.49,1,False,0
0,ep_4a2d3385ab17f656ba11,174,14,0.16784399224806199,0.3824095394736841,300000000,1.0,0.3603779069767442,0.4738815789473683,0.49,1,False,0
0,ep_4a2d3385ab17f656ba11,175,14,0.1892102713178295,0.396110197368421,300000000,1.0,0.3769961240310077,0.47146381578947355,0.49,1,False,0
0,ep_4a2d3385ab17f656ba11,176,14,0.16974321705426348,0.3687088815789473,300000000,1.0,0.3575290697674418,0.47065789473684205,0.49,1,False,0
0,ep_4a2d3385ab17f656ba11,177,14,0.13342054263565892,0.3469490131578946,300000000,1.0,0.3489825581395349,0.4722697368421052,0.49,1,False,0
0,ep_4a2d3385ab17f656ba11,178,14,0.15549903100775195,0.3364720394736841,300000000,1.0,0.3371124031007752,0.40940789473684197,0.49,1,False,0
0,ep_4a2d3385ab17f656ba11,179,14,0.14481589147286822,0.30907072368421046,300000000,1.0,0.36085271317829454,0.3743503289473683,0.49,1,False,0
0,ep_4a2d3385ab17f656ba11,180,15,0.16309593023255817,0.3848273026315788,300000000,1.0,0.3746220930232559,0.4682401315789472,0.49,1,False,0
0,ep_4a2d3385ab17f656ba11,181,15,0.1602470930232558,0.3413075657894735,300000000,1.0,0.31004844961240313,0.41988486842105255,0.49,1,False,0
0,ep_4a2d3385ab17f656ba11,182,15,0.14386627906976746,0.2885197368421052,300000000,1.0,0.28203488372093016,0.3344572368421051,0.49,1,False,0
0,ep_4a2d3385ab17f656ba11,183,15,0.16523255813953483,0.3735444078947368,300000000,1.0,0.3684496124031008,0.43600328947368416,0.49,1,False,0
0,ep_4a2d3385ab17f656ba11,184,15,0.17781492248062006,0.4106167763157893,300000000,1.0,0.31147286821705433,0.4771052631578946,0.49,1,False,0
0,ep_4a2d3385ab17f656ba11,185,15,0.20108042635658918,0.396110197368421,300000000,1.0,0.4121317829457365,0.4746875,0.49,1,False,0
0,ep_4a2d3385ab17f656ba11,186,15,0.18208817829457366,0.39973684210526317,300000000,1.0,0.4064341085271318,0.4746875,0.49,1,False,0
0,ep_4a2d3385ab17f656ba11,187,15,0.17140503875968993,0.33203947368421044,300000000,1.0,0.32144379844961246,0.3957072368421052,0.49,1,False,0
0,ep_4a2d3385ab17f656ba11,188,15,0.15668604651162787,0.3288157894736842,300000000,1.0,0.4102325581395349,0.3944983552631579,0.49,1,False,0
0,ep_4a2d3385ab17f656ba11,189,15,0.16736918604651166,0.33244243421052627,300000000,1.0,0.3836434108527132,0.47307565789473666,0.49,1,False,0
0,ep_4a2d3385ab17f656ba11,190,15,0.21508720930232553,0.3280098684210525,300000000,1.0,0.3807945736434108,0.39046874999999986,0.49,1,False,0
0,ep_4a2d3385ab17f656ba11,191,15,0.1804263565891472,0.369111842105263,300000000,1.0,0.36987403100775196,0.4738815789473683,0.49,1,False,0
0,ep_4a2d3385ab17f656ba11,192,16,0.17686531007751932,0.3936924342105262,300000000,1.0,0.38981589147286827,0.4746875,0.49,1,False,0
0,ep_4a2d3385ab17f656ba11,193,16,0.16072189922480615,0.31350328947368417,300000000,1.0,0.3138468992248062,0.4311677631578947,0.49,1,False,0
0,ep_4a2d3385ab17f656ba11,194,16,0.14600290697674415,0.3570230263157893,300000000,1.0,0.32096899224806197,0.4182730263157894,0.49,1,False,0
0,ep_4a2d3385ab17f656ba11,195,16,0.1312839147286821,0.3413075657894735,300000000,1.0,0.3138468992248062,0.3977220394736841,0.49,1,False,0
0,ep_4a2d3385ab17f656ba11,196,16,0.1581104651162791,0.36105263157894724,300000000,1.0,0.4558139534883721,0.4682401315789472,0.49,1,False,0
0,ep_4a2d3385ab17f656ba11,197,16,0.17116763565891474,0.35541118421052614,300000000,1.0,0.352781007751938,0.40054276315789455,0.49,1,False,0
0,ep_4a2d3385ab17f656ba11,198,16,0.17069282945736433,0.35299342105263154,300000000,1.0,0.34138565891472866,0.449703947368421,0.49,1,False,0
0,ep_4a2d3385ab17f656ba11,199,16,0.17781492248062006,0.40054276315789455,300000000,1.0,0.3950387596899225,0.4698519736842104,0.49,1,False,0
0,ep_4a2d3385ab17f656ba11,200,16,0.16357073643410852,0.3711266447368419,300000000,1.0,0.3546802325581395,0.43761513157894727,0.49,1,False,0
0,ep_4a2d3385ab17f656ba11,201,16,0.18564922480620158,0.3469490131578946,300000000,1.0,0.39076550387596903,0.42713815789473675,0.49,1,False,0
0,ep_4a2d3385ab17f656ba11,202,16,0.1505135658914728,0.36588815789473667,300000000,1.0,0.33283914728682173,0.40416940789473665,0.49,1,False,0
0,ep_4a2d3385ab17f656ba11,203,16,0.1279602713178294,0.3477549342105263,300000000,1.0,0.2611434108527132,0.39691611842105246,0.49,1,False,0
0,ep_4a2d3385ab17f656ba11,204,17,0.11620881782945737,0.3550082236842103,300000000,1.0,0.3556298449612403,0.45856907894736837,0.49,1,False,0
0,ep_4a2d3385ab17f656ba11,205,17,0.09781007751937976,0.28408717105263137,300000000,1.0,0.361327519379845,0.38402138157894733,0.49,1,False,0
0,ep_4a2d3385ab17f656ba11,206,17,0.12914728682170543,0.31229440789473667,300000000,1.0,0.33093992248062015,0.3848273026315788,0.49,1,False,0
0,ep_4a2d3385ab17f656ba11,207,17,0.19585755813953482,0.3550082236842103,300000000,1.0,0.3850678294573643,0.45050986842105245,0.49,1,False,0
0,ep_4a2d3385ab17f656ba11,208,17,0.20013081395348828,0.35339638157894737,300000000,1.0,0.4567635658914729,0.4674342105263158,0.49,1,False,0
0,ep_4a2d3385ab17f656ba11,209,17,0.1733042635658914,0.38845394736842087,300000000,1.0,0.31764534883720935,0.4722697368421052,0.49,1,False,0
0,ep_4a2d3385ab17f656ba11,210,17,0.21888565891472872,0.38684210526315777,300000000,1.0,0.4088081395348837,0.47146381578947355,0.49,1,False,0
0,ep_4a2d3385ab17f656ba11,211,17,0.17306686046511624,0.3400986842105262,300000000,1.0,0.3774709302325582,0.4206907894736842,0.49,1,False,0
0,ep_4a2d3385ab17f656ba11,212,17,0.17496608527131785,0.3481578947368421,300000000,1.0,0.34565891472868215,0.42874999999999996,0.49,1,False,0
0,ep_4a2d3385ab17f656ba11,213,17,0.17282945736434105,0.3364720394736841,300000000,1.0,0.346608527131783,0.41182565789473685,0.49,1,False,0
0,ep_4a2d3385ab17f656ba11,214,17,0.18185077519379844,0.3421134868421052,300000000,1.0,0.42542635658914735,0.4738815789473683,0.49,1,False,0
0,ep_4a2d3385ab17f656ba11,215,17,0.16641957364341087,0.319547697368421,300000000,1.0,0.34138565891472866,0.3727384868421051,0.49,1,False,0
0,ep_4a2d3385ab17f656ba11,216,18,0.17544089147286823,0.34332236842105246,300000000,1.0,0.38031976744186047,0.41746710526315767,0.49,1,False,0
0,ep_4a2d3385ab17f656ba11,217,18,0.1773401162790697,0.38603618421052627,300000000,1.0,0.3200193798449612,0.4698519736842104,0.49,1,False,0
0,ep_4a2d3385ab17f656ba11,218,18,0.2098643410852713,0.3719325657894736,300000000,1.0,0.36465116279069765,0.4722697368421052,0.49,1,False,0
0,ep_4a2d3385ab17f656ba11,219,18,0.20108042635658918,0.392080592105263,300000000,1.0,0.4031104651162791,0.45050986842105245,0.49,1,False,0
0,ep_4a2d3385ab17f656ba11,220,18,0.1787645348837209,0.3203536184210526,300000000,1.0,0.3874418604651163,0.40416940789473665,0.49,1,False,0
0,ep_4a2d3385ab17f656ba11,221,18,0.21532461240310083,0.3396957236842103,300000000,1.0,0.45913759689922484,0.43842105263157877,0.49,1,False,0
0,ep_4a2d3385ab17f656ba11,222,18,0.1581104651162791,0.3493667763157894,300000000,1.0,0.40073643410852716,0.3824095394736841,0.49,1,False,0
0,ep_4a2d3385ab17f656ba11,223,18,0.1894476744186047,0.3268009868421052,300000000,1.0,0.3565794573643411,0.38684210526315777,0.49,1,False,0
0,ep_4a2d3385ab17f656ba11,224,18,0.20630329457364338,0.3634703947368421,300000000,1.0,0.38981589147286827,0.45695723684210526,0.49,1,False,0
0,ep_4a2d3385ab17f656ba11,225,18,0.15478682170542626,0.3634703947368421,300000000,1.0,0.3917151162790698,0.42713815789473675,0.49,1,False,0
0,ep_4a2d3385ab17f656ba11,226,18,0.1887354651162791,0.38200657894736834,300000000,1.0,0.3603779069767442,0.4513157894736841,0.49,1,False,0
0,ep_4a2d3385ab17f656ba11,227,18,0.19894379844961238,0.3461430921052631,300000000,1.0,0.4320736434108527,0.43358552631578934,0.49,1,False,0
0,ep_4a2d3385ab17f656ba11,228,19,0.13223352713178285,0.34976973684210505,300000000,1.0,0.33141472868217053,0.38402138157894733,0.49,1,False,0
0,ep_4a2d3385ab17f656ba11,229,19,0.1462403100775193,0.3139062499999999,300000000,1.0,0.34423449612403106,0.373141447368421,0.49,1,False,0
0,ep_4a2d3385ab17f656ba11,230,19,0.1350823643410852,0.3014144736842103,300000000,1.0,0.39551356589147285,0.35984374999999996,0.49,1,False,0
0,ep_4a2d3385ab17f656ba11,231,19,0.15454941860465118,0.3207565789473683,300000000,1.0,0.29627906976744184,0.39691611842105246,0.49,1,False,0
0,ep_4a2d3385ab17f656ba11,232,19,0.15502422480620157,0.3268009868421052,300000000,1.0,0.3128972868217054,0.4295559210526316,0.49,1,False,0
0,ep_4a2d3385ab17f656ba11,233,19,0.19372093023255815,0.35984374999999996,300000000,1.0,0.33141472868217053,0.41988486842105255,0.49,1,False,0
0,ep_4a2d3385ab17f656ba11,234,19,0.177577519379845,0.3268009868421052,300000000,1.0,0.3470833333333334,0.4690460526315789,0.49,1,False,0
0,ep_4a2d3385ab17f656ba11,235,19,0.19015988372093023,0.3356661184210526,300000000,1.0,0.4073837209302325,0.3924835526315789,0.49,1,False,0
0,ep_4a2d3385ab17f656ba11,236,19,0.18588662790697674,0.36185855263157896,300000000,1.0,0.3936143410852714,0.41504934210526306,0.49,1,False,0
0,ep_4a2d3385ab17f656ba11,237,19,0.14837693798449614,0.3380838815789472,300000000,1.0,0.35800387596899236,0.4029605263157894,0.49,1,False,0
0,ep_4a2d3385ab17f656ba11,238,19,0.14837693798449614,0.34291940789473685,300000000,1.0,0.2877325581395349,0.449703947368421,0.49,1,False,0
0,ep_4a2d3385ab17f656ba11,239,19,0.144578488372093,0.36105263157894724,300000000,1.0,0.2825096899224806,0.4698519736842104,0.49,1,False,0
0,ep_4a2d3385ab17f656ba11,240,20,0.1894476744186047,0.3413075657894735,300000000,1.0,0.3513565891472868,0.42874999999999996,0.49,1,False,0
0,ep_4a2d3385ab17f656ba11,241,20,0.20036821705426358,0.32236842105263136,300000000,1.0,0.40073643410852716,0.4029605263157894,0.49,1,False,0
0,ep_4a2d3385ab17f656ba11,242,20,0.20226744186046508,0.37152960526315776,300000000,1.0,0.4083333333333334,0.4746875,0.49,1,False,0
0,ep_4a2d3385ab17f656ba11,243,20,0.16831879844961237,0.33727796052631576,300000000,1.0,0.32571705426356595,0.4295559210526316,0.49,1,False,0
0,ep_4a2d3385ab17f656ba11,244,20,0.15882267441860468,0.32277138157894725,300000000,1.0,0.30814922480620155,0.38120065789473684,0.49,1,False,0
0,ep_4a2d3385ab17f656ba11,245,20,0.18208817829457366,0.3477549342105263,300000000,1.0,0.36180232558139536,0.4166611842105262,0.49,1,False,0
0,ep_4a2d3385ab17f656ba11,246,20,0.15739825581395347,0.3973190789473683,300000000,1.0,0.32619186046511633,0.47307565789473666,0.49,1,False,0
0,ep_4a2d3385ab17f656ba11,247,20,0.1338953488372093,0.34332236842105246,300000000,1.0,0.3485077519379845,0.4448684210526316,0.49,1,False,0
0,ep_4a2d3385ab17f656ba11,248,20,0.12273740310077516,0.31229440789473667,300000000,1.0,0.323343023255814,0.40658717105263154,0.49,1,False,0
0,ep_4a2d3385ab17f656ba11,249,20,0.12071947674418602,0.32478618421052624,300000000,1.0,0.31004844961240313,0.3719325657894736,0.49,1,False,0
0,ep_4a2d3385ab17f656ba11,250,20,0.15146317829457367,0.3441282894736841,300000000,1.0,0.32144379844961246,0.39006578947368403,0.49,1,False,0
0,ep_4a2d3385ab17f656ba11,251,20,0.14742732558139537,0.38523026315789466,300000000,1.0,0.3152713178294574,0.4545394736842104,0.49,1,False,0
0,ep_4a2d3385ab17f656ba11,252,21,0.1906346899224806,0.3400986842105262,300000000,1.0,0.49,0.4025575657894736,0.49,1,False,0
0,ep_4a2d3385ab17f656ba11,253,21,0.16475775193798445,0.3239802631578945,300000000,1.0,0.3561046511627907,0.39006578947368403,0.49,1,False,0
0,ep_4a2d3385ab17f656ba11,254,21,0.15478682170542626,0.32277138157894725,300000000,1.0,0.31004844961240313,0.3856332236842105,0.49,1,False,0
0,ep_4a2d3385ab17f656ba11,255,21,0.15336240310077517,0.35621710526315786,300000000,1.0,0.3575290697674418,0.4263322368421051,0.49,1,False,0
0,ep_4a2d3385ab17f656ba11,256,21,0.16357073643410852,0.3816036184210525,300000000,1.0,0.3128972868217054,0.430361842105263,0.49,1,False,0
0,ep_4a2d3385ab17f656ba11,257,21,0.1209568798449612,0.3570230263157893,300000000,1.0,0.30625,0.4295559210526316,0.49,1,False,0
0,ep_4a2d3385ab17f656ba11,258,21,0.07929263565891474,0.30947368421052623,300000000,1.0,0.2402519379844961,0.37555921052631575,0.49,1,False,0
0,ep_4a2d3385ab17f656ba11,259,21,0.14908914728682165,0.2949671052631577,300000000,1.0,0.35183139534883723,0.37233552631578926,0.49,1,False,0
0,ep_4a2d3385ab17f656ba11,260,21,0.16048449612403098,0.3993338815789473,300000000,1.0,0.2981782945736435,0.4617927631578947,0.49,1,False,0
0,ep_4a2d3385ab17f656ba11,261,21,0.15953488372093025,0.33888980263157886,300000000,1.0,0.3304651162790698,0.4081990131578947,0.49,1,False,0
0,ep_4a2d3385ab17f656ba11,262,21,0.10813711240310078,0.30625,300000000,1.0,0.2839341085271318,0.40336348684210527,0.49,1,False,0
0,ep_4a2d3385ab17f656ba11,263,21,0.16760658914728682,0.3239802631578945,300000000,1.0,0.2958042635658915,0.4021546052631577,0.49,1,False,0
0,ep_4a2d3385ab17f656ba11,264,22,0.17710271317829454,0.3824095394736841,300000000,1.0,0.32856589147286824,0.4754934210526315,0.49,1,False,0
0,ep_4a2d3385ab17f656ba11,265,22,0.17496608527131785,0.3751562499999999,300000000,1.0,0.34423449612403106,0.4722697368421052,0.49,1,False,0
0,ep_4a2d3385ab17f656ba11,266,22,0.16262112403100776,0.3795888157894735,300000000,1.0,0.36512596899224803,0.4488980263157893,0.49,1,False,0
0,ep_4a2d3385ab17f656ba11,267,22,0.13057170542635654,0.3634703947368421,300000000,1.0,0.3166957364341085,0.4351973684210525,0.49,1,False,0
0,ep_4a2d3385ab17f656ba11,268,22,0.17805232558139536,0.34251644736842096,300000000,1.0,0.42115310077519386,0.4122286184210524,0.49,1,False,0
0,ep_4a2d3385ab17f656ba11,269,22,0.19609496124031,0.32357730263157897,300000000,1.0,0.38981589147286827,0.367097039473684,0.49,1,False,0
0,ep_4a2d3385ab17f656ba11,270,22,0.17425387596899225,0.3521874999999999,300000000,1.0,0.3238178294573643,0.4106167763157893,0.49,1,False,0
0,ep_4a2d3385ab17f656ba11,271,22,0.1462403100775193,0.33486019736842093,300000000,1.0,0.27871124031007755,0.3932894736842103,0.49,1,False,0
0,ep_4a2d3385ab17f656ba11,272,22,0.14006782945736437,0.3288157894736842,300000000,1.0,0.3371124031007752,0.4206907894736842,0.49,1,False,0
0,ep_4a2d3385ab17f656ba11,273,22,0.13080910852713173,0.3590378289473683,300000000,1.0,0.31717054263565897,0.4448684210526316,0.49,1,False,0
0,ep_4a2d3385ab17f656ba11,274,22,0.18256298449612401,0.3312335526315788,300000000,1.0,0.3660755813953489,0.41746710526315767,0.49,1,False,0
0,ep_4a2d3385ab17f656ba11,275,22,0.15763565891472864,0.33203947368421044,300000000,1.0,0.36655038759689934,0.4722697368421052,0.49,1,False,0
0,ep_4a2d3385ab17f656ba11,276,23,0.1889728682170542,0.4069901315789474,300000000,1.0,0.35800387596899236,0.4746875,0.49,1,False,0
0,ep_4a2d3385ab17f656ba11,277,23,0.17971414728682167,0.39127467105263153,300000000,1.0,0.352781007751938,0.4746875,0.49,1,False,0
0,ep_4a2d3385ab17f656ba11,278,23,0.15906007751937984,0.3711266447368419,300000000,1.0,0.3138468992248062,0.45856907894736837,0.49,1,False,0
0,ep_4a2d3385ab17f656ba11,279,23,0.14101744186046508,0.355814144736842,300000000,1.0,0.3575290697674418,0.47307565789473666,0.49,1,False,0
0,ep_4a2d3385ab17f656ba11,280,23,0.12890988372093024,0.2909375,300000000,1.0,0.2934302325581395,0.3231743421052631,0.49,1,False,0
0,ep_4a2d3385ab17f656ba11,281,23,0.17093023255813955,0.3566200657894737,300000000,1.0,0.329515503875969,0.4081990131578947,0.49,1,False,0
0,ep_4a2d3385ab17f656ba11,282,23,0.17781492248062006,0.3364720394736841,300000000,1.0,0.3428100775193799,0.3775740131578945,0.49,1,False,0
0,ep_4a2d3385ab17f656ba11,283,23,0.15929748062015509,0.30222039473684204,300000000,1.0,0.28108527131782945,0.3461430921052631,0.49,1,False,0
0,ep_4a2d3385ab17f656ba11,284,23,0.17211724806201548,0.35742598684210514,300000000,1.0,0.3333139534883721,0.41907894736842105,0.49,1,False,0
0,ep_4a2d3385ab17f656ba11,285,23,0.18303779069767442,0.3437253289473683,300000000,1.0,0.30814922480620155,0.42713815789473675,0.49,1,False,0
0,ep_4a2d3385ab17f656ba11,286,23,0.16594476744186037,0.37636513157894724,300000000,1.0,0.3238178294573643,0.4722697368421052,0.49,1,False,0
0,ep_4a2d3385ab17f656ba11,287,23,0.1198885658914728,0.31753289473684193,300000000,1.0,0.274437984496124,0.43842105263157877,0.49,1,False,0
0,ep_4dbe04be0377398e4794,0,0,0.4272095808383234,0.44254915829111086,300000000,1.0,0.46007185628742514,0.45013100950285273,0.49,1,False,0
0,ep_4dbe04be0377398e4794,1,0,0.4260359281437126,0.44227351238530205,300000000,1.0,0.45420359281437134,0.446337964505222,0.49,1,False,0
0,ep_4dbe04be0377398e4794,2,0,0.4295568862275449,0.44268672411137855,300000000,1.0,0.468874251497006,0.44739721810640515,0.49,1,False,0
0,ep_4dbe04be0377398e4794,3,0,0.4319041916167665,0.44296134387857766,300000000,1.0,0.4665269461077845,0.4494861200205395,0.49,1,False,0
0,ep_4dbe04be0377398e4794,4,0,0.43542514970059887,0.44296134387857766,300000000,1.0,0.4653532934131737,0.44660372114760555,0.49,1,False,0
0,ep_4dbe04be0377398e4794,5,0,0.4324910179640719,0.44282411914843145,300000000,1.0,0.4612455089820359,0.4481851253400091,0.49,1,False,0
0,ep_4dbe04be0377398e4794,6,0,0.42544910179640727,0.44296134387857766,300000000,1.0,0.45537724550898206,0.44922712467707926,0.49,1,False,0
0,ep_4dbe04be0377398e4794,7,0,0.4260359281437126,0.44254915829111086,300000000,1.0,0.45948502994011975,0.446337964505222,0.49,1,False,0
0,ep_4dbe04be0377398e4794,8,0,0.4195808383233533,0.4421354313367171,300000000,1.0,0.45831137724550913,0.4459381388726636,0.49,1,False,0
0,ep_4dbe04be0377398e4794,9,0,0.4334984031936129,0.44296134387857766,300000000,1.0,0.48530538922155697,0.44987349731508125,0.49,2,False,0
0,ep_4dbe04be0377398e4794,10,0,0.437185628742515,0.44254915829111086,300000000,1.0,0.4653532934131737,0.4512825820005753,0.49,1,False,0
0,ep_4dbe04be0377398e4794,11,0,0.437185628742515,0.44268672411137855,300000000,1.0,0.47591616766467065,0.45038793376239133,0.49,1,False,0
0,ep_4dbe04be0377398e4794,12,1,0.437185628742515,0.44309839877606455,300000000,1.0,0.4665269461077845,0.4502595449348624,0.49,1,False,0
0,ep_4dbe04be0377398e4794,13,1,0.40080239520958094,0.4421354313367171,300000000,1.0,0.4817844311377247,0.44922712467707926,0.49,1,False,0
0,ep_4dbe04be0377398e4794,14,1,0.4330778443113772,0.44254915829111086,300000000,1.0,0.4665269461077845,0.4502595449348624,0.49,1,False,0
0,ep_4dbe04be0377398e4794,15,1,0.4360119760479042,0.44241142120924265,300000000,1.0,0.4653532934131737,0.4493566969872648,0.49,1,False,0
0,ep_4dbe04be0377398e4794,16,1,0.44540119760479047,0.44296134387857766,300000000,1.0,0.47591616766467065,0.45102769192996706,0.49,1,False,0
0,ep_4dbe04be0377398e4794,17,1,0.4448143712574851,0.44268672411137855,300000000,1.0,0.4829580838323354,0.45140981139266173,0.49,1,False,0
0,ep_4dbe04be0377398e4794,18,1,0.44598802395209586,0.44282411914843145,300000000,1.0,0.4753293413173654,0.44896753067258016,0.49,1,False,0
0,ep_4dbe04be0377398e4794,19,1,0.43659880239520965,0.44282411914843145,300000000,1.0,0.47415568862275453,0.44961539416329716,0.49,1,False,0
0,ep_4dbe04be0377398e4794,20,1,0.4430538922155688,0.44309839877606455,300000000,1.0,0.48647904191616775,0.4502595449348624,0.49,1,False,0
0,ep_4dbe04be0377398e4794,21,1,0.4471616766467066,0.44309839877606455,300000000,1.0,0.47708982035928155,0.45038793376239133,0.49,1,False,0
0,ep_4dbe04be0377398e4794,22,1,0.44364071856287435,0.44309839877606455,300000000,1.0,0.4753293413173654,0.45000232708916227,0.49,1,False,0
0,ep_4dbe04be0377398e4794,23,1,0.43894610778443127,0.44350854918433,300000000,1.0,0.47356886227544914,0.4479231052103416,0.49,1,False,0
0,ep_4dbe04be0377398e4794,24,2,0.437185628742515,0.4433720009597982,300000000,1.0,0.4753293413173654,0.4493566969872648,0.49,1,False,0
0,ep_4dbe04be0377398e4794,25,2,0.4336646706586827,0.44350854918433,300000000,1.0,0.4700479041916168,0.44896753067258016,0.49,1,False,0
0,ep_4dbe04be0377398e4794,26,2,0.4319041916167665,0.44350854918433,300000000,1.0,0.46359281437125754,0.44987349731508125,0.49,1,False,0
0,ep_4dbe04be0377398e4794,27,2,0.4330778443113772,0.44309839877606455,300000000,1.0,0.46828742514970073,0.44857701033886205,0.49,1,False,0
0,ep_4dbe04be0377398e4794,28,2,0.434251497005988,0.4432352843130863,300000000,1.0,0.4671137724550898,0.44896753067258016,0.49,1,False,0
0,ep_4dbe04be0377398e4794,29,2,0.4289700598802396,0.4433720009597982,300000000,1.0,0.46183233532934126,0.45013100950285273,0.49,1,False,0
0,ep_4dbe04be0377398e4794,30,2,0.4377724550898203,0.4432352843130863,300000000,1.0,0.4677005988023953,0.45000232708916227,0.49,1,False,0
0,ep_4dbe04be0377398e4794,31,2,0.3902395209580838,0.4417201499856028,300000000,1.0,0.4665269461077845,0.44870733488449044,0.49,1,False,0
0,ep_4dbe04be0377398e4794,32,2,0.4283832335329341,0.44241142120924265,300000000,1.0,0.46594011976047905,0.44974451980037955,0.49,1,False,0
0,ep_4dbe04be0377398e4794,33,2,0.434251497005988,0.44296134387857766,300000000,1.0,0.4729820359281438,0.4477918648991407,0.49,1,False,0
0,ep_4dbe04be0377398e4794,34,2,0.43073053892215574,0.44254915829111086,300000000,1.0,0.4677005988023953,0.4488375081976331,0.49,1,False,0
0,ep_4dbe04be0377398e4794,35,2,0.4272095808383234,0.44268672411137855,300000000,1.0,0.45772455089820363,0.44831590596494386,0.49,1,False,0
0,ep_4dbe04be0377398e4794,36,3,0.4277964071856287,0.44296134387857766,300000000,1.0,0.4612455089820359,0.4476604705499563,0.49,1,False,0
0,ep_4dbe04be0377398e4794,37,3,0.4301437125748504,0.44350854918433,300000000,1.0,0.4630059880239522,0.4476604705499563,0.49,1,False,0
0,ep_4dbe04be0377398e4794,38,3,0.4360119760479042,0.44309839877606455,300000000,1.0,0.46359281437125754,0.44909740270202714,0.49,1,False,0
0,ep_4dbe04be0377398e4794,39,3,0.4336646706586827,0.4432352843130863,300000000,1.0,0.45948502994011975,0.4494861200205395,0.49,1,False,0
0,ep_4dbe04be0377398e4794,40,3,0.4330778443113772,0.44296134387857766,300000000,1.0,0.4665269461077845,0.4488375081976331,0.49,1,False,0
0,ep_4dbe04be0377398e4794,41,3,0.4377724550898203,0.44296134387857766,300000000,1.0,0.46828742514970073,0.4509000305192088,0.49,1,False,0
0,ep_4dbe04be0377398e4794,42,3,0.434251497005988,0.4432352843130863,300000000,1.0,0.46594011976047905,0.44922712467707926,0.49,1,False,0
0,ep_4dbe04be0377398e4794,43,3,0.4336646706586827,0.4441887802183665,300000000,1.0,0.471808383233533,0.45013100950285273,0.49,1,False,0
0,ep_4dbe04be0377398e4794,44,3,0.4283832335329341,0.4440530671529339,300000000,1.0,0.46594011976047905,0.44922712467707926,0.49,1,False,0
0,ep_4dbe04be0377398e4794,45,3,0.4383592814371257,0.4437811422293012,300000000,1.0,0.4671137724550898,0.44870733488449044,0.49,1,False,0
0,ep_4dbe04be0377398e4794,46,3,0.4383592814371257,0.44364492945279405,300000000,1.0,0.47063473053892213,0.45051617636113334,0.49,1,False,0
0,ep_4dbe04be0377398e4794,47,3,0.43659880239520965,0.44350854918433,300000000,1.0,0.4700479041916168,0.4506442731052891,0.49,1,False,0
0,ep_4dbe04be0377398e4794,48,4,0.4377724550898203,0.44350854918433,300000000,1.0,0.4765029940119761,0.4493566969872648,0.49,1,False,0
0,ep_4dbe04be0377398e4794,49,4,0.40549700598802396,0.4419971775788017,300000000,1.0,0.49,0.45140981139266173,0.49,1,False,0
0,ep_4dbe04be0377398e4794,50,4,0.4412934131736528,0.44364492945279405,300000000,1.0,0.4776766467065869,0.45191729981516676,0.49,1,False,0
0,ep_4dbe04be0377398e4794,51,4,0.4471616766467066,0.4433720009597982,300000000,1.0,0.48882634730538926,0.4493566969872648,0.49,1,False,0
0,ep_4dbe04be0377398e4794,52,4,0.4477485029940121,0.44350854918433,300000000,1.0,0.48882634730538926,0.45102769192996706,0.49,1,False,0
0,ep_4dbe04be0377398e4794,53,4,0.44657485029940125,0.4432352843130863,300000000,1.0,0.4765029940119761,0.4511552089681416,0.49,1,False,0
0,ep_4dbe04be0377398e4794,54,4,0.44540119760479047,0.4432352843130863,300000000,1.0,0.47415568862275453,0.4493566969872648,0.49,1,False,0
0,ep_4dbe04be0377398e4794,55,4,0.440119760479042,0.44309839877606455,300000000,1.0,0.47591616766467065,0.4517906413592187,0.49,1,False,0
0,ep_4dbe04be0377398e4794,56,4,0.4383592814371257,0.44309839877606455,300000000,1.0,0.4765029940119761,0.4512825820005753,0.49,1,False,0
0,ep_4dbe04be0377398e4794,57,4,0.44892215568862287,0.44309839877606455,300000000,1.0,0.47591616766467065,0.4512825820005753,0.49,1,False,0
0,ep_4dbe04be0377398e4794,58,4,0.4377724550898203,0.44296134387857766,300000000,1.0,0.4671137724550898,0.4506442731052891,0.49,1,False,0
0,ep_4dbe04be0377398e4794,59,4,0.43542514970059887,0.44309839877606455,300000000,1.0,0.4665269461077845,0.4511552089681416,0.49,1,False,0
0,ep_4dbe04be0377398e4794,60,5,0.434251497005988,0.4439171879759688,300000000,1.0,0.4700479041916168,0.45013100950285273,0.49,1,False,0
0,ep_4dbe04be0377398e4794,61,5,0.43131736526946113,0.4439171879759688,300000000,1.0,0.4753293413173654,0.45000232708916227,0.49,1,False,0
0,ep_4dbe04be0377398e4794,62,5,0.4283832335329341,0.44350854918433,300000000,1.0,0.4665269461077845,0.45000232708916227,0.49,1,False,0
0,ep_4dbe04be0377398e4794,63,5,0.4260359281437126,0.44364492945279405,300000000,1.0,0.46183233532934126,0.44987349731508125,0.49,1,False,0
0,ep_4dbe04be0377398e4794,64,5,0.41547305389221556,0.44350854918433,300000000,1.0,0.4841317365269462,0.4488375081976331,0.49,1,False,0
0,ep_4dbe04be0377398e4794,65,5,0.39258682634730546,0.44241142120924265,300000000,1.0,0.47063473053892213,0.4488375081976331,0.49,1,False,0
0,ep_4dbe04be0377398e4794,66,5,0.43131736526946113,0.4440530671529339,300000000,1.0,0.4671137724550898,0.44974451980037955,0.49,1,False,0
0,ep_4dbe04be0377398e4794,67,5,0.42075449101796414,0.4437811422293012,300000000,1.0,0.46828742514970073,0.4511552089681416,0.49,1,False,0
0,ep_4dbe04be0377398e4794,68,5,0.354443113772455,0.4396199590104441,300000000,1.0,0.47063473053892213,0.44961539416329716,0.49,1,False,0
0,ep_4dbe04be0377398e4794,69,5,0.42134131736526953,0.44254915829111086,300000000,1.0,0.46828742514970073,0.44870733488449044,0.49,1,False,0
0,ep_4dbe04be0377398e4794,70,5,0.4195808383233533,0.44268672411137855,300000000,1.0,0.46476646706586827,0.45051617636113334,0.49,1,False,0
0,ep_4dbe04be0377398e4794,71,5,0.4236886227544911,0.44309839877606455,300000000,1.0,0.45420359281437134,0.4476604705499563,0.49,1,False,0
0,ep_4dbe04be0377398e4794,72,6,0.4248622754491019,0.44241142120924265,300000000,1.0,0.45948502994011975,0.44857701033886205,0.49,1,False,0
0,ep_4dbe04be0377398e4794,73,6,0.4336646706586827,0.44296134387857766,300000000,1.0,0.468874251497006,0.44752892175540043,0.49,1,False,0
0,ep_4dbe04be0377398e4794,74,6,0.43131736526946113,0.4433720009597982,300000000,1.0,0.47708982035928155,0.4506442731052891,0.49,1,False,0
0,ep_4dbe04be0377398e4794,75,6,0.4260359281437126,0.44350854918433,300000000,1.0,0.45948502994011975,0.4507722243675702,0.49,1,False,0
0,ep_4dbe04be0377398e4794,76,6,0.4319041916167665,0.4437811422293012,300000000,1.0,0.468874251497006,0.44831590596494386,0.49,1,False,0
0,ep_4dbe04be0377398e4794,77,6,0.4348383233532935,0.4443243276284767,300000000,1.0,0.4700479041916168,0.44909740270202714,0.49,1,False,0
0,ep_4dbe04be0377398e4794,78,6,0.434251497005988,0.4437811422293012,300000000,1.0,0.46183233532934126,0.44831590596494386,0.49,1,False,0
0,ep_4dbe04be0377398e4794,79,6,0.434251497005988,0.444459709837531,300000000,1.0,0.4712215568862275,0.4511552089681416,0.49,1,False,0
0,ep_4dbe04be0377398e4794,80,6,0.43659880239520965,0.4445949272978596,300000000,1.0,0.48471856287425147,0.45051617636113334,0.49,1,False,0
0,ep_4dbe04be0377398e4794,81,6,0.4336646706586827,0.4443243276284767,300000000,1.0,0.4653532934131737,0.4517906413592187,0.49,1,False,0
0,ep_4dbe04be0377398e4794,82,6,0.4324910179640719,0.44364492945279405,300000000,1.0,0.46594011976047905,0.44870733488449044,0.49,1,False,0
0,ep_4dbe04be0377398e4794,83,6,0.4272095808383234,0.44364492945279405,300000000,1.0,0.4588982035928144,0.44896753067258016,0.49,1,False,0
0,ep_4dbe04be0377398e4794,84,7,0.4336646706586827,0.4437811422293012,300000000,1.0,0.4712215568862275,0.4507722243675702,0.49,1,False,0
0,ep_4dbe04be0377398e4794,85,7,0.4272095808383234,0.44364492945279405,300000000,1.0,0.471808383233533,0.44896753067258016,0.49,1,False,0
0,ep_4dbe04be0377398e4794,86,7,0.40373652694610784,0.4419971775788017,300000000,1.0,0.4729820359281438,0.44870733488449044,0.49,1,False,0
0,ep_4dbe04be0377398e4794,87,7,0.4477485029940121,0.44309839877606455,300000000,1.0,0.4747425149700599,0.4494861200205395,0.49,1,False,0
0,ep_4dbe04be0377398e4794,88,7,0.4430538922155688,0.4433720009597982,300000000,1.0,0.47356886227544914,0.45051617636113334,0.49,1,False,0
0,ep_4dbe04be0377398e4794,89,7,0.4407065868263473,0.44309839877606455,300000000,1.0,0.47356886227544914,0.4506442731052891,0.49,1,False,0
0,ep_4dbe04be0377398e4794,90,7,0.4412934131736528,0.44296134387857766,300000000,1.0,0.47591616766467065,0.4509000305192088,0.49,1,False,0
0,ep_4dbe04be0377398e4794,91,7,0.43542514970059887,0.44282411914843145,300000000,1.0,0.48237125748503,0.4516638407101745,0.49,1,False,0
0,ep_4dbe04be0377398e4794,92,7,0.43131736526946113,0.44282411914843145,300000000,1.0,0.4800239520958084,0.45102769192996706,0.49,1,False,0
0,ep_4dbe04be0377398e4794,93,7,0.4360119760479042,0.44268672411137855,300000000,1.0,0.4700479041916168,0.4480541918892776,0.49,1,False,0
0,ep_4dbe04be0377398e4794,94,7,0.4289700598802396,0.44254915829111086,300000000,1.0,0.4671137724550898,0.44857701033886205,0.49,1,False,0
0,ep_4dbe04be0377398e4794,95,7,0.43073053892215574,0.44268672411137855,300000000,1.0,0.4677005988023953,0.45051617636113334,0.49,1,False,0
0,ep_4dbe04be0377398e4794,96,8,0.4336646706586827,0.44296134387857766,300000000,1.0,0.46007185628742514,0.4481851253400091,0.49,1,False,0
0,ep_4dbe04be0377398e4794,97,8,0.4260359281437126,0.44309839877606455,300000000,1.0,0.46417964071856294,0.44857701033886205,0.49,1,False,0
0,ep_4dbe04be0377398e4794,98,8,0.4219281437125749,0.44296134387857766,300000000,1.0,0.4571377245508982,0.4468688467254249,0.49,1,False,0
0,ep_4dbe04be0377398e4794,99,8,0.43073053892215574,0.44296134387857766,300000000,1.0,0.46183233532934126,0.4468688467254249,0.49,1,False,0
0,ep_4dbe04be0377398e4794,100,8,0.4277964071856287,0.44364492945279405,300000000,1.0,0.4571377245508982,0.44870733488449044,0.49,1,False,0
0,ep_4dbe04be0377398e4794,101,8,0.4319041916167665,0.44364492945279405,300000000,1.0,0.46828742514970073,0.4479231052103416,0.49,1,False,0
0,ep_4dbe04be0377398e4794,102,8,0.43659880239520965,0.4433720009597982,300000000,1.0,0.4747425149700599,0.44831590596494386,0.49,1,False,0
0,ep_4dbe04be0377398e4794,103,8,0.4301437125748504,0.4439171879759688,300000000,1.0,0.47063473053892213,0.45153689750835396,0.49,1,False,0
0,ep_4dbe04be0377398e4794,104,8,0.3720479041916168,0.4417201499856028,300000000,1.0,0.4630059880239522,0.4488375081976331,0.49,1,False,0
0,ep_4dbe04be0377398e4794,105,8,0.43131736526946113,0.44309839877606455,300000000,1.0,0.4653532934131737,0.4481851253400091,0.49,1,False,0
0,ep_4dbe04be0377398e4794,106,8,0.42075449101796414,0.44309839877606455,300000000,1.0,0.46183233532934126,0.44752892175540043,0.49,1,False,0
0,ep_4dbe04be0377398e4794,107,8,0.4277964071856287,0.44296134387857766,300000000,1.0,0.4712215568862275,0.4480541918892776,0.49,1,False,0
0,ep_4dbe04be0377398e4794,108,9,0.4295568862275449,0.44309839877606455,300000000,1.0,0.45948502994011975,0.44844653416485014,0.49,1,False,0
0,ep_4dbe04be0377398e4794,109,9,0.426622754491018,0.44350854918433,300000000,1.0,0.46417964071856294,0.44844653416485014,0.49,1,False,0
0,ep_4dbe04be0377398e4794,110,9,0.4336646706586827,0.4437811422293012,300000000,1.0,0.46241916167664676,0.4479231052103416,0.49,1,False,0
0,ep_4dbe04be0377398e4794,111,9,0.4272095808383234,0.4432352843130863,300000000,1.0,0.46007185628742514,0.45153689750835396,0.49,1,False,0
0,ep_4dbe04be0377398e4794,112,9,0.41899401197604785,0.4432352843130863,300000000,1.0,0.4612455089820359,0.44831590596494386,0.49,1,False,0
0,ep_4dbe04be0377398e4794,113,9,0.4248622754491019,0.44350854918433,300000000,1.0,0.4671137724550898,0.4481851253400091,0.49,1,False,0
0,ep_4dbe04be0377398e4794,114,9,0.43131736526946113,0.44350854918433,300000000,1.0,0.46359281437125754,0.4476604705499563,0.49,1,False,0
0,ep_4dbe04be0377398e4794,115,9,0.42427544910179643,0.4443243276284767,300000000,1.0,0.46476646706586827,0.45013100950285273,0.49,1,False,0
0,ep_4dbe04be0377398e4794,116,9,0.426622754491018,0.4439171879759688,300000000,1.0,0.46417964071856294,0.44870733488449044,0.49,1,False,0
0,ep_4dbe04be0377398e4794,117,9,0.42427544910179643,0.4439171879759688,300000000,1.0,0.45948502994011975,0.44909740270202714,0.49,1,False,0
0,ep_4dbe04be0377398e4794,118,9,0.426622754491018,0.4441887802183665,300000000,1.0,0.4665269461077845,0.44974451980037955,0.49,1,False,0
0,ep_4dbe04be0377398e4794,119,9,0.4277964071856287,0.4441887802183665,300000000,1.0,0.46065868263473053,0.44974451980037955,0.49,1,False,0
0,ep_4dbe04be0377398e4794,120,10,0.4301437125748504,0.4441887802183665,300000000,1.0,0.4612455089820359,0.45000232708916227,0.49,1,False,0
0,ep_4dbe04be0377398e4794,121,10,0.4348383233532935,0.4443243276284767,300000000,1.0,0.4665269461077845,0.45038793376239133,0.49,1,False,0
0,ep_4dbe04be0377398e4794,122,10,0.4201676646706588,0.4440530671529339,300000000,1.0,0.4729820359281438,0.4516638407101745,0.49,1,False,0
0,ep_4dbe04be0377398e4794,123,10,0.41899401197604785,0.44254915829111086,300000000,1.0,0.48530538922155697,0.44961539416329716,0.49,1,False,0
0,ep_4dbe04be0377398e4794,124,10,0.4289700598802396,0.44364492945279405,300000000,1.0,0.47356886227544914,0.44896753067258016,0.49,1,False,0
0,ep_4dbe04be0377398e4794,125,10,0.4148862275449103,0.44309839877606455,300000000,1.0,0.4612455089820359,0.4516638407101745,0.49,1,False,0
0,ep_4dbe04be0377398e4794,126,10,0.43131736526946113,0.44364492945279405,300000000,1.0,0.4723952095808384,0.45153689750835396,0.49,1,False,0
0,ep_4dbe04be0377398e4794,127,10,0.4360119760479042,0.4432352843130863,300000000,1.0,0.4712215568862275,0.4493566969872648,0.49,1,False,0
0,ep_4dbe04be0377398e4794,128,10,0.4319041916167665,0.4439171879759688,300000000,1.0,0.46241916167664676,0.44974451980037955,0.49,1,False,0
0,ep_4dbe04be0377398e4794,129,10,0.43894610778443127,0.4437811422293012,300000000,1.0,0.4712215568862275,0.45013100950285273,0.49,1,False,0
0,ep_4dbe04be0377398e4794,130,10,0.44188023952095806,0.4439171879759688,300000000,1.0,0.48237125748503,0.4509000305192088,0.49,1,False,0
0,ep_4dbe04be0377398e4794,131,10,0.4430538922155688,0.44364492945279405,300000000,1.0,0.4747425149700599,0.4507722243675702,0.49,1,False,0
0,ep_4dbe04be0377398e4794,132,11,0.4377724550898203,0.4437811422293012,300000000,1.0,0.48647904191616775,0.44961539416329716,0.49,1,False,0
0,ep_4dbe04be0377398e4794,133,11,0.4330778443113772,0.44364492945279405,300000000,1.0,0.46946107784431135,0.45038793376239133,0.49,1,False,0
0,ep_4dbe04be0377398e4794,134,11,0.43659880239520965,0.4439171879759688,300000000,1.0,0.4671137724550898,0.45000232708916227,0.49,1,False,0
0,ep_4dbe04be0377398e4794,135,11,0.4295568862275449,0.4437811422293012,300000000,1.0,0.45772455089820363,0.44870733488449044,0.49,1,False,0
0,ep_4dbe04be0377398e4794,136,11,0.4301437125748504,0.4433720009597982,300000000,1.0,0.46828742514970073,0.4494861200205395,0.49,1,False,0
0,ep_4dbe04be0377398e4794,137,11,0.41547305389221556,0.44309839877606455,300000000,1.0,0.45772455089820363,0.4480541918892776,0.49,1,False,0
0,ep_4dbe04be0377398e4794,138,11,0.42544910179640727,0.4437811422293012,300000000,1.0,0.46065868263473053,0.44909740270202714,0.49,1,False,0
0,ep_4dbe04be0377398e4794,139,11,0.4248622754491019,0.4441887802183665,300000000,1.0,0.4665269461077845,0.44831590596494386,0.49,1,False,0
0,ep_4dbe04be0377398e4794,140,11,0.4272095808383234,0.4437811422293012,300000000,1.0,0.4630059880239522,0.4516638407101745,0.49,1,False,0
0,ep_4dbe04be0377398e4794,141,11,0.3931814770459082,0.4417677558147021,300000000,1.0,0.4612455089820359,0.4493566969872648,0.49,2,False,0
0,ep_4dbe04be0377398e4794,142,11,0.4236886227544911,0.44309839877606455,300000000,1.0,0.46417964071856294,0.44831590596494386,0.49,1,False,0
0,ep_4dbe04be0377398e4794,143,11,0.33742514970059884,0.4390530712967751,300000000,1.0,0.47063473053892213,0.44909740270202714,0.49,1,False,0
0,ep_4dbe04be0377398e4794,144,12,0.4248622754491019,0.44309839877606455,300000000,1.0,0.4565508982035929,0.44987349731508125,0.49,1,False,0
0,ep_4dbe04be0377398e4794,145,12,0.4178203592814371,0.4432352843130863,300000000,1.0,0.4512694610778443,0.45038793376239133,0.49,1,False,0
0,ep_4dbe04be0377398e4794,146,12,0.4260359281437126,0.44309839877606455,300000000,1.0,0.45537724550898206,0.4511552089681416,0.49,1,False,0
0,ep_4dbe04be0377398e4794,147,12,0.4225149700598803,0.44296134387857766,300000000,1.0,0.44892215568862287,0.4507722243675702,0.49,1,False,0
0,ep_4dbe04be0377398e4794,148,12,0.4248622754491019,0.4440530671529339,300000000,1.0,0.4588982035928144,0.4481851253400091,0.49,1,False,0
0,ep_4dbe04be0377398e4794,149,12,0.4336646706586827,0.4437811422293012,300000000,1.0,0.468874251497006,0.44922712467707926,0.49,1,False,0
0,ep_4dbe04be0377398e4794,150,12,0.4383592814371257,0.44309839877606455,300000000,1.0,0.4677005988023953,0.44844653416485014,0.49,1,False,0
0,ep_4dbe04be0377398e4794,151,12,0.42075449101796414,0.4433720009597982,300000000,1.0,0.46183233532934126,0.44844653416485014,0.49,1,False,0
0,ep_4dbe04be0377398e4794,152,12,0.22387425149700604,0.4335157927364377,300000000,1.0,0.45537724550898206,0.44831590596494386,0.49,1,False,0
0,ep_4dbe04be0377398e4794,153,12,0.4319041916167665,0.4440530671529339,300000000,1.0,0.46594011976047905,0.44896753067258016,0.49,1,False,0
0,ep_4dbe04be0377398e4794,154,12,0.4289700598802396,0.4440530671529339,300000000,1.0,0.4700479041916168,0.4507722243675702,0.49,1,False,0
0,ep_4dbe04be0377398e4794,155,12,0.28930538922155696,0.43558870870923494,300000000,1.0,0.4665269461077845,0.45000232708916227,0.49,1,False,0
0,ep_4dbe04be0377398e4794,156,13,0.4283832335329341,0.4419971775788017,300000000,1.0,0.4671137724550898,0.44870733488449044,0.49,1,False,0
0,ep_4dbe04be0377398e4794,157,13,0.4336646706586827,0.44254915829111086,300000000,1.0,0.4653532934131737,0.4494861200205395,0.49,1,False,0
0,ep_4dbe04be0377398e4794,158,13,0.4395329341317365,0.44309839877606455,300000000,1.0,0.4806107784431139,0.4493566969872648,0.49,1,False,0
0,ep_4dbe04be0377398e4794,159,13,0.34564071856287437,0.43819721084597374,300000000,1.0,0.47356886227544914,0.44987349731508125,0.49,1,False,0
0,ep_4dbe04be0377398e4794,160,13,0.437185628742515,0.44268672411137855,300000000,1.0,0.47063473053892213,0.44752892175540043,0.49,1,False,0
0,ep_4dbe04be0377398e4794,161,13,0.3479880239520959,0.4386259760607565,300000000,1.0,0.47415568862275453,0.44752892175540043,0.49,1,False,0
0,ep_4dbe04be0377398e4794,162,13,0.43131736526946113,0.4432352843130863,300000000,1.0,0.4565508982035929,0.4507722243675702,0.49,1,False,0
0,ep_4dbe04be0377398e4794,163,13,0.4260359281437126,0.4432352843130863,300000000,1.0,0.45537724550898206,0.44870733488449044,0.49,1,False,0
0,ep_4dbe04be0377398e4794,164,13,0.4295568862275449,0.44309839877606455,300000000,1.0,0.45948502994011975,0.45013100950285273,0.49,1,False,0
0,ep_4dbe04be0377398e4794,165,13,0.41899401197604785,0.4433720009597982,300000000,1.0,0.47063473053892213,0.45013100950285273,0.49,1,False,0
0,ep_4dbe04be0377398e4794,166,13,0.4248622754491019,0.44364492945279405,300000000,1.0,0.4712215568862275,0.4509000305192088,0.49,1,False,0
0,ep_4dbe04be0377398e4794,167,13,0.426622754491018,0.4439171879759688,300000000,1.0,0.46417964071856294,0.4494861200205395,0.49,1,False,0
0,ep_4dbe04be0377398e4794,168,14,0.4289700598802396,0.4440530671529339,300000000,1.0,0.45361676646706595,0.45191729981516676,0.49,1,False,0
0,ep_4dbe04be0377398e4794,169,14,0.4277964071856287,0.4440530671529339,300000000,1.0,0.46183233532934126,0.4506442731052891,0.49,1,False,0
0,ep_4dbe04be0377398e4794,170,14,0.4319041916167665,0.4439171879759688,300000000,1.0,0.468874251497006,0.44896753067258016,0.49,1,False,0
0,ep_4dbe04be0377398e4794,171,14,0.4295568862275449,0.4443243276284767,300000000,1.0,0.46007185628742514,0.4476604705499563,0.49,1,False,0
0,ep_4dbe04be0377398e4794,172,14,0.426622754491018,0.4441887802183665,300000000,1.0,0.45948502994011975,0.44844653416485014,0.49,1,False,0
0,ep_4dbe04be0377398e4794,173,14,0.4289700598802396,0.4441887802183665,300000000,1.0,0.4653532934131737,0.44870733488449044,0.49,1,False,0
0,ep_4dbe04be0377398e4794,174,14,0.4289700598802396,0.4437811422293012,300000000,1.0,0.45948502994011975,0.4477918648991407,0.49,1,False,0
0,ep_4dbe04be0377398e4794,175,14,0.4289700598802396,0.4437811422293012,300000000,1.0,0.46065868263473053,0.45000232708916227,0.49,1,False,0
0,ep_4dbe04be0377398e4794,176,14,0.4330778443113772,0.4439171879759688,300000000,1.0,0.4653532934131737,0.44752892175540043,0.49,1,False,0
0,ep_4dbe04be0377398e4794,177,14,0.434251497005988,0.4439171879759688,300000000,1.0,0.45831137724550913,0.44831590596494386,0.49,1,False,0
0,ep_4dbe04be0377398e4794,178,14,0.43659880239520965,0.44350854918433,300000000,1.0,0.46594011976047905,0.44896753067258016,0.49,1,False,0
0,ep_4dbe04be0377398e4794,179,14,0.43542514970059887,0.44364492945279405,300000000,1.0,0.4806107784431139,0.44844653416485014,0.49,1,False,0
0,ep_4dbe04be0377398e4794,180,15,0.3579640718562874,0.4404648466531069,300000000,1.0,0.46946107784431135,0.44987349731508125,0.49,1,False,0
0,ep_4dbe04be0377398e4794,181,15,0.4195808383233533,0.4437811422293012,300000000,1.0,0.4747425149700599,0.44987349731508125,0.49,1,False,0
0,ep_4dbe04be0377398e4794,182,15,0.4225149700598803,0.4433720009597982,300000000,1.0,0.4630059880239522,0.44739721810640515,0.49,1,False,0
0,ep_4dbe04be0377398e4794,183,15,0.426622754491018,0.44309839877606455,300000000,1.0,0.4630059880239522,0.44831590596494386,0.49,1,False,0
0,ep_4dbe04be0377398e4794,184,15,0.4260359281437126,0.4432352843130863,300000000,1.0,0.471808383233533,0.44909740270202714,0.49,1,False,0
0,ep_4dbe04be0377398e4794,185,15,0.41899401197604785,0.4433720009597982,300000000,1.0,0.4512694610778443,0.4481851253400091,0.49,1,False,0
0,ep_4dbe04be0377398e4794,186,15,0.3931736526946108,0.44254915829111086,300000000,1.0,0.4571377245508982,0.4493566969872648,0.49,1,False,0
0,ep_4dbe04be0377398e4794,187,15,0.3438802395209581,0.43776676088827166,300000000,1.0,0.45244311377245516,0.44580454443919143,0.49,1,False,0
0,ep_4dbe04be0377398e4794,188,15,0.32627544910179634,0.43819721084597374,300000000,1.0,0.4571377245508982,0.4509000305192088,0.49,1,False,0
0,ep_4dbe04be0377398e4794,189,15,0.32803592814371263,0.4384832406006286,300000000,1.0,0.4788502994011976,0.44752892175540043,0.49,1,False,0
0,ep_4dbe04be0377398e4794,190,15,0.32216766467065877,0.44018393772130227,300000000,1.0,0.45831137724550913,0.44922712467707926,0.49,1,False,0
0,ep_4dbe04be0377398e4794,191,15,0.4225149700598803,0.44350854918433,300000000,1.0,0.46241916167664676,0.45000232708916227,0.49,1,False,0
0,ep_4dbe04be0377398e4794,192,16,0.426622754491018,0.44309839877606455,300000000,1.0,0.45244311377245516,0.44831590596494386,0.49,1,False,0
0,ep_4dbe04be0377398e4794,193,16,0.42134131736526953,0.44364492945279405,300000000,1.0,0.45831137724550913,0.45102769192996706,0.49,1,False,0
0,ep_4dbe04be0377398e4794,194,16,0.416059880239521,0.4437811422293012,300000000,1.0,0.45537724550898206,0.45051617636113334,0.49,1,False,0
0,ep_4dbe04be0377398e4794,195,16,0.4248622754491019,0.4437811422293012,300000000,1.0,0.46359281437125754,0.45102769192996706,0.49,1,False,0
0,ep_4dbe04be0377398e4794,196,16,0.4301437125748504,0.4441887802183665,300000000,1.0,0.4612455089820359,0.44974451980037955,0.49,1,False,0
0,ep_4dbe04be0377398e4794,197,16,0.42544910179640727,0.4440530671529339,300000000,1.0,0.46476646706586827,0.44974451980037955,0.49,1,False,0
0,ep_4dbe04be0377398e4794,198,16,0.3157125748502994,0.4386259760607565,300000000,1.0,0.4829580838323354,0.45000232708916227,0.49,1,False,0
0,ep_4dbe04be0377398e4794,199,16,0.43073053892215574,0.4440530671529339,300000000,1.0,0.46359281437125754,0.45204381643628777,0.49,1,False,0
0,ep_4dbe04be0377398e4794,200,16,0.4283832335329341,0.4443243276284767,300000000,1.0,0.46476646706586827,0.4506442731052891,0.49,1,False,0
0,ep_4dbe04be0377398e4794,201,16,0.4277964071856287,0.444459709837531,300000000,1.0,0.46359281437125754,0.44870733488449044,0.49,1,False,0
0,ep_4dbe04be0377398e4794,202,16,0.4383592814371257,0.4439171879759688,300000000,1.0,0.4700479041916168,0.44909740270202714,0.49,1,False,0
0,ep_4dbe04be0377398e4794,203,16,0.4383592814371257,0.444459709837531,300000000,1.0,0.4782634730538923,0.45153689750835396,0.49,1,False,0
0,ep_4dbe04be0377398e4794,204,17,0.43131736526946113,0.4445949272978596,300000000,1.0,0.47063473053892213,0.4512825820005753,0.49,1,False,0
0,ep_4dbe04be0377398e4794,205,17,0.43131736526946113,0.4441887802183665,300000000,1.0,0.4829580838323354,0.44987349731508125,0.49,1,False,0
0,ep_4dbe04be0377398e4794,206,17,0.4148862275449103,0.4440530671529339,300000000,1.0,0.46417964071856294,0.4488375081976331,0.49,1,False,0
0,ep_4dbe04be0377398e4794,207,17,0.40138922155688617,0.4433720009597982,300000000,1.0,0.45948502994011975,0.44974451980037955,0.49,1,False,0
0,ep_4dbe04be0377398e4794,208,17,0.4184071856287425,0.44364492945279405,300000000,1.0,0.46476646706586827,0.4494861200205395,0.49,1,False,0
0,ep_4dbe04be0377398e4794,209,17,0.3110179640718563,0.4386259760607565,300000000,1.0,0.4700479041916168,0.45013100950285273,0.49,1,False,0
0,ep_4dbe04be0377398e4794,210,17,0.4201676646706588,0.44364492945279405,300000000,1.0,0.45831137724550913,0.44844653416485014,0.49,1,False,0
0,ep_4dbe04be0377398e4794,211,17,0.42427544910179643,0.4439171879759688,300000000,1.0,0.4653532934131737,0.4502595449348624,0.49,1,False,0
0,ep_4dbe04be0377398e4794,212,17,0.42544910179640727,0.4433720009597982,300000000,1.0,0.45831137724550913,0.4480541918892776,0.49,1,False,0
0,ep_4dbe04be0377398e4794,213,17,0.37028742514970064,0.44130330103582627,300000000,1.0,0.45772455089820363,0.4479231052103416,0.49,1,False,0
0,ep_4dbe04be0377398e4794,214,17,0.25937724550898206,0.4361737863175524,300000000,1.0,0.46065868263473053,0.44961539416329716,0.49,1,False,0
0,ep_4dbe04be0377398e4794,215,17,0.4225149700598803,0.4443243276284767,300000000,1.0,0.45537724550898206,0.44987349731508125,0.49,1,False,0
0,ep_4dbe04be0377398e4794,216,18,0.3051497005988024,0.43819721084597374,300000000,1.0,0.4565508982035929,0.45267428446117486,0.49,1,False,0
0,ep_4dbe04be0377398e4794,217,18,0.3949341317365269,0.4439171879759688,300000000,1.0,0.46476646706586827,0.44831590596494386,0.49,1,False,0
0,ep_4dbe04be0377398e4794,218,18,0.3010419161676647,0.4376229006005771,300000000,1.0,0.46476646706586827,0.4479231052103416,0.49,1,False,0
0,ep_4dbe04be0377398e4794,219,18,0.42134131736526953,0.4440530671529339,300000000,1.0,0.46359281437125754,0.45140981139266173,0.49,1,False,0
0,ep_4dbe04be0377398e4794,220,18,0.4272095808383234,0.4439171879759688,300000000,1.0,0.4653532934131737,0.4494861200205395,0.49,1,False,0
0,ep_4dbe04be0377398e4794,221,18,0.4172335329341318,0.444459709837531,300000000,1.0,0.46828742514970073,0.45013100950285273,0.49,1,False,0
0,ep_4dbe04be0377398e4794,222,18,0.40314970059880245,0.44254915829111086,300000000,1.0,0.48882634730538926,0.4512825820005753,0.49,1,False,0
0,ep_4dbe04be0377398e4794,223,18,0.09569904744277373,0.4234818751818734,177594412,0.5919813733333333,0.4653532934131737,0.44660372114760555,0.49,3,False,0
0,ep_4eba5106e437fa81d3cb,115,9,0.26447497546614324,0.2625231788079475,277000000,0.9233333333333332,0.47365063788027467,0.3011390728476829,0.48999999999999994,1,False,0
0,ep_4eba5106e437fa81d3cb,116,9,0.33227674190382717,0.29659602649006606,300000000,1.0,0.4760549558390579,0.30698013245033084,0.48999999999999994,1,False,0
0,ep_4eba5106e437fa81d3cb,117,9,0.3394896957801765,0.30568211920529825,300000000,1.0,0.49,0.3105496688741725,0.48999999999999994,1,False,0
0,ep_4eba5106e437fa81d3cb,118,9,0.3418940137389597,0.30860264900662226,300000000,1.0,0.4856722276741904,0.31509271523178795,0.48999999999999994,1,False,0
0,ep_4eba5106e437fa81d3cb,119,9,0.3452600588812561,0.3124966887417214,300000000,1.0,0.48326790971540723,0.31736423841059563,0.48999999999999994,1,False,0
0,ep_4eba5106e437fa81d3cb,120,10,0.35006869479882236,0.3141192052980128,300000000,1.0,0.48134445534838066,0.31931125827814594,0.48999999999999994,1,False,0
0,ep_4eba5106e437fa81d3cb,121,10,0.346702649656526,0.3154172185430468,300000000,1.0,0.48471050049067704,0.32060927152317853,0.48999999999999994,1,False,0
0,ep_4eba5106e437fa81d3cb,122,10,0.3515112855740922,0.3163907284768219,300000000,1.0,0.4717271835132482,0.3202847682119211,0.48999999999999994,1,False,0
0,ep_4eba5106e437fa81d3cb,123,10,0.34477919528949946,0.31703973509933825,300000000,1.0,0.478459273797841,0.3228807947019862,0.48999999999999994,1,False,0
0,ep_4eba5106e437fa81d3cb,124,10,0.33997055937193327,0.31898675496688705,300000000,1.0,0.480863591756624,0.3228807947019862,0.48999999999999994,1,False,0
0,ep_4eba5106e437fa81d3cb,125,10,0.33997055937193327,0.3209337748344374,300000000,1.0,0.48759568204121684,0.32515231788079535,0.48999999999999994,1,False,0
0,ep_4eba5106e437fa81d3cb,126,10,0.33612365063788013,0.32385430463576137,300000000,1.0,0.4895191364082433,0.3283973509933782,0.48999999999999994,1,False,0
0,ep_4eba5106e437fa81d3cb,127,10,0.34910696761530907,0.3235298013245039,300000000,1.0,0.482306182531894,0.32904635761589446,0.48999999999999994,1,False,0
0,ep_4eba5106e437fa81d3cb,128,10,0.3457409224730127,0.32320529801324505,300000000,1.0,0.48278704612365064,0.3270993377483442,0.48999999999999994,1,False,0
0,ep_4eba5106e437fa81d3cb,129,10,0.315927379784102,0.3141192052980128,300000000,1.0,0.4717271835132482,0.3199602649006622,0.48999999999999994,1,False,0
0,ep_4eba5106e437fa81d3cb,130,10,0.3175735299961821,0.2990865217723717,102593492,0.3419783066666667,0.47220804710500486,0.3183377483443708,0.48999999999999994,3,False,0
0,ep_4ed50e93055d88a76c7b,0,0,0.001280838815789135,0.48235591966822366,300000000,1.0,0.0029214638157893788,0.48235591966822366,0.49,1,False,0
0,ep_4ed50e93055d88a76c7b,1,0,0.0013815789473681562,0.48235591966822366,300000000,1.0,0.004180715460526249,0.48235591966822366,0.49,1,False,0
0,ep_4ed50e93055d88a76c7b,2,0,0.0015398848684207759,0.48235591966822366,300000000,1.0,0.005720600328947025,0.48235591966822366,0.49,1,False,0
0,ep_4ed50e93055d88a76c7b,3,0,0.001280838815789135,0.48235591966822366,300000000,1.0,0.0037273848684206547,0.48235591966822366,0.49,1,False,0
0,ep_4ed50e93055d88a76c7b,4,0,0.0011729029605260259,0.48235591966822366,300000000,1.0,0.0030437911184206645,0.48235591966822366,0.49,1,False,0
0,ep_4ed50e93055d88a76c7b,5,0,0.0013096217105259345,0.48235591966822366,300000000,1.0,0.003151726973683774,0.48235591966822366,0.49,1,False,0
0,ep_4ed50e93055d88a76c7b,6,0,0.001295230263157758,0.48235591966822366,300000000,1.0,0.0031805098684210193,0.48235591966822366,0.49,1,False,0
0,ep_4ed50e93055d88a76c7b,7,0,0.0013240131578945574,0.48235591966822366,300000000,1.0,0.00338918585526315,0.48235591966822366,0.49,1,False,0
0,ep_4ed50e93055d88a76c7b,8,0,0.0013887746710522443,0.48235591966822366,300000000,1.0,0.00338918585526315,0.48235591966822366,0.49,1,False,0
0,ep_4ed50e93055d88a76c7b,9,0,0.001216077302631448,0.48235591966822366,300000000,1.0,0.004015213815789094,0.48235591966822366,0.49,1,False,0
0,ep_4ed50e93055d88a76c7b,10,0,0.0012448601973682474,0.48235591966822366,300000000,1.0,0.0028998766447366677,0.48235591966822366,0.49,1,False,0
0,ep_4ed50e93055d88a76c7b,11,0,0.001295230263157758,0.48235591966822366,300000000,1.0,0.003518708881578524,0.48235591966822366,0.49,1,False,0
0,ep_4ed50e93055d88a76c7b,12,1,0.00128803453947367,0.48235591966822366,300000000,1.0,0.003166118421052397,0.48235591966822366,0.49,1,False,0
0,ep_4ed50e93055d88a76c7b,13,1,0.00128803453947367,0.48235591966822366,300000000,1.0,0.0032308799342100833,0.48235591966822366,0.49,1,False,0
0,ep_4ed50e93055d88a76c7b,14,1,0.0013527960526313568,0.48235591966822366,300000000,1.0,0.006008429276315465,0.48235591966822366,0.49,1,False,0
0,ep_4ed50e93055d88a76c7b,15,1,0.001259251644736424,0.48235591966822366,300000000,1.0,0.0031733141447364845,0.48235591966822366,0.49,1,False,0
0,ep_4ed50e93055d88a76c7b,16,1,0.0012376644736841593,0.48235591966822366,300000000,1.0,0.0033388157894736394,0.48235591966822366,0.49,1,False,0
0,ep_4ed50e93055d88a76c7b,17,1,0.0012232730263155363,0.48235591966822366,300000000,1.0,0.002835115131578534,0.48235591966822366,0.49,1,False,0
0,ep_4ed50e93055d88a76c7b,18,1,0.0012232730263155363,0.48235591966822366,300000000,1.0,0.003216488486841907,0.48235591966822366,0.49,1,False,0
0,ep_4ed50e93055d88a76c7b,19,1,0.0013887746710522443,0.48235591966822366,300000000,1.0,0.0036410361842102563,0.48235591966822366,0.49,1,False,0
0,ep_4ed50e93055d88a76c7b,20,1,0.0013024259868418462,0.48235591966822366,300000000,1.0,0.0053248355263154756,0.48235591966822366,0.49,1,False,0
0,ep_4ed50e93055d88a76c7b,21,1,0.0013312088815786455,0.48235591966822366,300000000,1.0,0.005562294407894405,0.48235591966822366,0.49,1,False,0
0,ep_4ed50e93055d88a76c7b,22,1,0.0015254934210525996,0.48235591966822366,300000000,1.0,0.005691817434210226,0.48235591966822366,0.49,1,False,0
0,ep_4ed50e93055d88a76c7b,23,1,0.0013887746710522443,0.48235591966822366,300000000,1.0,0.005598273026315739,0.48235591966822366,0.49,1,False,0
0,ep_4ed50e93055d88a76c7b,24,2,0.0014175575657890437,0.48235591966822366,300000000,1.0,0.0035690789473680345,0.48235591966822366,0.49,1,False,0
0,ep_4ed50e93055d88a76c7b,25,2,0.0013168174342104693,0.48235591966822366,300000000,1.0,0.003194901315789196,0.48235591966822366,0.49,1,False,0
0,ep_4ed50e93055d88a76c7b,26,2,0.0012520559210523357,0.48235591966822366,300000000,1.0,0.005447162828947207,0.48235591966822366,0.49,1,False,0
0,ep_4ed50e93055d88a76c7b,27,2,0.0013384046052627339,0.48235591966822366,300000000,1.0,0.003648231907894345,0.48235591966822366,0.49,1,False,0
0,ep_4ed50e93055d88a76c7b,28,2,0.0012736430921050468,0.48235591966822366,300000000,1.0,0.003202097039473284,0.48235591966822366,0.49,1,False,0
0,ep_4ed50e93055d88a76c7b,29,2,0.0012736430921050468,0.48235591966822366,300000000,1.0,0.003166118421052397,0.48235591966822366,0.49,1,False,0
0,ep_4ed50e93055d88a76c7b,30,2,0.0012232730263155363,0.48235591966822366,300000000,1.0,0.0032884457236841288,0.48235591966822366,0.49,1,False,0
0,ep_4ed50e93055d88a76c7b,31,2,0.0012304687499996247,0.48235591966822366,300000000,1.0,0.003209292763157819,0.48235591966822366,0.49,1,False,0
0,ep_4ed50e93055d88a76c7b,32,2,0.0013168174342104693,0.48235591966822366,300000000,1.0,0.0045764802631577985,0.48235591966822366,0.49,1,False,0
0,ep_4ed50e93055d88a76c7b,33,2,0.0013384046052627339,0.48235591966822366,300000000,1.0,0.003108552631578798,0.48235591966822366,0.49,1,False,0
0,ep_4ed50e93055d88a76c7b,34,2,0.0013024259868418462,0.48235591966822366,300000000,1.0,0.003576274671052569,0.48235591966822366,0.49,1,False,0
0,ep_4ed50e93055d88a76c7b,35,2,0.0013024259868418462,0.48235591966822366,300000000,1.0,0.0029862253289470657,0.48235591966822366,0.49,1,False,0
0,ep_4ed50e93055d88a76c7b,36,3,0.001374383223684068,0.48235591966822366,300000000,1.0,0.0034971217105262595,0.48235591966822366,0.49,1,False,0
0,ep_4ed50e93055d88a76c7b,37,3,0.0013168174342104693,0.48235591966822366,300000000,1.0,0.003353207236841816,0.48235591966822366,0.49,1,False,0
0,ep_4ed50e93055d88a76c7b,38,3,0.0013168174342104693,0.48235591966822366,300000000,1.0,0.006130756578947198,0.48235591966822366,0.49,1,False,0
0,ep_4ed50e93055d88a76c7b,39,3,0.0013168174342104693,0.48235591966822366,300000000,1.0,0.0032668585526314177,0.48235591966822366,0.49,1,False,0
0,ep_4ed50e93055d88a76c7b,40,3,0.00128803453947367,0.48235591966822366,300000000,1.0,0.003453947368420837,0.48235591966822366,0.49,1,False,0
0,ep_4ed50e93055d88a76c7b,41,3,0.0013024259868418462,0.48235591966822366,300000000,1.0,0.003094161184210175,0.48235591966822366,0.49,1,False,0
0,ep_4ed50e93055d88a76c7b,42,3,0.0012664473684209586,0.48235591966822366,300000000,1.0,0.0032596628289473296,0.48235591966822366,0.49,1,False,0
0,ep_4ed50e93055d88a76c7b,43,3,0.001295230263157758,0.48235591966822366,300000000,1.0,0.00286389802631578,0.48235591966822366,0.49,1,False,0
0,ep_4ed50e93055d88a76c7b,44,3,0.001280838815789135,0.48235591966822366,300000000,1.0,0.0036410361842102563,0.48235591966822366,0.49,1,False,0
0,ep_4ed50e93055d88a76c7b,45,3,0.0012088815789473599,0.48235591966822366,300000000,1.0,0.0029070723684207554,0.48235591966822366,0.49,1,False,0
0,ep_4ed50e93055d88a76c7b,46,3,0.001259251644736424,0.48235591966822366,300000000,1.0,0.002871093749999868,0.48235591966822366,0.49,1,False,0
0,ep_4ed50e93055d88a76c7b,47,3,0.0013168174342104693,0.48235591966822366,300000000,1.0,0.004691611842104996,0.48235591966822366,0.49,1,False,0
0,ep_4ed50e93055d88a76c7b,48,4,0.0012736430921050468,0.48235591966822366,300000000,1.0,0.0031157483552628857,0.48235591966822366,0.49,1,False,0
0,ep_4ed50e93055d88a76c7b,49,4,0.0013024259868418462,0.48235591966822366,300000000,1.0,0.0033604029605259042,0.48235591966822366,0.49,1,False,0
0,ep_4ed50e93055d88a76c7b,50,4,0.0012664473684209586,0.48235591966822366,300000000,1.0,0.006886307565789409,0.48235591966822366,0.49,1,False,0
0,ep_4ed50e93055d88a76c7b,51,4,0.0012448601973682474,0.48235591966822366,300000000,1.0,0.002791940789473558,0.48235591966822366,0.49,1,False,0
0,ep_4ed50e93055d88a76c7b,52,4,0.0013240131578945574,0.48235591966822366,300000000,1.0,0.0033675986842104386,0.48235591966822366,0.49,1,False,0
0,ep_4ed50e93055d88a76c7b,53,4,0.001295230263157758,0.48235591966822366,300000000,1.0,0.0031229440789469743,0.48235591966822366,0.49,1,False,0
0,ep_4ed50e93055d88a76c7b,54,4,0.0013024259868418462,0.48235591966822366,300000000,1.0,0.0030653782894733755,0.48235591966822366,0.49,1,False,0
0,ep_4ed50e93055d88a76c7b,55,4,0.001374383223684068,0.48235591966822366,300000000,1.0,0.0032452713815787067,0.48235591966822366,0.49,1,False,0
0,ep_4ed50e93055d88a76c7b,56,4,0.0013024259868418462,0.48235591966822366,300000000,1.0,0.0038353207236842103,0.48235591966822366,0.49,1,False,0
0,ep_4ed50e93055d88a76c7b,57,4,0.0013024259868418462,0.48235591966822366,300000000,1.0,0.003374794407894527,0.48235591966822366,0.49,1,False,0
0,ep_4ed50e93055d88a76c7b,58,4,0.0013384046052627339,0.48235591966822366,300000000,1.0,0.0032884457236841288,0.48235591966822366,0.49,1,False,0
0,ep_4ed50e93055d88a76c7b,59,4,0.0013240131578945574,0.48235591966822366,300000000,1.0,0.0030365953947365763,0.48235591966822366,0.49,1,False,0
0,ep_4ed50e93055d88a76c7b,60,5,0.0013312088815786455,0.48235591966822366,300000000,1.0,0.003166118421052397,0.48235591966822366,0.49,1,False,0
0,ep_4ed50e93055d88a76c7b,61,5,0.001374383223684068,0.48235591966822366,300000000,1.0,0.003684210526315679,0.48235591966822366,0.49,1,False,0
0,ep_4ed50e93055d88a76c7b,62,5,0.0013384046052627339,0.48235591966822366,300000000,1.0,0.006512129934210124,0.48235591966822366,0.49,1,False,0
0,ep_4ed50e93055d88a76c7b,63,5,0.0013240131578945574,0.48235591966822366,300000000,1.0,0.003432360197368126,0.48235591966822366,0.49,1,False,0
0,ep_4ed50e93055d88a76c7b,64,5,0.0013024259868418462,0.48235591966822366,300000000,1.0,0.003151726973683774,0.48235591966822366,0.49,1,False,0
0,ep_4ed50e93055d88a76c7b,65,5,0.0013384046052627339,0.48235591966822366,300000000,1.0,0.003518708881578524,0.48235591966822366,0.49,1,False,0
0,ep_4ed50e93055d88a76c7b,66,5,0.0013456003289472687,0.48235591966822366,300000000,1.0,0.003756167763157454,0.48235591966822366,0.49,1,False,0
0,ep_4ed50e93055d88a76c7b,67,5,0.0013384046052627339,0.48235591966822366,300000000,1.0,0.0032596628289473296,0.48235591966822366,0.49,1,False,0
0,ep_4ed50e93055d88a76c7b,68,5,0.0013312088815786455,0.48235591966822366,300000000,1.0,0.003856907894736475,0.48235591966822366,0.49,1,False,0
0,ep_4ed50e93055d88a76c7b,69,5,0.0013671874999999795,0.48235591966822366,300000000,1.0,0.0034179687499999497,0.48235591966822366,0.49,1,False,0
0,ep_4ed50e93055d88a76c7b,70,5,0.0013168174342104693,0.48235591966822366,300000000,1.0,0.003396381578947238,0.48235591966822366,0.49,1,False,0
0,ep_4ed50e93055d88a76c7b,71,5,0.0012736430921050468,0.48235591966822366,300000000,1.0,0.0033028371710523054,0.48235591966822366,0.49,1,False,0
0,ep_4ed50e93055d88a76c7b,72,6,0.001280838815789135,0.48235591966822366,300000000,1.0,0.0030078124999997767,0.48235591966822366,0.49,1,False,0
0,ep_4ed50e93055d88a76c7b,73,6,0.001295230263157758,0.48235591966822366,300000000,1.0,0.0033819901315786157,0.48235591966822366,0.49,1,False,0
0,ep_4ed50e93055d88a76c7b,74,6,0.0013096217105259345,0.48235591966822366,300000000,1.0,0.005756578947368359,0.48235591966822366,0.49,1,False,0
0,ep_4ed50e93055d88a76c7b,75,6,0.0012376644736841593,0.48235591966822366,300000000,1.0,0.0030150082236838653,0.48235591966822366,0.49,1,False,0
0,ep_4ed50e93055d88a76c7b,76,6,0.0012736430921050468,0.48235591966822366,300000000,1.0,0.003410773026315415,0.48235591966822366,0.49,1,False,0
0,ep_4ed50e93055d88a76c7b,77,6,0.0013312088815786455,0.48235591966822366,300000000,1.0,0.0035978618421048337,0.48235591966822366,0.49,1,False,0
0,ep_4ed50e93055d88a76c7b,78,6,0.0013168174342104693,0.48235591966822366,300000000,1.0,0.003684210526315679,0.48235591966822366,0.49,1,False,0
0,ep_4ed50e93055d88a76c7b,79,6,0.001295230263157758,0.48235591966822366,300000000,1.0,0.003677014802631144,0.48235591966822366,0.49,1,False,0
0,ep_4ed50e93055d88a76c7b,80,6,0.0013024259868418462,0.48235591966822366,300000000,1.0,0.003669819078947056,0.48235591966822366,0.49,1,False,0
0,ep_4ed50e93055d88a76c7b,81,6,0.0012736430921050468,0.48235591966822366,300000000,1.0,0.003950452302631408,0.48235591966822366,0.49,1,False,0
0,ep_4ed50e93055d88a76c7b,82,6,0.0012448601973682474,0.48235591966822366,300000000,1.0,0.0034395559210522145,0.48235591966822366,0.49,1,False,0
0,ep_4ed50e93055d88a76c7b,83,6,0.0012448601973682474,0.48235591966822366,300000000,1.0,0.002928659539473467,0.48235591966822366,0.49,1,False,0
0,ep_4ed50e93055d88a76c7b,84,7,0.00128803453947367,0.48235591966822366,300000000,1.0,0.0035043174342103476,0.48235591966822366,0.49,1,False,0
0,ep_4ed50e93055d88a76c7b,85,7,0.00128803453947367,0.48235591966822366,300000000,1.0,0.003130139802631509,0.48235591966822366,0.49,1,False,0
0,ep_4ed50e93055d88a76c7b,86,7,0.0013240131578945574,0.48235591966822366,300000000,1.0,0.0060803865131576875,0.48235591966822366,0.49,1,False,0
0,ep_4ed50e93055d88a76c7b,87,7,0.0013096217105259345,0.48235591966822366,300000000,1.0,0.0030797697368419984,0.48235591966822366,0.49,1,False,0
0,ep_4ed50e93055d88a76c7b,88,7,0.001295230263157758,0.48235591966822366,300000000,1.0,0.00438939144736838,0.48235591966822366,0.49,1,False,0
0,ep_4ed50e93055d88a76c7b,89,7,0.0013168174342104693,0.48235591966822366,300000000,1.0,0.0032956414473682173,0.48235591966822366,0.49,1,False,0
0,ep_4ed50e93055d88a76c7b,90,7,0.0013671874999999795,0.48235591966822366,300000000,1.0,0.00362664473684208,0.48235591966822366,0.49,1,False,0
0,ep_4ed50e93055d88a76c7b,91,7,0.00128803453947367,0.48235591966822366,300000000,1.0,0.0032884457236841288,0.48235591966822366,0.49,1,False,0
0,ep_4ed50e93055d88a76c7b,92,7,0.0012736430921050468,0.48235591966822366,300000000,1.0,0.0037273848684206547,0.48235591966822366,0.49,1,False,0
0,ep_4ed50e93055d88a76c7b,93,7,0.0012736430921050468,0.48235591966822366,300000000,1.0,0.0030078124999997767,0.48235591966822366,0.49,1,False,0
0,ep_4ed50e93055d88a76c7b,94,7,0.001359991776315445,0.48235591966822366,300000000,1.0,0.0036626233552629673,0.48235591966822366,0.49,1,False,0
0,ep_4ed50e93055d88a76c7b,95,7,0.0013312088815786455,0.48235591966822366,300000000,1.0,0.004921874999999838,0.48235591966822366,0.49,1,False,0
0,ep_4ed50e93055d88a76c7b,96,8,0.0013312088815786455,0.48235591966822366,300000000,1.0,0.005483141447368095,0.48235591966822366,0.49,1,False,0
0,ep_4ed50e93055d88a76c7b,97,8,0.001295230263157758,0.48235591966822366,300000000,1.0,0.005555098684210317,0.48235591966822366,0.49,1,False,0
0,ep_4ed50e93055d88a76c7b,98,8,0.0013384046052627339,0.48235591966822366,300000000,1.0,0.005389597039473609,0.48235591966822366,0.49,1,False,0
0,ep_4ed50e93055d88a76c7b,99,8,0.0013024259868418462,0.48235591966822366,300000000,1.0,0.003410773026315415,0.48235591966822366,0.49,1,False,0
0,ep_4ed50e93055d88a76c7b,100,8,0.0013527960526313568,0.48235591966822366,300000000,1.0,0.0032236842105259956,0.48235591966822366,0.49,1,False,0
0,ep_4ed50e93055d88a76c7b,101,8,0.0013240131578945574,0.48235591966822366,300000000,1.0,0.003324424342105017,0.48235591966822366,0.49,1,False,0
0,ep_4ed50e93055d88a76c7b,102,8,0.001374383223684068,0.48235591966822366,300000000,1.0,0.003777754934210165,0.48235591966822366,0.49,1,False,0
0,ep_4ed50e93055d88a76c7b,103,8,0.0013240131578945574,0.48235591966822366,300000000,1.0,0.003072574013157464,0.48235591966822366,0.49,1,False,0
0,ep_4ed50e93055d88a76c7b,104,8,0.001359991776315445,0.48235591966822366,300000000,1.0,0.003892886513157809,0.48235591966822366,0.49,1,False,0
0,ep_4ed50e93055d88a76c7b,105,8,0.0013168174342104693,0.48235591966822366,300000000,1.0,0.0035834703947366575,0.48235591966822366,0.49,1,False,0
0,ep_4ed50e93055d88a76c7b,106,8,0.0013240131578945574,0.48235591966822366,300000000,1.0,0.0036626233552629673,0.48235591966822366,0.49,1,False,0
0,ep_4ed50e93055d88a76c7b,107,8,0.0013240131578945574,0.48235591966822366,300000000,1.0,0.0032524671052627948,0.48235591966822366,0.49,1,False,0
0,ep_4ed50e93055d88a76c7b,108,9,0.0013312088815786455,0.48235591966822366,300000000,1.0,0.0031373355263155972,0.48235591966822366,0.49,1,False,0
0,ep_4ed50e93055d88a76c7b,109,9,0.00128803453947367,0.48235591966822366,300000000,1.0,0.0031445312499996853,0.48235591966822366,0.49,1,False,0
0,ep_4ed50e93055d88a76c7b,110,9,0.0013456003289472687,0.48235591966822366,300000000,1.0,0.006346628289473417,0.48235591966822366,0.49,1,False,0
0,ep_4ed50e93055d88a76c7b,111,9,0.001259251644736424,0.48235591966822366,300000000,1.0,0.0036338404605261677,0.48235591966822366,0.49,1,False,0
0,ep_4ed50e93055d88a76c7b,112,9,0.001259251644736424,0.48235591966822366,300000000,1.0,0.0029574424342102665,0.48235591966822366,0.49,1,False,0
0,ep_4ed50e93055d88a76c7b,113,9,0.0013456003289472687,0.48235591966822366,300000000,1.0,0.003576274671052569,0.48235591966822366,0.49,1,False,0
0,ep_4ed50e93055d88a76c7b,114,9,0.0013312088815786455,0.48235591966822366,300000000,1.0,0.002971833881578889,0.48235591966822366,0.49,1,False,0
0,ep_4ed50e93055d88a76c7b,115,9,0.0013240131578945574,0.48235591966822366,300000000,1.0,0.003734580592105189,0.48235591966822366,0.49,1,False,0
0,ep_4ed50e93055d88a76c7b,116,9,0.0013168174342104693,0.48235591966822366,300000000,1.0,0.003669819078947056,0.48235591966822366,0.49,1,False,0
0,ep_4ed50e93055d88a76c7b,117,9,0.0013240131578945574,0.48235591966822366,300000000,1.0,0.0034899259868417247,0.48235591966822366,0.49,1,False,0
0,ep_4ed50e93055d88a76c7b,118,9,0.0013384046052627339,0.48235591966822366,300000000,1.0,0.0031733141447364845,0.48235591966822366,0.49,1,False,0
0,ep_4ed50e93055d88a76c7b,119,9,0.0013527960526313568,0.48235591966822366,300000000,1.0,0.0035690789473680345,0.48235591966822366,0.49,1,False,0
0,ep_4ed50e93055d88a76c7b,120,10,0.0013527960526313568,0.48235591966822366,300000000,1.0,0.0036626233552629673,0.48235591966822366,0.49,1,False,0
0,ep_4ed50e93055d88a76c7b,121,10,0.0013384046052627339,0.48235591966822366,300000000,1.0,0.0030653782894733755,0.48235591966822366,0.49,1,False,0
0,ep_4ed50e93055d88a76c7b,122,10,0.0013527960526313568,0.48235591966822366,300000000,1.0,0.006483347039473325,0.48235591966822366,0.49,1,False,0
0,ep_4ed50e93055d88a76c7b,123,10,0.0012664473684209586,0.48235591966822366,300000000,1.0,0.0030150082236838653,0.48235591966822366,0.49,1,False,0
0,ep_4ed50e93055d88a76c7b,124,10,0.0013312088815786455,0.48235591966822366,300000000,1.0,0.0035331003289471473,0.48235591966822366,0.49,1,False,0
0,ep_4ed50e93055d88a76c7b,125,10,0.0013456003289472687,0.48235591966822366,300000000,1.0,0.003187705592105108,0.48235591966822366,0.49,1,False,0
0,ep_4ed50e93055d88a76c7b,126,10,0.0013527960526313568,0.48235591966822366,300000000,1.0,0.0032668585526314177,0.48235591966822366,0.49,1,False,0
0,ep_4ed50e93055d88a76c7b,127,10,0.0013240131578945574,0.48235591966822366,300000000,1.0,0.003194901315789196,0.48235591966822366,0.49,1,False,0
0,ep_4ed50e93055d88a76c7b,128,10,0.0013815789473681562,0.48235591966822366,300000000,1.0,0.0042814555921048235,0.48235591966822366,0.49,1,False,0
0,ep_4ed50e93055d88a76c7b,129,10,0.0013240131578945574,0.48235591966822366,300000000,1.0,0.0033819901315786157,0.48235591966822366,0.49,1,False,0
0,ep_4ed50e93055d88a76c7b,130,10,0.001359991776315445,0.48235591966822366,300000000,1.0,0.0032956414473682173,0.48235591966822366,0.49,1,False,0
0,ep_4ed50e93055d88a76c7b,131,10,0.0013384046052627339,0.48235591966822366,300000000,1.0,0.003194901315789196,0.48235591966822366,0.49,1,False,0
0,ep_4ed50e93055d88a76c7b,132,11,0.0013527960526313568,0.48235591966822366,300000000,1.0,0.0035690789473680345,0.48235591966822366,0.49,1,False,0
0,ep_4ed50e93055d88a76c7b,133,11,0.0013168174342104693,0.48235591966822366,300000000,1.0,0.0031445312499996853,0.48235591966822366,0.49,1,False,0
0,ep_4ed50e93055d88a76c7b,134,11,0.0013527960526313568,0.48235591966822366,300000000,1.0,0.007613075657894375,0.48235591966822366,0.49,1,False,0
0,ep_4ed50e93055d88a76c7b,135,11,0.0013312088815786455,0.48235591966822366,300000000,1.0,0.003194901315789196,0.48235591966822366,0.49,1,False,0
0,ep_4ed50e93055d88a76c7b,136,11,0.0012736430921050468,0.48235591966822366,300000000,1.0,0.003619449013157545,0.48235591966822366,0.49,1,False,0
0,ep_4ed50e93055d88a76c7b,137,11,0.00128803453947367,0.48235591966822366,300000000,1.0,0.003453947368420837,0.48235591966822366,0.49,1,False,0
0,ep_4ed50e93055d88a76c7b,138,11,0.0013312088815786455,0.48235591966822366,300000000,1.0,0.0031805098684210193,0.48235591966822366,0.49,1,False,0
0,ep_4ed50e93055d88a76c7b,139,11,0.0013456003289472687,0.48235591966822366,300000000,1.0,0.003151726973683774,0.48235591966822366,0.49,1,False,0
0,ep_4ed50e93055d88a76c7b,140,11,0.001295230263157758,0.48235591966822366,300000000,1.0,0.004727590460525883,0.48235591966822366,0.49,1,False,0
0,ep_4ed50e93055d88a76c7b,141,11,0.001374383223684068,0.48235591966822366,300000000,1.0,0.003453947368420837,0.48235591966822366,0.49,1,False,0
0,ep_4ed50e93055d88a76c7b,142,11,0.0013456003289472687,0.48235591966822366,300000000,1.0,0.0034755345394735485,0.48235591966822366,0.49,1,False,0
0,ep_4ed50e93055d88a76c7b,143,11,0.0012520559210523357,0.48235591966822366,300000000,1.0,0.003072574013157464,0.48235591966822366,0.49,1,False,0
0,ep_4ed50e93055d88a76c7b,144,12,0.00128803453947367,0.48235591966822366,300000000,1.0,0.003353207236841816,0.48235591966822366,0.49,1,False,0
0,ep_4ed50e93055d88a76c7b,145,12,0.0013456003289472687,0.48235591966822366,300000000,1.0,0.003698601973683855,0.48235591966822366,0.49,1,False,0
0,ep_4ed50e93055d88a76c7b,146,12,0.0013815789473681562,0.48235591966822366,300000000,1.0,0.008490953947368318,0.48235591966822366,0.49,1,False,0
0,ep_4ed50e93055d88a76c7b,147,12,0.0013456003289472687,0.48235591966822366,300000000,1.0,0.003698601973683855,0.48235591966822366,0.49,1,False,0
0,ep_4ed50e93055d88a76c7b,148,12,0.001280838815789135,0.48235591966822366,300000000,1.0,0.004986636513157524,0.48235591966822366,0.49,1,False,0
0,ep_4ed50e93055d88a76c7b,149,12,0.0013168174342104693,0.48235591966822366,300000000,1.0,0.003612253289473457,0.48235591966822366,0.49,1,False,0
0,ep_4ed50e93055d88a76c7b,150,12,0.001295230263157758,0.48235591966822366,300000000,1.0,0.003058182565789287,0.48235591966822366,0.49,1,False,0
0,ep_4ed50e93055d88a76c7b,151,12,0.001295230263157758,0.48235591966822366,300000000,1.0,0.00362664473684208,0.48235591966822366,0.49,1,False,0
0,ep_4ed50e93055d88a76c7b,152,12,0.0013312088815786455,0.48235591966822366,300000000,1.0,0.00391447368421052,0.48235591966822366,0.49,1,False,0
0,ep_4ed50e93055d88a76c7b,153,12,0.0014319490131576669,0.48235591966822366,300000000,1.0,0.003964843749999584,0.48235591966822366,0.49,1,False,0
0,ep_4ed50e93055d88a76c7b,154,12,0.0013024259868418462,0.48235591966822366,300000000,1.0,0.003453947368420837,0.48235591966822366,0.49,1,False,0
0,ep_4ed50e93055d88a76c7b,155,12,0.0012664473684209586,0.48235591966822366,300000000,1.0,0.0030437911184206645,0.48235591966822366,0.49,1,False,0
0,ep_4ed50e93055d88a76c7b,156,13,0.0012664473684209586,0.48235591966822366,300000000,1.0,0.0030437911184206645,0.48235591966822366,0.49,1,False,0
0,ep_4ed50e93055d88a76c7b,157,13,0.0013240131578945574,0.48235591966822366,300000000,1.0,0.0035546874999998583,0.48235591966822366,0.49,1,False,0
0,ep_4ed50e93055d88a76c7b,158,13,0.00128803453947367,0.48235591966822366,300000000,1.0,0.00438939144736838,0.48235591966822366,0.49,1,False,0
0,ep_4ed50e93055d88a76c7b,159,13,0.00128803453947367,0.48235591966822366,300000000,1.0,0.0035474917763157698,0.48235591966822366,0.49,1,False,0
0,ep_4ed50e93055d88a76c7b,160,13,0.0013024259868418462,0.48235591966822366,300000000,1.0,0.004893092105263038,0.48235591966822366,0.49,1,False,0
0,ep_4ed50e93055d88a76c7b,161,13,0.0013384046052627339,0.48235591966822366,300000000,1.0,0.00338918585526315,0.48235591966822366,0.49,1,False,0
0,ep_4ed50e93055d88a76c7b,162,13,0.0012232730263155363,0.48235591966822366,300000000,1.0,0.0038209292763155874,0.48235591966822366,0.49,1,False,0
0,ep_4ed50e93055d88a76c7b,163,13,0.001295230263157758,0.48235591966822366,300000000,1.0,0.004223889802631225,0.48235591966822366,0.49,1,False,0
0,ep_4ed50e93055d88a76c7b,164,13,0.001259251644736424,0.48235591966822366,300000000,1.0,0.004871504934210327,0.48235591966822366,0.49,1,False,0
0,ep_4ed50e93055d88a76c7b,165,13,0.001280838815789135,0.48235591966822366,300000000,1.0,0.0029862253289470657,0.48235591966822366,0.49,1,False,0
0,ep_4ed50e93055d88a76c7b,166,13,0.001359991776315445,0.48235591966822366,300000000,1.0,0.0035115131578944358,0.48235591966822366,0.49,1,False,0
0,ep_4ed50e93055d88a76c7b,167,13,0.001374383223684068,0.48235591966822366,300000000,1.0,0.0032812499999995944,0.48235591966822366,0.49,1,False,0
0,ep_4ed50e93055d88a76c7b,168,14,0.0013384046052627339,0.48235591966822366,300000000,1.0,0.0035115131578944358,0.48235591966822366,0.49,1,False,0
0,ep_4ed50e93055d88a76c7b,169,14,0.0013240131578945574,0.48235591966822366,300000000,1.0,0.0037417763157892776,0.48235591966822366,0.49,1,False,0
0,ep_4ed50e93055d88a76c7b,170,14,0.0013168174342104693,0.48235591966822366,300000000,1.0,0.00738281249999998,0.48235591966822366,0.49,1,False,0
0,ep_4ed50e93055d88a76c7b,171,14,0.0013024259868418462,0.48235591966822366,300000000,1.0,0.003194901315789196,0.48235591966822366,0.49,1,False,0
0,ep_4ed50e93055d88a76c7b,172,14,0.001280838815789135,0.48235591966822366,300000000,1.0,0.0030222039473683997,0.48235591966822366,0.49,1,False,0
0,ep_4ed50e93055d88a76c7b,173,14,0.00128803453947367,0.48235591966822366,300000000,1.0,0.0032884457236841288,0.48235591966822366,0.49,1,False,0
0,ep_4ed50e93055d88a76c7b,174,14,0.0012664473684209586,0.48235591966822366,300000000,1.0,0.005468749999999918,0.48235591966822366,0.49,1,False,0
0,ep_4ed50e93055d88a76c7b,175,14,0.0012664473684209586,0.48235591966822366,300000000,1.0,0.005756578947368359,0.48235591966822366,0.49,1,False,0
0,ep_4ed50e93055d88a76c7b,176,14,0.001280838815789135,0.48235591966822366,300000000,1.0,0.0053392269736840985,0.48235591966822366,0.49,1,False,0
0,ep_4ed50e93055d88a76c7b,177,14,0.0012088815789473599,0.48235591966822366,300000000,1.0,0.0031445312499996853,0.48235591966822366,0.49,1,False,0
0,ep_4ed50e93055d88a76c7b,178,14,0.0012736430921050468,0.48235591966822366,300000000,1.0,0.0032596628289473296,0.48235591966822366,0.49,1,False,0
0,ep_4ed50e93055d88a76c7b,179,14,0.0013168174342104693,0.48235591966822366,300000000,1.0,0.003202097039473284,0.48235591966822366,0.49,1,False,0
0,ep_4ed50e93055d88a76c7b,180,15,0.0012664473684209586,0.48235591966822366,300000000,1.0,0.004446957236841978,0.48235591966822366,0.49,1,False,0
0,ep_4ed50e93055d88a76c7b,181,15,0.0012736430921050468,0.48235591966822366,300000000,1.0,0.003187705592105108,0.48235591966822366,0.49,1,False,0
0,ep_4ed50e93055d88a76c7b,182,15,0.0013671874999999795,0.48235591966822366,300000000,1.0,0.006512129934210124,0.48235591966822366,0.49,1,False,0
0,ep_4ed50e93055d88a76c7b,183,15,0.0013096217105259345,0.48235591966822366,300000000,1.0,0.0033316200657891046,0.48235591966822366,0.49,1,False,0
0,ep_4ed50e93055d88a76c7b,184,15,0.001280838815789135,0.48235591966822366,300000000,1.0,0.0032956414473682173,0.48235591966822366,0.49,1,False,0
0,ep_4ed50e93055d88a76c7b,185,15,0.001280838815789135,0.48235591966822366,300000000,1.0,0.0031157483552628857,0.48235591966822366,0.49,1,False,0
0,ep_4ed50e93055d88a76c7b,186,15,0.0013024259868418462,0.48235591966822366,300000000,1.0,0.003756167763157454,0.48235591966822366,0.49,1,False,0
0,ep_4ed50e93055d88a76c7b,187,15,0.0012376644736841593,0.48235591966822366,300000000,1.0,0.002712787828947248,0.48235591966822366,0.49,1,False,0
0,ep_4ed50e93055d88a76c7b,188,15,0.0012232730263155363,0.48235591966822366,300000000,1.0,0.003712993421052478,0.48235591966822366,0.49,1,False,0
0,ep_4ed50e93055d88a76c7b,189,15,0.0012088815789473599,0.48235591966822366,300000000,1.0,0.0028854851973680444,0.48235591966822366,0.49,1,False,0
0,ep_4ed50e93055d88a76c7b,190,15,0.0012304687499996247,0.48235591966822366,300000000,1.0,0.003353207236841816,0.48235591966822366,0.49,1,False,0
0,ep_4ed50e93055d88a76c7b,191,15,0.001475123355263089,0.48235591966822366,300000000,1.0,0.00596525493421049,0.48235591966822366,0.49,1,False,0
0,ep_4ed50e93055d88a76c7b,192,16,0.001295230263157758,0.48235591966822366,300000000,1.0,0.0034899259868417247,0.48235591966822366,0.49,1,False,0
0,ep_4ed50e93055d88a76c7b,193,16,0.0012520559210523357,0.48235591966822366,300000000,1.0,0.0030293996710524878,0.48235591966822366,0.49,1,False,0
0,ep_4ed50e93055d88a76c7b,194,16,0.0012736430921050468,0.48235591966822366,300000000,1.0,0.00370579769736839,0.48235591966822366,0.49,1,False,0
0,ep_4ed50e93055d88a76c7b,195,16,0.0012448601973682474,0.48235591966822366,300000000,1.0,0.0031733141447364845,0.48235591966822366,0.49,1,False,0
0,ep_4ed50e93055d88a76c7b,196,16,0.0012664473684209586,0.48235591966822366,300000000,1.0,0.0030869654605260866,0.48235591966822366,0.49,1,False,0
0,ep_4ed50e93055d88a76c7b,197,16,0.0012736430921050468,0.48235591966822366,300000000,1.0,0.004691611842104996,0.48235591966822366,0.49,1,False,0
0,ep_4ed50e93055d88a76c7b,198,16,0.0012232730263155363,0.48235591966822366,300000000,1.0,0.0030293996710524878,0.48235591966822366,0.49,1,False,0
0,ep_4ed50e93055d88a76c7b,199,16,0.0012376644736841593,0.48235591966822366,300000000,1.0,0.004202302631578514,0.48235591966822366,0.49,1,False,0
0,ep_4ed50e93055d88a76c7b,200,16,0.001280838815789135,0.48235591966822366,300000000,1.0,0.004094366776315405,0.4824610768440495,0.49,1,False,0
0,ep_4ed50e93055d88a76c7b,201,16,0.001259251644736424,0.48235591966822366,300000000,1.0,0.004490131578946954,0.48235591966822366,0.49,1,False,0
0,ep_4ed50e93055d88a76c7b,202,16,0.0012520559210523357,0.48235591966822366,300000000,1.0,0.0030797697368419984,0.48235591966822366,0.49,1,False,0
0,ep_4ed50e93055d88a76c7b,203,16,0.0012232730263155363,0.48235591966822366,300000000,1.0,0.0033675986842104386,0.48235591966822366,0.49,1,False,0
0,ep_4ed50e93055d88a76c7b,204,17,0.0012304687499996247,0.48235591966822366,300000000,1.0,0.0028495065789471566,0.48235591966822366,0.49,1,False,0
0,ep_4ed50e93055d88a76c7b,205,17,0.0012448601973682474,0.48235591966822366,300000000,1.0,0.0033028371710523054,0.48235591966822366,0.49,1,False,0
0,ep_4ed50e93055d88a76c7b,206,17,0.0013024259868418462,0.48235591966822366,300000000,1.0,0.005763774671052447,0.48235591966822366,0.49,1,False,0
0,ep_4ed50e93055d88a76c7b,207,17,0.00128803453947367,0.48235591966822366,300000000,1.0,0.004353412828947046,0.48235591966822366,0.49,1,False,0
0,ep_4ed50e93055d88a76c7b,208,17,0.0012376644736841593,0.48235591966822366,300000000,1.0,0.0032452713815787067,0.48235591966822366,0.49,1,False,0
0,ep_4ed50e93055d88a76c7b,209,17,0.001280838815789135,0.48235591966822366,300000000,1.0,0.003590666118420746,0.48235591966822366,0.49,1,False,0
0,ep_4ed50e93055d88a76c7b,210,17,0.00128803453947367,0.48235591966822366,300000000,1.0,0.0030222039473683997,0.48235591966822366,0.49,1,False,0
0,ep_4ed50e93055d88a76c7b,211,17,0.001295230263157758,0.48235591966822366,300000000,1.0,0.0045620888157891755,0.48235591966822366,0.49,1,False,0
0,ep_4ed50e93055d88a76c7b,212,17,0.0012088815789473599,0.48235591966822366,300000000,1.0,0.0036626233552629673,0.48235591966822366,0.49,1,False,0
0,ep_4ed50e93055d88a76c7b,213,17,0.0012232730263155363,0.48235591966822366,300000000,1.0,0.0033172286184209284,0.48235591966822366,0.49,1,False,0
0,ep_4ed50e93055d88a76c7b,214,17,0.001194490131578737,0.48235591966822366,300000000,1.0,0.0030222039473683997,0.48235591966822366,0.49,1,False,0
0,ep_4ed50e93055d88a76c7b,215,17,0.001216077302631448,0.48235591966822366,300000000,1.0,0.0030653782894733755,0.48235591966822366,0.49,1,False,0
0,ep_4ed50e93055d88a76c7b,216,18,0.0013240131578945574,0.48235591966822366,300000000,1.0,0.0032668585526314177,0.48235591966822366,0.49,1,False,0
0,ep_4ed50e93055d88a76c7b,217,18,0.0013096217105259345,0.48235591966822366,300000000,1.0,0.0036626233552629673,0.48235591966822366,0.49,1,False,0
0,ep_4ed50e93055d88a76c7b,218,18,0.0013240131578945574,0.48235591966822366,300000000,1.0,0.00625308388157893,0.48235591966822366,0.49,1,False,0
0,ep_4ed50e93055d88a76c7b,219,18,0.0012736430921050468,0.48235591966822366,300000000,1.0,0.003453947368420837,0.48235591966822366,0.49,1,False,0
0,ep_4ed50e93055d88a76c7b,220,18,0.0012664473684209586,0.48235591966822366,300000000,1.0,0.003058182565789287,0.48235591966822366,0.49,1,False,0
0,ep_4ed50e93055d88a76c7b,221,18,0.0013096217105259345,0.48235591966822366,300000000,1.0,0.003374794407894527,0.48235591966822366,0.49,1,False,0
0,ep_4ed50e93055d88a76c7b,222,18,0.0013168174342104693,0.48235591966822366,300000000,1.0,0.0032308799342100833,0.48235591966822366,0.49,1,False,0
0,ep_4ed50e93055d88a76c7b,223,18,0.001216077302631448,0.48235591966822366,300000000,1.0,0.003964843749999584,0.48235591966822366,0.49,1,False,0
0,ep_4ed50e93055d88a76c7b,224,18,0.0012736430921050468,0.48235591966822366,300000000,1.0,0.0035043174342103476,0.48235591966822366,0.49,1,False,0
0,ep_4ed50e93055d88a76c7b,225,18,0.001280838815789135,0.48235591966822366,300000000,1.0,0.0035834703947366575,0.48235591966822366,0.49,1,False,0
0,ep_4ed50e93055d88a76c7b,226,18,0.00128803453947367,0.48235591966822366,300000000,1.0,0.0031157483552628857,0.48235591966822366,0.49,1,False,0
0,ep_4ed50e93055d88a76c7b,227,18,0.0013096217105259345,0.48235591966822366,300000000,1.0,0.003482730263157636,0.48235591966822366,0.49,1,False,0
0,ep_4ed50e93055d88a76c7b,228,19,0.00128803453947367,0.48235591966822366,300000000,1.0,0.003187705592105108,0.48235591966822366,0.49,1,False,0
0,ep_4ed50e93055d88a76c7b,229,19,0.0013168174342104693,0.48235591966822366,300000000,1.0,0.003432360197368126,0.48235591966822366,0.49,1,False,0
0,ep_4ed50e93055d88a76c7b,230,19,0.0012304687499996247,0.48235591966822366,300000000,1.0,0.005555098684210317,0.48235591966822366,0.49,1,False,0
0,ep_4ed50e93055d88a76c7b,231,19,0.001194490131578737,0.48235591966822366,300000000,1.0,0.0030365953947365763,0.48235591966822366,0.49,1,False,0
0,ep_4ed50e93055d88a76c7b,232,19,0.001259251644736424,0.48235591966822366,300000000,1.0,0.003166118421052397,0.48235591966822366,0.49,1,False,0
0,ep_4ed50e93055d88a76c7b,233,19,0.001194490131578737,0.48235591966822366,300000000,1.0,0.004698807565789084,0.48235591966822366,0.49,1,False,0
0,ep_4ed50e93055d88a76c7b,234,19,0.001180098684210114,0.48235591966822366,300000000,1.0,0.002928659539473467,0.48235591966822366,0.49,1,False,0
0,ep_4ed50e93055d88a76c7b,235,19,0.0012448601973682474,0.48235591966822366,300000000,1.0,0.003590666118420746,0.48235591966822366,0.49,1,False,0
0,ep_4ed50e93055d88a76c7b,236,19,0.0013024259868418462,0.48235591966822366,300000000,1.0,0.004051192434210428,0.48235591966822366,0.49,1,False,0
0,ep_4ed50e93055d88a76c7b,237,19,0.0012736430921050468,0.48235591966822366,300000000,1.0,0.0035690789473680345,0.48235591966822366,0.49,1,False,0
0,ep_4ed50e93055d88a76c7b,238,19,0.001259251644736424,0.48235591966822366,300000000,1.0,0.0031589226973683083,0.48235591966822366,0.49,1,False,0
0,ep_4ed50e93055d88a76c7b,239,19,0.001280838815789135,0.48235591966822366,300000000,1.0,0.0032524671052627948,0.48235591966822366,0.49,1,False,0
0,ep_4ed50e93055d88a76c7b,240,20,0.001295230263157758,0.48235591966822366,300000000,1.0,0.0034395559210522145,0.48235591966822366,0.49,1,False,0
0,ep_4ed50e93055d88a76c7b,241,20,0.0011513157894733146,0.48235591966822366,300000000,1.0,0.0029574424342102665,0.48235591966822366,0.49,1,False,0
0,ep_4ed50e93055d88a76c7b,242,20,0.0012016858552628253,0.48235591966822366,300000000,1.0,0.005886101973684179,0.48235591966822366,0.49,1,False,0
0,ep_4ed50e93055d88a76c7b,243,20,0.0012736430921050468,0.48235591966822366,300000000,1.0,0.00391447368421052,0.48235591966822366,0.49,1,False,0
0,ep_4ed50e93055d88a76c7b,244,20,0.0013024259868418462,0.48235591966822366,300000000,1.0,0.003202097039473284,0.48235591966822366,0.49,1,False,0
0,ep_4ed50e93055d88a76c7b,245,20,0.0013240131578945574,0.48235591966822366,300000000,1.0,0.0036914062499997665,0.48235591966822366,0.49,1,False,0
0,ep_4ed50e93055d88a76c7b,246,20,0.0013384046052627339,0.48235591966822366,300000000,1.0,0.00331003289473684,0.48235591966822366,0.49,1,False,0
0,ep_4ed50e93055d88a76c7b,247,20,0.0012232730263155363,0.48235591966822366,300000000,1.0,0.005504728618420806,0.48235591966822366,0.49,1,False,0
0,ep_4ed50e93055d88a76c7b,248,20,0.0012376644736841593,0.48235591966822366,300000000,1.0,0.005900493421052356,0.48235591966822366,0.49,1,False,0
0,ep_4ed50e93055d88a76c7b,249,20,0.0012520559210523357,0.48235591966822366,300000000,1.0,0.005087376644736546,0.48235591966822366,0.49,1,False,0
0,ep_4ed50e93055d88a76c7b,250,20,0.001259251644736424,0.48235591966822366,300000000,1.0,0.0036626233552629673,0.48235591966822366,0.49,1,False,0
0,ep_4ed50e93055d88a76c7b,251,20,0.0012664473684209586,0.48235591966822366,300000000,1.0,0.003648231907894345,0.48235591966822366,0.49,1,False,0
0,ep_4ed50e93055d88a76c7b,252,21,0.00128803453947367,0.48235591966822366,300000000,1.0,0.003374794407894527,0.48235591966822366,0.49,1,False,0
0,ep_4ed50e93055d88a76c7b,253,21,0.001295230263157758,0.48235591966822366,300000000,1.0,0.004223889802631225,0.48235591966822366,0.49,1,False,0
0,ep_4ed50e93055d88a76c7b,254,21,0.0012376644736841593,0.48235591966822366,300000000,1.0,0.007526726973683977,0.48235591966822366,0.49,1,False,0
0,ep_4ed50e93055d88a76c7b,255,21,0.0012376644736841593,0.48235591966822366,300000000,1.0,0.0037849506578946997,0.48235591966822366,0.49,1,False,0
0,ep_4ed50e93055d88a76c7b,256,21,0.0013024259868418462,0.48235591966822366,300000000,1.0,0.0033460115131577275,0.48235591966822366,0.49,1,False,0
0,ep_4ed50e93055d88a76c7b,257,21,0.001295230263157758,0.48235591966822366,300000000,1.0,0.0032668585526314177,0.48235591966822366,0.49,1,False,0
0,ep_4ed50e93055d88a76c7b,258,21,0.0012376644736841593,0.48235591966822366,300000000,1.0,0.003166118421052397,0.48235591966822366,0.49,1,False,0
0,ep_4ed50e93055d88a76c7b,259,21,0.0012016858552628253,0.48235591966822366,300000000,1.0,0.0033388157894736394,0.48235591966822366,0.49,1,False,0
0,ep_4ed50e93055d88a76c7b,260,21,0.001180098684210114,0.48235591966822366,300000000,1.0,0.003619449013157545,0.48235591966822366,0.49,1,False,0
0,ep_4ed50e93055d88a76c7b,261,21,0.0012016858552628253,0.48235591966822366,300000000,1.0,0.003130139802631509,0.48235591966822366,0.49,1,False,0
0,ep_4ed50e93055d88a76c7b,262,21,0.00128803453947367,0.48235591966822366,300000000,1.0,0.003518708881578524,0.48235591966822366,0.49,1,False,0
0,ep_4ed50e93055d88a76c7b,263,21,0.0012232730263155363,0.48235591966822366,300000000,1.0,0.0045620888157891755,0.48235591966822366,0.49,1,False,0
0,ep_4ed50e93055d88a76c7b,264,22,0.0011657072368419375,0.48235591966822366,300000000,1.0,0.0029790296052629776,0.48235591966822366,0.49,1,False,0
0,ep_4ed50e93055d88a76c7b,265,22,0.0012520559210523357,0.48235591966822366,300000000,1.0,0.0035043174342103476,0.48235591966822366,0.49,1,False,0
0,ep_4ed50e93055d88a76c7b,266,22,0.0013527960526313568,0.48235591966822366,300000000,1.0,0.006209909539473507,0.48235591966822366,0.49,1,False,0
0,ep_4ed50e93055d88a76c7b,267,22,0.0013096217105259345,0.48235591966822366,300000000,1.0,0.0031013569078947095,0.48235591966822366,0.49,1,False,0
0,ep_4ed50e93055d88a76c7b,268,22,0.001216077302631448,0.48235591966822366,300000000,1.0,0.00346833881578946,0.48235591966822366,0.49,1,False,0
0,ep_4ed50e93055d88a76c7b,269,22,0.0012736430921050468,0.48235591966822366,300000000,1.0,0.0033675986842104386,0.48235591966822366,0.49,1,False,0
0,ep_4ed50e93055d88a76c7b,270,22,0.0013312088815786455,0.48235591966822366,300000000,1.0,0.003374794407894527,0.48235591966822366,0.49,1,False,0
0,ep_4ed50e93055d88a76c7b,271,22,0.001295230263157758,0.48235591966822366,300000000,1.0,0.003166118421052397,0.48235591966822366,0.49,1,False,0
0,ep_4ed50e93055d88a76c7b,272,22,0.00128803453947367,0.48235591966822366,300000000,1.0,0.003943256578947319,0.48235591966822366,0.49,1,False,0
0,ep_4ed50e93055d88a76c7b,273,22,0.0012016858552628253,0.48235591966822366,300000000,1.0,0.0030293996710524878,0.48235591966822366,0.49,1,False,0
0,ep_4ed50e93055d88a76c7b,274,22,0.001259251644736424,0.48235591966822366,300000000,1.0,0.003094161184210175,0.48235591966822366,0.49,1,False,0
0,ep_4ed50e93055d88a76c7b,275,22,0.00128803453947367,0.48235591966822366,300000000,1.0,0.002964638157894354,0.48235591966822366,0.49,1,False,0
0,ep_4ed50e93055d88a76c7b,276,23,0.0013240131578945574,0.48235591966822366,300000000,1.0,0.003720189144736566,0.48235591966822366,0.49,1,False,0
0,ep_4ed50e93055d88a76c7b,277,23,0.0012448601973682474,0.48235591966822366,300000000,1.0,0.0031805098684210193,0.48235591966822366,0.49,1,False,0
0,ep_4ed50e93055d88a76c7b,278,23,0.001259251644736424,0.48235591966822366,300000000,1.0,0.005317639802631387,0.48235591966822366,0.49,1,False,0
0,ep_4ed50e93055d88a76c7b,279,23,0.0012664473684209586,0.48235591966822366,300000000,1.0,0.003698601973683855,0.48235591966822366,0.49,1,False,0
0,ep_4ed50e93055d88a76c7b,280,23,0.0012016858552628253,0.48235591966822366,300000000,1.0,0.0030365953947365763,0.48235591966822366,0.49,1,False,0
0,ep_4ed50e93055d88a76c7b,281,23,0.00128803453947367,0.48235591966822366,300000000,1.0,0.0032668585526314177,0.48235591966822366,0.49,1,False,0
0,ep_4ed50e93055d88a76c7b,282,23,0.0013384046052627339,0.48235591966822366,300000000,1.0,0.003734580592105189,0.48235591966822366,0.49,1,False,0
0,ep_4ed50e93055d88a76c7b,283,23,0.0013024259868418462,0.48235591966822366,300000000,1.0,0.003194901315789196,0.48235591966822366,0.49,1,False,0
0,ep_4ed50e93055d88a76c7b,284,23,0.00128803453947367,0.48235591966822366,300000000,1.0,0.003648231907894345,0.48235591966822366,0.49,1,False,0
0,ep_4ed50e93055d88a76c7b,285,23,0.0012664473684209586,0.48235591966822366,300000000,1.0,0.0034755345394735485,0.48235591966822366,0.49,1,False,0
0,ep_4ed50e93055d88a76c7b,286,23,0.00128803453947367,0.48235591966822366,300000000,1.0,0.0037633634868419886,0.48235591966822366,0.49,1,False,0
0,ep_4ed50e93055d88a76c7b,287,23,0.0012736430921050468,0.48235591966822366,300000000,1.0,0.0031589226973683083,0.48235591966822366,0.49,1,False,0
0,ep_5b110457b2232a6309e0,0,0,0.25395192307692294,0.4710606320892701,300000000,1.0,0.38917307692307673,0.47189882357030427,0.49,1,False,0
0,ep_5b110457b2232a6309e0,1,0,0.24075961538461538,0.47089227585179644,300000000,1.0,0.33970192307692304,0.47189882357030427,0.49,1,False,0
0,ep_5b110457b2232a6309e0,2,0,0.2732692307692307,0.47139662432266743,300000000,1.0,0.40424999999999983,0.4720657492659687,0.49,1,False,0
0,ep_5b110457b2232a6309e0,3,0,0.2610192307692306,0.47122874798936465,300000000,1.0,0.437701923076923,0.47223243919074415,0.49,1,False,0
0,ep_5b110457b2232a6309e0,4,0,0.23322115384615383,0.47055483926302377,300000000,1.0,0.35666346153846146,0.47089227585179644,0.49,1,False,0
0,ep_5b110457b2232a6309e0,5,0,0.27609615384615366,0.47089227585179644,300000000,1.0,0.40189423076923064,0.471564261855929,0.49,1,False,0
0,ep_5b110457b2232a6309e0,6,0,0.30248076923076916,0.47122874798936465,300000000,1.0,0.39435576923076915,0.4720657492659687,0.49,1,False,0
0,ep_5b110457b2232a6309e0,7,0,0.2812788461538461,0.4710606320892701,300000000,1.0,0.3971826923076921,0.4720657492659687,0.49,1,False,0
0,ep_5b110457b2232a6309e0,8,0,0.247355769230769,0.47139662432266743,300000000,1.0,0.35289423076923054,0.4720657492659687,0.49,1,False,0
0,ep_5b110457b2232a6309e0,9,0,0.2369903846153845,0.47122874798936465,300000000,1.0,0.4490096153846152,0.47223243919074415,0.49,1,False,0
0,ep_5b110457b2232a6309e0,10,0,0.22945192307692297,0.47122874798936465,300000000,1.0,0.33263461538461536,0.4720657492659687,0.49,1,False,0
0,ep_5b110457b2232a6309e0,11,0,0.22049999999999992,0.47072367850249397,300000000,1.0,0.35525,0.4720657492659687,0.49,1,False,0
0,ep_5b110457b2232a6309e0,12,1,0.26714423076923066,0.47139662432266743,300000000,1.0,0.40472115384615387,0.4720657492659687,0.49,1,False,0
0,ep_5b110457b2232a6309e0,13,1,0.2482980769230769,0.471564261855929,300000000,1.0,0.36797115384615386,0.47223243919074415,0.49,1,False,0
0,ep_5b110457b2232a6309e0,14,1,0.24075961538461538,0.47139662432266743,300000000,1.0,0.37079807692307687,0.47223243919074415,0.49,1,False,0
0,ep_5b110457b2232a6309e0,15,1,0.22756730769230765,0.4710606320892701,300000000,1.0,0.32509615384615376,0.47223243919074415,0.49,1,False,0
0,ep_5b110457b2232a6309e0,16,1,0.22426923076923055,0.4710606320892701,300000000,1.0,0.34582692307692303,0.4720657492659687,0.49,1,False,0
0,ep_5b110457b2232a6309e0,17,1,0.2273317307692306,0.47122874798936465,300000000,1.0,0.294,0.4720657492659687,0.49,1,False,0
0,ep_5b110457b2232a6309e0,18,1,0.2259182692307691,0.47072367850249397,300000000,1.0,0.43958653846153833,0.47223243919074415,0.49,1,False,0
0,ep_5b110457b2232a6309e0,19,1,0.24075961538461538,0.471564261855929,300000000,1.0,0.36655769230769236,0.47223243919074415,0.49,1,False,0
0,ep_5b110457b2232a6309e0,20,1,0.25300961538461525,0.471564261855929,300000000,1.0,0.38446153846153847,0.47223243919074415,0.49,1,False,0
0,ep_5b110457b2232a6309e0,21,1,0.25348076923076907,0.4710606320892701,300000000,1.0,0.3849326923076922,0.47223243919074415,0.49,1,False,0
0,ep_5b110457b2232a6309e0,22,1,0.2567788461538461,0.47122874798936465,300000000,1.0,0.39529807692307684,0.4720657492659687,0.49,1,False,0
0,ep_5b110457b2232a6309e0,23,1,0.24123076923076922,0.47139662432266743,300000000,1.0,0.32839423076923063,0.47223243919074415,0.49,1,False,0
0,ep_5b110457b2232a6309e0,24,2,0.24217307692307688,0.47089227585179644,300000000,1.0,0.373153846153846,0.47223243919074415,0.49,1,False,0
0,ep_5b110457b2232a6309e0,25,2,0.24075961538461538,0.47139662432266743,300000000,1.0,0.3491249999999999,0.47223243919074415,0.49,1,False,0
0,ep_5b110457b2232a6309e0,26,2,0.2254471153846153,0.4710606320892701,300000000,1.0,0.3194423076923076,0.4720657492659687,0.49,1,False,0
0,ep_5b110457b2232a6309e0,27,2,0.21979326923076906,0.47139662432266743,300000000,1.0,0.32933653846153826,0.47223243919074415,0.49,1,False,0
0,ep_5b110457b2232a6309e0,28,2,0.2360480769230768,0.4710606320892701,300000000,1.0,0.3241538461538461,0.4720657492659687,0.49,1,False,0
0,ep_5b110457b2232a6309e0,29,2,0.23863942307692304,0.47122874798936465,300000000,1.0,0.3547788461538461,0.47223243919074415,0.49,1,False,0
0,ep_5b110457b2232a6309e0,30,2,0.23487019230769215,0.4710606320892701,300000000,1.0,0.3302788461538462,0.4720657492659687,0.49,1,False,0
0,ep_5b110457b2232a6309e0,31,2,0.2311009615384615,0.4710606320892701,300000000,1.0,0.33075,0.4720657492659687,0.49,1,False,0
0,ep_5b110457b2232a6309e0,32,2,0.24641346153846136,0.47139662432266743,300000000,1.0,0.3316923076923077,0.4720657492659687,0.49,1,False,0
0,ep_5b110457b2232a6309e0,33,2,0.25489423076923057,0.47139662432266743,300000000,1.0,0.3651442307692306,0.47223243919074415,0.49,1,False,0
0,ep_5b110457b2232a6309e0,34,2,0.2577211538461538,0.47122874798936465,300000000,1.0,0.37221153846153837,0.47223243919074415,0.49,1,False,0
0,ep_5b110457b2232a6309e0,35,2,0.2596057692307691,0.47139662432266743,300000000,1.0,0.3745673076923077,0.47223243919074415,0.49,1,False,0
0,ep_5b110457b2232a6309e0,36,3,0.24547115384615373,0.47089227585179644,300000000,1.0,0.4348749999999998,0.47223243919074415,0.49,1,False,0
0,ep_5b110457b2232a6309e0,37,3,0.2553653846153846,0.47139662432266743,300000000,1.0,0.3726826923076922,0.47223243919074415,0.49,1,False,0
0,ep_5b110457b2232a6309e0,38,3,0.2591346153846153,0.47139662432266743,300000000,1.0,0.34865384615384604,0.47223243919074415,0.49,1,False,0
0,ep_5b110457b2232a6309e0,39,3,0.26431730769230766,0.471564261855929,300000000,1.0,0.3797499999999999,0.47223243919074415,0.49,1,False,0
0,ep_5b110457b2232a6309e0,40,3,0.25300961538461525,0.4710606320892701,300000000,1.0,0.35525,0.47223243919074415,0.49,1,False,0
0,ep_5b110457b2232a6309e0,41,3,0.2544230769230767,0.47122874798936465,300000000,1.0,0.3929423076923076,0.47223243919074415,0.49,1,False,0
0,ep_5b110457b2232a6309e0,42,3,0.24358653846153835,0.47122874798936465,300000000,1.0,0.367028846153846,0.47223243919074415,0.49,1,False,0
0,ep_5b110457b2232a6309e0,43,3,0.26054807692307674,0.47139662432266743,300000000,1.0,0.39058653846153846,0.47223243919074415,0.49,1,False,0
0,ep_5b110457b2232a6309e0,44,3,0.22332692307692292,0.47072367850249397,300000000,1.0,0.34299999999999986,0.47189882357030427,0.49,1,False,0
0,ep_5b110457b2232a6309e0,45,3,0.2586634615384615,0.47173166135208955,300000000,1.0,0.38116346153846137,0.47223243919074415,0.49,1,False,0
0,ep_5b110457b2232a6309e0,46,3,0.26054807692307674,0.47122874798936465,300000000,1.0,0.34394230769230755,0.4720657492659687,0.49,1,False,0
0,ep_5b110457b2232a6309e0,47,3,0.25112499999999993,0.47122874798936465,300000000,1.0,0.36891346153846155,0.47223243919074415,0.49,1,False,0
0,ep_5b110457b2232a6309e0,48,4,0.27703846153846134,0.471564261855929,300000000,1.0,0.40519230769230774,0.47223243919074415,0.49,1,False,0
0,ep_5b110457b2232a6309e0,49,4,0.260076923076923,0.47139662432266743,300000000,1.0,0.40849038461538456,0.47223243919074415,0.49,1,False,0
0,ep_5b110457b2232a6309e0,50,4,0.29541346153846154,0.471564261855929,300000000,1.0,0.42874999999999996,0.4720657492659687,0.49,1,False,0
0,ep_5b110457b2232a6309e0,51,4,0.2732692307692307,0.4710606320892701,300000000,1.0,0.42215384615384616,0.47223243919074415,0.49,1,False,0
0,ep_5b110457b2232a6309e0,52,4,0.2982403846153845,0.4710606320892701,300000000,1.0,0.40566346153846156,0.4720657492659687,0.49,1,False,0
0,ep_5b110457b2232a6309e0,53,4,0.28881730769230757,0.47139662432266743,300000000,1.0,0.44288461538461515,0.4720657492659687,0.49,1,False,0
0,ep_5b110457b2232a6309e0,54,4,0.3109615384615384,0.471564261855929,300000000,1.0,0.4763365384615384,0.47223243919074415,0.49,1,False,0
0,ep_5b110457b2232a6309e0,55,4,0.28174999999999994,0.47139662432266743,300000000,1.0,0.4725673076923077,0.47223243919074415,0.49,1,False,0
0,ep_5b110457b2232a6309e0,56,4,0.29541346153846154,0.47139662432266743,300000000,1.0,0.4150865384615384,0.47273110180085887,0.49,1,False,0
0,ep_5b110457b2232a6309e0,57,4,0.30530769230769217,0.471564261855929,300000000,1.0,0.41555769230769224,0.47223243919074415,0.49,1,False,0
0,ep_5b110457b2232a6309e0,58,4,0.30483653846153835,0.47122874798936465,300000000,1.0,0.49,0.4720657492659687,0.49,1,False,0
0,ep_5b110457b2232a6309e0,59,4,0.3170865384615384,0.471564261855929,300000000,1.0,0.4207403846153846,0.47223243919074415,0.49,1,False,0
0,ep_5b110457b2232a6309e0,60,5,0.2676153846153845,0.47089227585179644,300000000,1.0,0.4245096153846153,0.47223243919074415,0.49,1,False,0
0,ep_5b110457b2232a6309e0,61,5,0.27562499999999984,0.47139662432266743,300000000,1.0,0.400951923076923,0.47223243919074415,0.49,1,False,0
0,ep_5b110457b2232a6309e0,62,5,0.26149038461538443,0.47122874798936465,300000000,1.0,0.37032692307692305,0.4720657492659687,0.49,1,False,0
0,ep_5b110457b2232a6309e0,63,5,0.26667307692307685,0.471564261855929,300000000,1.0,0.3632596153846153,0.47223243919074415,0.49,1,False,0
0,ep_5b110457b2232a6309e0,64,5,0.2610192307692306,0.47122874798936465,300000000,1.0,0.40801923076923075,0.4720657492659687,0.49,1,False,0
0,ep_5b110457b2232a6309e0,65,5,0.24311538461538457,0.47139662432266743,300000000,1.0,0.3345192307692307,0.47223243919074415,0.49,1,False,0
0,ep_5b110457b2232a6309e0,66,5,0.2586634615384615,0.471564261855929,300000000,1.0,0.3858749999999999,0.47223243919074415,0.49,1,False,0
0,ep_5b110457b2232a6309e0,67,5,0.23416346153846151,0.47122874798936465,300000000,1.0,0.3712692307692307,0.47223243919074415,0.49,1,False,0
0,ep_5b110457b2232a6309e0,68,5,0.24358653846153835,0.47139662432266743,300000000,1.0,0.39247115384615383,0.4720657492659687,0.49,1,False,0
0,ep_5b110457b2232a6309e0,69,5,0.24005288461538452,0.47139662432266743,300000000,1.0,0.40283653846153833,0.47223243919074415,0.49,1,False,0
0,ep_5b110457b2232a6309e0,70,5,0.2629038461538462,0.47139662432266743,300000000,1.0,0.39812500000000006,0.47223243919074415,0.49,1,False,0
0,ep_5b110457b2232a6309e0,71,5,0.25348076923076907,0.47122874798936465,300000000,1.0,0.48528846153846145,0.47223243919074415,0.49,1,False,0
0,ep_5b110457b2232a6309e0,72,6,0.29117307692307676,0.47122874798936465,300000000,1.0,0.4640865384615383,0.47223243919074415,0.49,1,False,0
0,ep_5b110457b2232a6309e0,73,6,0.25819230769230767,0.471564261855929,300000000,1.0,0.38163461538461546,0.47239889409258257,0.49,1,False,0
0,ep_5b110457b2232a6309e0,74,6,0.2515961538461537,0.47139662432266743,300000000,1.0,0.425451923076923,0.4720657492659687,0.49,1,False,0
0,ep_5b110457b2232a6309e0,75,6,0.25819230769230767,0.47139662432266743,300000000,1.0,0.3519519230769229,0.47223243919074415,0.49,1,False,0
0,ep_5b110457b2232a6309e0,76,6,0.2680865384615383,0.47122874798936465,300000000,1.0,0.41932692307692293,0.4720657492659687,0.49,1,False,0
0,ep_5b110457b2232a6309e0,77,6,0.2567788461538461,0.47122874798936465,300000000,1.0,0.38775961538461523,0.47223243919074415,0.49,1,False,0
0,ep_5b110457b2232a6309e0,78,6,0.2704423076923077,0.471564261855929,300000000,1.0,0.4202692307692308,0.47223243919074415,0.49,1,False,0
0,ep_5b110457b2232a6309e0,79,6,0.263375,0.47139662432266743,300000000,1.0,0.4414711538461537,0.47223243919074415,0.49,1,False,0
0,ep_5b110457b2232a6309e0,80,6,0.25348076923076907,0.47139662432266743,300000000,1.0,0.35949038461538463,0.47223243919074415,0.49,1,False,0
0,ep_5b110457b2232a6309e0,81,6,0.25489423076923057,0.47122874798936465,300000000,1.0,0.35807692307692296,0.47223243919074415,0.49,1,False,0
0,ep_5b110457b2232a6309e0,82,6,0.260076923076923,0.4710606320892701,300000000,1.0,0.33970192307692304,0.47189882357030427,0.49,1,False,0
0,ep_5b110457b2232a6309e0,83,6,0.2577211538461538,0.471564261855929,300000000,1.0,0.3585480769230768,0.4720657492659687,0.49,1,False,0
0,ep_5b110457b2232a6309e0,84,7,0.25348076923076907,0.47139662432266743,300000000,1.0,0.3646730769230768,0.47223243919074415,0.49,1,False,0
0,ep_5b110457b2232a6309e0,85,7,0.24099519230769217,0.47173166135208955,300000000,1.0,0.3411153846153845,0.47223243919074415,0.49,1,False,0
0,ep_5b110457b2232a6309e0,86,7,0.2299230769230768,0.47139662432266743,300000000,1.0,0.34158653846153836,0.47223243919074415,0.49,1,False,0
0,ep_5b110457b2232a6309e0,87,7,0.2318076923076921,0.47139662432266743,300000000,1.0,0.3651442307692306,0.4720657492659687,0.49,1,False,0
0,ep_5b110457b2232a6309e0,88,7,0.24876923076923074,0.4710606320892701,300000000,1.0,0.38917307692307673,0.47223243919074415,0.49,1,False,0
0,ep_5b110457b2232a6309e0,89,7,0.2709134615384616,0.47139662432266743,300000000,1.0,0.38917307692307673,0.47223243919074415,0.49,1,False,0
0,ep_5b110457b2232a6309e0,90,7,0.266201923076923,0.4710606320892701,300000000,1.0,0.4216826923076923,0.47223243919074415,0.49,1,False,0
0,ep_5b110457b2232a6309e0,91,7,0.29305769230769235,0.47173166135208955,300000000,1.0,0.3967115384615383,0.47223243919074415,0.49,1,False,0
0,ep_5b110457b2232a6309e0,92,7,0.30530769230769217,0.471564261855929,300000000,1.0,0.4499519230769229,0.47223243919074415,0.49,1,False,0
0,ep_5b110457b2232a6309e0,93,7,0.28599038461538456,0.47139662432266743,300000000,1.0,0.48104807692307694,0.47223243919074415,0.49,1,False,0
0,ep_5b110457b2232a6309e0,94,7,0.272326923076923,0.47139662432266743,300000000,1.0,0.38728846153846147,0.47223243919074415,0.49,1,False,0
0,ep_5b110457b2232a6309e0,95,7,0.263375,0.47122874798936465,300000000,1.0,0.3887019230769229,0.47223243919074415,0.49,1,False,0
0,ep_5b110457b2232a6309e0,96,8,0.26997115384615367,0.471564261855929,300000000,1.0,0.44288461538461515,0.47223243919074415,0.49,1,False,0
0,ep_5b110457b2232a6309e0,97,8,0.272326923076923,0.471564261855929,300000000,1.0,0.4438269230769231,0.47223243919074415,0.49,1,False,0
0,ep_5b110457b2232a6309e0,98,8,0.2812788461538461,0.471564261855929,300000000,1.0,0.44948076923076924,0.47223243919074415,0.49,1,False,0
0,ep_5b110457b2232a6309e0,99,8,0.260076923076923,0.47122874798936465,300000000,1.0,0.3835192307692308,0.47223243919074415,0.49,1,False,0
0,ep_5b110457b2232a6309e0,100,8,0.2624326923076921,0.47122874798936465,300000000,1.0,0.3957692307692306,0.47223243919074415,0.49,1,False,0
0,ep_5b110457b2232a6309e0,101,8,0.247355769230769,0.471564261855929,300000000,1.0,0.3505384615384614,0.4720657492659687,0.49,1,False,0
0,ep_5b110457b2232a6309e0,102,8,0.2468846153846152,0.47089227585179644,300000000,1.0,0.3604326923076923,0.47223243919074415,0.49,1,False,0
0,ep_5b110457b2232a6309e0,103,8,0.269028846153846,0.47173166135208955,300000000,1.0,0.36750000000000005,0.47223243919074415,0.49,1,False,0
0,ep_5b110457b2232a6309e0,104,8,0.2831634615384614,0.47139662432266743,300000000,1.0,0.46644230769230766,0.47223243919074415,0.49,1,False,0
0,ep_5b110457b2232a6309e0,105,8,0.260076923076923,0.47139662432266743,300000000,1.0,0.42498076923076905,0.47223243919074415,0.49,1,False,0
0,ep_5b110457b2232a6309e0,106,8,0.23651923076923065,0.4710606320892701,300000000,1.0,0.3849326923076922,0.47223243919074415,0.49,1,False,0
0,ep_5b110457b2232a6309e0,107,8,0.2299230769230768,0.471564261855929,300000000,1.0,0.34535576923076927,0.4720657492659687,0.49,1,False,0
0,ep_5b110457b2232a6309e0,108,9,0.24547115384615373,0.47139662432266743,300000000,1.0,0.36797115384615386,0.47223243919074415,0.49,1,False,0
0,ep_5b110457b2232a6309e0,109,9,0.2358124999999998,0.471564261855929,300000000,1.0,0.39482692307692296,0.47223243919074415,0.49,1,False,0
0,ep_5b110457b2232a6309e0,110,9,0.24005288461538452,0.4710606320892701,300000000,1.0,0.3736249999999999,0.47189882357030427,0.49,1,False,0
0,ep_5b110457b2232a6309e0,111,9,0.2398173076923075,0.47173166135208955,300000000,1.0,0.3401730769230769,0.47223243919074415,0.49,1,False,0
0,ep_5b110457b2232a6309e0,112,9,0.2398173076923075,0.4710606320892701,300000000,1.0,0.3401730769230769,0.47223243919074415,0.49,1,False,0
0,ep_5b110457b2232a6309e0,113,9,0.24594230769230752,0.471564261855929,300000000,1.0,0.38399038461538465,0.4720657492659687,0.49,1,False,0
0,ep_5b110457b2232a6309e0,114,9,0.2285096153846153,0.47122874798936465,300000000,1.0,0.3990673076923077,0.47223243919074415,0.49,1,False,0
0,ep_5b110457b2232a6309e0,115,9,0.21060576923076924,0.47089227585179644,300000000,1.0,0.37598076923076923,0.47189882357030427,0.49,1,False,0
0,ep_5b110457b2232a6309e0,116,9,0.21272596153846135,0.47122874798936465,300000000,1.0,0.3764519230769231,0.47189882357030427,0.49,1,False,0
0,ep_5b110457b2232a6309e0,117,9,0.22921634615384615,0.47189882357030427,300000000,1.0,0.38210576923076905,0.47223243919074415,0.49,1,False,0
0,ep_5b110457b2232a6309e0,118,9,0.2212067307692308,0.47089227585179644,300000000,1.0,0.3533653846153846,0.47189882357030427,0.49,1,False,0
0,ep_5b110457b2232a6309e0,119,9,0.2160240384615384,0.47173166135208955,300000000,1.0,0.3298076923076923,0.47223243919074415,0.49,1,False,0
0,ep_5b110457b2232a6309e0,120,10,0.22144230769230758,0.47122874798936465,300000000,1.0,0.3227403846153846,0.47223243919074415,0.49,1,False,0
0,ep_5b110457b2232a6309e0,121,10,0.22073557692307674,0.47122874798936465,300000000,1.0,0.3863461538461538,0.4720657492659687,0.49,1,False,0
0,ep_5b110457b2232a6309e0,122,10,0.22049999999999992,0.47122874798936465,300000000,1.0,0.3170865384615384,0.4720657492659687,0.49,1,False,0
0,ep_5b110457b2232a6309e0,123,10,0.2172019230769231,0.47122874798936465,300000000,1.0,0.41791346153846143,0.47223243919074415,0.49,1,False,0
0,ep_5b110457b2232a6309e0,124,10,0.2245048076923076,0.47122874798936465,300000000,1.0,0.33075,0.4720657492659687,0.49,1,False,0
0,ep_5b110457b2232a6309e0,125,10,0.22144230769230758,0.471564261855929,300000000,1.0,0.35572115384615377,0.4720657492659687,0.49,1,False,0
0,ep_5b110457b2232a6309e0,126,10,0.23463461538461536,0.47122874798936465,300000000,1.0,0.4122596153846154,0.47223243919074415,0.49,1,False,0
0,ep_5b110457b2232a6309e0,127,10,0.22709615384615384,0.47139662432266743,300000000,1.0,0.3726826923076922,0.4720657492659687,0.49,1,False,0
0,ep_5b110457b2232a6309e0,128,10,0.2369903846153845,0.47139662432266743,300000000,1.0,0.3510096153846152,0.4720657492659687,0.49,1,False,0
0,ep_5b110457b2232a6309e0,129,10,0.18987499999999996,0.47072367850249397,300000000,1.0,0.3236826923076923,0.4720657492659687,0.49,1,False,0
0,ep_5b110457b2232a6309e0,130,10,0.21107692307692308,0.47089227585179644,300000000,1.0,0.28504807692307693,0.47173166135208955,0.49,1,False,0
0,ep_5b110457b2232a6309e0,131,10,0.2188509615384614,0.47139662432266743,300000000,1.0,0.3109615384615384,0.47189882357030427,0.49,1,False,0
0,ep_5b110457b2232a6309e0,132,11,0.2134326923076922,0.47122874798936465,300000000,1.0,0.3481826923076923,0.47189882357030427,0.49,1,False,0
0,ep_5b110457b2232a6309e0,133,11,0.21932211538461524,0.471564261855929,300000000,1.0,0.34582692307692303,0.4720657492659687,0.49,1,False,0
0,ep_5b110457b2232a6309e0,134,11,0.21767307692307694,0.47122874798936465,300000000,1.0,0.3123749999999999,0.4720657492659687,0.49,1,False,0
0,ep_5b110457b2232a6309e0,135,11,0.21296153846153837,0.47122874798936465,300000000,1.0,0.3010673076923077,0.4720657492659687,0.49,1,False,0
0,ep_5b110457b2232a6309e0,136,11,0.20118269230769215,0.4710606320892701,300000000,1.0,0.30907692307692314,0.47189882357030427,0.49,1,False,0
0,ep_5b110457b2232a6309e0,137,11,0.21107692307692308,0.47122874798936465,300000000,1.0,0.321798076923077,0.47189882357030427,0.49,1,False,0
0,ep_5b110457b2232a6309e0,138,11,0.17762499999999987,0.47072367850249397,300000000,1.0,0.2713846153846154,0.47189882357030427,0.49,1,False,0
0,ep_5b110457b2232a6309e0,139,11,0.20824999999999982,0.47139662432266743,300000000,1.0,0.324625,0.47189882357030427,0.49,1,False,0
0,ep_5b110457b2232a6309e0,140,11,0.22049999999999992,0.47122874798936465,300000000,1.0,0.32509615384615376,0.47189882357030427,0.49,1,False,0
0,ep_5b110457b2232a6309e0,141,11,0.24264423076923072,0.47139662432266743,300000000,1.0,0.43251923076923066,0.47223243919074415,0.49,1,False,0
0,ep_5b110457b2232a6309e0,142,11,0.2629038461538462,0.471564261855929,300000000,1.0,0.38210576923076905,0.47223243919074415,0.49,1,False,0
0,ep_5b110457b2232a6309e0,143,11,0.26149038461538443,0.47139662432266743,300000000,1.0,0.40189423076923064,0.47223243919074415,0.49,1,False,0
0,ep_5b110457b2232a6309e0,144,12,0.27421153846153834,0.47122874798936465,300000000,1.0,0.3934134615384615,0.47189882357030427,0.49,1,False,0
0,ep_5b110457b2232a6309e0,145,12,0.2727980769230769,0.47173166135208955,300000000,1.0,0.4023653846153845,0.47223243919074415,0.49,1,False,0
0,ep_5b110457b2232a6309e0,146,12,0.2115480769230769,0.47072367850249397,300000000,1.0,0.36891346153846155,0.47189882357030427,0.49,1,False,0
0,ep_5b110457b2232a6309e0,147,12,0.24264423076923072,0.4710606320892701,300000000,1.0,0.3745673076923077,0.4720657492659687,0.49,1,False,0
0,ep_5b110457b2232a6309e0,148,12,0.2339278846153845,0.47072367850249397,300000000,1.0,0.3495961538461537,0.471564261855929,0.49,1,False,0
0,ep_5b110457b2232a6309e0,149,12,0.22709615384615384,0.47089227585179644,300000000,1.0,0.3627884615384615,0.47173166135208955,0.49,1,False,0
0,ep_5b110457b2232a6309e0,150,12,0.24217307692307688,0.4710606320892701,300000000,1.0,0.35525,0.47173166135208955,0.49,1,False,0
0,ep_5b110457b2232a6309e0,151,12,0.24123076923076922,0.471564261855929,300000000,1.0,0.361375,0.4720657492659687,0.49,1,False,0
0,ep_5b110457b2232a6309e0,152,12,0.2369903846153845,0.47139662432266743,300000000,1.0,0.32556730769230763,0.4720657492659687,0.49,1,False,0
0,ep_5b110457b2232a6309e0,153,12,0.23863942307692304,0.47122874798936465,300000000,1.0,0.37739423076923073,0.4720657492659687,0.49,1,False,0
0,ep_5b110457b2232a6309e0,154,12,0.25300961538461525,0.471564261855929,300000000,1.0,0.3604326923076923,0.4720657492659687,0.49,1,False,0
0,ep_5b110457b2232a6309e0,155,12,0.24924038461538459,0.4710606320892701,300000000,1.0,0.373153846153846,0.4720657492659687,0.49,1,False,0
0,ep_5b110457b2232a6309e0,156,13,0.22191346153846142,0.4710606320892701,300000000,1.0,0.3618461538461538,0.4720657492659687,0.49,1,False,0
0,ep_5b110457b2232a6309e0,157,13,0.2188509615384614,0.4710606320892701,300000000,1.0,0.3481826923076923,0.47189882357030427,0.49,1,False,0
0,ep_5b110457b2232a6309e0,158,13,0.26431730769230766,0.47122874798936465,300000000,1.0,0.3802211538461537,0.47189882357030427,0.49,1,False,0
0,ep_5b110457b2232a6309e0,159,13,0.24170192307692306,0.47089227585179644,300000000,1.0,0.44005769230769215,0.4720657492659687,0.49,1,False,0
0,ep_5b110457b2232a6309e0,160,13,0.2273317307692306,0.471564261855929,300000000,1.0,0.4089615384615384,0.4720657492659687,0.49,1,False,0
0,ep_5b110457b2232a6309e0,161,13,0.24123076923076922,0.47122874798936465,300000000,1.0,0.4475961538461537,0.4720657492659687,0.49,1,False,0
0,ep_5b110457b2232a6309e0,162,13,0.23015865384615383,0.47139662432266743,300000000,1.0,0.3547788461538461,0.4720657492659687,0.49,1,False,0
0,ep_5b110457b2232a6309e0,163,13,0.24170192307692306,0.47122874798936465,300000000,1.0,0.4405288461538461,0.47189882357030427,0.49,1,False,0
0,ep_5b110457b2232a6309e0,164,13,0.23840384615384602,0.47122874798936465,300000000,1.0,0.3684423076923077,0.4720657492659687,0.49,1,False,0
0,ep_5b110457b2232a6309e0,165,13,0.23793269230769218,0.47139662432266743,300000000,1.0,0.4381730769230769,0.47223243919074415,0.49,1,False,0
0,ep_5b110457b2232a6309e0,166,13,0.24876923076923074,0.47173166135208955,300000000,1.0,0.41273076923076923,0.47223243919074415,0.49,1,False,0
0,ep_5b110457b2232a6309e0,167,13,0.25395192307692294,0.47122874798936465,300000000,1.0,0.4504230769230769,0.47223243919074415,0.49,1,False,0
0,ep_5b110457b2232a6309e0,168,14,0.26384615384615384,0.471564261855929,300000000,1.0,0.4075480769230769,0.47223243919074415,0.49,1,False,0
0,ep_5b110457b2232a6309e0,169,14,0.24499999999999986,0.47122874798936465,300000000,1.0,0.35006730769230754,0.4720657492659687,0.49,1,False,0
0,ep_5b110457b2232a6309e0,170,14,0.23157211538461533,0.47089227585179644,300000000,1.0,0.34629807692307696,0.47189882357030427,0.49,1,False,0
0,ep_5b110457b2232a6309e0,171,14,0.2360480769230768,0.47122874798936465,300000000,1.0,0.46031730769230766,0.4720657492659687,0.49,1,False,0
0,ep_5b110457b2232a6309e0,172,14,0.24641346153846136,0.47173166135208955,300000000,1.0,0.3519519230769229,0.47223243919074415,0.49,1,False,0
0,ep_5b110457b2232a6309e0,173,14,0.24217307692307688,0.47139662432266743,300000000,1.0,0.3835192307692308,0.47223243919074415,0.49,1,False,0
0,ep_5b110457b2232a6309e0,174,14,0.24123076923076922,0.471564261855929,300000000,1.0,0.41273076923076923,0.47223243919074415,0.49,1,False,0
0,ep_5b110457b2232a6309e0,175,14,0.2268605769230768,0.47122874798936465,300000000,1.0,0.327451923076923,0.47223243919074415,0.49,1,False,0
0,ep_5b110457b2232a6309e0,176,14,0.2226201923076923,0.47072367850249397,300000000,1.0,0.39058653846153846,0.47139662432266743,0.49,1,False,0
0,ep_5d6a776897346bfa7605,23,1,0.036874999999999956,0.006760708401976858,32000000,0.1066666666666666,0.19678571428571398,0.01058252677100489,0.49,1,False,0
0,ep_5d6a776897346bfa7605,24,2,0.392142857142857,0.05771828665568365,300000000,1.0,0.49,0.11745469522240522,0.49,1,False,0
0,ep_5d6a776897346bfa7605,25,2,0.1546428571428571,0.1648805601317956,300000000,1.0,0.4785714285714285,0.17133855024711692,0.49,1,False,0
0,ep_5d6a776897346bfa7605,26,2,0.0025948660714284408,0.16952224052718282,300000000,1.0,0.010133928571428414,0.17032948929159794,0.49,1,False,0
0,ep_5d6a776897346bfa7605,27,2,0.0019475446428569348,0.16770593080724872,300000000,1.0,0.008493303571428254,0.16770593080724872,0.49,1,False,0
0,ep_5d6a776897346bfa7605,28,2,0.0016238839285711815,0.16346787479406913,300000000,1.0,0.005959821428571236,0.16770593080724872,0.49,1,False,0
0,ep_5d6a776897346bfa7605,29,2,0.001724330357142634,0.16084431630971988,300000000,1.0,0.00694196428571402,0.16084431630971988,0.49,1,False,0
0,ep_5d6a776897346bfa7605,30,2,0.0016895647321425221,0.16084431630971988,300000000,1.0,0.0059151785714284455,0.16084431630971988,0.49,2,False,0
0,ep_5d6a776897346bfa7605,31,2,0.0016517857142856857,0.16084431630971988,300000000,1.0,0.006629464285714138,0.16084431630971988,0.49,1,False,0
0,ep_5d6a776897346bfa7605,32,2,0.03415178571428556,0.1610461285008237,300000000,1.0,0.05696428571428562,0.1610461285008237,0.49,1,False,0
0,ep_5d6a776897346bfa7605,33,2,0.024419642857142612,0.1582207578253706,300000000,1.0,0.05687499999999969,0.16225700164744636,0.49,1,False,0
0,ep_5d6a776897346bfa7605,34,2,0.001735491071428505,0.14913920922570018,300000000,1.0,0.009397321428571326,0.14913920922570018,0.49,1,False,0
0,ep_5d6a776897346bfa7605,35,2,0.0060825892857140846,0.14913920922570018,300000000,1.0,0.05785714285714282,0.14913920922570018,0.49,1,False,0
0,ep_5d6a776897346bfa7605,36,3,0.040937499999999814,0.14913920922570018,300000000,1.0,0.0582142857142855,0.14913920922570018,0.49,1,False,0
0,ep_5d6a776897346bfa7605,37,3,0.014017857142857105,0.15539538714991755,300000000,1.0,0.055535714285714244,0.15579901153212514,0.49,1,False,0
0,ep_5d6a776897346bfa7605,38,3,0.0012946428571426662,0.15559719934102137,300000000,1.0,0.007589285714285527,0.15579901153212514,0.49,1,False,0
0,ep_5d6a776897346bfa7605,39,3,0.0012444196428571131,0.15559719934102137,300000000,1.0,0.007142857142856926,0.15579901153212514,0.49,1,False,0
0,ep_5d6a776897346bfa7605,40,3,0.0021149553571425737,0.15559719934102137,300000000,1.0,0.044330357142857116,0.15579901153212514,0.49,1,False,0
0,ep_5d6a776897346bfa7605,41,3,0.020602678571428452,0.15579901153212514,300000000,1.0,0.1407142857142856,0.15579901153212514,0.49,1,False,0
0,ep_5d6a776897346bfa7605,42,3,0.0011160714285711564,0.15579901153212514,300000000,1.0,0.004497767857142585,0.15579901153212514,0.49,1,False,0
0,ep_5d6a776897346bfa7605,43,3,0.0010267857142855748,0.15559719934102137,300000000,1.0,0.005039062499999877,0.15579901153212514,0.49,1,False,0
0,ep_5d6a776897346bfa7605,44,3,0.0009933035714283084,0.15539538714991755,48174114,0.16058038,0.004659598214285462,0.15559719934102137,0.49,1,False,0
0,ep_82cbe00827435fff0953,264,22,0.1873554877133276,0.2235908095467875,116000000,0.3866666666666666,0.41103047895500733,0.3017438105489775,0.48,2,False,0
0,ep_82cbe00827435fff0953,265,22,0.2535849056603771,0.2888266953713669,300000000,1.0,0.3159361393323658,0.30381054897739485,0.48,1,False,0
0,ep_82cbe00827435fff0953,266,22,0.24522496371552974,0.28210979547900955,300000000,1.0,0.29503628447024677,0.28262648008611374,0.48,1,False,0
0,ep_82cbe00827435fff0953,267,22,0.2535849056603771,0.28262648008611374,300000000,1.0,0.3566908563134978,0.2919268030139932,0.48,1,False,0
0,ep_82cbe00827435fff0953,268,22,0.2675181422351233,0.2852099031216358,300000000,1.0,0.4200870827285919,0.30742734122712595,0.48,1,False,0
0,ep_82cbe00827435fff0953,269,22,0.2696081277213352,0.2862432723358448,300000000,1.0,0.3977939042089983,0.30071044133476854,0.48,1,False,0
0,ep_82cbe00827435fff0953,270,22,0.27866473149492016,0.2872766415500538,300000000,1.0,0.48,0.30742734122712595,0.48,1,False,0
0,ep_82cbe00827435fff0953,271,22,0.25602322206095773,0.2919268030139932,300000000,1.0,0.3664441219158197,0.3105274488697522,0.48,1,False,0
0,ep_82cbe00827435fff0953,272,22,0.29294629898403457,0.3146609257265875,300000000,1.0,0.40058055152394784,0.322927879440258,0.48,1,False,0
0,ep_82cbe00827435fff0953,273,22,0.2849346879535557,0.3089773950484391,300000000,1.0,0.40894049346879513,0.328611410118407,0.48,1,False,0
0,ep_82cbe00827435fff0953,274,22,0.2794496371552976,0.3019780409041979,300000000,1.0,0.4145137880986937,0.31104413347685644,0.48,2,False,0
0,ep_82cbe00827435fff0953,275,22,0.29468795355587796,0.30794402583423014,300000000,1.0,0.42705370101596507,0.322927879440258,0.48,1,False,0
0,ep_82cbe00827435fff0953,276,23,0.27169811320754705,0.3084607104413349,300000000,1.0,0.3629608127721334,0.3172443487621096,0.48,1,False,0
0,ep_82cbe00827435fff0953,277,23,0.29378809869375905,0.3048525296017221,300000000,1.0,0.47373004354136417,0.3224111948331538,0.48,2,False,0
0,ep_82cbe00827435fff0953,278,23,0.30687953555878084,0.305360602798708,300000000,1.0,0.4033671988388969,0.32809472551130225,0.48,1,False,0
0,ep_82cbe00827435fff0953,279,23,0.28876632801161095,0.3327448869752423,300000000,1.0,0.43820029027576196,0.3451453175457481,0.48,1,False,0
0,ep_82cbe00827435fff0953,280,23,0.27065312046444095,0.3306781485468243,300000000,1.0,0.3601741654571842,0.3353283100107644,0.48,1,False,0
0,ep_82cbe00827435fff0953,281,23,0.28226415094339613,0.32467771797631817,300000000,1.0,0.37759071117561693,0.3348116254036596,0.48,2,False,0
0,ep_82cbe00827435fff0953,282,23,0.27936139332365745,0.34566200215285225,300000000,1.0,0.3706240928882438,0.36787944025834235,0.48,1,False,0
0,ep_82cbe00827435fff0953,283,23,0.2636865021770682,0.35806243272335814,300000000,1.0,0.38455732946298965,0.37614639397201294,0.48,1,False,0
0,ep_82cbe00827435fff0953,284,23,0.26612481857764847,0.36322927879440237,300000000,1.0,0.3943105950653119,0.37614639397201294,0.48,1,False,0
0,ep_82cbe00827435fff0953,285,23,0.26507982583454276,0.3652960172228203,300000000,1.0,0.34206095791001434,0.3735629709364908,0.48,1,False,0
0,ep_82cbe00827435fff0953,286,23,0.280754716981132,0.37089343379978457,300000000,1.0,0.4159071117561683,0.378729817007535,0.48,2,False,0
0,ep_82cbe00827435fff0953,287,23,0.2591582002902757,0.3828632938643703,300000000,1.0,0.33509433962264146,0.39268030139935395,0.48,1,False,0
0,ep_90a1ad89f94a3702e2c6,113,9,0.27342,0.2667417218543041,245000000,0.8166666666666667,0.45031,0.30470860927152316,0.48999999999999994,1,False,0
0,ep_90a1ad89f94a3702e2c6,114,9,0.31947999999999993,0.2952980132450334,300000000,1.0,0.44639000000000006,0.31282119205298026,0.48999999999999994,1,False,0
0,ep_90a1ad89f94a3702e2c6,115,9,0.31752,0.3141192052980128,300000000,1.0,0.4566800000000001,0.32060927152317853,0.48999999999999994,1,False,0
0,ep_90a1ad89f94a3702e2c6,116,9,0.32781000000000005,0.31898675496688705,300000000,1.0,0.45962,0.3225562913907288,0.48999999999999994,1,False,0
0,ep_90a1ad89f94a3702e2c6,117,9,0.32732000000000006,0.3215827814569537,300000000,1.0,0.45962,0.32937086092715195,0.48999999999999994,1,False,0
0,ep_90a1ad89f94a3702e2c6,118,9,0.32732000000000006,0.3313178807947022,300000000,1.0,0.46648,0.34007947019867557,0.48999999999999994,1,False,0
0,ep_90a1ad89f94a3702e2c6,119,9,0.33222,0.33423841059602616,300000000,1.0,0.4699100000000001,0.3381324503311253,0.48999999999999994,1,False,0
0,ep_90a1ad89f94a3702e2c6,120,10,0.33075000000000004,0.33748344370860905,300000000,1.0,0.4753,0.34656953642384125,0.48999999999999994,1,False,0
0,ep_90a1ad89f94a3702e2c6,121,10,0.32732000000000006,0.3491655629139079,300000000,1.0,0.47775,0.36279470198675556,0.48999999999999994,1,False,0
0,ep_90a1ad89f94a3702e2c6,122,10,0.32830000000000004,0.3614966887417216,300000000,1.0,0.47970999999999997,0.37123178807947005,0.48999999999999994,1,False,0
0,ep_90a1ad89f94a3702e2c6,123,10,0.32585,0.3660397350993384,300000000,1.0,0.49,0.3744768211920529,0.48999999999999994,1,False,0
0,ep_90a1ad89f94a3702e2c6,124,10,0.32487,0.3757748344370869,300000000,1.0,0.48804,0.37966887417218603,0.48999999999999994,1,False,0
0,ep_90a1ad89f94a3702e2c6,125,10,0.3234000000000001,0.3744768211920529,300000000,1.0,0.48657,0.37901986754966976,0.48999999999999994,1,False,0
0,ep_90a1ad89f94a3702e2c6,126,10,0.30723,0.3738278145695367,300000000,1.0,0.48069000000000006,0.37966887417218603,0.48999999999999994,1,False,0
0,ep_90a1ad89f94a3702e2c6,127,10,0.32439959999999995,0.35953236203090483,300000000,1.0,0.4728500000000001,0.3634437086092718,0.48999999999999994,2,False,0
0,ep_90a1ad89f94a3702e2c6,128,10,0.1871797779590284,0.2550958701069981,18304983,0.06101661,0.29302000000000006,0.3634437086092718,0.48999999999999994,2,False,0
0,ep_9737a4971f154b6456c6,14,1,0.264750479846449,0.25441059602649035,184000000,0.6133333333333333,0.45096928982725526,0.30243708609271536,0.48999999999999994,1,False,0
0,ep_9737a4971f154b6456c6,15,1,0.3324664107485605,0.29043046357615915,300000000,1.0,0.458493282149712,0.2956225165562909,0.48999999999999994,1,False,0
0,ep_9737a4971f154b6456c6,16,1,0.32964491362763915,0.3014635761589403,300000000,1.0,0.462725527831094,0.3212582781456948,0.48999999999999994,1,False,0
0,ep_9737a4971f154b6456c6,17,1,0.32964491362763915,0.3309933774834433,300000000,1.0,0.47871401151631465,0.3439735099337747,0.48999999999999994,1,False,0
0,ep_9737a4971f154b6456c6,18,1,0.32447216890595,0.3413774834437082,300000000,1.0,0.4834165067178503,0.3439735099337747,0.48999999999999994,1,False,0
0,ep_9737a4971f154b6456c6,19,1,0.32494241842610355,0.3420264900662259,300000000,1.0,0.47495201535508635,0.3472185430463575,0.48999999999999994,1,False,0
0,ep_9737a4971f154b6456c6,20,1,0.32776391554702483,0.3439735099337747,300000000,1.0,0.4810652591170825,0.3478675496688739,0.48999999999999994,1,False,0
0,ep_9737a4971f154b6456c6,21,1,0.3291746641074856,0.3478675496688739,300000000,1.0,0.4862380038387716,0.351761589403973,0.48999999999999994,1,False,0
0,ep_9737a4971f154b6456c6,22,1,0.33434740882917463,0.34851655629139155,300000000,1.0,0.48247600767754306,0.3543576158940395,0.48999999999999994,1,False,0
0,ep_9737a4971f154b6456c6,23,1,0.3338771593090211,0.3491655629139079,300000000,1.0,0.481535508637236,0.3543576158940395,0.48999999999999994,1,False,0
0,ep_9737a4971f154b6456c6,24,2,0.32823416506717845,0.351761589403973,300000000,1.0,0.49,0.35890066225165645,0.48999999999999994,1,False,0
0,ep_9737a4971f154b6456c6,25,2,0.32306142034548935,0.3563046357615898,300000000,1.0,0.47871401151631465,0.36084768211920526,0.48999999999999994,1,False,0
0,ep_9737a4971f154b6456c6,26,2,0.3216506717850287,0.3563046357615898,300000000,1.0,0.4777735124760076,0.3614966887417216,0.48999999999999994,1,False,0
0,ep_9737a4971f154b6456c6,27,2,0.32823416506717845,0.3563046357615898,300000000,1.0,0.4726007677543186,0.35954966887417267,0.48999999999999994,1,False,0
0,ep_9737a4971f154b6456c6,28,2,0.31130518234165067,0.3420264900662259,300000000,1.0,0.4617850287907869,0.3582516556291387,0.48999999999999994,1,False,0
0,ep_9737a4971f154b6456c6,29,2,0.30171703561058144,0.31544409084940345,184867027,0.6162234233333334,0.4650767754318618,0.34462251655629106,0.48999999999999994,3,False,0
0,ep_a0722f22616aabf4ec6d,59,4,0.24473873873873883,0.21575085324232077,265000000,0.8833333333333333,0.47,0.278711604095563,0.2823208191126281,1,False,0
0,ep_a0722f22616aabf4ec6d,60,5,0.2991486486486485,0.27851109215017056,300000000,1.0,0.40394594594594624,0.280716723549488,0.30999146757679175,2,False,0
0,ep_a0722f22616aabf4ec6d,61,5,0.2963963963963966,0.2803156996587031,300000000,1.0,0.3988648648648649,0.280716723549488,0.30999146757679175,1,False,0
0,ep_a0722f22616aabf4ec6d,62,5,0.28835135135135115,0.2803156996587031,300000000,1.0,0.3713423423423426,0.280716723549488,0.30999146757679175,1,False,0
0,ep_a0722f22616aabf4ec6d,63,5,0.29216216216216206,0.2803156996587031,300000000,1.0,0.3946306306306308,0.280716723549488,0.30999146757679175,1,False,0
0,ep_a0722f22616aabf4ec6d,64,5,0.2900450450450452,0.2803156996587031,300000000,1.0,0.3810810810810812,0.280716723549488,0.30999146757679175,1,False,0
0,ep_a0722f22616aabf4ec6d,65,5,0.22949549549549564,0.2795136518771331,300000000,1.0,0.39801801801801806,0.280716723549488,0.30999146757679175,1,False,0
0,ep_a0722f22616aabf4ec6d,66,5,0.295972972972973,0.2767064846416381,300000000,1.0,0.39844144144144167,0.280716723549488,0.30999146757679175,1,False,0
0,ep_a0722f22616aabf4ec6d,67,5,0.295972972972973,0.2751023890784984,300000000,1.0,0.40055855855855854,0.280716723549488,0.30999146757679175,1,False,0
0,ep_a0722f22616aabf4ec6d,68,5,0.3061351351351353,0.27269624573378815,300000000,1.0,0.448828828828829,0.2738993174061435,0.30999146757679175,1,False,0
0,ep_a0722f22616aabf4ec6d,69,5,0.29809009009009024,0.27149317406143325,300000000,1.0,0.4090270270270272,0.2730972696245734,0.30999146757679175,1,False,0
0,ep_a0722f22616aabf4ec6d,70,5,0.28708108108108116,0.27109215017064847,300000000,1.0,0.37049549549549576,0.27189419795221853,0.30999146757679175,1,False,0
0,ep_a0722f22616aabf4ec6d,71,5,0.21806306306306295,0.27069112627986325,300000000,1.0,0.3573693693693694,0.27189419795221853,0.30999146757679175,1,False,0
0,ep_a0722f22616aabf4ec6d,72,6,0.23330630630630614,0.2698890784982936,300000000,1.0,0.3196846846846848,0.27069112627986325,0.30999146757679175,1,False,0
0,ep_a0722f22616aabf4ec6d,73,6,0.2824234234234234,0.2686860068259387,300000000,1.0,0.37811711711711715,0.2690870307167235,0.30999146757679175,1,False,0
0,ep_a0722f22616aabf4ec6d,74,6,0.27141441441441433,0.2682849829351534,300000000,1.0,0.3340810810810812,0.2686860068259387,0.30999146757679175,1,False,0
0,ep_a0722f22616aabf4ec6d,75,6,0.2917387387387389,0.2674829351535834,300000000,1.0,0.35863963963963985,0.2682849829351534,0.30999146757679175,1,False,0
0,ep_a0722f22616aabf4ec6d,76,6,0.2866576576576576,0.30277303754266205,300000000,1.0,0.3882792792792794,0.31841296928327634,0.33244880546075106,1,False,0
0,ep_a0722f22616aabf4ec6d,77,6,0.24812612612612614,0.31720989761092144,300000000,1.0,0.3759999999999999,0.31801194539249156,0.3520989761092148,1,False,0
0,ep_a0722f22616aabf4ec6d,78,6,0.22187387387387383,0.3164078498293514,300000000,1.0,0.3535585585585585,0.31801194539249156,0.3520989761092148,1,False,0
0,ep_a0722f22616aabf4ec6d,79,6,0.27564864864864885,0.3160068259385666,300000000,1.0,0.3611801801801803,0.31720989761092144,0.3520989761092148,1,False,0
0,ep_a0722f22616aabf4ec6d,80,6,0.2748018018018016,0.3188139931740616,300000000,1.0,0.38065765765765763,0.37174914675767906,0.35530716723549466,1,False,0
0,ep_a0722f22616aabf4ec6d,81,6,0.2807297297297298,0.46518771331058045,300000000,1.0,0.35948648648648673,0.47,0.5020819112627988,1,False,0
0,ep_a0722f22616aabf4ec6d,82,6,0.19477477477477473,0.4683959044368603,300000000,1.0,0.3675315315315317,0.47,0.5068941979522182,1,False,0
0,ep_a0722f22616aabf4ec6d,83,6,0.17021621621621608,0.4643856655290104,300000000,1.0,0.34085585585585576,0.4675938566552902,0.5068941979522182,1,False,0
0,ep_a0722f22616aabf4ec6d,84,7,0.04075450450450437,0.4587713310580203,300000000,1.0,0.24050450450450434,0.4627815699658703,0.5068941979522182,1,False,0
0,ep_a0722f22616aabf4ec6d,85,7,0.024532094594594316,0.4531569965870307,300000000,1.0,0.11347747747747738,0.45556313993174047,0.5068941979522182,1,False,0
0,ep_a0722f22616aabf4ec6d,86,7,0.024426238738738615,0.44834470989761077,300000000,1.0,0.10532657657657626,0.45155290102389056,0.5068941979522182,1,False,0
0,ep_a0722f22616aabf4ec6d,87,7,0.007701013513513168,0.4443344709897613,300000000,1.0,0.08224999999999986,0.44674061433447104,0.5068941979522182,1,False,0
0,ep_a0722f22616aabf4ec6d,88,7,0.010625281531531156,0.44032423208191135,131292697,0.4376423233333333,0.1308378378378378,0.44192832764505113,0.5068941979522182,1,False,0
0,ep_aa651b60d05c2552720b,85,7,0.27708629441624355,0.2660927152317878,273000000,0.91,0.46711675126903557,0.3105496688741725,0.48999999999999994,1,False,0
0,ep_aa651b60d05c2552720b,86,7,0.3387715736040609,0.30211258278145653,300000000,1.0,0.47358375634517774,0.3076291390728471,0.48999999999999994,1,False,0
0,ep_aa651b60d05c2552720b,87,7,0.3377766497461929,0.3105496688741725,300000000,1.0,0.4745786802030458,0.31931125827814594,0.48999999999999994,1,False,0
0,ep_aa651b60d05c2552720b,88,7,0.3372791878172589,0.3186622516556296,300000000,1.0,0.4860203045685279,0.32320529801324505,0.48999999999999994,1,False,0
0,ep_aa651b60d05c2552720b,89,7,0.3332994923857868,0.32060927152317853,300000000,1.0,0.4830355329949239,0.3264503311258279,0.48999999999999994,1,False,0
0,ep_aa651b60d05c2552720b,90,7,0.31091370558375636,0.32320529801324505,300000000,1.0,0.4502030456852792,0.32742384105960304,0.48999999999999994,1,False,0
0,ep_aa651b60d05c2552720b,91,7,0.32782741116751263,0.32515231788079535,300000000,1.0,0.4785583756345178,0.3283973509933782,0.48999999999999994,1,False,0
0,ep_aa651b60d05c2552720b,92,7,0.3377766497461929,0.32515231788079535,300000000,1.0,0.4760710659898478,0.3283973509933782,0.48999999999999994,1,False,0
0,ep_aa651b60d05c2552720b,93,7,0.339766497461929,0.3254768211920528,300000000,1.0,0.47308629441624367,0.3283973509933782,0.48999999999999994,1,False,0
0,ep_aa651b60d05c2552720b,94,7,0.342751269035533,0.3254768211920528,300000000,1.0,0.49,0.3296953642384108,0.48999999999999994,1,False,0
0,ep_aa651b60d05c2552720b,95,7,0.3392690355329949,0.3254768211920528,300000000,1.0,0.48651776649746203,0.32937086092715195,0.48999999999999994,1,False,0
0,ep_aa651b60d05c2552720b,96,8,0.31340101522842645,0.3202847682119211,300000000,1.0,0.48005076142131986,0.32937086092715195,0.48999999999999994,1,False,0
0,ep_aa651b60d05c2552720b,97,8,0.3009191613056395,0.29221711762808056,171607126,0.5720237533333333,0.45667005076142136,0.3228807947019862,0.48999999999999994,3,False,0
0,ep_bd249b80fea7ccf4e254,23,1,0.3761370262390669,0.05536243822075778,283000000,0.9433333333333334,0.47,0.14576194398682035,0.47,1,False,0
0,ep_bd249b80fea7ccf4e254,24,2,0.05755102040816318,0.14150329489291588,300000000,1.0,0.4686297376093291,0.14576194398682035,0.47,1,False,0
0,ep_bd249b80fea7ccf4e254,25,2,0.0023711962463555687,0.13434102141680393,300000000,1.0,0.011925564868804561,0.13434102141680393,0.47,1,False,0
0,ep_bd249b80fea7ccf4e254,26,2,0.002108919460641091,0.13414744645799004,300000000,1.0,0.008928115889212523,0.13414744645799004,0.47,1,False,0
0,ep_bd249b80fea7ccf4e254,27,2,0.0016593021137023191,0.13414744645799004,300000000,1.0,0.007354455174926988,0.13414744645799004,0.47,1,False,0
0,ep_bd249b80fea7ccf4e254,28,2,0.0015629555393582727,0.13414744645799004,300000000,1.0,0.005470344387754785,0.13414744645799004,0.47,1,False,0
0,ep_bd249b80fea7ccf4e254,29,2,0.0015468977769678752,0.13414744645799004,300000000,1.0,0.005973487609329212,0.13414744645799004,0.47,1,False,0
0,ep_bd249b80fea7ccf4e254,30,2,0.0013970253279881736,0.13414744645799004,300000000,1.0,0.005288356413993956,0.13414744645799004,0.47,1,False,0
0,ep_bd249b80fea7ccf4e254,31,2,0.0012267059948976938,0.13414744645799004,300000000,1.0,0.006872722303206757,0.13414744645799004,0.47,2,False,0
0,ep_bd249b80fea7ccf4e254,32,2,0.0012739158163264657,0.13414744645799004,300000000,1.0,0.004656751093294355,0.13414744645799004,0.47,1,False,0
0,ep_bd249b80fea7ccf4e254,33,2,0.0011775692419824196,0.13414744645799004,300000000,1.0,0.004688866618075482,0.13414744645799004,0.47,1,False,0
0,ep_bd249b80fea7ccf4e254,34,2,0.001257858053935736,0.13317957166392091,300000000,1.0,0.0071831723760930905,0.13414744645799004,0.47,1,False,0
0,ep_bd249b80fea7ccf4e254,35,2,0.0012418002915450064,0.13221169686985174,300000000,1.0,0.004046556122448949,0.13298599670510708,0.47,1,False,0
0,ep_bd249b80fea7ccf4e254,36,3,0.0012203899416908107,0.13105024711696864,300000000,1.0,0.004726334730320408,0.13163097199341015,0.47,1,False,0
0,ep_bd249b80fea7ccf4e254,37,3,0.0010383414614082416,0.13008234976410668,202011771,0.67337257,0.0023283755466471773,0.13046952224052716,0.47,2,False,0
0,ep_ccfb8a0f25631004759a,215,17,0.003466029411764646,0.012107336956521681,50000000,0.1666666666666666,0.017414215686274506,0.024474637681159428,0.026125724637681074,3,False,0
0,ep_ccfb8a0f25631004759a,216,18,0.010243280611723788,0.047803109903381255,300000000,1.0,0.0637720588235294,0.06644927536231873,0.17216945954106244,5,False,0
0,ep_ccfb8a0f25631004759a,217,18,0.012422778543709118,0.060146105072463756,300000000,1.0,0.09511764705882343,0.06454710144927524,0.3206236714975844,3,False,0
0,ep_ccfb8a0f25631004759a,218,18,0.002229319852941127,0.038487318840579536,300000000,1.0,0.019996323529411768,0.06359601449275347,0.3271739130434782,1,False,0
0,ep_ccfb8a0f25631004759a,219,18,0.004593749999999934,0.03499999999999977,300000000,1.0,0.05140196078431368,0.05116847826086907,0.3271739130434782,1,False,0
0,ep_ccfb8a0f25631004759a,220,18,0.3002450980392157,0.19402173913043447,300000000,1.0,0.4823137254901961,0.24677536231884042,0.3271739130434782,1,False,0
0,ep_ccfb8a0f25631004759a,221,18,0.37662745098039213,0.2448943236714972,300000000,1.0,0.48807843137254897,0.24981884057970977,0.4732185990338165,2,False,0
0,ep_ccfb8a0f25631004759a,222,18,0.41265686274509805,0.31144927536231876,300000000,1.0,0.4813529411764705,0.4113768115942031,0.67768115942029,1,False,0
0,ep_ccfb8a0f25631004759a,223,18,0.35933333333333334,0.4164492753623191,300000000,1.0,0.49,0.42202898550724655,0.67768115942029,1,False,0
0,ep_ccfb8a0f25631004759a,224,18,0.04395588235294112,0.15369565217391304,300000000,1.0,0.34828431372549024,0.43065217391304333,0.67768115942029,1,False,0
0,ep_ccfb8a0f25631004759a,225,18,0.09259558823529404,0.10601449275362315,300000000,1.0,0.47126470588235286,0.34949275362318843,0.67768115942029,1,False,0
0,ep_ccfb8a0f25631004759a,226,18,0.07241911764705879,0.28101449275362306,81731723,0.2724390766666666,0.23971568627450976,0.49,0.67768115942029,1,False,0
0,ep_d31caf8fd9a3714da1a2,276,23,0.22803618619306085,0.36398152420551955,79456166,0.2648538866666666,0.49,0.42386975029144947,0.49067350469062365,4,True,1456166
0,ep_d31caf8fd9a3714da1a2,277,23,0.2488341158059467,0.4385423645457088,300000000,1.0,0.3282003129890453,0.45337548286772844,0.49,1,False,0
0,ep_d31caf8fd9a3714da1a2,278,23,0.2990610328638498,0.44648337856156955,300000000,1.0,0.3880125195618152,0.4528519531995481,0.49,1,False,0
0,ep_d31caf8fd9a3714da1a2,279,23,0.30442879499217507,0.45094692298999617,300000000,1.0,0.4056494522691705,0.45868195148594004,0.49,1,False,0
0,ep_d31caf8fd9a3714da1a2,280,23,0.2630203442879499,0.4563652574825519,300000000,1.0,0.3676917057902973,0.46250646475277435,0.49,1,False,0
0,ep_d31caf8fd9a3714da1a2,281,23,0.2837245696400625,0.46046290998146205,300000000,1.0,0.378810641627543,0.468062277733295,0.49,1,False,0
0,ep_d31caf8fd9a3714da1a2,282,23,0.2699217527386541,0.4637536481929419,300000000,1.0,0.35618935837245685,0.4678782185816948,0.49,1,False,0
0,ep_d31caf8fd9a3714da1a2,283,23,0.2584194053208137,0.46741679932219843,300000000,1.0,0.3527386541471047,0.4775971914258054,0.49,1,False,0
0,ep_d31caf8fd9a3714da1a2,284,23,0.22237871674491383,0.4725723815304906,300000000,1.0,0.29599374021909225,0.47691660840836464,0.49,1,False,0
0,ep_d31caf8fd9a3714da1a2,285,23,0.2285133020344287,0.46934265479908305,300000000,1.0,0.29791079812206556,0.47554366987059155,0.49,1,False,0
0,ep_d31caf8fd9a3714da1a2,286,23,0.2791236306729263,0.4707890386381024,300000000,1.0,0.3653912363067291,0.47810509458544637,0.49,1,False,0
0,ep_d31caf8fd9a3714da1a2,287,23,0.245,0.4741546905477984,300000000,1.0,0.32589984350547724,0.47994917320332714,0.49,1,False,0
0,ep_d57d7f4656422c641ee5,215,17,0.014018439444884293,0.021260376533368746,193000000,0.6433333333333333,0.0785469052224371,0.05549145299145266,0.023881424095478505,2,False,0
0,ep_d57d7f4656422c641ee5,216,18,0.015004522284010223,0.057414633190883184,300000000,1.0,0.10437379110251449,0.06282051282051263,0.13550663817663797,5,False,0
0,ep_d57d7f4656422c641ee5,217,18,0.0013071590657237238,0.05464581908831902,300000000,1.0,0.006612215909090855,0.061354700854700815,0.2655004273504271,3,False,0
0,ep_d57d7f4656422c641ee5,218,18,0.002173219898452543,0.02842628205128194,300000000,1.0,0.022154255319148893,0.05009935897435872,0.2701282051282051,1,False,0
0,ep_d57d7f4656422c641ee5,219,18,0.004183540860735,0.030467948717948553,300000000,1.0,0.04004352030947769,0.04339850427350408,0.2701282051282051,1,False,0
0,ep_d57d7f4656422c641ee5,220,18,0.33361702127659565,0.18532051282051262,300000000,1.0,0.4667794970986459,0.2190341880341879,0.2701282051282051,1,False,0
0,ep_d57d7f4656422c641ee5,221,18,0.3337354932301741,0.21191452991453003,300000000,1.0,0.47815280464216625,0.21421794871794878,0.38392407407407436,2,False,0
0,ep_d57d7f4656422c641ee5,222,18,0.32887814313346225,0.281854700854701,300000000,1.0,0.4743617021276595,0.39074358974359,0.5595213675213676,1,False,0
0,ep_d57d7f4656422c641ee5,223,18,0.4198646034816247,0.43890598290598326,300000000,1.0,0.49,0.49,0.5595213675213676,1,False,0
0,ep_d57d7f4656422c641ee5,224,18,0.022716997098645962,0.16354273504273478,300000000,1.0,0.24926499032881996,0.45063247863247863,0.5595213675213676,1,False,0
0,ep_d57d7f4656422c641ee5,225,18,0.08281189555125719,0.10888888888888863,300000000,1.0,0.3506769825918761,0.37357264957264974,0.5595213675213676,1,False,0
0,ep_d57d7f4656422c641ee5,226,18,0.027544729206963246,0.23076068376068376,81731652,0.27243884,0.22675531914893615,0.37482905982905995,0.5595213675213676,1,False,0
0,ep_d82c51c9583f3cf5c0c7,0,0,0.2572273567467652,0.47578019448256115,300000000,1.0,0.2862107208872458,0.4889169835131077,0.49,1,False,0
0,ep_d82c51c9583f3cf5c0c7,1,0,0.2377541589648798,0.4555280099334771,300000000,1.0,0.27217190388170054,0.46222524502647366,0.49,1,False,0
0,ep_d82c51c9583f3cf5c0c7,2,0,0.2350369685767098,0.47263900573439865,300000000,1.0,0.27217190388170054,0.4827183123426279,0.49,1,False,0
0,ep_d82c51c9583f3cf5c0c7,3,0,0.25315157116451015,0.477386692034636,300000000,1.0,0.2735304990757856,0.48448609610125276,0.49,1,False,0
0,ep_d82c51c9583f3cf5c0c7,4,0,0.24590573012938996,0.47082593749840485,300000000,1.0,0.2708133086876155,0.48360543520688254,0.49,1,False,0
0,ep_d82c51c9583f3cf5c0c7,5,0,0.2307347504621072,0.4579089480904462,300000000,1.0,0.2776062846580407,0.474288265969575,0.49,1,False,0
0,ep_d82c51c9583f3cf5c0c7,6,0,0.2545101663585952,0.46969616817417886,300000000,1.0,0.2862107208872458,0.48131094636404564,0.49,1,False,0
0,ep_d82c51c9583f3cf5c0c7,7,0,0.24998151571164512,0.4781818991513391,300000000,1.0,0.2794177449168207,0.4889169835131077,0.49,1,False,0
0,ep_d82c51c9583f3cf5c0c7,8,0,0.23277264325323477,0.4694120202539883,300000000,1.0,0.2658317929759704,0.4781818991513391,0.49,1,False,0
0,ep_d82c51c9583f3cf5c0c7,9,0,0.23050831792975968,0.47523984079424575,300000000,1.0,0.27851201478743065,0.4875801285921394,0.49,1,False,0
0,ep_d82c51c9583f3cf5c0c7,10,0,0.2268853974121996,0.4715265744346915,300000000,1.0,0.26945471349353045,0.48461138344567767,0.49,1,False,0
0,ep_d82c51c9583f3cf5c0c7,11,0,0.24273567467652496,0.4810532851101342,300000000,1.0,0.26537892791127543,0.48915848374626747,0.49,1,False,0
0,ep_d82c51c9583f3cf5c0c7,12,1,0.2350369685767098,0.4634293648843324,300000000,1.0,0.27126617375231055,0.4764522030863444,0.49,1,False,0
0,ep_d82c51c9583f3cf5c0c7,13,1,0.20945009242144177,0.4610084456586347,300000000,1.0,0.28213493530499073,0.480536300266601,0.49,1,False,0
0,ep_d82c51c9583f3cf5c0c7,14,1,0.19269408502772645,0.46447279956043086,300000000,1.0,0.2748890942698707,0.48182461983491315,0.49,1,False,0
0,ep_d82c51c9583f3cf5c0c7,15,1,0.1897504621072089,0.4574367137254324,300000000,1.0,0.2794177449168207,0.47263900573439865,0.49,1,False,0
0,ep_d82c51c9583f3cf5c0c7,16,1,0.23322550831792976,0.467692516075422,300000000,1.0,0.2825878003696858,0.4830993059602417,0.49,1,False,0
0,ep_d82c51c9583f3cf5c0c7,17,1,0.23639556377079482,0.45946915102713615,300000000,1.0,0.28213493530499073,0.474560923962889,0.49,1,False,0
0,ep_d82c51c9583f3cf5c0c7,18,1,0.19880776340110903,0.45325997682155117,300000000,1.0,0.25858595194085027,0.47551032465799054,0.49,1,False,0
0,ep_d82c51c9583f3cf5c0c7,19,1,0.21148798521256928,0.4534234905642552,300000000,1.0,0.2717190388170055,0.46855542326604555,0.49,1,False,0
0,ep_d82c51c9583f3cf5c0c7,20,1,0.2354898336414048,0.4638777011293508,300000000,1.0,0.2581330868761552,0.47591490010848103,0.49,1,False,0
0,ep_d82c51c9583f3cf5c0c7,21,1,0.24635859519408498,0.4686986248280211,300000000,1.0,0.28213493530499073,0.48448609610125276,0.49,1,False,0
0,ep_d82c51c9583f3cf5c0c7,22,1,0.21828096118299445,0.4585355791707863,300000000,1.0,0.27715341959334566,0.46969616817417886,0.49,1,False,0
0,ep_d82c51c9583f3cf5c0c7,23,1,0.23911275415896485,0.4784457966073814,300000000,1.0,0.28077634011090574,0.48733548214248584,0.49,1,False,0
0,ep_d82c51c9583f3cf5c0c7,24,2,0.22552680221811458,0.46740345991133875,300000000,1.0,0.2767005545286506,0.48079507063756977,0.49,1,False,0
0,ep_d82c51c9583f3cf5c0c7,25,2,0.2205452865064695,0.4669685303799696,300000000,1.0,0.2767005545286506,0.47671994824168223,0.49,1,False,0
0,ep_d82c51c9583f3cf5c0c7,26,2,0.22280961182994452,0.4506110884193724,300000000,1.0,0.27805914972273565,0.468841651593998,0.49,1,False,0
0,ep_d82c51c9583f3cf5c0c7,27,2,0.18929759704251387,0.45374981223398686,300000000,1.0,0.25360443622920514,0.46146625038003847,0.49,1,False,0
0,ep_d82c51c9583f3cf5c0c7,28,2,0.22190388170055453,0.47523984079424575,300000000,1.0,0.24681146025878,0.48118218472272234,0.49,1,False,0
0,ep_d82c51c9583f3cf5c0c7,29,2,0.22145101663585953,0.4738780996602324,300000000,1.0,0.2508872458410351,0.4793648814784337,0.49,1,False,0
0,ep_d82c51c9583f3cf5c0c7,30,2,0.1859011090573013,0.456486352229455,300000000,1.0,0.2400184842883549,0.47671994824168223,0.49,1,False,0
0,ep_d82c51c9583f3cf5c0c7,31,2,0.14989833641404804,0.4480698863640327,300000000,1.0,0.221677449168207,0.4623764472979595,0.49,1,False,0
0,ep_d82c51c9583f3cf5c0c7,32,2,0.1659750462107209,0.44892335900139313,300000000,1.0,0.21963955637707946,0.46609377831493193,0.49,1,False,0
0,ep_d82c51c9583f3cf5c0c7,33,2,0.21148798521256928,0.47725364109645063,300000000,1.0,0.25586876155268024,0.48473654136098887,0.49,1,False,0
0,ep_d82c51c9583f3cf5c0c7,34,2,0.18024029574861364,0.46222524502647366,300000000,1.0,0.24590573012938996,0.4794956054906416,0.49,1,False,0
0,ep_d82c51c9583f3cf5c0c7,35,2,0.16144639556377077,0.46580072949573675,300000000,1.0,0.22847042513863214,0.47671994824168223,0.49,1,False,0
0,ep_d82c51c9583f3cf5c0c7,36,3,0.21805452865064695,0.47180566700925314,300000000,1.0,0.28213493530499073,0.4833526355730233,0.49,1,False,0
0,ep_d82c51c9583f3cf5c0c7,37,3,0.24726432532347506,0.4780497316631626,300000000,1.0,0.2834935304990758,0.4869675888074558,0.49,1,False,0
0,ep_d82c51c9583f3cf5c0c7,38,3,0.21669593345656193,0.46177044724971467,300000000,1.0,0.2599445471349353,0.475104367613504,0.49,1,False,0
0,ep_d82c51c9583f3cf5c0c7,39,3,0.17639094269870606,0.46146625038003847,300000000,1.0,0.24545286506469502,0.47496873973880804,0.49,1,False,0
0,ep_d82c51c9583f3cf5c0c7,40,3,0.17322088724584106,0.4543996535118259,300000000,1.0,0.24228280961182994,0.46535976872125095,0.49,1,False,0
0,ep_d82c51c9583f3cf5c0c7,41,3,0.2017513863216266,0.45759434185166975,300000000,1.0,0.2404713493530499,0.467692516075422,0.49,1,False,0
0,ep_d82c51c9583f3cf5c0c7,42,3,0.16280499075785582,0.4516117150532684,300000000,1.0,0.23865988909426983,0.46372844829885235,0.49,1,False,0
0,ep_d82c51c9583f3cf5c0c7,43,3,0.14355822550831793,0.44909327705120594,300000000,1.0,0.24137707948243994,0.4585355791707863,0.49,1,False,0
0,ep_d82c51c9583f3cf5c0c7,44,3,0.14808687615526805,0.4451183748282449,300000000,1.0,0.2060536044362292,0.45775175308322497,0.49,1,False,0
0,ep_d82c51c9583f3cf5c0c7,45,3,0.21420517560073934,0.4543996535118259,300000000,1.0,0.24998151571164512,0.47166620329377246,0.49,1,False,0
0,ep_d82c51c9583f3cf5c0c7,46,3,0.21624306839186688,0.4610084456586347,300000000,1.0,0.2726247689463956,0.477386692034636,0.49,1,False,0
0,ep_d82c51c9583f3cf5c0c7,47,3,0.18816543438077632,0.45962401090425026,300000000,1.0,0.23594269870609982,0.47110669258023485,0.49,1,False,0
0,ep_d82c51c9583f3cf5c0c7,48,4,0.1530683918669131,0.45759434185166975,300000000,1.0,0.24137707948243994,0.46550694135306464,0.49,1,False,0
0,ep_d82c51c9583f3cf5c0c7,49,4,0.19812846580406654,0.46550694135306464,300000000,1.0,0.25949168207024026,0.47897185153071775,0.49,1,False,0
0,ep_d82c51c9583f3cf5c0c7,50,4,0.1623521256931608,0.4512791582012739,300000000,1.0,0.2757948243992606,0.46855542326604555,0.49,1,False,0
0,ep_d82c51c9583f3cf5c0c7,51,4,0.16167282809611824,0.45759434185166975,300000000,1.0,0.23164048059149722,0.475104367613504,0.49,1,False,0
0,ep_d82c51c9583f3cf5c0c7,52,4,0.21420517560073934,0.4746970183139099,300000000,1.0,0.24273567467652496,0.4843606790261707,0.49,1,False,0
0,ep_d82c51c9583f3cf5c0c7,53,4,0.2508872458410351,0.4849864701050052,300000000,1.0,0.2776062846580407,0.48855383605840946,0.49,1,False,0
0,ep_d82c51c9583f3cf5c0c7,54,4,0.2354898336414048,0.4810532851101342,300000000,1.0,0.27896487985212576,0.48879605424193734,0.49,1,False,0
0,ep_d82c51c9583f3cf5c0c7,55,4,0.1972227356746765,0.4647692087357686,300000000,1.0,0.2581330868761552,0.4791030048503635,0.49,1,False,0
0,ep_d82c51c9583f3cf5c0c7,56,4,0.24318853974121996,0.4712468195213197,300000000,1.0,0.2757948243992606,0.4781818991513391,0.49,1,False,0
0,ep_d82c51c9583f3cf5c0c7,57,4,0.24273567467652496,0.46372844829885235,300000000,1.0,0.28304066543438083,0.4713867799913659,0.49,1,False,0
0,ep_d82c51c9583f3cf5c0c7,58,4,0.20945009242144177,0.4492629383300946,300000000,1.0,0.2685489833641405,0.4583792424214531,0.49,1,False,0
0,ep_d82c51c9583f3cf5c0c7,59,4,0.17842883548983363,0.4496014940560899,300000000,1.0,0.22982902033271715,0.4646210986965243,0.49,1,False,0
0,ep_d82c51c9583f3cf5c0c7,60,5,0.17390018484288353,0.4509456181780502,300000000,1.0,0.24364140480591498,0.45962401090425026,0.49,1,False,0
0,ep_d82c51c9583f3cf5c0c7,61,5,0.23118761552680223,0.4686986248280211,300000000,1.0,0.2667375231053604,0.4825910467535277,0.49,1,False,0
0,ep_d82c51c9583f3cf5c0c7,62,5,0.23594269870609982,0.4698379846759298,300000000,1.0,0.2699075785582255,0.47897185153071775,0.49,1,False,0
0,ep_d82c51c9583f3cf5c0c7,63,5,0.24862292051756005,0.4839836463851,300000000,1.0,0.2753419593345656,0.48879605424193734,0.49,1,False,0
0,ep_d82c51c9583f3cf5c0c7,64,5,0.24318853974121996,0.47551032465799054,300000000,1.0,0.2767005545286506,0.4889169835131077,0.49,1,False,0
0,ep_d82c51c9583f3cf5c0c7,65,5,0.23820702402957483,0.47604945339549853,300000000,1.0,0.26719038817005547,0.4889169835131077,0.49,1,False,0
0,ep_d82c51c9583f3cf5c0c7,66,5,0.21714879852125693,0.47012110508917787,300000000,1.0,0.2767005545286506,0.4852358847239677,0.49,1,False,0
0,ep_d82c51c9583f3cf5c0c7,67,5,0.18839186691312385,0.4509456181780502,300000000,1.0,0.25586876155268024,0.4668231931185745,0.49,1,False,0
0,ep_d82c51c9583f3cf5c0c7,68,5,0.20967652495378927,0.4571208040913054,300000000,1.0,0.2757948243992606,0.46725866327266524,0.49,1,False,0
0,ep_d82c51c9583f3cf5c0c7,69,5,0.21352587800369682,0.4603951964690457,300000000,1.0,0.2644731977818854,0.4694120202539883,0.49,1,False,0
0,ep_d82c51c9583f3cf5c0c7,70,5,0.21420517560073934,0.46725866327266524,300000000,1.0,0.27126617375231055,0.47791741785056463,0.49,1,False,0
0,ep_d82c51c9583f3cf5c0c7,71,5,0.20016635859519402,0.4702624099253728,300000000,1.0,0.24092421441774492,0.4822084423769464,0.49,1,False,0
0,ep_d82c51c9583f3cf5c0c7,72,6,0.2307347504621072,0.46926968789905155,300000000,1.0,0.2635674676524954,0.4829724416292019,0.49,1,False,0
0,ep_d82c51c9583f3cf5c0c7,73,6,0.2200924214417745,0.4480698863640327,300000000,1.0,0.2649260628465804,0.4646210986965243,0.49,1,False,0
0,ep_d82c51c9583f3cf5c0c7,74,6,0.23231977818853972,0.46297928695665574,300000000,1.0,0.27624768946395567,0.46969616817417886,0.49,1,False,0
0,ep_d82c51c9583f3cf5c0c7,75,6,0.20220425138632162,0.4580659275404643,300000000,1.0,0.26220887245841035,0.46667767463856985,0.49,1,False,0
0,ep_d82c51c9583f3cf5c0c7,76,6,0.20401571164510168,0.4568040187529071,300000000,1.0,0.2667375231053604,0.47110669258023485,0.49,1,False,0
0,ep_d82c51c9583f3cf5c0c7,77,6,0.19676987060998152,0.4583792424214531,300000000,1.0,0.23231977818853972,0.46667767463856985,0.49,1,False,0
0,ep_d82c51c9583f3cf5c0c7,78,6,0.2060536044362292,0.4659473460590921,300000000,1.0,0.23684842883548984,0.474560923962889,0.49,1,False,0
0,ep_d82c51c9583f3cf5c0c7,79,6,0.1913354898336414,0.45600818810114147,300000000,1.0,0.24862292051756005,0.470966398721941,0.49,1,False,0
0,ep_d82c51c9583f3cf5c0c7,80,6,0.2006192236598891,0.46267825985747707,300000000,1.0,0.22394177449168207,0.4715265744346915,0.49,1,False,0
0,ep_d82c51c9583f3cf5c0c7,81,6,0.18839186691312385,0.45374981223398686,300000000,1.0,0.23050831792975968,0.46550694135306464,0.49,1,False,0
0,ep_d82c51c9583f3cf5c0c7,82,6,0.2291497227356747,0.44977039023224563,300000000,1.0,0.26809611829944546,0.46297928695665574,0.49,1,False,0
0,ep_d82c51c9583f3cf5c0c7,83,6,0.21533733826247686,0.46841204642668643,300000000,1.0,0.2667375231053604,0.47537515967745875,0.49,1,False,0
0,ep_d82c51c9583f3cf5c0c7,84,7,0.19042975970425136,0.46783677659518036,300000000,1.0,0.2373012939001848,0.47685359557085705,0.49,1,False,0
0,ep_d82c51c9583f3cf5c0c7,85,7,0.2307347504621072,0.4723618791845249,300000000,1.0,0.26402033271719033,0.48208063731197603,0.49,1,False,0
0,ep_d82c51c9583f3cf5c0c7,86,7,0.20945009242144177,0.470966398721941,300000000,1.0,0.24907578558225507,0.4878242850132982,0.49,1,False,0
0,ep_d82c51c9583f3cf5c0c7,87,7,0.23458410351201478,0.4793648814784337,300000000,1.0,0.2735304990757856,0.4889169835131077,0.49,1,False,0
0,ep_d82c51c9583f3cf5c0c7,88,7,0.23956561922365985,0.461922245588648,300000000,1.0,0.2635674676524954,0.4804067057762623,0.49,1,False,0
0,ep_d82c51c9583f3cf5c0c7,89,7,0.2200924214417745,0.47110669258023485,300000000,1.0,0.2703604436229205,0.48079507063756977,0.49,1,False,0
0,ep_d82c51c9583f3cf5c0c7,90,7,0.2067329020332717,0.46580072949573675,300000000,1.0,0.2400184842883549,0.47671994824168223,0.49,1,False,0
0,ep_d82c51c9583f3cf5c0c7,91,7,0.22597966728280958,0.4620738446516868,300000000,1.0,0.2685489833641405,0.47166620329377246,0.49,1,False,0
0,ep_d82c51c9583f3cf5c0c7,92,7,0.23911275415896485,0.4659473460590921,300000000,1.0,0.2767005545286506,0.47685359557085705,0.49,1,False,0
0,ep_d82c51c9583f3cf5c0c7,93,7,0.2377541589648798,0.4699796301598216,300000000,1.0,0.2862107208872458,0.48079507063756977,0.49,1,False,0
0,ep_d82c51c9583f3cf5c0c7,94,7,0.19744916820702402,0.46177044724971467,300000000,1.0,0.25586876155268024,0.46841204642668643,0.49,1,False,0
0,ep_d82c51c9583f3cf5c0c7,95,7,0.22099815157116448,0.4727773256309987,300000000,1.0,0.26628465804066537,0.4822084423769464,0.49,1,False,0
0,ep_d82c51c9583f3cf5c0c7,96,8,0.2350369685767098,0.46841204642668643,300000000,1.0,0.26945471349353045,0.4857331810637214,0.49,1,False,0
0,ep_d82c51c9583f3cf5c0c7,97,8,0.23594269870609982,0.4659473460590921,300000000,1.0,0.2744362292051756,0.48182461983491315,0.49,1,False,0
0,ep_d82c51c9583f3cf5c0c7,98,8,0.2495286506469501,0.4669685303799696,300000000,1.0,0.26809611829944546,0.4830993059602417,0.49,1,False,0
0,ep_d82c51c9583f3cf5c0c7,99,8,0.2400184842883549,0.4610084456586347,300000000,1.0,0.2708133086876155,0.48709034344589475,0.49,1,False,0
0,ep_d82c51c9583f3cf5c0c7,100,8,0.24499999999999997,0.46432431078341124,300000000,1.0,0.27398336414048063,0.47319131691851457,0.49,1,False,0
0,ep_d82c51c9583f3cf5c0c7,101,8,0.21714879852125693,0.4569625212264424,300000000,1.0,0.26628465804066537,0.47346650833282616,0.49,1,False,0
0,ep_d82c51c9583f3cf5c0c7,102,8,0.2576802218114603,0.4828454438620638,300000000,1.0,0.2902865064695009,0.48867500517947954,0.49,1,False,0
0,ep_d82c51c9583f3cf5c0c7,103,8,0.23050831792975968,0.46826849382649394,300000000,1.0,0.2853049907578558,0.48879605424193734,0.49,1,False,0
0,ep_d82c51c9583f3cf5c0c7,104,8,0.2341312384473198,0.47012110508917787,300000000,1.0,0.2613031423290203,0.47685359557085705,0.49,1,False,0
0,ep_d82c51c9583f3cf5c0c7,105,8,0.2309611829944547,0.4675480773461744,300000000,1.0,0.2735304990757856,0.48079507063756977,0.49,1,False,0
0,ep_d82c51c9583f3cf5c0c7,106,8,0.2377541589648798,0.456486352229455,300000000,1.0,0.2644731977818854,0.47040354512784216,0.49,1,False,0
0,ep_d82c51c9583f3cf5c0c7,107,8,0.22258317929759702,0.4607022292171926,300000000,1.0,0.2567744916820702,0.47578019448256115,0.49,1,False,0
0,ep_d82c51c9583f3cf5c0c7,108,9,0.24092421441774492,0.47166620329377246,300000000,1.0,0.2735304990757856,0.4858571875085446,0.49,1,False,0
0,ep_d82c51c9583f3cf5c0c7,109,9,0.23956561922365985,0.4738780996602324,300000000,1.0,0.26945471349353045,0.48548478759137426,0.49,1,False,0
0,ep_d82c51c9583f3cf5c0c7,110,9,0.24182994454713494,0.4585355791707863,300000000,1.0,0.28847504621072084,0.46565392810208966,0.49,1,False,0
0,ep_d82c51c9583f3cf5c0c7,111,9,0.22711182994454712,0.4561677989866209,300000000,1.0,0.26900184842883545,0.475104367613504,0.49,1,False,0
0,ep_d82c51c9583f3cf5c0c7,112,9,0.2377541589648798,0.4631295073928736,300000000,1.0,0.2744362292051756,0.47012110508917787,0.49,1,False,0
0,ep_d82c51c9583f3cf5c0c7,113,9,0.2253003696857671,0.4602413724465681,300000000,1.0,0.27398336414048063,0.47082593749840485,0.49,1,False,0
0,ep_d82c51c9583f3cf5c0c7,114,9,0.22235674676524955,0.45194329523078447,300000000,1.0,0.26945471349353045,0.4675480773461744,0.49,1,False,0
0,ep_d82c51c9583f3cf5c0c7,115,9,0.23639556377079482,0.4647692087357686,300000000,1.0,0.2699075785582255,0.474288265969575,0.49,1,False,0
0,ep_d82c51c9583f3cf5c0c7,116,9,0.22348890942698704,0.47291548384443133,300000000,1.0,0.2685489833641405,0.48721297446432016,0.49,1,False,0
0,ep_d82c51c9583f3cf5c0c7,117,9,0.21375231053604432,0.4640267621180756,300000000,1.0,0.26220887245841035,0.48156805705901456,0.49,1,False,0
0,ep_d82c51c9583f3cf5c0c7,118,9,0.22892329020332713,0.4569625212264424,300000000,1.0,0.27851201478743065,0.4699796301598216,0.49,1,False,0
0,ep_d82c51c9583f3cf5c0c7,119,9,0.24273567467652496,0.46252745204842105,300000000,1.0,0.2685489833641405,0.47415170151676056,0.49,1,False,0
0,ep_d82c51c9583f3cf5c0c7,120,10,0.2257532347504621,0.47346650833282616,300000000,1.0,0.28304066543438083,0.4830993059602417,0.49,1,False,0
0,ep_d82c51c9583f3cf5c0c7,121,10,0.2526987060998152,0.477784957348545,300000000,1.0,0.28394639556377077,0.48806795360889155,0.49,1,False,0
0,ep_d82c51c9583f3cf5c0c7,122,10,0.19858133086876156,0.44772666888998575,300000000,1.0,0.24545286506469502,0.4748329567721458,0.49,1,False,0
0,ep_d82c51c9583f3cf5c0c7,123,10,0.2350369685767098,0.4605488151874197,300000000,1.0,0.2730776340110906,0.47040354512784216,0.49,1,False,0
0,ep_d82c51c9583f3cf5c0c7,124,10,0.221677449168207,0.46783677659518036,300000000,1.0,0.2635674676524954,0.4800170810090051,0.49,1,False,0
0,ep_d82c51c9583f3cf5c0c7,125,10,0.2148844731977819,0.4571208040913054,300000000,1.0,0.28077634011090574,0.47415170151676056,0.49,1,False,0
0,ep_d82c51c9583f3cf5c0c7,126,10,0.2377541589648798,0.47110669258023485,300000000,1.0,0.28032347504621075,0.47791741785056463,0.49,1,False,0
0,ep_d82c51c9583f3cf5c0c7,127,10,0.24545286506469502,0.4715265744346915,300000000,1.0,0.28032347504621075,0.4798869245145359,0.49,1,False,0
0,ep_d82c51c9583f3cf5c0c7,128,10,0.23277264325323477,0.4638777011293508,300000000,1.0,0.26900184842883545,0.48360543520688254,0.49,1,False,0
0,ep_d82c51c9583f3cf5c0c7,129,10,0.22960258780036968,0.459314082091694,300000000,1.0,0.27805914972273565,0.467692516075422,0.49,1,False,0
0,ep_d82c51c9583f3cf5c0c7,130,10,0.22869685767097966,0.4597786623561208,300000000,1.0,0.2757948243992606,0.474560923962889,0.49,1,False,0
0,ep_d82c51c9583f3cf5c0c7,131,10,0.22122458410351198,0.4555280099334771,300000000,1.0,0.25632162661737523,0.4632795331799081,0.49,1,False,0
0,ep_d82c51c9583f3cf5c0c7,132,11,0.24409426987060998,0.4561677989866209,300000000,1.0,0.2699075785582255,0.4647692087357686,0.49,1,False,0
0,ep_d82c51c9583f3cf5c0c7,133,11,0.25315157116451015,0.4723618791845249,300000000,1.0,0.295720887245841,0.48118218472272234,0.49,1,False,0
0,ep_d82c51c9583f3cf5c0c7,134,11,0.2599445471349353,0.4748329567721458,300000000,1.0,0.2744362292051756,0.48360543520688254,0.49,1,False,0
0,ep_d82c51c9583f3cf5c0c7,135,11,0.2554158964879852,0.4832260371702212,300000000,1.0,0.28077634011090574,0.48855383605840946,0.49,1,False,0
0,ep_d82c51c9583f3cf5c0c7,136,11,0.22552680221811458,0.4640267621180756,300000000,1.0,0.26628465804066537,0.48423513191779366,0.49,1,False,0
0,ep_d82c51c9583f3cf5c0c7,137,11,0.22937615526802219,0.4652124096769,300000000,1.0,0.27715341959334566,0.477784957348545,0.49,1,False,0
0,ep_d82c51c9583f3cf5c0c7,138,11,0.23956561922365985,0.4623764472979595,300000000,1.0,0.2776062846580407,0.47082593749840485,0.49,1,False,0
0,ep_d82c51c9583f3cf5c0c7,139,11,0.22280961182994452,0.4504434503192335,300000000,1.0,0.27624768946395567,0.46667767463856985,0.49,1,False,0
0,ep_d82c51c9583f3cf5c0c7,140,11,0.2354898336414048,0.46085543917100125,300000000,1.0,0.2717190388170055,0.473328992623205,0.49,1,False,0
0,ep_d82c51c9583f3cf5c0c7,141,11,0.24092421441774492,0.46624002678373605,300000000,1.0,0.2798706099815157,0.4859810674806691,0.49,1,False,0
0,ep_d82c51c9583f3cf5c0c7,142,11,0.22190388170055453,0.4647692087357686,300000000,1.0,0.2889279112754159,0.4859810674806691,0.49,1,False,0
0,ep_d82c51c9583f3cf5c0c7,143,11,0.219413123844732,0.4509456181780502,300000000,1.0,0.26537892791127543,0.46146625038003847,0.49,1,False,0
0,ep_d82c51c9583f3cf5c0c7,144,12,0.2200924214417745,0.4568040187529071,300000000,1.0,0.25315157116451015,0.4671136869297393,0.49,1,False,0
0,ep_d82c51c9583f3cf5c0c7,145,12,0.23684842883548984,0.45456153444122815,300000000,1.0,0.27851201478743065,0.46926968789905155,0.49,1,False,0
0,ep_d82c51c9583f3cf5c0c7,146,12,0.24318853974121996,0.45946915102713615,300000000,1.0,0.28032347504621075,0.47305348079930953,0.49,1,False,0
0,ep_d82c51c9583f3cf5c0c7,147,12,0.24545286506469502,0.46222524502647366,300000000,1.0,0.2730776340110906,0.4756453361291191,0.49,1,False,0
0,ep_d82c51c9583f3cf5c0c7,148,12,0.23594269870609982,0.45900331449848775,300000000,1.0,0.27126617375231055,0.474560923962889,0.49,1,False,0
0,ep_d82c51c9583f3cf5c0c7,149,12,0.23594269870609982,0.4591588034618433,300000000,1.0,0.2757948243992606,0.4712468195213197,0.49,1,False,0
0,ep_d82c51c9583f3cf5c0c7,150,12,0.2350369685767098,0.46357900307015837,300000000,1.0,0.26175600739371535,0.474560923962889,0.49,1,False,0
0,ep_d82c51c9583f3cf5c0c7,151,12,0.23684842883548984,0.45775175308322497,300000000,1.0,0.2730776340110906,0.46826849382649394,0.49,1,False,0
0,ep_d82c51c9583f3cf5c0c7,152,12,0.21443160813308684,0.4509456181780502,300000000,1.0,0.26220887245841035,0.46252745204842105,0.49,1,False,0
0,ep_d82c51c9583f3cf5c0c7,153,12,0.2123937153419593,0.45962401090425026,300000000,1.0,0.2522458410351201,0.4705445111540938,0.49,1,False,0
0,ep_d82c51c9583f3cf5c0c7,154,12,0.21828096118299445,0.45993310601285464,300000000,1.0,0.2748890942698707,0.4681247649799404,0.49,1,False,0
0,ep_d82c51c9583f3cf5c0c7,155,12,0.24590573012938996,0.456486352229455,300000000,1.0,0.27398336414048063,0.4681247649799404,0.49,1,False,0
0,ep_d82c51c9583f3cf5c0c7,156,13,0.23956561922365985,0.45822269209721367,300000000,1.0,0.2735304990757856,0.46841204642668643,0.49,1,False,0
0,ep_d82c51c9583f3cf5c0c7,157,13,0.25315157116451015,0.46855542326604555,300000000,1.0,0.2825878003696858,0.48182461983491315,0.49,1,False,0
0,ep_d82c51c9583f3cf5c0c7,158,13,0.2522458410351201,0.475104367613504,300000000,1.0,0.2825878003696858,0.4852358847239677,0.49,1,False,0
0,ep_d82c51c9583f3cf5c0c7,159,13,0.23277264325323477,0.4659473460590921,300000000,1.0,0.2853049907578558,0.4798869245145359,0.49,1,False,0
0,ep_d82c51c9583f3cf5c0c7,160,13,0.23164048059149722,0.456645295983945,300000000,1.0,0.26220887245841035,0.46826849382649394,0.49,1,False,0
0,ep_d82c51c9583f3cf5c0c7,161,13,0.2148844731977819,0.4638777011293508,300000000,1.0,0.27217190388170054,0.47166620329377246,0.49,1,False,0
0,ep_d82c51c9583f3cf5c0c7,162,13,0.21805452865064695,0.4712468195213197,300000000,1.0,0.2667375231053604,0.47975662666080787,0.49,1,False,0
0,ep_d82c51c9583f3cf5c0c7,163,13,0.2526987060998152,0.45374981223398686,300000000,1.0,0.27715341959334566,0.46826849382649394,0.49,1,False,0
0,ep_d82c51c9583f3cf5c0c7,164,13,0.2243946395563771,0.45600818810114147,300000000,1.0,0.2635674676524954,0.47040354512784216,0.49,1,False,0
0,ep_d82c51c9583f3cf5c0c7,165,13,0.2373012939001848,0.4665319744307552,300000000,1.0,0.26719038817005547,0.47346650833282616,0.49,1,False,0
0,ep_d82c51c9583f3cf5c0c7,166,13,0.2354898336414048,0.4605488151874197,300000000,1.0,0.2753419593345656,0.47222307167327715,0.49,1,False,0
0,ep_d82c51c9583f3cf5c0c7,167,13,0.24228280961182994,0.45869170299968237,300000000,1.0,0.2776062846580407,0.46969616817417886,0.49,1,False,0
0,ep_d82c51c9583f3cf5c0c7,168,14,0.22122458410351198,0.45504579853821664,300000000,1.0,0.2730776340110906,0.47305348079930953,0.49,1,False,0
0,ep_d82c51c9583f3cf5c0c7,169,14,0.2508872458410351,0.47263900573439865,300000000,1.0,0.28394639556377077,0.4764522030863444,0.49,1,False,0
0,ep_d82c51c9583f3cf5c0c7,170,14,0.20990295748613677,0.4569625212264424,300000000,1.0,0.2644731977818854,0.48169640677262504,0.49,1,False,0
0,ep_d82c51c9583f3cf5c0c7,171,14,0.22394177449168207,0.45227390516403676,300000000,1.0,0.26719038817005547,0.46565392810208966,0.49,1,False,0
0,ep_d82c51c9583f3cf5c0c7,172,14,0.2146580406654344,0.4512791582012739,300000000,1.0,0.26900184842883545,0.46447279956043086,0.49,1,False,0
0,ep_d82c51c9583f3cf5c0c7,173,14,0.21375231053604432,0.4585355791707863,300000000,1.0,0.25496303142329024,0.4675480773461744,0.49,1,False,0
0,ep_d82c51c9583f3cf5c0c7,174,14,0.2309611829944547,0.4492629383300946,300000000,1.0,0.28077634011090574,0.4579089480904462,0.49,1,False,0
0,ep_d82c51c9583f3cf5c0c7,175,14,0.2341312384473198,0.456486352229455,300000000,1.0,0.2862107208872458,0.4634293648843324,0.49,1,False,0
0,ep_d82c51c9583f3cf5c0c7,176,14,0.23865988909426983,0.46432431078341124,300000000,1.0,0.2834935304990758,0.4800170810090051,0.49,1,False,0
0,ep_d82c51c9583f3cf5c0c7,177,14,0.22507393715341956,0.45962401090425026,300000000,1.0,0.27126617375231055,0.4839836463851,0.49,1,False,0
0,ep_d82c51c9583f3cf5c0c7,178,14,0.22711182994454712,0.46085543917100125,300000000,1.0,0.28122920517560074,0.47618385473069763,0.49,1,False,0
0,ep_d82c51c9583f3cf5c0c7,179,14,0.23277264325323477,0.46550694135306464,300000000,1.0,0.2753419593345656,0.4780497316631626,0.49,1,False,0
0,ep_d82c51c9583f3cf5c0c7,180,15,0.2400184842883549,0.4603951964690457,300000000,1.0,0.27217190388170054,0.4715265744346915,0.49,1,False,0
0,ep_d82c51c9583f3cf5c0c7,181,15,0.2318669131238447,0.4539126216810798,300000000,1.0,0.26945471349353045,0.46267825985747707,0.49,1,False,0
0,ep_d82c51c9583f3cf5c0c7,182,15,0.23911275415896485,0.47263900573439865,300000000,1.0,0.28032347504621075,0.48079507063756977,0.49,1,False,0
0,ep_d82c51c9583f3cf5c0c7,183,15,0.2599445471349353,0.48208063731197603,300000000,1.0,0.4506007393715342,0.4889169835131077,0.49,1,False,0
0,ep_d82c51c9583f3cf5c0c7,184,15,0.3016081330868762,0.47975662666080787,300000000,1.0,0.49,0.4889169835131077,0.49,1,False,0
0,ep_d82c51c9583f3cf5c0c7,185,15,0.2916451016635859,0.46926968789905155,300000000,1.0,0.4021441774491682,0.4780497316631626,0.49,1,False,0
0,ep_d82c51c9583f3cf5c0c7,186,15,0.2825878003696858,0.4681247649799404,300000000,1.0,0.37814232902033273,0.4832260371702212,0.49,1,False,0
0,ep_d82c51c9583f3cf5c0c7,187,15,0.21080868761552682,0.44379096040353766,300000000,1.0,0.3151940850277264,0.4571208040913054,0.49,1,False,0
0,ep_d82c51c9583f3cf5c0c7,188,15,0.27805914972273565,0.4640267621180756,300000000,1.0,0.4007855822550832,0.4719449660199565,0.49,1,False,0
0,ep_d82c51c9583f3cf5c0c7,189,15,0.2572273567467652,0.45536749967164886,300000000,1.0,0.4451663585951941,0.4652124096769,0.49,1,False,0
0,ep_d82c51c9583f3cf5c0c7,190,15,0.2853049907578558,0.4496014940560899,300000000,1.0,0.3853881700554529,0.46372844829885235,0.49,1,False,0
0,ep_d82c51c9583f3cf5c0c7,191,15,0.27805914972273565,0.46580072949573675,300000000,1.0,0.45331792975970425,0.48867500517947954,0.49,1,False,0
0,ep_d82c51c9583f3cf5c0c7,192,16,0.19880776340110903,0.47305348079930953,300000000,1.0,0.2744362292051756,0.48684471026826115,0.49,1,False,0
0,ep_d82c51c9583f3cf5c0c7,193,16,0.24635859519408498,0.4602413724465681,300000000,1.0,0.3763308687615527,0.4694120202539883,0.49,1,False,0
0,ep_d82c51c9583f3cf5c0c7,194,16,0.28666358595194086,0.4652124096769,300000000,1.0,0.45014787430683917,0.4712468195213197,0.49,1,False,0
0,ep_d82c51c9583f3cf5c0c7,195,16,0.25632162661737523,0.4620738446516868,300000000,1.0,0.4048613678373383,0.47537515967745875,0.49,1,False,0
0,ep_d82c51c9583f3cf5c0c7,196,16,0.24228280961182994,0.46638609198370123,300000000,1.0,0.41799445471349356,0.4861048212699484,0.49,1,False,0
0,ep_d82c51c9583f3cf5c0c7,197,16,0.2635674676524954,0.4737410614361346,300000000,1.0,0.3731608133086876,0.48867500517947954,0.49,1,False,0
0,ep_d82c51c9583f3cf5c0c7,198,16,0.2513401109057301,0.4616184490445367,300000000,1.0,0.41935304990757855,0.4699796301598216,0.49,1,False,0
0,ep_d82c51c9583f3cf5c0c7,199,16,0.2730776340110906,0.4591588034618433,300000000,1.0,0.440637707948244,0.46955418018928397,0.49,1,False,0
0,ep_d82c51c9583f3cf5c0c7,200,16,0.2572273567467652,0.45227390516403676,300000000,1.0,0.39353974121996305,0.468841651593998,0.49,1,False,0
0,ep_d82c51c9583f3cf5c0c7,201,16,0.2649260628465804,0.47415170151676056,300000000,1.0,0.3708964879852126,0.483731637059979,0.49,1,False,0
0,ep_d82c51c9583f3cf5c0c7,202,16,0.2526987060998152,0.46783677659518036,300000000,1.0,0.3654621072088725,0.475104367613504,0.49,1,False,0
0,ep_d82c51c9583f3cf5c0c7,203,16,0.22326247689463957,0.4659473460590921,300000000,1.0,0.2708133086876155,0.47305348079930953,0.49,1,False,0
0,ep_d82c51c9583f3cf5c0c7,204,17,0.21103512014787432,0.4591588034618433,300000000,1.0,0.26809611829944546,0.46955418018928397,0.49,1,False,0
0,ep_d82c51c9583f3cf5c0c7,205,17,0.20152495378927907,0.45227390516403676,300000000,1.0,0.2794177449168207,0.46372844829885235,0.49,1,False,0
0,ep_d82c51c9583f3cf5c0c7,206,17,0.2635674676524954,0.4602413724465681,300000000,1.0,0.40259704251386325,0.48182461983491315,0.49,1,False,0
0,ep_d82c51c9583f3cf5c0c7,207,17,0.28304066543438083,0.46432431078341124,300000000,1.0,0.40803142329020337,0.47618385473069763,0.49,1,False,0
0,ep_d82c51c9583f3cf5c0c7,208,17,0.28304066543438083,0.47897185153071775,300000000,1.0,0.42252310536044363,0.48855383605840946,0.49,1,False,0
0,ep_d82c51c9583f3cf5c0c7,209,17,0.28122920517560074,0.4647692087357686,300000000,1.0,0.45920517560073937,0.47857752729822295,0.49,1,False,0
0,ep_d82c51c9583f3cf5c0c7,210,17,0.2635674676524954,0.4679808593994088,300000000,1.0,0.39852125693160817,0.4793648814784337,0.49,1,False,0
0,ep_d82c51c9583f3cf5c0c7,211,17,0.2753419593345656,0.47537515967745875,300000000,1.0,0.4646395563770795,0.48879605424193734,0.49,1,False,0
0,ep_d82c51c9583f3cf5c0c7,212,17,0.24681146025878,0.4698379846759298,300000000,1.0,0.3573105360443623,0.48831113656648173,0.49,1,False,0
0,ep_d82c51c9583f3cf5c0c7,213,17,0.28304066543438083,0.45869170299968237,300000000,1.0,0.42569316081330866,0.475104367613504,0.49,1,False,0
0,ep_d82c51c9583f3cf5c0c7,214,17,0.24454713493530494,0.46667767463856985,300000000,1.0,0.4102957486136784,0.48659858035966724,0.49,1,False,0
0,ep_d82c51c9583f3cf5c0c7,215,17,0.2735304990757856,0.46447279956043086,300000000,1.0,0.392181146025878,0.4781818991513391,0.49,1,False,0
0,ep_d82c51c9583f3cf5c0c7,216,18,0.24771719038817003,0.4646210986965243,300000000,1.0,0.38946395563770797,0.4839836463851,0.49,1,False,0
0,ep_d82c51c9583f3cf5c0c7,217,18,0.27398336414048063,0.46357900307015837,300000000,1.0,0.391728280961183,0.4801470964888075,0.49,1,False,0
0,ep_d82c51c9583f3cf5c0c7,218,18,0.24273567467652496,0.4771204416224183,300000000,1.0,0.42841035120147875,0.48473654136098887,0.49,1,False,0
0,ep_d82c51c9583f3cf5c0c7,219,18,0.2053743068391867,0.4830993059602417,300000000,1.0,0.3899168207024029,0.4889169835131077,0.49,1,False,0
0,ep_d82c51c9583f3cf5c0c7,220,18,0.25858595194085027,0.4665319744307552,300000000,1.0,0.38584103512014783,0.4763181044996341,0.49,1,False,0
0,ep_d82c51c9583f3cf5c0c7,221,18,0.30251386321626617,0.4602413724465681,300000000,1.0,0.4329390018484288,0.47537515967745875,0.49,1,False,0
0,ep_d82c51c9583f3cf5c0c7,222,18,0.2961737523105361,0.46535976872125095,300000000,1.0,0.42207024029574863,0.47618385473069763,0.49,1,False,0
0,ep_d82c51c9583f3cf5c0c7,223,18,0.28575785582255087,0.46667767463856985,300000000,1.0,0.3871996303142329,0.47591490010848103,0.49,1,False,0
0,ep_d82c51c9583f3cf5c0c7,224,18,0.27398336414048063,0.46267825985747707,300000000,1.0,0.4161829944547135,0.47250052372827617,0.49,1,False,0
0,ep_d82c51c9583f3cf5c0c7,225,18,0.2717190388170055,0.4646210986965243,300000000,1.0,0.41301293900184843,0.4804067057762623,0.49,1,False,0
0,ep_d82c51c9583f3cf5c0c7,226,18,0.2776062846580407,0.4628288713021046,300000000,1.0,0.42252310536044363,0.47401497955010086,0.49,1,False,0
0,ep_d82c51c9583f3cf5c0c7,227,18,0.24182994454713494,0.4530962267871727,300000000,1.0,0.3554990757855822,0.46580072949573675,0.49,1,False,0
0,ep_d82c51c9583f3cf5c0c7,228,19,0.2540573012939002,0.4686986248280211,300000000,1.0,0.3699907578558225,0.47725364109645063,0.49,1,False,0
0,ep_d82c51c9583f3cf5c0c7,229,19,0.24137707948243994,0.4628288713021046,300000000,1.0,0.4460720887245841,0.4824636467762238,0.49,1,False,0
0,ep_d82c51c9583f3cf5c0c7,230,19,0.2268853974121996,0.4556882942834808,300000000,1.0,0.39897412199630317,0.46624002678373605,0.49,1,False,0
0,ep_d82c51c9583f3cf5c0c7,231,19,0.221677449168207,0.45358676878108495,300000000,1.0,0.2599445471349353,0.46372844829885235,0.49,1,False,0
0,ep_d82c51c9583f3cf5c0c7,232,19,0.23458410351201478,0.467692516075422,300000000,1.0,0.28122920517560074,0.4828454438620638,0.49,1,False,0
0,ep_d82c51c9583f3cf5c0c7,233,19,0.24182994454713494,0.47346650833282616,300000000,1.0,0.27624768946395567,0.4794956054906416,0.49,1,False,0
0,ep_d82c51c9583f3cf5c0c7,234,19,0.23458410351201478,0.46177044724971467,300000000,1.0,0.2757948243992606,0.47523984079424575,0.49,1,False,0
0,ep_d82c51c9583f3cf5c0c7,235,19,0.23911275415896485,0.4600873425016006,300000000,1.0,0.27624768946395567,0.46740345991133875,0.49,1,False,0
0,ep_d82c51c9583f3cf5c0c7,236,19,0.24318853974121996,0.4671136869297393,300000000,1.0,0.2767005545286506,0.48079507063756977,0.49,1,False,0
0,ep_d82c51c9583f3cf5c0c7,237,19,0.22824399260628467,0.4638777011293508,300000000,1.0,0.2708133086876155,0.47551032465799054,0.49,1,False,0
0,ep_d82c51c9583f3cf5c0c7,238,19,0.24182994454713494,0.47346650833282616,300000000,1.0,0.28032347504621075,0.4839836463851,0.49,1,False,0
0,ep_d82c51c9583f3cf5c0c7,239,19,0.2291497227356747,0.4705445111540938,300000000,1.0,0.2735304990757856,0.4800170810090051,0.49,1,False,0
0,ep_d82c51c9583f3cf5c0c7,240,20,0.22847042513863214,0.46841204642668643,300000000,1.0,0.28394639556377077,0.4791030048503635,0.49,1,False,0
0,ep_d82c51c9583f3cf5c0c7,241,20,0.23322550831792976,0.45900331449848775,300000000,1.0,0.2825878003696858,0.4698379846759298,0.49,1,False,0
0,ep_d82c51c9583f3cf5c0c7,242,20,0.23911275415896485,0.45884761455949613,300000000,1.0,0.2753419593345656,0.4699796301598216,0.49,1,False,0
0,ep_d82c51c9583f3cf5c0c7,243,20,0.2164695009242144,0.4552067627803088,300000000,1.0,0.26719038817005547,0.4650648636879109,0.49,1,False,0
0,ep_d82c51c9583f3cf5c0c7,244,20,0.21375231053604432,0.4509456181780502,300000000,1.0,0.26945471349353045,0.4668231931185745,0.49,1,False,0
0,ep_d82c51c9583f3cf5c0c7,245,20,0.23164048059149722,0.46222524502647366,300000000,1.0,0.27217190388170054,0.4691271826532384,0.49,1,False,0
0,ep_d82c51c9583f3cf5c0c7,246,20,0.2373012939001848,0.4675480773461744,300000000,1.0,0.28575785582255087,0.4756453361291191,0.49,1,False,0
0,ep_d82c51c9583f3cf5c0c7,247,20,0.22190388170055453,0.456486352229455,300000000,1.0,0.27896487985212576,0.4665319744307552,0.49,1,False,0
0,ep_d82c51c9583f3cf5c0c7,248,20,0.21443160813308684,0.46969616817417886,300000000,1.0,0.2495286506469501,0.47975662666080787,0.49,1,False,0
0,ep_d82c51c9583f3cf5c0c7,249,20,0.222130314232902,0.46146625038003847,300000000,1.0,0.2730776340110906,0.47591490010848103,0.49,1,False,0
0,ep_d82c51c9583f3cf5c0c7,250,20,0.22280961182994452,0.45884761455949613,300000000,1.0,0.26764325323475047,0.47040354512784216,0.49,1,False,0
0,ep_d82c51c9583f3cf5c0c7,251,20,0.22462107208872456,0.45900331449848775,300000000,1.0,0.2717190388170055,0.470966398721941,0.49,1,False,0
0,ep_d82c51c9583f3cf5c0c7,252,21,0.23820702402957483,0.4631295073928736,300000000,1.0,0.2798706099815157,0.47263900573439865,0.49,1,False,0
0,ep_d82c51c9583f3cf5c0c7,253,21,0.23639556377079482,0.4744246733162592,300000000,1.0,0.2748890942698707,0.4834791014813808,0.49,1,False,0
0,ep_d82c51c9583f3cf5c0c7,254,21,0.24681146025878,0.47578019448256115,300000000,1.0,0.27715341959334566,0.4889169835131077,0.49,1,False,0
0,ep_d82c51c9583f3cf5c0c7,255,21,0.21262014787430683,0.4713867799913659,300000000,1.0,0.26719038817005547,0.4793648814784337,0.49,1,False,0
0,ep_d82c51c9583f3cf5c0c7,258,21,0.000726176207255034,0.11083623460907518,24051607,0.0801720233333333,0.0001264837973659795,0.15508212929661483,0.47382640586797053,1,False,0
0,ep_e423a4239f2ca65f2510,84,7,0.00182353251689185,0.005557119205297204,5000000,0.0166666666666666,0.004515413851351296,0.012168874172184258,0.48999999999999994,1,False,0
0,ep_e423a4239f2ca65f2510,85,7,0.28993243243243244,0.28004635761589436,300000000,1.0,0.4616216216216215,0.30535761589403937,0.48999999999999994,1,False,0
0,ep_e423a4239f2ca65f2510,86,7,0.3254054054054054,0.3092516556291385,300000000,1.0,0.4786486486486486,0.32515231788079535,0.48999999999999994,1,False,0
0,ep_e423a4239f2ca65f2510,87,7,0.3244594594594595,0.32904635761589446,300000000,1.0,0.4810135135135134,0.33878145695364303,0.48999999999999994,1,False,0
0,ep_e423a4239f2ca65f2510,88,7,0.32871621621621616,0.3348874172185425,300000000,1.0,0.4791216216216216,0.33878145695364303,0.48999999999999994,1,False,0
0,ep_e423a4239f2ca65f2510,89,7,0.3343918918918919,0.3381324503311253,300000000,1.0,0.48527027027027014,0.3407284768211919,0.48999999999999994,1,False,0
0,ep_e423a4239f2ca65f2510,90,7,0.3348648648648648,0.3394304635761593,300000000,1.0,0.4734459459459459,0.3433245033112584,0.48999999999999994,1,False,0
0,ep_e423a4239f2ca65f2510,91,7,0.33817567567567564,0.33878145695364303,300000000,1.0,0.47108108108108093,0.3433245033112584,0.48999999999999994,1,False,0
0,ep_e423a4239f2ca65f2510,92,7,0.332027027027027,0.34851655629139155,300000000,1.0,0.49,0.35890066225165645,0.48999999999999994,1,False,0
0,ep_e423a4239f2ca65f2510,93,7,0.332027027027027,0.3582516556291387,300000000,1.0,0.488108108108108,0.3621456953642393,0.48999999999999994,1,False,0
0,ep_e423a4239f2ca65f2510,94,7,0.3060135135135135,0.3524105960264907,300000000,1.0,0.4824324324324324,0.36279470198675556,0.48999999999999994,1,False,0
0,ep_e423a4239f2ca65f2510,95,7,0.27968033192245195,0.33115143340186687,76855488,0.25618496,0.4805405405405405,0.3543576158940395,0.48999999999999994,3,False,0
0,ep_ef41f9e986fe26e2d03b,22,1,0.33042492917847016,0.02063426688632613,120000000,0.4,0.4786402266288952,0.04507413509060946,0.48,1,False,0
0,ep_ef41f9e986fe26e2d03b,23,1,0.3212464589235128,0.12533772652388794,300000000,1.0,0.48,0.17377265238879733,0.48,1,False,0
0,ep_ef41f9e986fe26e2d03b,24,2,0.043470254957506824,0.17219110378912683,300000000,1.0,0.06195467422096316,0.17278418451400324,0.48,1,False,0
0,ep_ef41f9e986fe26e2d03b,25,2,0.002214943342776129,0.17100494233937388,300000000,1.0,0.009996458923512575,0.1715980230642503,0.48,1,False,0
0,ep_ef41f9e986fe26e2d03b,26,2,0.0016625354107646288,0.1700164744645798,300000000,1.0,0.006023371104815656,0.1700164744645798,0.48,1,False,0
0,ep_ef41f9e986fe26e2d03b,27,2,0.0012641643059489445,0.16883031301482698,300000000,1.0,0.005412535410764831,0.16962108731466224,0.48,1,False,0
0,ep_ef41f9e986fe26e2d03b,28,2,0.001232294617563558,0.1676441515650741,300000000,1.0,0.005757790368271646,0.16823723228995058,0.48,1,False,0
0,ep_ef41f9e986fe26e2d03b,29,2,0.0011844900849858075,0.16645799011532125,300000000,1.0,0.005247875354107439,0.16705107084019766,0.48,1,False,0
0,ep_ef41f9e986fe26e2d03b,30,2,0.0011579320113312087,0.16527182866556833,300000000,1.0,0.005396600566572136,0.16586490939044474,0.48,1,False,0
0,ep_ef41f9e986fe26e2d03b,31,2,0.0011502832861189272,0.16405799011532118,300000000,1.0,0.003425991501416206,0.1646787479406919,0.48,2,False,0
0,ep_ef41f9e986fe26e2d03b,32,2,0.0010995042492915532,0.16270181219110375,300000000,1.0,0.005216005665722052,0.16329489291598015,0.48,1,False,0
0,ep_ef41f9e986fe26e2d03b,33,2,0.0010888810198299774,0.1615156507413508,300000000,1.0,0.005247875354107439,0.16210873146622734,0.48,1,False,0
0,ep_ef41f9e986fe26e2d03b,34,2,0.0010941926345607652,0.160329489291598,300000000,1.0,0.004775141643059405,0.1609225700164744,0.48,1,False,0
0,ep_ef41f9e986fe26e2d03b,35,2,0.003245396600566451,0.15914332784184507,300000000,1.0,0.051076487252124624,0.15973640856672158,0.48,1,False,0
0,ep_ef41f9e986fe26e2d03b,36,3,0.04308781869688383,0.16013179571663916,300000000,1.0,0.05354107648725207,0.16250411861614492,0.48,1,False,0
0,ep_ef41f9e986fe26e2d03b,37,3,0.0012269830028327701,0.16171334431630965,300000000,1.0,0.00445113314447574,0.16230642504118614,0.48,1,False,0
0,ep_ef41f9e986fe26e2d03b,38,3,0.0011366855524077275,0.16052718286655684,300000000,1.0,0.004074008498583536,0.16112026359143325,0.48,1,False,0
0,ep_ef41f9e986fe26e2d03b,39,3,0.0010941926345607652,0.15934102141680392,300000000,1.0,0.005980878186968693,0.15993410214168033,0.48,1,False,0
0,ep_ef41f9e986fe26e2d03b,40,3,0.001072946175637284,0.15815485996705098,300000000,1.0,0.004854815864022542,0.15874794069192752,0.48,1,False,0
0,ep_ef41f9e986fe26e2d03b,41,3,0.0009826487252122416,0.15696869851729817,300000000,1.0,0.004313031161472947,0.15756177924217457,0.48,1,False,0
0,ep_ef41f9e986fe26e2d03b,42,3,0.000998583569404935,0.15578253706754522,300000000,1.0,0.00418555240793173,0.15637561779242162,0.48,1,False,0
0,ep_ef41f9e986fe26e2d03b,43,3,0.0009826487252122416,0.1545963756177924,300000000,1.0,0.004483002832861126,0.1551894563426688,0.48,1,False,0
0,ep_ef41f9e986fe26e2d03b,44,3,0.0010304532577903214,0.1534102141680395,300000000,1.0,0.004196175637393635,0.15400329489291592,0.48,1,False,0
0,ep_ef41f9e986fe26e2d03b,45,3,0.0010304532577903214,0.15242174629324542,300000000,1.0,0.004376770538243391,0.15301482701812183,0.48,1,False,0
0,ep_ef41f9e986fe26e2d03b,46,3,0.0010145184135976284,0.1512355848434926,300000000,1.0,0.004520184135977301,0.151828665568369,0.48,1,False,0
0,ep_ef41f9e986fe26e2d03b,47,3,0.0010092067988668404,0.15004942339373967,300000000,1.0,0.004934490084985679,0.15064250411861607,0.48,1,False,0
0,ep_ef41f9e986fe26e2d03b,48,4,0.0009773371104814538,0.14906095551894558,300000000,1.0,0.0045308073654388775,0.14945634266886326,0.48,1,False,0
0,ep_ef41f9e986fe26e2d03b,49,4,0.000998583569404935,0.14787479406919266,300000000,1.0,0.004228045325779022,0.14846787479406917,0.48,1,False,0
0,ep_ef41f9e986fe26e2d03b,50,4,0.0010357648725211096,0.14668863261943985,300000000,1.0,0.005109773371104646,0.14728171334431625,0.48,1,False,0
0,ep_ef41f9e986fe26e2d03b,51,4,0.0010198300283284162,0.14570016474464575,300000000,1.0,0.005030099150141508,0.14609555189456344,0.48,1,False,0
0,ep_ef41f9e986fe26e2d03b,52,4,0.0010357648725211096,0.1445140032948928,300000000,1.0,0.00473796033994323,0.14510708401976935,0.48,1,False,0
0,ep_ef41f9e986fe26e2d03b,53,4,0.001025141643059204,0.14332784184514,300000000,1.0,0.004881373937676812,0.1439209225700164,0.48,1,False,0
0,ep_ef41f9e986fe26e2d03b,54,4,0.001072946175637284,0.1423393739703459,300000000,1.0,0.0047220254957505365,0.14293245469522234,0.48,1,False,0
0,ep_ef41f9e986fe26e2d03b,55,4,0.0010463881019826852,0.1411532125205931,300000000,1.0,0.006692634560906468,0.1417462932454695,0.48,1,False,0
0,ep_ef41f9e986fe26e2d03b,56,4,0.0009082861189798927,0.14036243822075775,112943777,0.3764792566666666,0.00235835694050971,0.1405601317957166,0.48,1,False,0
0,ep_fb6c185489a7313f0fee,138,11,0.25308737864077663,0.2771258278145689,240000000,0.8,0.4281553398058252,0.3167152317880794,0.48999999999999994,1,False,0
0,ep_fb6c185489a7313f0fee,139,11,0.313504854368932,0.3154172185430468,300000000,1.0,0.44718446601941736,0.3245033112582777,0.48999999999999994,1,False,0
0,ep_fb6c185489a7313f0fee,140,11,0.3082718446601941,0.3270993377483442,300000000,1.0,0.450514563106796,0.3335894039735099,0.48999999999999994,1,False,0
0,ep_fb6c185489a7313f0fee,141,11,0.30161165048543687,0.3322913907284773,300000000,1.0,0.43005825242718443,0.33683443708609273,0.48999999999999994,1,False,0
0,ep_fb6c185489a7313f0fee,142,11,0.30494174757281545,0.33618543046357646,300000000,1.0,0.44147572815533975,0.34007947019867557,0.48999999999999994,1,False,0
0,ep_fb6c185489a7313f0fee,143,11,0.2763980582524272,0.33683443708609273,300000000,1.0,0.4481359223300971,0.3420264900662259,0.48999999999999994,1,False,0
0,ep_fb6c185489a7313f0fee,144,12,0.3158834951456311,0.3394304635761593,300000000,1.0,0.4700194174757281,0.3433245033112584,0.48999999999999994,1,False,0
0,ep_fb6c185489a7313f0fee,145,12,0.32777669902912615,0.34007947019867557,300000000,1.0,0.4738252427184465,0.34462251655629106,0.48999999999999994,1,False,0
0,ep_fb6c185489a7313f0fee,146,12,0.3334854368932039,0.3407284768211919,300000000,1.0,0.47477669902912617,0.3452715231788087,0.48999999999999994,1,False,0
0,ep_fb6c185489a7313f0fee,147,12,0.33491262135922323,0.3420264900662259,300000000,1.0,0.4738252427184465,0.34656953642384125,0.48999999999999994,1,False,0
0,ep_fb6c185489a7313f0fee,148,12,0.33110679611650484,0.3433245033112584,300000000,1.0,0.4790582524271844,0.3478675496688739,0.48999999999999994,1,False,0
0,ep_fb6c185489a7313f0fee,149,12,0.3263495145631068,0.3439735099337747,300000000,1.0,0.46811650485436884,0.34851655629139155,0.48999999999999994,1,False,0
0,ep_fb6c185489a7313f0fee,150,12,0.32397087378640776,0.3439735099337747,300000000,1.0,0.4590776699029126,0.35046357615894036,0.48999999999999994,1,False,0
0,ep_fb6c185489a7313f0fee,151,12,0.32301941747572815,0.3439735099337747,300000000,1.0,0.4666893203883495,0.34851655629139155,0.48999999999999994,1,False,0
0,ep_fb6c185489a7313f0fee,152,12,0.3192135922330097,0.3452715231788087,300000000,1.0,0.4652621359223301,0.3491655629139079,0.48999999999999994,1,False,0
0,ep_fb6c185489a7313f0fee,153,12,0.3273009708737864,0.3478675496688739,300000000,1.0,0.475252427184466,0.35046357615894036,0.48999999999999994,1,False,0
0,ep_fb6c185489a7313f0fee,154,12,0.32872815533980576,0.34851655629139155,300000000,1.0,0.4690679611650485,0.351761589403973,0.48999999999999994,1,False,0
0,ep_fb6c185489a7313f0fee,155,12,0.32539805825242707,0.34851655629139155,300000000,1.0,0.4647864077669902,0.3543576158940395,0.48999999999999994,1,False,0
0,ep_fb6c185489a7313f0fee,156,13,0.3282524271844659,0.3491655629139079,300000000,1.0,0.4809611650485436,0.353059602649007,0.48999999999999994,1,False,0
0,ep_fb6c185489a7313f0fee,157,13,0.330631067961165,0.34981456953642415,300000000,1.0,0.4704951456310679,0.35370860927152326,0.48999999999999994,1,False,0
0,ep_fb6c185489a7313f0fee,158,13,0.33205825242718445,0.34981456953642415,300000000,1.0,0.46811650485436884,0.3543576158940395,0.48999999999999994,1,False,0
0,ep_fb6c185489a7313f0fee,159,13,0.291621359223301,0.34592052980132504,300000000,1.0,0.46621359223300973,0.3543576158940395,0.48999999999999994,1,False,0
0,ep_fb6c185489a7313f0fee,160,13,0.3420485436893203,0.34592052980132504,300000000,1.0,0.45432038834951444,0.34981456953642415,0.48999999999999994,1,False,0
0,ep_fb6c185489a7313f0fee,161,13,0.340621359223301,0.34592052980132504,300000000,1.0,0.4666893203883495,0.35046357615894036,0.48999999999999994,1,False,0
0,ep_fb6c185489a7313f0fee,162,13,0.33776699029126217,0.3452715231788087,300000000,1.0,0.4671650485436893,0.3491655629139079,0.48999999999999994,1,False,0
0,ep_fb6c185489a7313f0fee,163,13,0.33538834951456303,0.34462251655629106,300000000,1.0,0.4733495145631068,0.34851655629139155,0.48999999999999994,1,False,0
0,ep_fb6c185489a7313f0fee,164,13,0.3339611650485436,0.34462251655629106,300000000,1.0,0.4700194174757281,0.34851655629139155,0.48999999999999994,1,False,0
0,ep_fb6c185489a7313f0fee,165,13,0.3363398058252427,0.34462251655629106,300000000,1.0,0.475252427184466,0.3491655629139079,0.48999999999999994,1,False,0
0,ep_fb6c185489a7313f0fee,166,13,0.33015533980582523,0.34462251655629106,300000000,1.0,0.475252427184466,0.34851655629139155,0.48999999999999994,1,False,0
0,ep_fb6c185489a7313f0fee,167,13,0.32872815533980576,0.3472185430463575,300000000,1.0,0.4861941747572815,0.35370860927152326,0.48999999999999994,1,False,0
0,ep_fb6c185489a7313f0fee,168,14,0.33110679611650484,0.351761589403973,300000000,1.0,0.48333980582524266,0.3563046357615898,0.48999999999999994,1,False,0
0,ep_fb6c185489a7313f0fee,169,14,0.33110679611650484,0.35111258278145674,300000000,1.0,0.48809708737864066,0.35565562913907356,0.48999999999999994,1,False,0
0,ep_fb6c185489a7313f0fee,170,14,0.33253398058252415,0.35046357615894036,300000000,1.0,0.4757281553398057,0.3563046357615898,0.48999999999999994,1,False,0
0,ep_fb6c185489a7313f0fee,171,14,0.31493203883495147,0.35046357615894036,300000000,1.0,0.44908737864077664,0.35500662251655585,0.48999999999999994,1,False,0
0,ep_fb6c185489a7313f0fee,172,14,0.3182621359223301,0.35046357615894036,300000000,1.0,0.44670873786407767,0.35500662251655585,0.48999999999999994,1,False,0
0,ep_fb6c185489a7313f0fee,173,14,0.3173106796116504,0.35046357615894036,300000000,1.0,0.45432038834951444,0.35500662251655585,0.48999999999999994,1,False,0
0,ep_fb6c185489a7313f0fee,174,14,0.3225436893203883,0.34981456953642415,300000000,1.0,0.4743009708737864,0.3543576158940395,0.48999999999999994,1,False,0
0,ep_fb6c185489a7313f0fee,175,14,0.27782524271844655,0.3472185430463575,300000000,1.0,0.4566990291262135,0.3543576158940395,0.48999999999999994,1,False,0
0,ep_fb6c185489a7313f0fee,176,14,0.3292038834951456,0.3472185430463575,300000000,1.0,0.4838155339805824,0.3563046357615898,0.48999999999999994,1,False,0
0,ep_fb6c185489a7313f0fee,177,14,0.21954854368932025,0.3439735099337747,300000000,1.0,0.49,0.3576026490066224,0.48999999999999994,1,False,0
0,ep_fb6c185489a7313f0fee,178,14,0.3292038834951456,0.35046357615894036,300000000,1.0,0.46193203883495143,0.3543576158940395,0.48999999999999994,1,False,0
0,ep_fb6c185489a7313f0fee,179,14,0.3363398058252427,0.34981456953642415,300000000,1.0,0.4690679611650485,0.3543576158940395,0.48999999999999994,1,False,0
0,ep_fb6c185489a7313f0fee,180,15,0.32111650485436893,0.34981456953642415,300000000,1.0,0.4743009708737864,0.3563046357615898,0.48999999999999994,1,False,0
0,ep_fb6c185489a7313f0fee,181,15,0.30494174757281545,0.3491655629139079,300000000,1.0,0.42101941747572813,0.3543576158940395,0.48999999999999994,1,False,0
0,ep_fb6c185489a7313f0fee,182,15,0.3116019417475728,0.3491655629139079,300000000,1.0,0.4291067961165048,0.353059602649007,0.48999999999999994,1,False,0
0,ep_fb6c185489a7313f0fee,183,15,0.3101747572815533,0.3491655629139079,300000000,1.0,0.4429029126213593,0.353059602649007,0.48999999999999994,1,False,0
0,ep_fb6c185489a7313f0fee,184,15,0.3116019417475728,0.3491655629139079,300000000,1.0,0.4367184466019417,0.353059602649007,0.48999999999999994,1,False,0
0,ep_fb6c185489a7313f0fee,185,15,0.30732038834951453,0.34981456953642415,300000000,1.0,0.46193203883495143,0.3543576158940395,0.48999999999999994,1,False,0
0,ep_fb6c185489a7313f0fee,186,15,0.3077961165048544,0.35046357615894036,300000000,1.0,0.4257766990291261,0.35565562913907356,0.48999999999999994,1,False,0
0,ep_fb6c185489a7313f0fee,187,15,0.32301941747572815,0.35046357615894036,300000000,1.0,0.477631067961165,0.35370860927152326,0.48999999999999994,1,False,0
0,ep_fb6c185489a7313f0fee,188,15,0.3263495145631068,0.35111258278145674,300000000,1.0,0.477631067961165,0.3563046357615898,0.48999999999999994,1,False,0
0,ep_fb6c185489a7313f0fee,189,15,0.32301941747572815,0.35046357615894036,300000000,1.0,0.4757281553398057,0.3543576158940395,0.48999999999999994,1,False,0
0,ep_fb6c185489a7313f0fee,190,15,0.3173106796116504,0.35111258278145674,300000000,1.0,0.4866699029126213,0.35565562913907356,0.48999999999999994,1,False,0
0,ep_fb6c185489a7313f0fee,191,15,0.3234951456310679,0.35370860927152326,300000000,1.0,0.4857184466019417,0.35890066225165645,0.48999999999999994,1,False,0
0,ep_fb6c185489a7313f0fee,192,16,0.3182621359223301,0.353059602649007,300000000,1.0,0.4790582524271844,0.3569536423841061,0.48999999999999994,1,False,0
0,ep_fb6c185489a7313f0fee,193,16,0.296378640776699,0.35046357615894036,300000000,1.0,0.46859223300970865,0.3576026490066224,0.48999999999999994,1,False,0
0,ep_fb6c185489a7313f0fee,194,16,0.3158834951456311,0.3491655629139079,300000000,1.0,0.4814368932038835,0.35370860927152326,0.48999999999999994,1,False,0
0,ep_fb6c185489a7313f0fee,196,16,0.0,4.056291390728487e-05,1389766,0.0046325533333333,2.6016383495145626e-05,4.056291390728487e-05,0.48999999999999994,1,False,0
0,ep_fd3bb4c10d4dce886ea6,0,0,0.001781717621258897,0.4152782366314722,300000000,1.0,0.007032056243549906,,0.48861777150916774,1,False,0
0,ep_fd3bb4c10d4dce886ea6,1,0,0.001868630675954453,0.4152782366314722,300000000,1.0,0.005925890092879039,0.4152782366314722,0.48861777150916774,1,False,0
0,ep_fd3bb4c10d4dce886ea6,2,0,0.004203431372548907,0.4152782366314722,300000000,1.0,0.008217234262125714,0.4152782366314722,0.48861777150916774,1,False,0
0,ep_fd3bb4c10d4dce886ea6,3,0,0.004914538183694342,0.41474100554799886,300000000,1.0,0.03413312693498434,0.4152782366314722,0.48861777150916774,1,False,0
0,ep_fd3bb4c10d4dce886ea6,4,0,0.0025757868937047027,0.4152782366314722,300000000,1.0,0.006257739938080274,,0.48861777150916774,1,False,0
0,ep_fd3bb4c10d4dce886ea6,5,0,0.002386158410732603,0.4152782366314722,300000000,1.0,0.007916989164086454,,0.48861777150916774,1,False,0
0,ep_fd3bb4c10d4dce886ea6,6,0,0.002370356037151615,0.4152782366314722,300000000,1.0,0.004448368163054587,0.4152782366314722,0.48861777150916774,1,False,0
0,ep_fd3bb4c10d4dce886ea6,7,0,0.0017382610939111192,0.4152782366314722,300000000,1.0,0.004709107327141254,,0.48861777150916774,1,False,0
0,ep_fd3bb4c10d4dce886ea6,8,0,0.0017738164344682805,0.4154121110102382,300000000,1.0,0.005499226006191875,,0.48861777150916774,1,False,0
0,ep_fd3bb4c10d4dce886ea6,9,0,0.0017264093137253167,0.4154121110102382,300000000,1.0,0.0039071368679048325,,0.48861777150916774,1,False,0
0,ep_fd3bb4c10d4dce886ea6,10,0,0.0016869033797727248,0.4154121110102382,300000000,1.0,0.004954044117646934,0.4154121110102382,0.48861777150916774,1,False,0
0,ep_fd3bb4c10d4dce886ea6,11,0,0.0017461622807017356,0.4154121110102382,300000000,1.0,0.004258739680082487,,0.48861777150916774,1,False,0
0,ep_fd3bb4c10d4dce886ea6,12,1,0.0024059113777087767,0.4154121110102382,300000000,1.0,0.005412312951496318,0.4154121110102382,0.48861777150916774,1,False,0
0,ep_fd3bb4c10d4dce886ea6,13,1,0.002097765092879145,0.4144713427675508,300000000,1.0,0.005104166666666443,0.4154121110102382,0.48861777150916774,1,False,0
0,ep_fd3bb4c10d4dce886ea6,14,1,0.003990099329205203,0.4132490927483475,300000000,1.0,0.033627450980391986,0.4154121110102382,0.48861777150916774,1,False,0
0,ep_fd3bb4c10d4dce886ea6,15,1,0.0020543085655313673,0.4154121110102382,300000000,1.0,0.004606391898864711,0.4154121110102382,0.48861777150916774,1,False,0
0,ep_fd3bb4c10d4dce886ea6,16,1,0.0021056662796697617,0.4154121110102382,300000000,1.0,0.00429824561403508,0.4154121110102382,0.48861777150916774,1,False,0
0,ep_fd3bb4c10d4dce886ea6,17,1,0.0021530734004127253,0.4154121110102382,300000000,1.0,0.008485874613002998,,0.48861777150916774,1,False,0
0,ep_fd3bb4c10d4dce886ea6,18,1,0.002081962719298157,0.4154121110102382,300000000,1.0,0.005317498710010146,,0.48861777150916774,1,False,0
0,ep_fd3bb4c10d4dce886ea6,19,1,0.001880482456140255,0.4154121110102382,300000000,1.0,0.004969846491227923,,0.48861777150916774,1,False,0
0,ep_fd3bb4c10d4dce886ea6,20,1,0.001888383642930627,0.4154121110102382,300000000,1.0,0.005317498710010146,,0.48861777150916774,1,False,0
0,ep_fd3bb4c10d4dce886ea6,21,1,0.0019634449174406256,0.4154121110102382,300000000,1.0,0.005459720072239282,,0.48861777150916774,1,False,0
0,ep_fd3bb4c10d4dce886ea6,22,1,0.0018607294891640818,0.4154121110102382,300000000,1.0,0.00560984262125879,0.4154121110102382,0.48861777150916774,1,False,0
0,ep_fd3bb4c10d4dce886ea6,23,1,0.0018607294891640818,0.4154121110102382,300000000,1.0,0.003974296955624216,0.4154121110102382,0.48861777150916774,1,False,0
0,ep_fd3bb4c10d4dce886ea6,24,2,0.0018844330495354409,0.4154121110102382,300000000,1.0,0.008051309339525218,,0.48861777150916774,1,False,0
0,ep_fd3bb4c10d4dce886ea6,25,2,0.0043298503611970554,0.4152782366314722,300000000,1.0,0.03337461300309594,0.4154121110102382,0.48861777150916774,1,False,0
0,ep_fd3bb4c10d4dce886ea6,26,2,0.0022123323013414913,0.4154121110102382,300000000,1.0,0.006881933694530398,,0.48861777150916774,1,False,0
0,ep_fd3bb4c10d4dce886ea6,27,2,0.002259739422084455,0.4154121110102382,300000000,1.0,0.008944143446852383,0.4154121110102382,0.48861777150916774,1,False,0
0,ep_fd3bb4c10d4dce886ea6,28,2,0.0021649251805985277,0.4154121110102382,300000000,1.0,0.0035871388028893983,,0.48861777150916774,1,False,0
0,ep_fd3bb4c10d4dce886ea6,29,2,0.0020661603457171693,0.4154121110102382,300000000,1.0,0.005917988906088666,,0.48861777150916774,1,False,0
0,ep_fd3bb4c10d4dce886ea6,30,2,0.0019278895768832188,0.4154121110102382,300000000,1.0,0.005420214138286691,,0.48861777150916774,1,False,0
0,ep_fd3bb4c10d4dce886ea6,31,2,0.0019515931372548231,0.4154121110102382,300000000,1.0,0.005270091589267183,,0.48861777150916774,1,False,0
0,ep_fd3bb4c10d4dce886ea6,32,2,0.0019160377966974168,0.4154121110102382,300000000,1.0,0.0059574948400412595,,0.48861777150916774,1,False,0
0,ep_fd3bb4c10d4dce886ea6,33,2,0.0033303502321979164,0.2895257849762558,300000000,1.0,0.03438596491228064,0.4154121110102382,0.48861777150916774,1,False,0
0,ep_fd3bb4c10d4dce886ea6,34,2,0.0017343105005159334,0.27353812118552523,300000000,1.0,0.004598490712074094,0.27353812118552523,0.48861777150916774,1,False,0
0,ep_fd3bb4c10d4dce886ea6,35,2,0.0016315950722393896,0.27353812118552523,300000000,1.0,0.004487874097007179,,0.48861777150916774,1,False,0
0,ep_fd3bb4c10d4dce886ea6,36,3,0.13906088751289983,0.3970722763603569,300000000,1.0,0.06649638802889558,0.4143362477770524,0.48861777150916774,1,False,0
0,ep_fd3bb4c10d4dce886ea6,37,3,0.007956495098039047,0.41487557436463074,300000000,1.0,0.03337461300309594,0.4154121110102382,0.48861777150916774,1,False,0
0,ep_fd3bb4c10d4dce886ea6,38,3,0.0030143027605779135,0.41500996881277513,300000000,1.0,0.006415763673890398,0.41514418939997333,0.48861777150916774,1,False,0
0,ep_fd3bb4c10d4dce886ea6,39,3,0.0029273897058821126,0.41514418939997333,300000000,1.0,0.0062103328173373105,0.41514418939997333,0.48861777150916774,1,False,0
0,ep_fd3bb4c10d4dce886ea6,40,3,0.0024533184984519858,0.41514418939997333,300000000,1.0,0.005696755675954591,0.41514418939997333,0.48861777150916774,1,False,0
0,ep_fd3bb4c10d4dce886ea6,41,3,0.0021886287409698863,0.41514418939997333,300000000,1.0,0.005594040247677802,0.41514418939997333,0.48861777150916774,1,False,0
0,ep_fd3bb4c10d4dce886ea6,42,3,0.0021886287409698863,0.41514418939997333,300000000,1.0,0.0054360165118676786,0.41514418939997333,0.48861777150916774,1,False,0
0,ep_fd3bb4c10d4dce886ea6,43,3,0.0022360358617130958,0.41514418939997333,300000000,1.0,0.00591008771929805,,0.48861777150916774,1,False,0
0,ep_fd3bb4c10d4dce886ea6,44,3,0.0020898639060885284,0.41514418939997333,300000000,1.0,0.005515028379772862,,0.48861777150916774,1,False,0
0,ep_fd3bb4c10d4dce886ea6,45,3,0.0020543085655313673,0.41514418939997333,300000000,1.0,0.0073955108359131175,,0.48861777150916774,1,False,0
0,ep_fd3bb4c10d4dce886ea6,46,3,0.0022044311145508746,0.41514418939997333,300000000,1.0,0.005570336687306443,,0.48861777150916774,1,False,0
0,ep_fd3bb4c10d4dce886ea6,47,3,0.0022044311145508746,0.4096345190508541,300000000,1.0,0.006202431630546939,0.41514418939997333,0.48861777150916774,1,False,0
0,ep_fd3bb4c10d4dce886ea6,48,4,0.004242937306501499,0.4124261540687819,300000000,1.0,0.03350103199174385,0.41514418939997333,0.48861777150916774,1,False,0
0,ep_fd3bb4c10d4dce886ea6,49,4,0.0023585042569658128,0.41514418939997333,300000000,1.0,0.005807372291021507,,0.48861777150916774,1,False,0
0,ep_fd3bb4c10d4dce886ea6,50,4,0.0023348006965942087,0.41514418939997333,300000000,1.0,0.004511577657378538,,0.48861777150916774,1,False,0
0,ep_fd3bb4c10d4dce886ea6,51,4,0.0022873935758512447,0.41514418939997333,300000000,1.0,0.004132320691434339,0.41514418939997333,0.48861777150916774,1,False,0
0,ep_fd3bb4c10d4dce886ea6,52,4,0.0024375161248709975,0.41514418939997333,300000000,1.0,0.0047486132610938475,,0.48861777150916774,1,False,0
0,ep_fd3bb4c10d4dce886ea6,53,4,0.002243937048503467,0.41514418939997333,300000000,1.0,0.005499226006191875,,0.48861777150916774,1,False,0
0,ep_fd3bb4c10d4dce886ea6,54,4,0.0022518382352940836,0.41173531911003075,300000000,1.0,0.008533281733745962,0.41514418939997333,0.48861777150916774,1,False,0
0,ep_fd3bb4c10d4dce886ea6,55,4,0.002109616873064947,0.4082096687951329,300000000,1.0,0.0059574948400412595,0.4082096687951329,0.48861777150916774,1,False,0
0,ep_fd3bb4c10d4dce886ea6,56,4,0.0021333204334363066,0.4082096687951329,300000000,1.0,0.005333301083591134,0.4082096687951329,0.48861777150916774,1,False,0
0,ep_fd3bb4c10d4dce886ea6,57,4,0.004859229876160762,0.411873857270301,300000000,1.0,0.03508126934984508,0.41514418939997333,0.48861777150916774,1,False,0
0,ep_fd3bb4c10d4dce886ea6,58,4,0.002461219685242357,0.41514418939997333,300000000,1.0,0.005617743808049407,,0.48861777150916774,1,False,0
0,ep_fd3bb4c10d4dce886ea6,59,4,0.0024059113777087767,0.4152782366314722,300000000,1.0,0.00656588622291015,,0.48861777150916774,1,False,0
0,ep_fd3bb4c10d4dce886ea6,60,5,0.002390109004127789,0.4152782366314722,300000000,1.0,0.004606391898864711,,0.48861777150916774,1,False,0
0,ep_fd3bb4c10d4dce886ea6,61,5,0.002291344169246431,0.4152782366314722,300000000,1.0,0.006202431630546939,,0.48861777150916774,1,False,0
0,ep_fd3bb4c10d4dce886ea6,62,5,0.002299245356037047,0.4152782366314722,300000000,1.0,0.005088364293085453,,0.48861777150916774,1,False,0
0,ep_fd3bb4c10d4dce886ea6,63,5,0.002168875773993713,0.4152782366314722,300000000,1.0,0.006060210268317802,,0.48861777150916774,1,False,0
0,ep_fd3bb4c10d4dce886ea6,64,5,0.003354053792569521,0.40991712333429675,300000000,1.0,0.00577576754385953,0.4152782366314722,0.48861777150916774,1,False,0
0,ep_fd3bb4c10d4dce886ea6,65,5,0.0034923245614034712,0.41514418939997333,300000000,1.0,0.03406991744066038,,0.48861777150916774,1,False,0
0,ep_fd3bb4c10d4dce886ea6,66,5,0.0024967750257997635,0.4152782366314722,300000000,1.0,0.006147123323013359,0.4152782366314722,0.48861777150916774,1,False,0
0,ep_fd3bb4c10d4dce886ea6,67,5,0.002354553663570627,0.4152782366314722,300000000,1.0,0.005056759545923478,0.4152782366314722,0.48861777150916774,1,False,0
0,ep_fd3bb4c10d4dce886ea6,68,5,0.0023664054437564294,0.4152782366314722,300000000,1.0,0.005720459236325951,,0.48861777150916774,1,False,0
0,ep_fd3bb4c10d4dce886ea6,69,5,0.0022083817079463055,0.4152782366314722,300000000,1.0,0.005744162796697555,,0.48861777150916774,1,False,0
0,ep_fd3bb4c10d4dce886ea6,70,5,0.002311097136222849,0.4152782366314722,300000000,1.0,0.0046300954592363155,,0.48861777150916774,1,False,0
0,ep_fd3bb4c10d4dce886ea6,71,5,0.002433565531475567,0.41270119676354194,300000000,1.0,0.006289344685242495,0.4152782366314722,0.48861777150916774,1,False,0
0,ep_fd3bb4c10d4dce886ea6,72,6,0.004827625128998786,0.41283844361689515,300000000,1.0,0.03482843137254878,0.4152782366314722,0.48861777150916774,1,False,0
0,ep_fd3bb4c10d4dce886ea6,73,6,0.0032710913312691504,0.4152782366314722,300000000,1.0,0.007616744066047439,,0.48861777150916774,1,False,0
0,ep_fd3bb4c10d4dce886ea6,74,6,0.0025994904540763072,0.4152782366314722,300000000,1.0,0.005451818885448911,,0.48861777150916774,1,False,0
0,ep_fd3bb4c10d4dce886ea6,75,6,0.002674551728586061,0.4152782366314722,300000000,1.0,0.008517479360164974,,0.48861777150916774,1,False,0
0,ep_fd3bb4c10d4dce886ea6,76,6,0.0025836880804953194,0.4152782366314722,300000000,1.0,0.005688854489163974,,0.48861777150916774,1,False,0
0,ep_fd3bb4c10d4dce886ea6,77,6,0.002615292827657295,0.4152782366314722,300000000,1.0,0.006384158926728423,0.4152782366314722,0.48861777150916774,1,False,0
0,ep_fd3bb4c10d4dce886ea6,78,6,0.0023585042569658128,0.4154121110102382,300000000,1.0,0.005886384158926691,,0.48861777150916774,1,False,0
0,ep_fd3bb4c10d4dce886ea6,79,6,0.00474071207430323,0.4143362477770524,300000000,1.0,0.03501805985552113,0.4154121110102382,0.48861777150916774,1,False,0
0,ep_fd3bb4c10d4dce886ea6,80,6,0.0026113422342621093,0.4152782366314722,300000000,1.0,0.005001451238389898,,0.48861777150916774,1,False,0
0,ep_fd3bb4c10d4dce886ea6,81,6,0.002737761222910013,0.4152782366314722,300000000,1.0,0.006652799277605707,0.4154121110102382,0.48861777150916774,1,False,0
0,ep_fd3bb4c10d4dce886ea6,82,6,0.002603441047471493,0.4154121110102382,300000000,1.0,0.0052226844685242186,,0.48861777150916774,1,False,0
0,ep_fd3bb4c10d4dce886ea6,83,6,0.002378257223941987,0.4154121110102382,300000000,1.0,0.008928341073271395,,0.48861777150916774,1,False,0
0,ep_fd3bb4c10d4dce886ea6,84,7,0.0024256643446851954,0.4154121110102382,300000000,1.0,0.00547552244582027,,0.48861777150916774,1,False,0
0,ep_fd3bb4c10d4dce886ea6,85,7,0.0023940595975232197,0.4154121110102382,300000000,1.0,0.00560984262125879,,0.48861777150916774,1,False,0
0,ep_fd3bb4c10d4dce886ea6,86,7,0.0,0.3965097349517477,300000000,1.0,0.03343782249741989,0.4154121110102382,0.48861777150916774,1,False,0
0,ep_fd3bb4c10d4dce886ea6,87,7,0.13981940144478824,0.37040295499295384,300000000,1.0,0.04797600619195032,0.40305942896069713,0.48861777150916774,1,False,0
0,ep_fd3bb4c10d4dce886ea6,88,7,0.017572239422084517,0.41297550820342044,300000000,1.0,0.04165505675954585,0.41500996881277513,0.48861777150916774,1,False,0
0,ep_fd3bb4c10d4dce886ea6,89,7,0.00394269220846224,0.41500996881277513,300000000,1.0,0.006249838751289903,0.41500996881277513,0.48861777150916774,1,False,0
0,ep_fd3bb4c10d4dce886ea6,90,7,0.003666150670794583,0.41500996881277513,300000000,1.0,0.008122420020639787,0.41500996881277513,0.48861777150916774,1,False,0
0,ep_fd3bb4c10d4dce886ea6,91,7,0.0035357810887512494,0.41500996881277513,300000000,1.0,0.011188080495355848,,0.48861777150916774,1,False,0
0,ep_fd3bb4c10d4dce886ea6,92,7,0.002678502321981247,0.41500996881277513,300000000,1.0,0.007063660990711882,0.41500996881277513,0.48861777150916774,1,False,0
0,ep_fd3bb4c10d4dce886ea6,93,7,0.0029510932662537167,0.41500996881277513,300000000,1.0,0.007205882352941019,0.41500996881277513,0.48861777150916774,1,False,0
0,ep_fd3bb4c10d4dce886ea6,94,7,0.005088364293085453,0.41131858210280825,300000000,1.0,0.034891640866872985,0.41500996881277513,0.48861777150916774,1,False,0
0,ep_fd3bb4c10d4dce886ea6,95,7,0.0037649155056759414,0.41514418939997333,300000000,1.0,0.0072374871001029935,0.41514418939997333,0.48861777150916774,1,False,0
0,ep_fd3bb4c10d4dce886ea6,96,8,0.003065660474716063,0.41514418939997333,300000000,1.0,0.007332301341589166,,0.48861777150916774,1,False,0
0,ep_fd3bb4c10d4dce886ea6,97,8,0.002729860036119641,0.41514418939997333,300000000,1.0,0.006676502837977066,,0.48861777150916774,1,False,0
0,ep_fd3bb4c10d4dce886ea6,98,8,0.0028246742776055684,0.41514418939997333,300000000,1.0,0.007276993034055587,0.4152782366314722,0.48861777150916774,1,False,0
0,ep_fd3bb4c10d4dce886ea6,99,8,0.0027180082559338393,0.41514418939997333,300000000,1.0,0.005594040247677802,0.41514418939997333,0.48861777150916774,1,False,0
0,ep_fd3bb4c10d4dce886ea6,100,8,0.0027891189370484073,0.41514418939997333,300000000,1.0,0.006992550309597314,,0.48861777150916774,1,False,0
0,ep_fd3bb4c10d4dce886ea6,101,8,0.0028246742776055684,0.4111792936922239,300000000,1.0,0.005704656862744962,0.41514418939997333,0.48861777150916774,1,False,0
0,ep_fd3bb4c10d4dce886ea6,102,8,0.005206882094943232,0.41474100554799886,300000000,1.0,0.03482843137254878,0.4152782366314722,0.48861777150916774,1,False,0
0,ep_fd3bb4c10d4dce886ea6,103,8,0.003038006320949273,0.4152782366314722,300000000,1.0,0.006976747936016326,,0.48861777150916774,1,False,0
0,ep_fd3bb4c10d4dce886ea6,104,8,0.0030222039473682847,0.4152782366314722,300000000,1.0,0.007458720330237314,,0.48861777150916774,1,False,0
0,ep_fd3bb4c10d4dce886ea6,105,8,0.003389609133126928,0.4152782366314722,300000000,1.0,0.007411313209494105,,0.48861777150916774,1,False,0
0,ep_fd3bb4c10d4dce886ea6,106,8,0.0027338106295148276,0.4152782366314722,300000000,1.0,0.005862680598555087,0.4152782366314722,0.48861777150916774,1,False,0
0,ep_fd3bb4c10d4dce886ea6,107,8,0.0027219588493290247,0.4154121110102382,300000000,1.0,0.005578237874096815,,0.48861777150916774,1,False,0
0,ep_fd3bb4c10d4dce886ea6,108,9,0.0046458978328173025,0.4142009763646732,300000000,1.0,0.034196336429308534,0.4154121110102382,0.48861777150916774,1,False,0
0,ep_fd3bb4c10d4dce886ea6,109,9,0.0030933146284828532,0.4154121110102382,300000000,1.0,0.013179179566563266,,0.48861777150916774,1,False,0
0,ep_fd3bb4c10d4dce886ea6,110,9,0.003038006320949273,0.4154121110102382,300000000,1.0,0.006202431630546939,0.4154121110102382,0.48861777150916774,1,False,0
0,ep_fd3bb4c10d4dce886ea6,111,9,0.002958994453044333,0.4154121110102382,300000000,1.0,0.005759965170278543,0.4154121110102382,0.48861777150916774,1,False,0
0,ep_fd3bb4c10d4dce886ea6,112,9,0.002958994453044333,0.4154121110102382,300000000,1.0,0.006068111455108174,0.4154121110102382,0.48861777150916774,1,False,0
0,ep_fd3bb4c10d4dce886ea6,113,9,0.0028997355521155677,0.4154121110102382,300000000,1.0,0.006747613519091634,,0.48861777150916774,1,False,0
0,ep_fd3bb4c10d4dce886ea6,114,9,0.002907636738905939,0.4154121110102382,300000000,1.0,0.006083913828689162,,0.48861777150916774,1,False,0
0,ep_fd3bb4c10d4dce886ea6,115,9,0.004756514447884218,0.41256376709710596,300000000,1.0,0.03558694530443743,0.4154121110102382,0.48861777150916774,1,False,0
0,ep_fd3bb4c10d4dce886ea6,116,9,0.0036384965170277936,0.4155458130369719,300000000,1.0,0.03400670794633619,,0.48861777150916774,1,False,0
0,ep_fd3bb4c10d4dce886ea6,117,9,0.0029985003869966807,0.4155458130369719,300000000,1.0,0.0056335461816303944,,0.48861777150916774,1,False,0
0,ep_fd3bb4c10d4dce886ea6,118,9,0.0028483778379771734,0.4155458130369719,300000000,1.0,0.005214783281733602,,0.48861777150916774,1,False,0
0,ep_fd3bb4c10d4dce886ea6,119,9,0.111501547987616,0.35486610872195923,300000000,1.0,0.034575593395252735,0.4155458130369719,0.48861777150916774,1,False,0
0,ep_fd3bb4c10d4dce886ea6,120,10,0.05113648090815255,0.4132490927483475,300000000,1.0,0.06611713106295138,0.41581270202589404,0.48861777150916774,1,False,0
0,ep_fd3bb4c10d4dce886ea6,121,10,0.004669601393188662,0.4152782366314722,300000000,1.0,0.008438467492260035,0.4152782366314722,0.48861777150916774,1,False,0
0,ep_fd3bb4c10d4dce886ea6,122,10,0.00609971620227015,0.4144713427675508,300000000,1.0,0.03520768833849323,0.4154121110102382,0.48861777150916774,1,False,0
0,ep_fd3bb4c10d4dce886ea6,123,10,0.003689854231165942,0.4152782366314722,300000000,1.0,0.00675551470588225,0.4154121110102382,0.48861777150916774,1,False,0
0,ep_fd3bb4c10d4dce886ea6,124,10,0.0037214589783281637,0.4154121110102382,300000000,1.0,0.006881933694530398,0.4154121110102382,0.48861777150916774,1,False,0
0,ep_fd3bb4c10d4dce886ea6,125,10,0.003437016253869891,0.4154121110102382,300000000,1.0,0.009181179050567445,0.4154121110102382,0.48861777150916774,1,False,0
0,ep_fd3bb4c10d4dce886ea6,126,10,0.0035871388028893983,0.4154121110102382,300000000,1.0,0.007276993034055587,,0.48861777150916774,1,False,0
0,ep_fd3bb4c10d4dce886ea6,127,10,0.0033343008255933473,0.4154121110102382,300000000,1.0,0.006905637254901759,0.4155458130369719,0.48861777150916774,1,False,0
0,ep_fd3bb4c10d4dce886ea6,128,10,0.0033145478586169286,0.41487557436463074,300000000,1.0,0.008786119711042258,0.4155458130369719,0.48861777150916774,1,False,0
0,ep_fd3bb4c10d4dce886ea6,129,10,0.003472571594427052,0.4084962325515318,300000000,1.0,0.012499677502579807,,0.48861777150916774,1,False,0
0,ep_fd3bb4c10d4dce886ea6,130,10,0.005744162796697555,0.4143362477770524,300000000,1.0,0.03590299277605768,0.4155458130369719,0.48861777150916774,1,False,0
0,ep_fd3bb4c10d4dce886ea6,131,10,0.0032710913312691504,0.4155458130369719,300000000,1.0,0.00656588622291015,0.4155458130369719,0.48861777150916774,1,False,0
0,ep_fd3bb4c10d4dce886ea6,132,11,0.003472571594427052,0.4155458130369719,300000000,1.0,0.007545633384932871,0.4155458130369719,0.48861777150916774,1,False,0
0,ep_fd3bb4c10d4dce886ea6,133,11,0.003377757352941125,0.4155458130369719,300000000,1.0,0.006621194530443731,0.4155458130369719,0.48861777150916774,1,False,0
0,ep_fd3bb4c10d4dce886ea6,134,11,0.0031446723426212476,0.4155458130369719,300000000,1.0,0.006036506707946199,0.4155458130369719,0.48861777150916774,1,False,0
0,ep_fd3bb4c10d4dce886ea6,135,11,0.002686403508771863,0.41567934321012084,300000000,1.0,0.006241937564499287,0.41567934321012084,0.48861777150916774,1,False,0
0,ep_fd3bb4c10d4dce886ea6,136,11,0.0021214686532507496,0.41567934321012084,300000000,1.0,0.004993550051599527,0.41567934321012084,0.48861777150916774,1,False,0
0,ep_fd3bb4c10d4dce886ea6,137,11,0.0018212235552114895,0.41567934321012084,300000000,1.0,0.005759965170278543,0.41567934321012084,0.48861777150916774,1,False,0
0,ep_fd3bb4c10d4dce886ea6,138,11,0.0019239389834880332,0.41567934321012084,300000000,1.0,0.005317498710010146,,0.48861777150916774,1,False,0
0,ep_fd3bb4c10d4dce886ea6,139,11,0.0020069014447884038,0.4107602921826394,300000000,1.0,0.006162925696594347,0.41567934321012084,0.48861777150916774,1,False,0
0,ep_fd3bb4c10d4dce886ea6,140,11,0.001912087203302231,0.40863921341699405,300000000,1.0,0.005554534313725455,,0.48861777150916774,1,False,0
0,ep_fd3bb4c10d4dce886ea6,141,11,0.004108617131062735,0.4137940983920542,300000000,1.0,0.030530185758513705,0.41567934321012084,0.48861777150916774,1,False,0
0,ep_fd3bb4c10d4dce886ea6,142,11,0.0021175180598553187,0.41567934321012084,300000000,1.0,0.004835526315789404,,0.48861777150916774,1,False,0
0,ep_fd3bb4c10d4dce886ea6,143,11,0.0022083817079463055,0.41567934321012084,300000000,1.0,0.00523058565531459,,0.48861777150916774,1,False,0
0,ep_fd3bb4c10d4dce886ea6,144,12,0.0021965299277605034,0.41567934321012084,300000000,1.0,0.004116518317853351,0.41567934321012084,0.48861777150916774,1,False,0
0,ep_fd3bb4c10d4dce886ea6,145,12,0.0028246742776055684,0.4132490927483475,300000000,1.0,0.005981198400412618,0.41567934321012084,0.48861777150916774,1,False,0
0,ep_fd3bb4c10d4dce886ea6,146,12,0.004622194272445698,0.41145768209474903,300000000,1.0,0.034512383900928784,0.41581270202589404,0.48861777150916774,1,False,0
0,ep_fd3bb4c10d4dce886ea6,147,12,0.0021333204334363066,0.41581270202589404,300000000,1.0,0.005127870227038047,,0.48861777150916774,1,False,0
0,ep_fd3bb4c10d4dce886ea6,148,12,0.0021609745872030964,0.41581270202589404,300000000,1.0,0.005151573787409651,0.41581270202589404,0.48861777150916774,1,False,0
0,ep_fd3bb4c10d4dce886ea6,149,12,0.0020029508513929725,0.41581270202589404,300000000,1.0,0.0038281249999998932,0.41581270202589404,0.48861777150916774,1,False,0
0,ep_fd3bb4c10d4dce886ea6,150,12,0.0019950496646026013,0.41581270202589404,300000000,1.0,0.00583107585139311,0.41581270202589404,0.48861777150916774,1,False,0
0,ep_fd3bb4c10d4dce886ea6,151,12,0.0020227038183693916,0.41581270202589404,300000000,1.0,0.005728360423116567,,0.48861777150916774,1,False,0
0,ep_fd3bb4c10d4dce886ea6,152,12,0.0019239389834880332,0.41581270202589404,300000000,1.0,0.004669601393188662,0.41581270202589404,0.48861777150916774,1,False,0
0,ep_fd3bb4c10d4dce886ea6,153,12,0.003970346362229029,0.41365811607599096,300000000,1.0,0.03369066047471619,0.41581270202589404,0.48861777150916774,1,False,0
0,ep_fd3bb4c10d4dce886ea6,154,12,0.0019476425438596377,0.41581270202589404,300000000,1.0,0.005206882094943232,,0.48861777150916774,1,False,0
0,ep_fd3bb4c10d4dce886ea6,155,12,0.0019831978844167993,0.41581270202589404,300000000,1.0,0.004242937306501499,,0.48861777150916774,1,False,0
0,ep_fd3bb4c10d4dce886ea6,156,13,0.002030605005159763,0.41581270202589404,300000000,1.0,0.004408862229101995,,0.48861777150916774,1,False,0
0,ep_fd3bb4c10d4dce886ea6,157,13,0.0019081366099070454,0.41581270202589404,300000000,1.0,0.004732810887512859,,0.48861777150916774,1,False,0
0,ep_fd3bb4c10d4dce886ea6,158,13,0.0019357907636738353,0.41581270202589404,300000000,1.0,0.006226135190918298,,0.48861777150916774,1,False,0
0,ep_fd3bb4c10d4dce886ea6,159,13,0.0018488777089782794,0.41581270202589404,300000000,1.0,0.005033055985551874,,0.48861777150916774,1,False,0
0,ep_fd3bb4c10d4dce886ea6,160,13,0.003974296955624216,0.4152782366314722,300000000,1.0,0.03337461300309594,0.41581270202589404,0.48861777150916774,1,False,0
0,ep_fd3bb4c10d4dce886ea6,161,13,0.0020385061919503795,0.41581270202589404,300000000,1.0,0.004590589525283723,,0.48861777150916774,1,False,0
0,ep_fd3bb4c10d4dce886ea6,162,13,0.0021333204334363066,0.41581270202589404,300000000,1.0,0.004835526315789404,,0.48861777150916774,1,False,0
0,ep_fd3bb4c10d4dce886ea6,163,13,0.0019634449174406256,0.41581270202589404,300000000,1.0,0.00523058565531459,,0.48861777150916774,1,False,0
0,ep_fd3bb4c10d4dce886ea6,164,13,0.001781717621258897,0.41581270202589404,300000000,1.0,0.004503676470588167,0.41581270202589404,0.48861777150916774,1,False,0
0,ep_fd3bb4c10d4dce886ea6,165,13,0.0018330753353972915,0.41581270202589404,300000000,1.0,0.007751064241485958,,0.48861777150916774,1,False,0
0,ep_fd3bb4c10d4dce886ea6,166,13,0.0017698658410730949,0.41581270202589404,300000000,1.0,0.006162925696594347,0.41594588997827536,0.48861777150916774,1,False,0
0,ep_fd3bb4c10d4dce886ea6,167,13,0.0019673955108358114,0.41406552801118546,300000000,1.0,0.006012803147574595,0.41594588997827536,0.48861777150916774,1,False,0
0,ep_fd3bb4c10d4dce886ea6,168,14,0.005206882094943232,0.4004598150770015,300000000,1.0,0.033880288957688284,0.41594588997827536,0.48861777150916774,1,False,0
0,ep_fd3bb4c10d4dce886ea6,169,14,0.15094427244582037,0.3913821538677268,300000000,1.0,0.06548503611971088,0.4142009763646732,0.48861777150916774,1,False,0
0,ep_fd3bb4c10d4dce886ea6,170,14,0.011393511351909183,0.4154121110102382,300000000,1.0,0.033627450980391986,0.4160789075590369,0.48861777150916774,1,False,0
0,ep_fd3bb4c10d4dce886ea6,171,14,0.002955043859648903,0.4155458130369719,300000000,1.0,0.005838977038183482,0.4155458130369719,0.48861777150916774,1,False,0
0,ep_fd3bb4c10d4dce886ea6,172,14,0.0029629450464395196,0.4155458130369719,300000000,1.0,0.00591008771929805,0.41567934321012084,0.48861777150916774,1,False,0
0,ep_fd3bb4c10d4dce886ea6,173,14,0.0020543085655313673,0.4155458130369719,300000000,1.0,0.006376257739938051,,0.48861777150916774,1,False,0
0,ep_fd3bb4c10d4dce886ea6,174,14,0.002014802631578775,0.4155458130369719,300000000,1.0,0.004772316821465206,,0.48861777150916774,1,False,0
0,ep_fd3bb4c10d4dce886ea6,175,14,0.0019476425438596377,0.4155458130369719,300000000,1.0,0.004416763415892611,0.4155458130369719,0.48861777150916774,1,False,0
0,ep_fd3bb4c10d4dce886ea6,176,14,0.0026824529153764327,0.4155458130369719,300000000,1.0,0.004653799019607674,,0.48861777150916774,1,False,0
0,ep_fd3bb4c10d4dce886ea6,177,14,0.002014802631578775,0.4155458130369719,300000000,1.0,0.005902186532507679,,0.48861777150916774,1,False,0
0,ep_fd3bb4c10d4dce886ea6,178,14,0.0020227038183693916,0.4155458130369719,300000000,1.0,0.005949593653250643,0.4155458130369719,0.48861777150916774,1,False,0
0,ep_fd3bb4c10d4dce886ea6,179,14,0.0024967750257997635,0.4155458130369719,300000000,1.0,0.005017253611970886,0.4155458130369719,0.48861777150916774,1,False,0
0,ep_fd3bb4c10d4dce886ea6,180,15,0.0021412216202269228,0.41474100554799886,300000000,1.0,0.004590589525283723,0.4155458130369719,0.48861777150916774,1,False,0
0,ep_fd3bb4c10d4dce886ea6,181,15,0.0019239389834880332,0.4084962325515318,300000000,1.0,0.005104166666666443,0.4084962325515318,0.48861777150916774,1,False,0
0,ep_fd3bb4c10d4dce886ea6,182,15,0.0020661603457171693,0.4084962325515318,300000000,1.0,0.0059574948400412595,0.40863921341699405,0.48861777150916774,1,False,0
0,ep_fd3bb4c10d4dce886ea6,183,15,0.0020503579721361815,0.40863921341699405,300000000,1.0,0.006486874355004966,0.40863921341699405,0.48861777150916774,1,False,0
0,ep_fd3bb4c10d4dce886ea6,184,15,0.005088364293085453,0.41392990219498066,300000000,1.0,0.034575593395252735,0.41567934321012084,0.48861777150916774,1,False,0
0,ep_fd3bb4c10d4dce886ea6,185,15,0.002326899509803837,0.41567934321012084,300000000,1.0,0.004985648864808911,0.41567934321012084,0.48861777150916774,1,False,0
0,ep_fd3bb4c10d4dce886ea6,186,15,0.0027061564757480372,0.41567934321012084,300000000,1.0,0.006826625386996818,,0.48861777150916774,1,False,0
0,ep_fd3bb4c10d4dce886ea6,187,15,0.003085413441692236,0.41567934321012084,300000000,1.0,0.006415763673890398,,0.48861777150916774,1,False,0
0,ep_fd3bb4c10d4dce886ea6,188,15,0.0021214686532507496,0.41567934321012084,300000000,1.0,0.004985648864808911,,0.48861777150916774,1,False,0
0,ep_fd3bb4c10d4dce886ea6,189,15,0.0019871484778119846,0.41567934321012084,300000000,1.0,0.005135771413828663,,0.48861777150916774,1,False,0
0,ep_fd3bb4c10d4dce886ea6,190,15,0.0020029508513929725,0.41567934321012084,300000000,1.0,0.004369356295149402,,0.48861777150916774,1,False,0
0,ep_fd3bb4c10d4dce886ea6,191,15,0.0021767769607840847,0.4124261540687819,300000000,1.0,0.007664151186790403,0.41567934321012084,0.48861777150916774,1,False,0
0,ep_fd3bb4c10d4dce886ea6,192,16,0.0020187532249739603,0.40863921341699405,300000000,1.0,0.005902186532507679,,0.48861777150916774,1,False,0
0,ep_fd3bb4c10d4dce886ea6,193,16,0.0017935694014446992,0.40863921341699405,300000000,1.0,0.004756514447884218,,0.48861777150916774,1,False,0
0,ep_fd3bb4c10d4dce886ea6,194,16,0.004179727812177302,0.41228835712719697,300000000,1.0,0.033943498452012236,0.41567934321012084,0.48861777150916774,1,False,0
0,ep_fd3bb4c10d4dce886ea6,195,16,0.0020740615325075405,0.41567934321012084,300000000,1.0,0.004314047987616068,,0.48861777150916774,1,False,0
0,ep_fd3bb4c10d4dce886ea6,196,16,0.002243937048503467,0.41567934321012084,300000000,1.0,0.005981198400412618,0.41567934321012084,0.48861777150916774,1,False,0
0,ep_fd3bb4c10d4dce886ea6,197,16,0.0020069014447884038,0.41567934321012084,300000000,1.0,0.006510577915376571,,0.48861777150916774,1,False,0
0,ep_fd3bb4c10d4dce886ea6,198,16,0.0020029508513929725,0.41567934321012084,300000000,1.0,0.005570336687306443,0.41567934321012084,0.48861777150916774,1,False,0
0,ep_fd3bb4c10d4dce886ea6,199,16,0.001829124742001861,0.41581270202589404,300000000,1.0,0.004669601393188662,0.41581270202589404,0.48861777150916774,1,False,0
0,ep_fd3bb4c10d4dce886ea6,200,16,0.0019318401702784046,0.41581270202589404,300000000,1.0,0.0057520639834879265,,0.48861777150916774,1,False,0
0,ep_fd3bb4c10d4dce886ea6,201,16,0.001939741357069021,0.41581270202589404,300000000,1.0,0.0049066369969039715,,0.48861777150916774,1,False,0
0,ep_fd3bb4c10d4dce886ea6,202,16,0.0018370259287924773,0.41581270202589404,300000000,1.0,0.005428115325077307,0.41581270202589404,0.48861777150916774,1,False,0
0,ep_fd3bb4c10d4dce886ea6,203,16,0.001868630675954453,0.41581270202589404,300000000,1.0,0.007016253869968918,,0.48861777150916774,1,False,0
0,ep_fd3bb4c10d4dce886ea6,204,17,0.0017777670278637113,0.41581270202589404,300000000,1.0,0.0042824432404538456,,0.48861777150916774,1,False,0
0,ep_fd3bb4c10d4dce886ea6,205,17,0.001840976522187663,0.4101989504300175,300000000,1.0,0.0041718266253869315,0.41581270202589404,0.48861777150916774,1,False,0
0,ep_fd3bb4c10d4dce886ea6,206,17,0.003982198142414832,0.4110398162877689,300000000,1.0,0.033880288957688284,0.41567934321012084,0.48861777150916774,1,False,0
0,ep_fd3bb4c10d4dce886ea6,207,17,0.002690354102167049,0.41581270202589404,300000000,1.0,0.005451818885448911,0.41581270202589404,0.48861777150916774,1,False,0
0,ep_fd3bb4c10d4dce886ea6,208,17,0.0022518382352940836,0.41581270202589404,300000000,1.0,0.006044407894736815,,0.48861777150916774,1,False,0
0,ep_fd3bb4c10d4dce886ea6,209,17,0.0021372710268317374,0.41581270202589404,300000000,1.0,0.006455269607842991,,0.48861777150916774,1,False,0
0,ep_fd3bb4c10d4dce886ea6,210,17,0.0020780121259029714,0.41581270202589404,300000000,1.0,0.006249838751289903,,0.48861777150916774,1,False,0
0,ep_fd3bb4c10d4dce886ea6,211,17,0.002528379772961739,0.41581270202589404,300000000,1.0,0.005704656862744962,0.41581270202589404,0.48861777150916774,1,False,0
0,ep_fd3bb4c10d4dce886ea6,212,17,0.0020345555985551936,0.41581270202589404,300000000,1.0,0.008485874613002998,,0.48861777150916774,1,False,0
0,ep_fd3bb4c10d4dce886ea6,213,17,0.0020029508513929725,0.41581270202589404,300000000,1.0,0.005554534313725455,0.41581270202589404,0.48861777150916774,1,False,0
0,ep_fd3bb4c10d4dce886ea6,214,17,0.002014802631578775,0.41581270202589404,300000000,1.0,0.005388609391124714,,0.48861777150916774,1,False,0
0,ep_fd3bb4c10d4dce886ea6,215,17,0.0020069014447884038,0.41581270202589404,300000000,1.0,0.006068111455108174,,0.48861777150916774,1,False,0
0,ep_fd3bb4c10d4dce886ea6,216,18,0.004385158668730635,0.41567934321012084,300000000,1.0,0.03400670794633619,0.41581270202589404,0.48861777150916774,1,False,0
0,ep_fd3bb4c10d4dce886ea6,217,18,0.0022636900154796406,0.41594588997827536,300000000,1.0,0.006320949432404472,,0.48861777150916774,1,False,0
0,ep_fd3bb4c10d4dce886ea6,218,18,0.0021175180598553187,0.41594588997827536,300000000,1.0,0.0036463977038181643,,0.48861777150916774,1,False,0
0,ep_fd3bb4c10d4dce886ea6,219,18,0.003160474716202236,0.3561134720341791,300000000,1.0,0.033943498452012236,0.41581270202589404,0.48861777150916774,1,False,0
0,ep_fd3bb4c10d4dce886ea6,220,18,0.06725490196078422,0.31451874249824346,300000000,1.0,0.007822174922600527,0.40863921341699405,0.48861777150916774,1,False,0
0,ep_fd3bb4c10d4dce886ea6,221,18,0.0924122807017542,0.41215037571839525,300000000,1.0,0.0630198658410731,0.4155458130369719,0.48861777150916774,1,False,0
0,ep_fd3bb4c10d4dce886ea6,222,18,0.006281443498451878,0.41567934321012084,300000000,1.0,0.03546052631578928,0.41621175525775284,0.48861777150916774,1,False,0
0,ep_fd3bb4c10d4dce886ea6,223,18,0.003891334494323844,0.41567934321012084,300000000,1.0,0.005617743808049407,,0.48861777150916774,1,False,0
0,ep_fd3bb4c10d4dce886ea6,224,18,0.004163925438596314,0.41567934321012084,300000000,1.0,0.005933791279669654,,0.48861777150916774,1,False,0
0,ep_fd3bb4c10d4dce886ea6,225,18,0.0020345555985551936,0.41567934321012084,300000000,1.0,0.00609971620227015,,0.48861777150916774,1,False,0
0,ep_fd3bb4c10d4dce886ea6,226,18,0.003184178276573595,0.41567934321012084,300000000,1.0,0.006091815015479779,0.41567934321012084,0.48861777150916774,1,False,0
0,ep_fd3bb4c10d4dce886ea6,227,18,0.002674551728586061,0.41567934321012084,300000000,1.0,0.0072216847265220065,0.41567934321012084,0.48861777150916774,1,False,0
0,ep_fd3bb4c10d4dce886ea6,228,19,0.0029392414860679146,0.41581270202589404,300000000,1.0,0.00553083075335385,,0.48861777150916774,1,False,0
0,ep_fd3bb4c10d4dce886ea6,229,19,0.004693304953560267,0.41500996881277513,300000000,1.0,0.03230005159958705,0.41567934321012084,0.48861777150916774,1,False,0
0,ep_fd3bb4c10d4dce886ea6,230,19,0.002097765092879145,0.41567934321012084,300000000,1.0,0.004408862229101995,,0.48861777150916774,1,False,0
0,ep_fd3bb4c10d4dce886ea6,231,19,0.0020740615325075405,0.41567934321012084,300000000,1.0,0.005112067853457059,,0.48861777150916774,1,False,0
0,ep_fd3bb4c10d4dce886ea6,232,19,0.003267140737873965,0.41581270202589404,300000000,1.0,0.0067634158926726225,,0.48861777150916774,1,False,0
0,ep_fd3bb4c10d4dce886ea6,233,19,0.0025402315531475412,0.41581270202589404,300000000,1.0,0.005704656862744962,,0.48861777150916774,1,False,0
0,ep_fd3bb4c10d4dce886ea6,234,19,0.0033738067595456946,0.41581270202589404,300000000,1.0,0.005902186532507679,,0.48861777150916774,1,False,0
0,ep_fd3bb4c10d4dce886ea6,235,19,0.002587638673890505,0.41581270202589404,300000000,1.0,0.006795020639834843,,0.48861777150916774,1,False,0
0,ep_fd3bb4c10d4dce886ea6,236,19,0.002401960784313591,0.41581270202589404,300000000,1.0,0.004780218008255823,,0.48861777150916774,1,False,0
0,ep_fd3bb4c10d4dce886ea6,237,19,0.003124919375644829,0.41581270202589404,300000000,1.0,0.007308597781217562,,0.48861777150916774,1,False,0
0,ep_fd3bb4c10d4dce886ea6,238,19,0.002488873839009147,0.41581270202589404,300000000,1.0,0.006060210268317802,,0.48861777150916774,1,False,0
0,ep_fd3bb4c10d4dce886ea6,239,19,0.006352554179566447,0.41406552801118546,300000000,1.0,0.034638802889576686,0.41581270202589404,0.48861777150916774,1,False,0
0,ep_fd3bb4c10d4dce886ea6,240,20,0.0037056566047469304,0.41581270202589404,300000000,1.0,0.00828044375644991,,0.48861777150916774,1,False,0
0,ep_fd3bb4c10d4dce886ea6,241,20,0.0035594846491226084,0.41581270202589404,300000000,1.0,0.006194530443756323,0.41581270202589404,0.48861777150916774,1,False,0
0,ep_fd3bb4c10d4dce886ea6,242,20,0.002401960784313591,0.41581270202589404,300000000,1.0,0.007047858617130894,0.41581270202589404,0.48861777150916774,1,False,0
0,ep_fd3bb4c10d4dce886ea6,243,20,0.002469120872032973,0.41581270202589404,300000000,1.0,0.008912538699690161,,0.48861777150916774,1,False,0
0,ep_fd3bb4c10d4dce886ea6,244,20,0.0036029411764703866,0.41581270202589404,300000000,1.0,0.008722910216718062,0.41594588997827536,0.48861777150916774,1,False,0
0,ep_fd3bb4c10d4dce886ea6,245,20,0.003255288957688163,0.41594588997827536,300000000,1.0,0.00705575980392151,,0.48861777150916774,1,False,0
0,ep_fd3bb4c10d4dce886ea6,246,20,0.003480472781217669,0.41594588997827536,300000000,1.0,0.0067634158926726225,0.41594588997827536,0.48861777150916774,1,False,0
0,ep_fd3bb4c10d4dce886ea6,247,20,0.0033856585397314966,0.41594588997827536,300000000,1.0,0.008896736326109173,0.41594588997827536,0.48861777150916774,1,False,0
0,ep_fd3bb4c10d4dce886ea6,248,20,0.0019239389834880332,0.41594588997827536,300000000,1.0,0.006415763673890398,0.41594588997827536,0.48861777150916774,1,False,0
0,ep_fd3bb4c10d4dce886ea6,249,20,0.0016829527863775388,0.41594588997827536,300000000,1.0,0.004993550051599527,,0.48861777150916774,1,False,0
0,ep_fd3bb4c10d4dce886ea6,250,20,0.001825174148606675,0.41594588997827536,300000000,1.0,0.004875032249741995,,0.48861777150916774,1,False,0
0,ep_fd3bb4c10d4dce886ea6,251,20,0.004084913570691375,0.41474100554799886,300000000,1.0,0.03381707946336409,0.41594588997827536,0.48861777150916774,1,False,0
0,ep_fd3bb4c10d4dce886ea6,252,21,0.0021530734004127253,0.41594588997827536,300000000,1.0,0.005673052115582987,,0.48861777150916774,1,False,0
0,ep_fd3bb4c10d4dce886ea6,253,21,0.002085913312693343,0.41594588997827536,300000000,1.0,0.005357004643962739,,0.48861777150916774,1,False,0
0,ep_fd3bb4c10d4dce886ea6,254,21,0.0022636900154796406,0.41594588997827536,300000000,1.0,0.008691305469556087,,0.48861777150916774,1,False,0
0,ep_fd3bb4c10d4dce886ea6,255,21,0.0021333204334363066,0.41594588997827536,300000000,1.0,0.005048858359133108,,0.48861777150916774,1,False,0
0,ep_fd3bb4c10d4dce886ea6,256,21,0.001912087203302231,0.41594588997827536,300000000,1.0,0.004622194272445698,,0.48861777150916774,1,False,0
0,ep_fd3bb4c10d4dce886ea6,257,21,0.0020187532249739603,0.41594588997827536,300000000,1.0,0.0052226844685242186,,0.48861777150916774,1,False,0
0,ep_fd3bb4c10d4dce886ea6,258,21,0.001991099071207416,0.41594588997827536,300000000,1.0,0.007008352683178301,,0.48861777150916774,1,False,0
0,ep_fd3bb4c10d4dce886ea6,259,21,0.001900235423116429,0.41594588997827536,300000000,1.0,0.004938241744065946,0.41594588997827536,0.48861777150916774,1,False,0
0,ep_fd3bb4c10d4dce886ea6,260,21,0.001840976522187663,0.41594588997827536,300000000,1.0,0.005206882094943232,,0.48861777150916774,1,False,0
0,ep_fd3bb4c10d4dce886ea6,261,21,0.004266640866872859,0.41474100554799886,300000000,1.0,0.033627450980391986,0.41594588997827536,0.48861777150916774,1,False,0
0,ep_fd3bb4c10d4dce886ea6,262,21,0.0021412216202269228,0.41594588997827536,300000000,1.0,0.00583107585139311,,0.48861777150916774,1,False,0
0,ep_fd3bb4c10d4dce886ea6,263,21,0.002168875773993713,0.41594588997827536,300000000,1.0,0.006249838751289903,0.41594588997827536,0.48861777150916774,1,False,0
0,ep_fd3bb4c10d4dce886ea6,264,22,0.0019634449174406256,0.41594588997827536,300000000,1.0,0.004203431372548907,0.41594588997827536,0.48861777150916774,1,False,0
0,ep_fd3bb4c10d4dce886ea6,265,22,0.001888383642930627,0.41594588997827536,300000000,1.0,0.009655250257997816,,0.48861777150916774,1,False,0
0,ep_fd3bb4c10d4dce886ea6,266,22,0.0019081366099070454,0.41594588997827536,300000000,1.0,0.007387609649122747,0.41594588997827536,0.48861777150916774,1,False,0
0,ep_fd3bb4c10d4dce886ea6,267,22,0.0020069014447884038,0.41594588997827536,300000000,1.0,0.006889834881320769,0.41594588997827536,0.48861777150916774,1,False,0
0,ep_fd3bb4c10d4dce886ea6,268,22,0.003820223813209276,0.41500996881277513,300000000,1.0,0.03375386996904014,0.4160789075590369,0.48861777150916774,1,False,0
0,ep_fd3bb4c10d4dce886ea6,269,22,0.002014802631578775,0.4160789075590369,300000000,1.0,0.007403412022703734,,0.48861777150916774,1,False,0
0,ep_fd3bb4c10d4dce886ea6,270,22,0.0018488777089782794,0.4160789075590369,300000000,1.0,0.005815273477812123,,0.48861777150916774,1,False,0
0,ep_fd3bb4c10d4dce886ea6,271,22,0.0021056662796697617,0.4160789075590369,300000000,1.0,0.0036859036377707567,,0.48861777150916774,1,False,0
0,ep_fd3bb4c10d4dce886ea6,272,22,0.0029866486068111232,0.389582816419374,300000000,1.0,0.03400670794633619,0.4160789075590369,0.48861777150916774,1,False,0
0,ep_fd3bb4c10d4dce886ea6,273,22,0.001639496259029761,0.27335997833088926,300000000,1.0,0.006423664860681014,0.27335997833088926,0.48861777150916774,1,False,0
0,ep_fd3bb4c10d4dce886ea6,274,22,0.0017027057533539577,0.27335997833088926,300000000,1.0,0.006257739938080274,,0.48861777150916774,1,False,0
0,ep_fd3bb4c10d4dce886ea6,275,22,0.002326899509803837,0.24180788207167506,300000000,1.0,0.008675503095975097,0.27327073248152134,0.48861777150916774,1,False,0
0,ep_fd3bb4c10d4dce886ea6,276,23,0.004069111197110387,0.2647140161550112,300000000,1.0,0.0331849845201236,0.2730022931297263,0.48861777150916774,1,False,0
0,ep_fd3bb4c10d4dce886ea6,277,23,0.0019081366099070454,0.2730022931297263,300000000,1.0,0.0057520639834879265,0.2730022931297263,0.48861777150916774,1,False,0
0,ep_fd3bb4c10d4dce886ea6,278,23,0.0019199883900928474,0.2730022931297263,300000000,1.0,0.003654298890608781,0.2730022931297263,0.48861777150916774,1,False,0
0,ep_fd3bb4c10d4dce886ea6,279,23,0.0016473974458203775,0.27291257825884097,300000000,1.0,0.004890834623322983,,0.48861777150916774,1,False,0
0,ep_fd3bb4c10d4dce886ea6,280,23,0.0017619646542827235,0.27291257825884097,300000000,1.0,0.006700206398348671,0.27291257825884097,0.48861777150916774,1,False,0
0,ep_fd3bb4c10d4dce886ea6,281,23,0.0016434468524249466,0.27291257825884097,300000000,1.0,0.006091815015479779,0.27291257825884097,0.48861777150916774,1,False,0
0,ep_fd3bb4c10d4dce886ea6,282,23,0.0015328302373580314,0.27291257825884097,300000000,1.0,0.0032236842105261873,0.27291257825884097,0.48861777150916774,1,False,0
0,ep_fd3bb4c10d4dce886ea6,283,23,0.00165924922600618,0.27291257825884097,300000000,1.0,0.006455269607842991,0.27291257825884097,0.48861777150916774,1,False,0
0,ep_fd3bb4c10d4dce886ea6,284,23,0.0015288796439628456,0.27291257825884097,300000000,1.0,0.004535281217750143,0.27291257825884097,0.48861777150916774,1,False,0
0,ep_fd3bb4c10d4dce886ea6,285,23,0.0015288796439628456,0.27291257825884097,300000000,1.0,0.005262190402476566,0.27291257825884097,0.48861777150916774,1,False,0
0,ep_fd3bb4c10d4dce886ea6,286,23,0.0016197432920535874,0.27291257825884097,300000000,1.0,0.004116518317853351,0.27291257825884097,0.48861777150916774,1,False,0
0,ep_fd3bb4c10d4dce886ea6,287,23,0.0015723361713106238,0.27291257825884097,300000000,1.0,0.006155024509803731,0.27291257825884097,0.48861777150916774,1,False,0
