{
  "status": 2,
  "runtime": 6.833804130554199,
  "sol_count": 1,
  "has_solution": true,
  "obj_val": 130542.7367395355,
  "is_mip": true,
  "obj_bound": 130542.7367395355,
  "mip_gap": 0.0,
  "node_count": 1.0
}