workload_id,suspension_probability,completion_ratio
sp_00,0.0,1.0000000000000002
sp_01,0.0,1.0000000000000002
sp_02,0.0,1.0000000000000002
sp_03,0.0,1.0000000000000002
sp_04,0.0,1.0000000000000002
